port,addr,epoch,utc,GrossQty#2,FlowRate#4,GrossTotal#17,NetTotal#18,PrevGross#100,PrevNet#101,longi,longimm,lati,latimm,reserved
1,0x0002000,1727719004,2024-09-30 17:56:44,10.2,10.2,2130.6,0.0,2120.4,0.0,0,0,0,0,0000000000000000000000000000000000000000
1,0x0002040,1727719005,2024-09-30 17:56:45,10.2,0.0,2130.6,0.0,2120.4,0.0,0,0,0,0,0000000000000000000000000000000000000000
1,0x0002080,1727719006,2024-09-30 17:56:46,10.2,0.0,2130.6,0.0,2120.4,0.0,0,0,0,0,0000000000000000000000000000000000000000
1,0x00020C0,1727719006,2024-09-30 17:56:46,10.2,0.0,2130.6,0.0,2120.4,2120.4,0,0,0,0,0000000000000000000000000000000000000000
1,0x0002100,1727719007,2024-09-30 17:56:47,10.2,0.0,2130.6,0.0,2120.4,0.0,0,0,0,0,0000000000000000000000000000000000000000
1,0x0002140,1727719007,2024-09-30 17:56:47,10.2,0.0,2130.6,0.0,2120.4,0.0,0,0,0,0,0000000000000000000000000000000000000000
1,0x0002180,1727719008,2024-09-30 17:56:48,10.2,0.0,2130.6,0.0,2120.4,0.0,0,0,0,0,0000000000000000000000000000000000000000
1,0x00021C0,1727719008,2024-09-30 17:56:48,10.2,0.0,2130.6,0.0,2120.4,0.0,0,0,0,0,0000000000000000000000000000000000000000
1,0x0002200,1727719009,2024-09-30 17:56:49,10.2,10.2,2130.6,0.0,2120.4,0.0,0,0,0,0,0000000000000000000000000000000000000000
1,0x0002240,1727719010,2024-09-30 17:56:50,10.2,0.0,2130.6,0.0,2120.4,0.0,0,0,0,0,0000000000000000000000000000000000000000
1,0x0002280,1727719011,2024-09-30 17:56:51,10.2,0.0,2130.6,0.0,2120.4,0.0,0,0,0,0,0000000000000000000000000000000000000000
1,0x00022C0,1727719011,2024-09-30 17:56:51,10.2,0.0,2130.6,0.0,2120.4,2120.4,0,0,0,0,0000000000000000000000000000000000000000
1,0x0002300,1727719012,2024-09-30 17:56:52,10.2,0.0,2130.6,0.0,2120.4,0.0,0,0,0,0,0000000000000000000000000000000000000000
1,0x0002340,1727719012,2024-09-30 17:56:52,10.2,0.0,2130.6,0.0,2120.4,0.0,0,0,0,0,0000000000000000000000000000000000000000
1,0x0002380,1727719013,2024-09-30 17:56:53,10.2,0.0,2130.6,0.0,2120.4,0.0,0,0,0,0,0000000000000000000000000000000000000000
1,0x00023C0,1727719013,2024-09-30 17:56:53,10.2,0.0,2130.6,0.0,2120.4,0.0,0,0,0,0,0000000000000000000000000000000000000000
1,0x0002400,1727719014,2024-09-30 17:56:54,10.2,10.2,2130.6,0.0,2120.4,0.0,0,0,0,0,0000000000000000000000000000000000000000
1,0x0002440,1727719015,2024-09-30 17:56:55,10.2,0.0,2130.6,0.0,2120.4,0.0,0,0,0,0,0000000000000000000000000000000000000000
1,0x0002480,1727719016,2024-09-30 17:56:56,10.2,0.0,2130.6,0.0,2120.4,0.0,0,0,0,0,0000000000000000000000000000000000000000
1,0x00024C0,1727719016,2024-09-30 17:56:56,10.2,0.0,2130.6,0.0,2120.4,0.0,0,0,0,0,0000000000000000000000000000000000000000
1,0x0002500,1727719017,2024-09-30 17:56:57,10.2,0.0,2130.6,0.0,2120.4,0.0,0,0,0,0,0000000000000000000000000000000000000000
1,0x0002540,1727719018,2024-09-30 17:56:58,10.2,0.0,2130.6,0.0,2120.4,0.0,0,0,0,0,0000000000000000000000000000000000000000
1,0x0002580,1727719018,2024-09-30 17:56:58,10.2,0.0,2130.6,0.0,2120.4,0.0,0,0,0,0,0000000000000000000000000000000000000000
1,0x00025C0,1727719019,2024-09-30 17:56:59,10.2,0.0,2130.6,0.0,2120.4,0.0,0,0,0,0,0000000000000000000000000000000000000000
1,0x0002600,1727719022,2024-09-30 17:57:02,10.2,0.0,2130.6,0.0,2120.4,0.0,0,0,0,0,0000000000000000000000000000000000000000
1,0x0002640,1727719023,2024-09-30 17:57:03,10.2,0.0,2130.6,0.0,2120.4,0.0,0,0,0,0,0000000000000000000000000000000000000000
1,0x0002680,1727719023,2024-09-30 17:57:03,10.2,0.0,2130.6,0.0,2120.4,0.0,0,0,0,0,0000000000000000000000000000000000000000
1,0x00026C0,1727719024,2024-09-30 17:57:04,10.2,0.0,2130.6,0.0,2120.4,0.0,0,0,0,0,0000000000000000000000000000000000000000
1,0x0002700,1727719027,2024-09-30 17:57:07,10.2,0.0,2130.6,0.0,2120.4,0.0,0,0,0,0,0000000000000000000000000000000000000000
1,0x0002740,1727719028,2024-09-30 17:57:08,10.2,0.0,2130.6,0.0,2120.4,0.0,0,0,0,0,0000000000000000000000000000000000000000
1,0x0002780,1727719028,2024-09-30 17:57:08,10.2,0.0,2130.6,0.0,2120.4,0.0,0,0,0,0,0000000000000000000000000000000000000000
1,0x00027C0,1727719029,2024-09-30 17:57:09,10.2,0.0,2130.6,0.0,2120.4,0.0,0,0,0,0,0000000000000000000000000000000000000000
1,0x0002800,1727719032,2024-09-30 17:57:12,10.2,0.0,2130.6,0.0,2120.4,0.0,0,0,0,0,0000000000000000000000000000000000000000
1,0x0002840,1727719033,2024-09-30 17:57:13,10.2,0.0,2130.6,0.0,2120.4,0.0,0,0,0,0,0000000000000000000000000000000000000000
1,0x0002880,1727719033,2024-09-30 17:57:13,10.2,0.0,2130.6,0.0,2120.4,0.0,0,0,0,0,0000000000000000000000000000000000000000
1,0x00028C0,1727719034,2024-09-30 17:57:14,10.2,0.0,2130.6,0.0,2120.4,0.0,0,0,0,0,0000000000000000000000000000000000000000
1,0x0002900,1727719037,2024-09-30 17:57:17,10.2,0.0,2130.6,0.0,2120.4,0.0,0,0,0,0,0000000000000000000000000000000000000000
1,0x0002940,1727719038,2024-09-30 17:57:18,10.2,0.0,2130.6,0.0,2120.4,0.0,0,0,0,0,0000000000000000000000000000000000000000
1,0x0002980,1727719038,2024-09-30 17:57:18,10.2,0.0,2130.6,0.0,2120.4,0.0,0,0,0,0,0000000000000000000000000000000000000000
1,0x00029C0,1727719039,2024-09-30 17:57:19,10.2,0.0,2130.6,0.0,2120.4,0.0,0,0,0,0,0000000000000000000000000000000000000000
1,0x0002A00,1727719042,2024-09-30 17:57:22,10.2,0.0,2130.6,0.0,2120.4,0.0,0,0,0,0,0000000000000000000000000000000000000000
1,0x0002A40,1727719043,2024-09-30 17:57:23,10.2,0.0,2130.6,0.0,2120.4,0.0,0,0,0,0,0000000000000000000000000000000000000000
1,0x0002A80,1727719043,2024-09-30 17:57:23,10.2,0.0,2130.6,0.0,2120.4,0.0,0,0,0,0,0000000000000000000000000000000000000000
1,0x0002AC0,1727719044,2024-09-30 17:57:24,10.2,0.0,2130.6,0.0,2120.4,0.0,0,0,0,0,0000000000000000000000000000000000000000
1,0x0002B00,1727719047,2024-09-30 17:57:27,10.2,0.0,2130.6,0.0,2120.4,0.0,0,0,0,0,0000000000000000000000000000000000000000
1,0x0002B40,1727719048,2024-09-30 17:57:28,10.2,0.0,2130.6,0.0,2120.4,0.0,0,0,0,0,0000000000000000000000000000000000000000
1,0x0002B80,1727719048,2024-09-30 17:57:28,10.2,0.0,2130.6,0.0,2120.4,0.0,0,0,0,0,0000000000000000000000000000000000000000
1,0x0002BC0,1727719049,2024-09-30 17:57:29,10.2,0.0,2130.6,0.0,2120.4,0.0,0,0,0,0,0000000000000000000000000000000000000000
1,0x0002C00,1727719052,2024-09-30 17:57:32,10.2,0.0,2130.6,0.0,2120.4,0.0,0,0,0,0,0000000000000000000000000000000000000000
1,0x0002C40,1727719053,2024-09-30 17:57:33,10.2,0.0,2130.6,0.0,2120.4,0.0,0,0,0,0,0000000000000000000000000000000000000000
1,0x0002C80,1727719053,2024-09-30 17:57:33,10.2,0.0,2130.6,0.0,2120.4,0.0,0,0,0,0,0000000000000000000000000000000000000000
1,0x0002CC0,1727719054,2024-09-30 17:57:34,10.2,0.0,2130.6,0.0,2120.4,0.0,0,0,0,0,0000000000000000000000000000000000000000
1,0x0002D00,1727719057,2024-09-30 17:57:37,10.2,0.0,2130.6,0.0,2120.4,0.0,0,0,0,0,0000000000000000000000000000000000000000
1,0x0002D40,1727719058,2024-09-30 17:57:38,10.2,0.0,2130.6,0.0,2120.4,0.0,0,0,0,0,0000000000000000000000000000000000000000
1,0x0002D80,1727719058,2024-09-30 17:57:38,10.2,0.0,2130.6,0.0,2120.4,0.0,0,0,0,0,0000000000000000000000000000000000000000
1,0x0002DC0,1727719059,2024-09-30 17:57:39,10.2,0.0,2130.6,0.0,2120.4,0.0,0,0,0,0,0000000000000000000000000000000000000000
1,0x0002E00,1727719064,2024-09-30 17:57:44,10.2,10.2,2130.6,0.0,2120.4,0.0,0,0,0,0,0000000000000000000000000000000000000000
1,0x0002E40,1727719065,2024-09-30 17:57:45,10.2,0.0,2130.6,0.0,2120.4,0.0,0,0,0,0,0000000000000000000000000000000000000000
1,0x0002E80,1727719066,2024-09-30 17:57:46,10.2,0.0,2130.6,0.0,2120.4,0.0,0,0,0,0,0000000000000000000000000000000000000000
1,0x0002EC0,1727719066,2024-09-30 17:57:46,10.2,0.0,2130.6,0.0,2120.4,0.0,0,0,0,0,0000000000000000000000000000000000000000
1,0x0002F00,1727719067,2024-09-30 17:57:47,10.2,0.0,2130.6,0.0,2120.4,0.0,0,0,0,0,0000000000000000000000000000000000000000
1,0x0002F40,1727719068,2024-09-30 17:57:48,10.2,0.0,2130.6,0.0,2120.4,0.0,0,0,0,0,0000000000000000000000000000000000000000
1,0x0002F80,1727719068,2024-09-30 17:57:48,10.2,0.0,2130.6,0.0,2120.4,0.0,0,0,0,0,0000000000000000000000000000000000000000
1,0x0002FC0,1727719069,2024-09-30 17:57:49,10.2,0.0,2130.6,0.0,2120.4,0.0,0,0,0,0,0000000000000000000000000000000000000000
1,0x0003000,1727719097,2024-09-30 17:58:17,10.2,0.0,2130.6,0.0,2120.4,0.0,0,0,0,0,0000000000000000000000000000000000000000
1,0x0003040,1727719098,2024-09-30 17:58:18,10.2,0.0,2130.6,0.0,2120.4,0.0,0,0,0,0,0000000000000000000000000000000000000000
1,0x0003080,1727719098,2024-09-30 17:58:18,10.2,0.0,2130.6,0.0,2120.4,0.0,0,0,0,0,0000000000000000000000000000000000000000
1,0x00030C0,1727719099,2024-09-30 17:58:19,10.2,0.0,2130.6,0.0,2120.4,0.0,0,0,0,0,0000000000000000000000000000000000000000
1,0x0003100,1727719099,2024-09-30 17:58:19,10.2,10.2,2130.6,0.0,2120.4,0.0,0,0,0,0,0000000000000000000000000000000000000000
1,0x0003140,1727719100,2024-09-30 17:58:20,10.2,0.0,2130.6,0.0,2120.4,0.0,0,0,0,0,0000000000000000000000000000000000000000
1,0x0003180,1727719101,2024-09-30 17:58:21,10.2,0.0,2130.6,0.0,2120.4,0.0,0,0,0,0,0000000000000000000000000000000000000000
1,0x00031C0,1727719101,2024-09-30 17:58:21,10.2,0.0,2130.6,0.0,2120.4,0.0,0,0,0,0,0000000000000000000000000000000000000000
1,0x0003200,1727719102,2024-09-30 17:58:22,10.2,0.0,2130.6,0.0,2120.4,0.0,0,0,0,0,0000000000000000000000000000000000000000
1,0x0003240,1727719103,2024-09-30 17:58:23,10.2,0.0,2130.6,0.0,2120.4,0.0,0,0,0,0,0000000000000000000000000000000000000000
1,0x0003280,1727719103,2024-09-30 17:58:23,10.2,0.0,2130.6,0.0,2120.4,0.0,0,0,0,0,0000000000000000000000000000000000000000
1,0x00032C0,1727719104,2024-09-30 17:58:24,10.2,0.0,2130.6,0.0,2120.4,0.0,0,0,0,0,0000000000000000000000000000000000000000
1,0x0003300,1727719104,2024-09-30 17:58:24,10.2,10.2,2130.6,0.0,2120.4,0.0,0,0,0,0,0000000000000000000000000000000000000000
1,0x0003340,1727719105,2024-09-30 17:58:25,10.2,0.0,2130.6,0.0,2120.4,0.0,0,0,0,0,0000000000000000000000000000000000000000
1,0x0003380,1727719106,2024-09-30 17:58:26,10.2,0.0,2130.6,0.0,2120.4,0.0,0,0,0,0,0000000000000000000000000000000000000000
1,0x00033C0,1727719106,2024-09-30 17:58:26,10.2,0.0,2130.6,0.0,2120.4,0.0,0,0,0,0,0000000000000000000000000000000000000000
1,0x0003400,1727719107,2024-09-30 17:58:27,10.2,0.0,2130.6,0.0,2120.4,0.0,0,0,0,0,0000000000000000000000000000000000000000
1,0x0003440,1727719108,2024-09-30 17:58:28,10.2,0.0,2130.6,0.0,2120.4,0.0,0,0,0,0,0000000000000000000000000000000000000000
1,0x0003480,1727719108,2024-09-30 17:58:28,10.2,0.0,2130.6,0.0,2120.4,0.0,0,0,0,0,0000000000000000000000000000000000000000
1,0x00034C0,1727719109,2024-09-30 17:58:29,10.2,0.0,2130.6,0.0,2120.4,0.0,0,0,0,0,0000000000000000000000000000000000000000
1,0x0003500,1727719109,2024-09-30 17:58:29,10.2,10.2,2130.6,0.0,2120.4,0.0,0,0,0,0,0000000000000000000000000000000000000000
1,0x0003540,1727719110,2024-09-30 17:58:30,10.2,0.0,2130.6,0.0,2120.4,0.0,0,0,0,0,0000000000000000000000000000000000000000
1,0x0003580,1727719111,2024-09-30 17:58:31,10.2,0.0,2130.6,0.0,2120.4,0.0,0,0,0,0,0000000000000000000000000000000000000000
1,0x00035C0,1727719111,2024-09-30 17:58:31,10.2,0.0,2130.6,0.0,2120.4,0.0,0,0,0,0,0000000000000000000000000000000000000000
1,0x0003600,1727719112,2024-09-30 17:58:32,10.2,0.0,2130.6,0.0,2120.4,0.0,0,0,0,0,0000000000000000000000000000000000000000
1,0x0003640,1727719113,2024-09-30 17:58:33,10.2,0.0,2130.6,0.0,2120.4,0.0,0,0,0,0,0000000000000000000000000000000000000000
1,0x0003680,1727719113,2024-09-30 17:58:33,10.2,0.0,2130.6,0.0,2120.4,0.0,0,0,0,0,0000000000000000000000000000000000000000
1,0x00036C0,1727719114,2024-09-30 17:58:34,10.2,0.0,2130.6,0.0,2120.4,0.0,0,0,0,0,0000000000000000000000000000000000000000
1,0x0003700,1727719117,2024-09-30 17:58:37,10.2,0.0,2130.6,0.0,2120.4,0.0,0,0,0,0,0000000000000000000000000000000000000000
1,0x0003740,1727719118,2024-09-30 17:58:38,10.2,0.0,2130.6,0.0,2120.4,0.0,0,0,0,0,0000000000000000000000000000000000000000
1,0x0003780,1727719118,2024-09-30 17:58:38,10.2,0.0,2130.6,0.0,2120.4,0.0,0,0,0,0,0000000000000000000000000000000000000000
1,0x00037C0,1727719119,2024-09-30 17:58:39,10.2,0.0,2130.6,0.0,2120.4,0.0,0,0,0,0,0000000000000000000000000000000000000000
1,0x0003800,1727719122,2024-09-30 17:58:42,10.2,0.0,2130.6,0.0,2120.4,0.0,0,0,0,0,0000000000000000000000000000000000000000
1,0x0003840,1727719123,2024-09-30 17:58:43,10.2,0.0,2130.6,0.0,2120.4,0.0,0,0,0,0,0000000000000000000000000000000000000000
1,0x0003880,1727719123,2024-09-30 17:58:43,10.2,0.0,2130.6,0.0,2120.4,0.0,0,0,0,0,0000000000000000000000000000000000000000
1,0x00038C0,1727719124,2024-09-30 17:58:44,10.2,0.0,2130.6,0.0,2120.4,0.0,0,0,0,0,0000000000000000000000000000000000000000
1,0x0003900,1727719127,2024-09-30 17:58:47,10.2,0.0,2130.6,0.0,2120.4,0.0,0,0,0,0,0000000000000000000000000000000000000000
1,0x0003940,1727719128,2024-09-30 17:58:48,10.2,0.0,2130.6,0.0,2120.4,0.0,0,0,0,0,0000000000000000000000000000000000000000
1,0x0003980,1727719128,2024-09-30 17:58:48,10.2,0.0,2130.6,0.0,2120.4,0.0,0,0,0,0,0000000000000000000000000000000000000000
1,0x00039C0,1727719129,2024-09-30 17:58:49,10.2,0.0,2130.6,0.0,2120.4,0.0,0,0,0,0,0000000000000000000000000000000000000000
1,0x0003A00,1727719132,2024-09-30 17:58:52,10.2,0.0,2130.6,0.0,2120.4,0.0,0,0,0,0,0000000000000000000000000000000000000000
1,0x0003A40,1727719133,2024-09-30 17:58:53,10.2,0.0,2130.6,0.0,2120.4,0.0,0,0,0,0,0000000000000000000000000000000000000000
1,0x0003A80,1727719133,2024-09-30 17:58:53,10.2,0.0,2130.6,0.0,2120.4,0.0,0,0,0,0,0000000000000000000000000000000000000000
1,0x0003AC0,1727719134,2024-09-30 17:58:54,10.2,0.0,2130.6,0.0,2120.4,0.0,0,0,0,0,0000000000000000000000000000000000000000
1,0x0003B00,1727719137,2024-09-30 17:58:57,10.2,0.0,2130.6,0.0,2120.4,0.0,0,0,0,0,0000000000000000000000000000000000000000
1,0x0003B40,1727719138,2024-09-30 17:58:58,10.2,0.0,2130.6,0.0,2120.4,0.0,0,0,0,0,0000000000000000000000000000000000000000
1,0x0003B80,1727719138,2024-09-30 17:58:58,10.2,0.0,2130.6,0.0,2120.4,0.0,0,0,0,0,0000000000000000000000000000000000000000
1,0x0003BC0,1727719139,2024-09-30 17:58:59,10.2,0.0,2130.6,0.0,2120.4,0.0,0,0,0,0,0000000000000000000000000000000000000000
1,0x0003C00,1727719141,2024-09-30 17:59:01,10.2,0.0,2130.6,0.0,2120.4,2120.4,0,0,0,0,0000000000000000000000000000000000000000
1,0x0003C40,1727719142,2024-09-30 17:59:02,10.2,0.0,2130.6,0.0,2120.4,0.0,0,0,0,0,0000000000000000000000000000000000000000
1,0x0003C80,1727719142,2024-09-30 17:59:02,10.2,0.0,2130.6,0.0,2120.4,0.0,0,0,0,0,0000000000000000000000000000000000000000
1,0x0003CC0,1727719143,2024-09-30 17:59:03,10.2,0.0,2130.6,0.0,2120.4,0.0,0,0,0,0,0000000000000000000000000000000000000000
1,0x0003D00,1727719144,2024-09-30 17:59:04,10.2,10.2,2130.6,0.0,2120.4,0.0,0,0,0,0,0000000000000000000000000000000000000000
1,0x0003D40,1727719145,2024-09-30 17:59:05,10.2,0.0,2130.6,0.0,2120.4,0.0,0,0,0,0,0000000000000000000000000000000000000000
1,0x0003D80,1727719146,2024-09-30 17:59:06,10.2,0.0,2130.6,0.0,2120.4,0.0,0,0,0,0,0000000000000000000000000000000000000000
1,0x0003DC0,1727719146,2024-09-30 17:59:06,10.2,0.0,2130.6,0.0,2120.4,2120.4,0,0,0,0,0000000000000000000000000000000000000000
1,0x0003E00,1727719147,2024-09-30 17:59:07,10.2,0.0,2130.6,0.0,2120.4,0.0,0,0,0,0,0000000000000000000000000000000000000000
1,0x0003E40,1727719147,2024-09-30 17:59:07,10.2,0.0,2130.6,0.0,2120.4,0.0,0,0,0,0,0000000000000000000000000000000000000000
1,0x0003E80,1727719148,2024-09-30 17:59:08,10.2,0.0,2130.6,0.0,2120.4,0.0,0,0,0,0,0000000000000000000000000000000000000000
1,0x0003EC0,1727719148,2024-09-30 17:59:08,10.2,0.0,2130.6,0.0,2120.4,0.0,0,0,0,0,0000000000000000000000000000000000000000
1,0x0003F00,1727719149,2024-09-30 17:59:09,10.2,10.2,2130.6,0.0,2120.4,0.0,0,0,0,0,0000000000000000000000000000000000000000
1,0x0003F40,1727719150,2024-09-30 17:59:10,10.2,0.0,2130.6,0.0,2120.4,0.0,0,0,0,0,0000000000000000000000000000000000000000
1,0x0003F80,1727719151,2024-09-30 17:59:11,10.2,0.0,2130.6,0.0,2120.4,0.0,0,0,0,0,0000000000000000000000000000000000000000
1,0x0003FC0,1727719151,2024-09-30 17:59:11,10.2,0.0,2130.6,0.0,2120.4,0.0,0,0,0,0,0000000000000000000000000000000000000000
1,0x0004000,1727719152,2024-09-30 17:59:12,10.2,0.0,2130.6,0.0,2120.4,0.0,0,0,0,0,0000000000000000000000000000000000000000
1,0x0004040,1727719153,2024-09-30 17:59:13,10.2,0.0,2130.6,0.0,2120.4,0.0,0,0,0,0,0000000000000000000000000000000000000000
1,0x0004080,1727719153,2024-09-30 17:59:13,10.2,0.0,2130.6,0.0,2120.4,0.0,0,0,0,0,0000000000000000000000000000000000000000
1,0x00040C0,1727719154,2024-09-30 17:59:14,10.2,0.0,2130.6,0.0,2120.4,0.0,0,0,0,0,0000000000000000000000000000000000000000
1,0x0004100,1727719156,2024-09-30 17:59:16,10.2,0.0,2130.6,0.0,2120.4,2120.4,0,0,0,0,0000000000000000000000000000000000000000
1,0x0004140,1727719157,2024-09-30 17:59:17,10.2,0.0,2130.6,0.0,2120.4,0.0,0,0,0,0,0000000000000000000000000000000000000000
1,0x0004180,1727719157,2024-09-30 17:59:17,10.2,0.0,2130.6,0.0,2120.4,0.0,0,0,0,0,0000000000000000000000000000000000000000
1,0x00041C0,1727719158,2024-09-30 17:59:18,10.2,0.0,2130.6,0.0,2120.4,0.0,0,0,0,0,0000000000000000000000000000000000000000
1,0x0004200,1727719159,2024-09-30 17:59:19,10.2,10.2,2130.6,0.0,2120.4,0.0,0,0,0,0,0000000000000000000000000000000000000000
1,0x0004240,1727719160,2024-09-30 17:59:20,10.2,0.0,2130.6,0.0,2120.4,0.0,0,0,0,0,0000000000000000000000000000000000000000
1,0x0004280,1727719161,2024-09-30 17:59:21,10.2,0.0,2130.6,0.0,2120.4,0.0,0,0,0,0,0000000000000000000000000000000000000000
1,0x00042C0,1727719161,2024-09-30 17:59:21,10.2,0.0,2130.6,0.0,2120.4,0.0,0,0,0,0,0000000000000000000000000000000000000000
1,0x0004300,1727719162,2024-09-30 17:59:22,10.2,0.0,2130.6,0.0,2120.4,0.0,0,0,0,0,0000000000000000000000000000000000000000
1,0x0004340,1727719163,2024-09-30 17:59:23,10.2,0.0,2130.6,0.0,2120.4,0.0,0,0,0,0,0000000000000000000000000000000000000000
1,0x0004380,1727719163,2024-09-30 17:59:23,10.2,0.0,2130.6,0.0,2120.4,0.0,0,0,0,0,0000000000000000000000000000000000000000
1,0x00043C0,1727719164,2024-09-30 17:59:24,10.2,0.0,2130.6,0.0,2120.4,0.0,0,0,0,0,0000000000000000000000000000000000000000
1,0x0004400,1727719167,2024-09-30 17:59:27,10.2,0.0,2130.6,0.0,2120.4,0.0,0,0,0,0,0000000000000000000000000000000000000000
1,0x0004440,1727719168,2024-09-30 17:59:28,10.2,0.0,2130.6,0.0,2120.4,0.0,0,0,0,0,0000000000000000000000000000000000000000
1,0x0004480,1727719168,2024-09-30 17:59:28,10.2,0.0,2130.6,0.0,2120.4,0.0,0,0,0,0,0000000000000000000000000000000000000000
1,0x00044C0,1727719169,2024-09-30 17:59:29,10.2,0.0,2130.6,0.0,2120.4,0.0,0,0,0,0,0000000000000000000000000000000000000000
1,0x0004500,1727719172,2024-09-30 17:59:32,10.2,0.0,2130.6,0.0,2120.4,0.0,0,0,0,0,0000000000000000000000000000000000000000
1,0x0004540,1727719173,2024-09-30 17:59:33,10.2,0.0,2130.6,0.0,2120.4,0.0,0,0,0,0,0000000000000000000000000000000000000000
1,0x0004580,1727719173,2024-09-30 17:59:33,10.2,0.0,2130.6,0.0,2120.4,0.0,0,0,0,0,0000000000000000000000000000000000000000
1,0x00045C0,1727719174,2024-09-30 17:59:34,10.2,0.0,2130.6,0.0,2120.4,0.0,0,0,0,0,0000000000000000000000000000000000000000
1,0x0004600,1727719177,2024-09-30 17:59:37,10.2,0.0,2130.6,0.0,2120.4,0.0,0,0,0,0,0000000000000000000000000000000000000000
1,0x0004640,1727719178,2024-09-30 17:59:38,10.2,0.0,2130.6,0.0,2120.4,0.0,0,0,0,0,0000000000000000000000000000000000000000
1,0x0004680,1727719178,2024-09-30 17:59:38,10.2,0.0,2130.6,0.0,2120.4,0.0,0,0,0,0,0000000000000000000000000000000000000000
1,0x00046C0,1727719179,2024-09-30 17:59:39,10.2,0.0,2130.6,0.0,2120.4,0.0,0,0,0,0,0000000000000000000000000000000000000000
1,0x0004700,1727719182,2024-09-30 17:59:42,10.2,0.0,2130.6,0.0,2120.4,0.0,0,0,0,0,0000000000000000000000000000000000000000
1,0x0004740,1727719183,2024-09-30 17:59:43,10.2,0.0,2130.6,0.0,2120.4,0.0,0,0,0,0,0000000000000000000000000000000000000000
1,0x0004780,1727719183,2024-09-30 17:59:43,10.2,0.0,2130.6,0.0,2120.4,0.0,0,0,0,0,0000000000000000000000000000000000000000
1,0x00047C0,1727719184,2024-09-30 17:59:44,10.2,0.0,2130.6,0.0,2120.4,0.0,0,0,0,0,0000000000000000000000000000000000000000
1,0x0004800,1727719187,2024-09-30 17:59:47,10.2,0.0,2130.6,0.0,2120.4,0.0,0,0,0,0,0000000000000000000000000000000000000000
1,0x0004840,1727719188,2024-09-30 17:59:48,10.2,0.0,2130.6,0.0,2120.4,0.0,0,0,0,0,0000000000000000000000000000000000000000
1,0x0004880,1727719188,2024-09-30 17:59:48,10.2,0.0,2130.6,0.0,2120.4,0.0,0,0,0,0,0000000000000000000000000000000000000000
1,0x00048C0,1727719189,2024-09-30 17:59:49,10.2,0.0,2130.6,0.0,2120.4,0.0,0,0,0,0,0000000000000000000000000000000000000000
1,0x0004900,1727719192,2024-09-30 17:59:52,10.2,0.0,2130.6,0.0,2120.4,0.0,0,0,0,0,0000000000000000000000000000000000000000
1,0x0004940,1727719193,2024-09-30 17:59:53,10.2,0.0,2130.6,0.0,2120.4,0.0,0,0,0,0,0000000000000000000000000000000000000000
1,0x0004980,1727719193,2024-09-30 17:59:53,10.2,0.0,2130.6,0.0,2120.4,0.0,0,0,0,0,0000000000000000000000000000000000000000
1,0x00049C0,1727719194,2024-09-30 17:59:54,10.2,0.0,2130.6,0.0,2120.4,0.0,0,0,0,0,0000000000000000000000000000000000000000
1,0x0004A00,1727719197,2024-09-30 17:59:57,10.2,0.0,2130.6,0.0,2120.4,0.0,0,0,0,0,0000000000000000000000000000000000000000
1,0x0004A40,1727719198,2024-09-30 17:59:58,10.2,0.0,2130.6,0.0,2120.4,0.0,0,0,0,0,0000000000000000000000000000000000000000
1,0x0004A80,1727719198,2024-09-30 17:59:58,10.2,0.0,2130.6,0.0,2120.4,0.0,0,0,0,0,0000000000000000000000000000000000000000
1,0x0004AC0,1727719199,2024-09-30 17:59:59,10.2,0.0,2130.6,0.0,2120.4,0.0,0,0,0,0,0000000000000000000000000000000000000000
1,0x0004B00,1727719204,2024-09-30 18:00:04,10.2,10.2,2130.6,0.0,2120.4,0.0,0,0,0,0,0000000000000000000000000000000000000000
1,0x0004B40,1727719205,2024-09-30 18:00:05,10.2,0.0,2130.6,0.0,2120.4,0.0,0,0,0,0,0000000000000000000000000000000000000000
1,0x0004B80,1727719206,2024-09-30 18:00:06,10.2,0.0,2130.6,0.0,2120.4,0.0,0,0,0,0,0000000000000000000000000000000000000000
1,0x0004BC0,1727719206,2024-09-30 18:00:06,10.2,0.0,2130.6,0.0,2120.4,0.0,0,0,0,0,0000000000000000000000000000000000000000
1,0x0004C00,1727719207,2024-09-30 18:00:07,10.2,0.0,2130.6,0.0,2120.4,0.0,0,0,0,0,0000000000000000000000000000000000000000
1,0x0004C40,1727719208,2024-09-30 18:00:08,10.2,0.0,2130.6,0.0,2120.4,0.0,0,0,0,0,0000000000000000000000000000000000000000
1,0x0004C80,1727719208,2024-09-30 18:00:08,10.2,0.0,2130.6,0.0,2120.4,0.0,0,0,0,0,0000000000000000000000000000000000000000
1,0x0004CC0,1727719209,2024-09-30 18:00:09,10.2,0.0,2130.6,0.0,2120.4,0.0,0,0,0,0,0000000000000000000000000000000000000000
1,0x0004D00,1727719234,2024-09-30 18:00:34,10.2,10.2,2130.6,0.0,2120.4,0.0,0,0,0,0,0000000000000000000000000000000000000000
1,0x0004D40,1727719235,2024-09-30 18:00:35,10.2,0.0,2130.6,0.0,2120.4,0.0,0,0,0,0,0000000000000000000000000000000000000000
1,0x0004D80,1727719236,2024-09-30 18:00:36,10.2,0.0,2130.6,0.0,2120.4,0.0,0,0,0,0,0000000000000000000000000000000000000000
1,0x0004DC0,1727719236,2024-09-30 18:00:36,10.2,0.0,2130.6,0.0,2120.4,0.0,0,0,0,0,0000000000000000000000000000000000000000
1,0x0004E00,1727719237,2024-09-30 18:00:37,10.2,0.0,2130.6,0.0,2120.4,0.0,0,0,0,0,0000000000000000000000000000000000000000
1,0x0004E40,1727719238,2024-09-30 18:00:38,10.2,0.0,2130.6,0.0,2120.4,0.0,0,0,0,0,0000000000000000000000000000000000000000
1,0x0004E80,1727719238,2024-09-30 18:00:38,10.2,0.0,2130.6,0.0,2120.4,0.0,0,0,0,0,0000000000000000000000000000000000000000
1,0x0004EC0,1727719239,2024-09-30 18:00:39,10.2,0.0,2130.6,0.0,2120.4,0.0,0,0,0,0,0000000000000000000000000000000000000000
1,0x0004F00,1727719239,2024-09-30 18:00:39,10.2,10.2,2130.6,0.0,2120.4,0.0,0,0,0,0,0000000000000000000000000000000000000000
1,0x0004F40,1727719240,2024-09-30 18:00:40,10.2,0.0,2130.6,0.0,2120.4,0.0,0,0,0,0,0000000000000000000000000000000000000000
1,0x0004F80,1727719241,2024-09-30 18:00:41,10.2,0.0,2130.6,0.0,2120.4,0.0,0,0,0,0,0000000000000000000000000000000000000000
1,0x0004FC0,1727719241,2024-09-30 18:00:41,10.2,0.0,2130.6,0.0,2120.4,0.0,0,0,0,0,0000000000000000000000000000000000000000
1,0x0005000,1727719242,2024-09-30 18:00:42,10.2,0.0,2130.6,0.0,2120.4,0.0,0,0,0,0,0000000000000000000000000000000000000000
1,0x0005040,1727719243,2024-09-30 18:00:43,10.2,0.0,2130.6,0.0,2120.4,0.0,0,0,0,0,0000000000000000000000000000000000000000
1,0x0005080,1727719243,2024-09-30 18:00:43,10.2,0.0,2130.6,0.0,2120.4,0.0,0,0,0,0,0000000000000000000000000000000000000000
1,0x00050C0,1727719244,2024-09-30 18:00:44,10.2,0.0,2130.6,0.0,2120.4,0.0,0,0,0,0,0000000000000000000000000000000000000000
1,0x0005100,1727719244,2024-09-30 18:00:44,10.2,10.2,2130.6,0.0,2120.4,0.0,0,0,0,0,0000000000000000000000000000000000000000
1,0x0005140,1727719245,2024-09-30 18:00:45,10.2,0.0,2130.6,0.0,2120.4,0.0,0,0,0,0,0000000000000000000000000000000000000000
1,0x0005180,1727719246,2024-09-30 18:00:46,10.2,0.0,2130.6,0.0,2120.4,0.0,0,0,0,0,0000000000000000000000000000000000000000
1,0x00051C0,1727719246,2024-09-30 18:00:46,10.2,0.0,2130.6,0.0,2120.4,0.0,0,0,0,0,0000000000000000000000000000000000000000
1,0x0005200,1727719247,2024-09-30 18:00:47,10.2,0.0,2130.6,0.0,2120.4,0.0,0,0,0,0,0000000000000000000000000000000000000000
1,0x0005240,1727719248,2024-09-30 18:00:48,10.2,0.0,2130.6,0.0,2120.4,0.0,0,0,0,0,0000000000000000000000000000000000000000
1,0x0005280,1727719248,2024-09-30 18:00:48,10.2,0.0,2130.6,0.0,2120.4,0.0,0,0,0,0,0000000000000000000000000000000000000000
1,0x00052C0,1727719249,2024-09-30 18:00:49,10.2,0.0,2130.6,0.0,2120.4,0.0,0,0,0,0,0000000000000000000000000000000000000000
1,0x0005300,1727719249,2024-09-30 18:00:49,10.2,10.2,2130.6,0.0,2120.4,0.0,0,0,0,0,0000000000000000000000000000000000000000
1,0x0005340,1727719250,2024-09-30 18:00:50,10.2,0.0,2130.6,0.0,2120.4,0.0,0,0,0,0,0000000000000000000000000000000000000000
1,0x0005380,1727719251,2024-09-30 18:00:51,10.2,0.0,2130.6,0.0,2120.4,0.0,0,0,0,0,0000000000000000000000000000000000000000
1,0x00053C0,1727719251,2024-09-30 18:00:51,10.2,0.0,2130.6,0.0,2120.4,0.0,0,0,0,0,0000000000000000000000000000000000000000
1,0x0005400,1727719252,2024-09-30 18:00:52,10.2,0.0,2130.6,0.0,2120.4,0.0,0,0,0,0,0000000000000000000000000000000000000000
1,0x0005440,1727719253,2024-09-30 18:00:53,10.2,0.0,2130.6,0.0,2120.4,0.0,0,0,0,0,0000000000000000000000000000000000000000
1,0x0005480,1727719253,2024-09-30 18:00:53,10.2,0.0,2130.6,0.0,2120.4,0.0,0,0,0,0,0000000000000000000000000000000000000000
1,0x00054C0,1727719254,2024-09-30 18:00:54,10.2,0.0,2130.6,0.0,2120.4,0.0,0,0,0,0,0000000000000000000000000000000000000000
1,0x0005500,1727719257,2024-09-30 18:00:57,10.2,0.0,2130.6,0.0,2120.4,0.0,0,0,0,0,0000000000000000000000000000000000000000
1,0x0005540,1727719258,2024-09-30 18:00:58,10.2,0.0,2130.6,0.0,2120.4,0.0,0,0,0,0,0000000000000000000000000000000000000000
1,0x0005580,1727719258,2024-09-30 18:00:58,10.2,0.0,2130.6,0.0,2120.4,0.0,0,0,0,0,0000000000000000000000000000000000000000
1,0x00055C0,1727719259,2024-09-30 18:00:59,10.2,0.0,2130.6,0.0,2120.4,0.0,0,0,0,0,0000000000000000000000000000000000000000
1,0x0005600,1727719259,2024-09-30 18:00:59,10.2,10.2,2130.6,0.0,2120.4,0.0,0,0,0,0,0000000000000000000000000000000000000000
1,0x0005640,1727719260,2024-09-30 18:01:00,10.2,0.0,2130.6,0.0,2120.4,0.0,0,0,0,0,0000000000000000000000000000000000000000
1,0x0005680,1727719261,2024-09-30 18:01:01,10.2,0.0,2130.6,0.0,2120.4,0.0,0,0,0,0,0000000000000000000000000000000000000000
1,0x00056C0,1727719261,2024-09-30 18:01:01,10.2,0.0,2130.6,0.0,2120.4,0.0,0,0,0,0,0000000000000000000000000000000000000000
1,0x0005700,1727719262,2024-09-30 18:01:02,10.2,0.0,2130.6,0.0,2120.4,0.0,0,0,0,0,0000000000000000000000000000000000000000
1,0x0005740,1727719263,2024-09-30 18:01:03,10.2,0.0,2130.6,0.0,2120.4,0.0,0,0,0,0,0000000000000000000000000000000000000000
1,0x0005780,1727719263,2024-09-30 18:01:03,10.2,0.0,2130.6,0.0,2120.4,0.0,0,0,0,0,0000000000000000000000000000000000000000
1,0x00057C0,1727719264,2024-09-30 18:01:04,10.2,0.0,2130.6,0.0,2120.4,0.0,0,0,0,0,0000000000000000000000000000000000000000
1,0x0005800,1727719267,2024-09-30 18:01:07,10.2,0.0,2130.6,0.0,2120.4,0.0,0,0,0,0,0000000000000000000000000000000000000000
1,0x0005840,1727719268,2024-09-30 18:01:08,10.2,0.0,2130.6,0.0,2120.4,0.0,0,0,0,0,0000000000000000000000000000000000000000
1,0x0005880,1727719268,2024-09-30 18:01:08,10.2,0.0,2130.6,0.0,2120.4,0.0,0,0,0,0,0000000000000000000000000000000000000000
1,0x00058C0,1727719269,2024-09-30 18:01:09,10.2,0.0,2130.6,0.0,2120.4,0.0,0,0,0,0,0000000000000000000000000000000000000000
1,0x0005900,1727719272,2024-09-30 18:01:12,10.2,0.0,2130.6,0.0,2120.4,0.0,0,0,0,0,0000000000000000000000000000000000000000
1,0x0005940,1727719273,2024-09-30 18:01:13,10.2,0.0,2130.6,0.0,2120.4,0.0,0,0,0,0,0000000000000000000000000000000000000000
1,0x0005980,1727719273,2024-09-30 18:01:13,10.2,0.0,2130.6,0.0,2120.4,0.0,0,0,0,0,0000000000000000000000000000000000000000
1,0x00059C0,1727719274,2024-09-30 18:01:14,10.2,0.0,2130.6,0.0,2120.4,0.0,0,0,0,0,0000000000000000000000000000000000000000
1,0x0005A00,1727719277,2024-09-30 18:01:17,10.2,0.0,2130.6,0.0,2120.4,0.0,0,0,0,0,0000000000000000000000000000000000000000
1,0x0005A40,1727719278,2024-09-30 18:01:18,10.2,0.0,2130.6,0.0,2120.4,0.0,0,0,0,0,0000000000000000000000000000000000000000
1,0x0005A80,1727719278,2024-09-30 18:01:18,10.2,0.0,2130.6,0.0,2120.4,0.0,0,0,0,0,0000000000000000000000000000000000000000
1,0x0005AC0,1727719279,2024-09-30 18:01:19,10.2,0.0,2130.6,0.0,2120.4,0.0,0,0,0,0,0000000000000000000000000000000000000000
1,0x0005B00,1727719281,2024-09-30 18:01:21,10.2,0.0,2130.6,0.0,2120.4,2120.4,0,0,0,0,0000000000000000000000000000000000000000
1,0x0005B40,1727719282,2024-09-30 18:01:22,10.2,0.0,2130.6,0.0,2120.4,0.0,0,0,0,0,0000000000000000000000000000000000000000
1,0x0005B80,1727719282,2024-09-30 18:01:22,10.2,0.0,2130.6,0.0,2120.4,0.0,0,0,0,0,0000000000000000000000000000000000000000
1,0x0005BC0,1727719283,2024-09-30 18:01:23,10.2,0.0,2130.6,0.0,2120.4,0.0,0,0,0,0,0000000000000000000000000000000000000000
1,0x0005C00,1727719284,2024-09-30 18:01:24,10.2,10.2,2130.6,0.0,2120.4,0.0,0,0,0,0,0000000000000000000000000000000000000000
1,0x0005C40,1727719285,2024-09-30 18:01:25,10.2,0.0,2130.6,0.0,2120.4,0.0,0,0,0,0,0000000000000000000000000000000000000000
1,0x0005C80,1727719286,2024-09-30 18:01:26,10.2,0.0,2130.6,0.0,2120.4,0.0,0,0,0,0,0000000000000000000000000000000000000000
1,0x0005CC0,1727719286,2024-09-30 18:01:26,10.2,0.0,2130.6,0.0,2120.4,2120.4,0,0,0,0,0000000000000000000000000000000000000000
1,0x0005D00,1727719287,2024-09-30 18:01:27,10.2,0.0,2130.6,0.0,2120.4,0.0,0,0,0,0,0000000000000000000000000000000000000000
1,0x0005D40,1727719287,2024-09-30 18:01:27,10.2,0.0,2130.6,0.0,2120.4,0.0,0,0,0,0,0000000000000000000000000000000000000000
1,0x0005D80,1727719288,2024-09-30 18:01:28,10.2,0.0,2130.6,0.0,2120.4,0.0,0,0,0,0,0000000000000000000000000000000000000000
1,0x0005DC0,1727719288,2024-09-30 18:01:28,10.2,0.0,2130.6,0.0,2120.4,0.0,0,0,0,0,0000000000000000000000000000000000000000
1,0x0005E00,1727719289,2024-09-30 18:01:29,10.2,10.2,2130.6,0.0,2120.4,0.0,0,0,0,0,0000000000000000000000000000000000000000
1,0x0005E40,1727719290,2024-09-30 18:01:30,10.2,0.0,2130.6,0.0,2120.4,0.0,0,0,0,0,0000000000000000000000000000000000000000
1,0x0005E80,1727719291,2024-09-30 18:01:31,10.2,0.0,2130.6,0.0,2120.4,0.0,0,0,0,0,0000000000000000000000000000000000000000
1,0x0005EC0,1727719291,2024-09-30 18:01:31,10.2,0.0,2130.6,0.0,2120.4,2120.4,0,0,0,0,0000000000000000000000000000000000000000
1,0x0005F00,1727719292,2024-09-30 18:01:32,10.2,0.0,2130.6,0.0,2120.4,0.0,0,0,0,0,0000000000000000000000000000000000000000
1,0x0005F40,1727719292,2024-09-30 18:01:32,10.2,0.0,2130.6,0.0,2120.4,0.0,0,0,0,0,0000000000000000000000000000000000000000
1,0x0005F80,1727719293,2024-09-30 18:01:33,10.2,0.0,2130.6,0.0,2120.4,0.0,0,0,0,0,0000000000000000000000000000000000000000
1,0x0005FC0,1727719293,2024-09-30 18:01:33,10.2,0.0,2130.6,0.0,2120.4,0.0,0,0,0,0,0000000000000000000000000000000000000000
1,0x0006000,1727719294,2024-09-30 18:01:34,10.2,10.2,2130.6,0.0,2120.4,0.0,0,0,0,0,0000000000000000000000000000000000000000
1,0x0006040,1727719295,2024-09-30 18:01:35,10.2,0.0,2130.6,0.0,2120.4,0.0,0,0,0,0,0000000000000000000000000000000000000000
1,0x0006080,1727719296,2024-09-30 18:01:36,10.2,0.0,2130.6,0.0,2120.4,0.0,0,0,0,0,0000000000000000000000000000000000000000
1,0x00060C0,1727719296,2024-09-30 18:01:36,10.2,0.0,2130.6,0.0,2120.4,0.0,0,0,0,0,0000000000000000000000000000000000000000
1,0x0006100,1727719297,2024-09-30 18:01:37,10.2,0.0,2130.6,0.0,2120.4,0.0,0,0,0,0,0000000000000000000000000000000000000000
1,0x0006140,1727719298,2024-09-30 18:01:38,10.2,0.0,2130.6,0.0,2120.4,0.0,0,0,0,0,0000000000000000000000000000000000000000
1,0x0006180,1727719298,2024-09-30 18:01:38,10.2,0.0,2130.6,0.0,2120.4,0.0,0,0,0,0,0000000000000000000000000000000000000000
1,0x00061C0,1727719299,2024-09-30 18:01:39,10.2,0.0,2130.6,0.0,2120.4,0.0,0,0,0,0,0000000000000000000000000000000000000000
1,0x0006200,1727719302,2024-09-30 18:01:42,10.2,0.0,2130.6,0.0,2120.4,0.0,0,0,0,0,0000000000000000000000000000000000000000
1,0x0006240,1727719303,2024-09-30 18:01:43,10.2,0.0,2130.6,0.0,2120.4,0.0,0,0,0,0,0000000000000000000000000000000000000000
1,0x0006280,1727719303,2024-09-30 18:01:43,10.2,0.0,2130.6,0.0,2120.4,0.0,0,0,0,0,0000000000000000000000000000000000000000
1,0x00062C0,1727719304,2024-09-30 18:01:44,10.2,0.0,2130.6,0.0,2120.4,0.0,0,0,0,0,0000000000000000000000000000000000000000
1,0x0006300,1727719307,2024-09-30 18:01:47,10.2,0.0,2130.6,0.0,2120.4,0.0,0,0,0,0,0000000000000000000000000000000000000000
1,0x0006340,1727719308,2024-09-30 18:01:48,10.2,0.0,2130.6,0.0,2120.4,0.0,0,0,0,0,0000000000000000000000000000000000000000
1,0x0006380,1727719308,2024-09-30 18:01:48,10.2,0.0,2130.6,0.0,2120.4,0.0,0,0,0,0,0000000000000000000000000000000000000000
1,0x00063C0,1727719309,2024-09-30 18:01:49,10.2,0.0,2130.6,0.0,2120.4,0.0,0,0,0,0,0000000000000000000000000000000000000000
1,0x0006400,1727719312,2024-09-30 18:01:52,10.2,0.0,2130.6,0.0,2120.4,0.0,0,0,0,0,0000000000000000000000000000000000000000
1,0x0006440,1727719313,2024-09-30 18:01:53,10.2,0.0,2130.6,0.0,2120.4,0.0,0,0,0,0,0000000000000000000000000000000000000000
1,0x0006480,1727719313,2024-09-30 18:01:53,10.2,0.0,2130.6,0.0,2120.4,0.0,0,0,0,0,0000000000000000000000000000000000000000
1,0x00064C0,1727719314,2024-09-30 18:01:54,10.2,0.0,2130.6,0.0,2120.4,0.0,0,0,0,0,0000000000000000000000000000000000000000
1,0x0006500,1727719317,2024-09-30 18:01:57,10.2,0.0,2130.6,0.0,2120.4,0.0,0,0,0,0,0000000000000000000000000000000000000000
1,0x0006540,1727719318,2024-09-30 18:01:58,10.2,0.0,2130.6,0.0,2120.4,0.0,0,0,0,0,0000000000000000000000000000000000000000
1,0x0006580,1727719318,2024-09-30 18:01:58,10.2,0.0,2130.6,0.0,2120.4,0.0,0,0,0,0,0000000000000000000000000000000000000000
1,0x00065C0,1727719319,2024-09-30 18:01:59,10.2,0.0,2130.6,0.0,2120.4,0.0,0,0,0,0,0000000000000000000000000000000000000000
1,0x0006600,1727719322,2024-09-30 18:02:02,10.2,0.0,2130.6,0.0,2120.4,0.0,0,0,0,0,0000000000000000000000000000000000000000
1,0x0006640,1727719323,2024-09-30 18:02:03,10.2,0.0,2130.6,0.0,2120.4,0.0,0,0,0,0,0000000000000000000000000000000000000000
1,0x0006680,1727719323,2024-09-30 18:02:03,10.2,0.0,2130.6,0.0,2120.4,0.0,0,0,0,0,0000000000000000000000000000000000000000
1,0x00066C0,1727719324,2024-09-30 18:02:04,10.2,0.0,2130.6,0.0,2120.4,0.0,0,0,0,0,0000000000000000000000000000000000000000
1,0x0006700,1727719327,2024-09-30 18:02:07,10.2,0.0,2130.6,0.0,2120.4,0.0,0,0,0,0,0000000000000000000000000000000000000000
1,0x0006740,1727719328,2024-09-30 18:02:08,10.2,0.0,2130.6,0.0,2120.4,0.0,0,0,0,0,0000000000000000000000000000000000000000
1,0x0006780,1727719328,2024-09-30 18:02:08,10.2,0.0,2130.6,0.0,2120.4,0.0,0,0,0,0,0000000000000000000000000000000000000000
1,0x00067C0,1727719329,2024-09-30 18:02:09,10.2,0.0,2130.6,0.0,2120.4,0.0,0,0,0,0,0000000000000000000000000000000000000000
1,0x0006800,1727719332,2024-09-30 18:02:12,10.2,0.0,2130.6,0.0,2120.4,0.0,0,0,0,0,0000000000000000000000000000000000000000
1,0x0006840,1727719333,2024-09-30 18:02:13,10.2,0.0,2130.6,0.0,2120.4,0.0,0,0,0,0,0000000000000000000000000000000000000000
1,0x0006880,1727719333,2024-09-30 18:02:13,10.2,0.0,2130.6,0.0,2120.4,0.0,0,0,0,0,0000000000000000000000000000000000000000
1,0x00068C0,1727719334,2024-09-30 18:02:14,10.2,0.0,2130.6,0.0,2120.4,0.0,0,0,0,0,0000000000000000000000000000000000000000
1,0x0006900,1727719337,2024-09-30 18:02:17,10.2,0.0,2130.6,0.0,2120.4,0.0,0,0,0,0,0000000000000000000000000000000000000000
1,0x0006940,1727719338,2024-09-30 18:02:18,10.2,0.0,2130.6,0.0,2120.4,0.0,0,0,0,0,0000000000000000000000000000000000000000
1,0x0006980,1727719338,2024-09-30 18:02:18,10.2,0.0,2130.6,0.0,2120.4,0.0,0,0,0,0,0000000000000000000000000000000000000000
1,0x00069C0,1727719339,2024-09-30 18:02:19,10.2,0.0,2130.6,0.0,2120.4,0.0,0,0,0,0,0000000000000000000000000000000000000000
1,0x0006A00,1727719342,2024-09-30 18:02:22,10.2,0.0,2130.6,0.0,2120.4,0.0,0,0,0,0,0000000000000000000000000000000000000000
1,0x0006A40,1727719343,2024-09-30 18:02:23,10.2,0.0,2130.6,0.0,2120.4,0.0,0,0,0,0,0000000000000000000000000000000000000000
1,0x0006A80,1727719343,2024-09-30 18:02:23,10.2,0.0,2130.6,0.0,2120.4,0.0,0,0,0,0,0000000000000000000000000000000000000000
1,0x0006AC0,1727719344,2024-09-30 18:02:24,10.2,0.0,2130.6,0.0,2120.4,0.0,0,0,0,0,0000000000000000000000000000000000000000
1,0x0006B00,1727719347,2024-09-30 18:02:27,10.2,0.0,2130.6,0.0,2120.4,0.0,0,0,0,0,0000000000000000000000000000000000000000
1,0x0006B40,1727719348,2024-09-30 18:02:28,10.2,0.0,2130.6,0.0,2120.4,0.0,0,0,0,0,0000000000000000000000000000000000000000
1,0x0006B80,1727719348,2024-09-30 18:02:28,10.2,0.0,2130.6,0.0,2120.4,0.0,0,0,0,0,0000000000000000000000000000000000000000
1,0x0006BC0,1727719349,2024-09-30 18:02:29,10.2,0.0,2130.6,0.0,2120.4,0.0,0,0,0,0,0000000000000000000000000000000000000000
1,0x0006C00,1727719354,2024-09-30 18:02:34,10.2,10.2,2130.6,0.0,2120.4,0.0,0,0,0,0,0000000000000000000000000000000000000000
1,0x0006C40,1727719355,2024-09-30 18:02:35,10.2,0.0,2130.6,0.0,2120.4,0.0,0,0,0,0,0000000000000000000000000000000000000000
1,0x0006C80,1727719356,2024-09-30 18:02:36,10.2,0.0,2130.6,0.0,2120.4,0.0,0,0,0,0,0000000000000000000000000000000000000000
1,0x0006CC0,1727719356,2024-09-30 18:02:36,10.2,0.0,2130.6,0.0,2120.4,0.0,0,0,0,0,0000000000000000000000000000000000000000
1,0x0006D00,1727719379,2024-09-30 18:02:59,10.2,10.2,2130.6,0.0,2120.4,0.0,0,0,0,0,0000000000000000000000000000000000000000
1,0x0006D40,1727719380,2024-09-30 18:03:00,10.2,0.0,2130.6,0.0,2120.4,0.0,0,0,0,0,0000000000000000000000000000000000000000
1,0x0006D80,1727719381,2024-09-30 18:03:01,10.2,0.0,2130.6,0.0,2120.4,0.0,0,0,0,0,0000000000000000000000000000000000000000
1,0x0006DC0,1727719381,2024-09-30 18:03:01,10.2,0.0,2130.6,0.0,2120.4,0.0,0,0,0,0,0000000000000000000000000000000000000000
1,0x0006E00,1727719382,2024-09-30 18:03:02,10.2,0.0,2130.6,0.0,2120.4,0.0,0,0,0,0,0000000000000000000000000000000000000000
1,0x0006E40,1727719383,2024-09-30 18:03:03,10.2,0.0,2130.6,0.0,2120.4,0.0,0,0,0,0,0000000000000000000000000000000000000000
1,0x0006E80,1727719383,2024-09-30 18:03:03,10.2,0.0,2130.6,0.0,2120.4,0.0,0,0,0,0,0000000000000000000000000000000000000000
1,0x0006EC0,1727719384,2024-09-30 18:03:04,10.2,0.0,2130.6,0.0,2120.4,0.0,0,0,0,0,0000000000000000000000000000000000000000
1,0x0006F00,1727719384,2024-09-30 18:03:04,10.2,10.2,2130.6,0.0,2120.4,0.0,0,0,0,0,0000000000000000000000000000000000000000
1,0x0006F40,1727719385,2024-09-30 18:03:05,10.2,0.0,2130.6,0.0,2120.4,0.0,0,0,0,0,0000000000000000000000000000000000000000
1,0x0006F80,1727719386,2024-09-30 18:03:06,10.2,0.0,2130.6,0.0,2120.4,0.0,0,0,0,0,0000000000000000000000000000000000000000
1,0x0006FC0,1727719386,2024-09-30 18:03:06,10.2,0.0,2130.6,0.0,2120.4,0.0,0,0,0,0,0000000000000000000000000000000000000000
1,0x0007000,1727719387,2024-09-30 18:03:07,10.2,0.0,2130.6,0.0,2120.4,0.0,0,0,0,0,0000000000000000000000000000000000000000
1,0x0007040,1727719388,2024-09-30 18:03:08,10.2,0.0,2130.6,0.0,2120.4,0.0,0,0,0,0,0000000000000000000000000000000000000000
1,0x0007080,1727719388,2024-09-30 18:03:08,10.2,0.0,2130.6,0.0,2120.4,0.0,0,0,0,0,0000000000000000000000000000000000000000
1,0x00070C0,1727719389,2024-09-30 18:03:09,10.2,0.0,2130.6,0.0,2120.4,0.0,0,0,0,0,0000000000000000000000000000000000000000
1,0x0007100,1727719389,2024-09-30 18:03:09,10.2,10.2,2130.6,0.0,2120.4,0.0,0,0,0,0,0000000000000000000000000000000000000000
1,0x0007140,1727719390,2024-09-30 18:03:10,10.2,0.0,2130.6,0.0,2120.4,0.0,0,0,0,0,0000000000000000000000000000000000000000
1,0x0007180,1727719391,2024-09-30 18:03:11,10.2,0.0,2130.6,0.0,2120.4,0.0,0,0,0,0,0000000000000000000000000000000000000000
1,0x00071C0,1727719391,2024-09-30 18:03:11,10.2,0.0,2130.6,0.0,2120.4,0.0,0,0,0,0,0000000000000000000000000000000000000000
1,0x0007200,1727719392,2024-09-30 18:03:12,10.2,0.0,2130.6,0.0,2120.4,0.0,0,0,0,0,0000000000000000000000000000000000000000
1,0x0007240,1727719393,2024-09-30 18:03:13,10.2,0.0,2130.6,0.0,2120.4,0.0,0,0,0,0,0000000000000000000000000000000000000000
1,0x0007280,1727719393,2024-09-30 18:03:13,10.2,0.0,2130.6,0.0,2120.4,0.0,0,0,0,0,0000000000000000000000000000000000000000
1,0x00072C0,1727719394,2024-09-30 18:03:14,10.2,0.0,2130.6,0.0,2120.4,0.0,0,0,0,0,0000000000000000000000000000000000000000
1,0x0007300,1727719394,2024-09-30 18:03:14,10.2,10.2,2130.6,0.0,2120.4,0.0,0,0,0,0,0000000000000000000000000000000000000000
1,0x0007340,1727719395,2024-09-30 18:03:15,10.2,0.0,2130.6,0.0,2120.4,0.0,0,0,0,0,0000000000000000000000000000000000000000
1,0x0007380,1727719396,2024-09-30 18:03:16,10.2,0.0,2130.6,0.0,2120.4,0.0,0,0,0,0,0000000000000000000000000000000000000000
1,0x00073C0,1727719396,2024-09-30 18:03:16,10.2,0.0,2130.6,0.0,2120.4,0.0,0,0,0,0,0000000000000000000000000000000000000000
1,0x0007400,1727719397,2024-09-30 18:03:17,10.2,0.0,2130.6,0.0,2120.4,0.0,0,0,0,0,0000000000000000000000000000000000000000
1,0x0007440,1727719398,2024-09-30 18:03:18,10.2,0.0,2130.6,0.0,2120.4,0.0,0,0,0,0,0000000000000000000000000000000000000000
1,0x0007480,1727719398,2024-09-30 18:03:18,10.2,0.0,2130.6,0.0,2120.4,0.0,0,0,0,0,0000000000000000000000000000000000000000
1,0x00074C0,1727719399,2024-09-30 18:03:19,10.2,0.0,2130.6,0.0,2120.4,0.0,0,0,0,0,0000000000000000000000000000000000000000
1,0x0007500,1727719399,2024-09-30 18:03:19,10.2,10.2,2130.6,0.0,2120.4,0.0,0,0,0,0,0000000000000000000000000000000000000000
1,0x0007540,1727719400,2024-09-30 18:03:20,10.2,0.0,2130.6,0.0,2120.4,0.0,0,0,0,0,0000000000000000000000000000000000000000
1,0x0007580,1727719401,2024-09-30 18:03:21,10.2,0.0,2130.6,0.0,2120.4,0.0,0,0,0,0,0000000000000000000000000000000000000000
1,0x00075C0,1727719401,2024-09-30 18:03:21,10.2,0.0,2130.6,0.0,2120.4,0.0,0,0,0,0,0000000000000000000000000000000000000000
1,0x0007600,1727719402,2024-09-30 18:03:22,10.2,0.0,2130.6,0.0,2120.4,0.0,0,0,0,0,0000000000000000000000000000000000000000
1,0x0007640,1727719403,2024-09-30 18:03:23,10.2,0.0,2130.6,0.0,2120.4,0.0,0,0,0,0,0000000000000000000000000000000000000000
1,0x0007680,1727719403,2024-09-30 18:03:23,10.2,0.0,2130.6,0.0,2120.4,0.0,0,0,0,0,0000000000000000000000000000000000000000
1,0x00076C0,1727719404,2024-09-30 18:03:24,10.2,0.0,2130.6,0.0,2120.4,0.0,0,0,0,0,0000000000000000000000000000000000000000
1,0x0007700,1727719404,2024-09-30 18:03:24,10.2,10.2,2130.6,0.0,2120.4,0.0,0,0,0,0,0000000000000000000000000000000000000000
1,0x0007740,1727719405,2024-09-30 18:03:25,10.2,0.0,2130.6,0.0,2120.4,0.0,0,0,0,0,0000000000000000000000000000000000000000
1,0x0007780,1727719406,2024-09-30 18:03:26,10.2,0.0,2130.6,0.0,2120.4,0.0,0,0,0,0,0000000000000000000000000000000000000000
1,0x00077C0,1727719406,2024-09-30 18:03:26,10.2,0.0,2130.6,0.0,2120.4,0.0,0,0,0,0,0000000000000000000000000000000000000000
1,0x0007800,1727719407,2024-09-30 18:03:27,10.2,0.0,2130.6,0.0,2120.4,0.0,0,0,0,0,0000000000000000000000000000000000000000
1,0x0007840,1727719408,2024-09-30 18:03:28,10.2,0.0,2130.6,0.0,2120.4,0.0,0,0,0,0,0000000000000000000000000000000000000000
1,0x0007880,1727719408,2024-09-30 18:03:28,10.2,0.0,2130.6,0.0,2120.4,0.0,0,0,0,0,0000000000000000000000000000000000000000
1,0x00078C0,1727719409,2024-09-30 18:03:29,10.2,0.0,2130.6,0.0,2120.4,0.0,0,0,0,0,0000000000000000000000000000000000000000
1,0x0007900,1727719412,2024-09-30 18:03:32,10.2,0.0,2130.6,0.0,2120.4,0.0,0,0,0,0,0000000000000000000000000000000000000000
1,0x0007940,1727719413,2024-09-30 18:03:33,10.2,0.0,2130.6,0.0,2120.4,0.0,0,0,0,0,0000000000000000000000000000000000000000
1,0x0007980,1727719413,2024-09-30 18:03:33,10.2,0.0,2130.6,0.0,2120.4,0.0,0,0,0,0,0000000000000000000000000000000000000000
1,0x00079C0,1727719414,2024-09-30 18:03:34,10.2,0.0,2130.6,0.0,2120.4,0.0,0,0,0,0,0000000000000000000000000000000000000000
1,0x0007A00,1727719417,2024-09-30 18:03:37,10.2,0.0,2130.6,0.0,2120.4,0.0,0,0,0,0,0000000000000000000000000000000000000000
1,0x0007A40,1727719418,2024-09-30 18:03:38,10.2,0.0,2130.6,0.0,2120.4,0.0,0,0,0,0,0000000000000000000000000000000000000000
1,0x0007A80,1727719418,2024-09-30 18:03:38,10.2,0.0,2130.6,0.0,2120.4,0.0,0,0,0,0,0000000000000000000000000000000000000000
1,0x0007AC0,1727719419,2024-09-30 18:03:39,10.2,0.0,2130.6,0.0,2120.4,0.0,0,0,0,0,0000000000000000000000000000000000000000
1,0x0007B00,1727719422,2024-09-30 18:03:42,10.2,0.0,2130.6,0.0,2120.4,0.0,0,0,0,0,0000000000000000000000000000000000000000
1,0x0007B40,1727719423,2024-09-30 18:03:43,10.2,0.0,2130.6,0.0,2120.4,0.0,0,0,0,0,0000000000000000000000000000000000000000
1,0x0007B80,1727719423,2024-09-30 18:03:43,10.2,0.0,2130.6,0.0,2120.4,0.0,0,0,0,0,0000000000000000000000000000000000000000
1,0x0007BC0,1727719424,2024-09-30 18:03:44,10.2,0.0,2130.6,0.0,2120.4,0.0,0,0,0,0,0000000000000000000000000000000000000000
1,0x0007C00,1727719426,2024-09-30 18:03:46,10.2,0.0,2130.6,0.0,2120.4,2120.4,0,0,0,0,0000000000000000000000000000000000000000
1,0x0007C40,1727719427,2024-09-30 18:03:47,10.2,0.0,2130.6,0.0,2120.4,0.0,0,0,0,0,0000000000000000000000000000000000000000
1,0x0007C80,1727719427,2024-09-30 18:03:47,10.2,0.0,2130.6,0.0,2120.4,0.0,0,0,0,0,0000000000000000000000000000000000000000
1,0x0007CC0,1727719428,2024-09-30 18:03:48,10.2,0.0,2130.6,0.0,2120.4,0.0,0,0,0,0,0000000000000000000000000000000000000000
1,0x0007D00,1727719429,2024-09-30 18:03:49,10.2,10.2,2130.6,0.0,2120.4,0.0,0,0,0,0,0000000000000000000000000000000000000000
1,0x0007D40,1727719430,2024-09-30 18:03:50,10.2,0.0,2130.6,0.0,2120.4,0.0,0,0,0,0,0000000000000000000000000000000000000000
1,0x0007D80,1727719431,2024-09-30 18:03:51,10.2,0.0,2130.6,0.0,2120.4,0.0,0,0,0,0,0000000000000000000000000000000000000000
1,0x0007DC0,1727719431,2024-09-30 18:03:51,10.2,0.0,2130.6,0.0,2120.4,2120.4,0,0,0,0,0000000000000000000000000000000000000000
1,0x0007E00,1727719432,2024-09-30 18:03:52,10.2,0.0,2130.6,0.0,2120.4,0.0,0,0,0,0,0000000000000000000000000000000000000000
1,0x0007E40,1727719432,2024-09-30 18:03:52,10.2,0.0,2130.6,0.0,2120.4,0.0,0,0,0,0,0000000000000000000000000000000000000000
1,0x0007E80,1727719433,2024-09-30 18:03:53,10.2,0.0,2130.6,0.0,2120.4,0.0,0,0,0,0,0000000000000000000000000000000000000000
1,0x0007EC0,1727719433,2024-09-30 18:03:53,10.2,0.0,2130.6,0.0,2120.4,0.0,0,0,0,0,0000000000000000000000000000000000000000
1,0x0007F00,1727719434,2024-09-30 18:03:54,10.2,10.2,2130.6,0.0,2120.4,0.0,0,0,0,0,0000000000000000000000000000000000000000
1,0x0007F40,1727719435,2024-09-30 18:03:55,10.2,0.0,2130.6,0.0,2120.4,0.0,0,0,0,0,0000000000000000000000000000000000000000
1,0x0007F80,1727719436,2024-09-30 18:03:56,10.2,0.0,2130.6,0.0,2120.4,0.0,0,0,0,0,0000000000000000000000000000000000000000
1,0x0007FC0,1727719436,2024-09-30 18:03:56,10.2,0.0,2130.6,0.0,2120.4,2120.4,0,0,0,0,0000000000000000000000000000000000000000
1,0x0008000,1727719437,2024-09-30 18:03:57,10.2,0.0,2130.6,0.0,2120.4,0.0,0,0,0,0,0000000000000000000000000000000000000000
1,0x0008040,1727719437,2024-09-30 18:03:57,10.2,0.0,2130.6,0.0,2120.4,0.0,0,0,0,0,0000000000000000000000000000000000000000
1,0x0008080,1727719438,2024-09-30 18:03:58,10.2,0.0,2130.6,0.0,2120.4,0.0,0,0,0,0,0000000000000000000000000000000000000000
1,0x00080C0,1727719438,2024-09-30 18:03:58,10.2,0.0,2130.6,0.0,2120.4,0.0,0,0,0,0,0000000000000000000000000000000000000000
1,0x0008100,1727719439,2024-09-30 18:03:59,10.2,10.2,2130.6,0.0,2120.4,0.0,0,0,0,0,0000000000000000000000000000000000000000
1,0x0008140,1727719440,2024-09-30 18:04:00,10.2,0.0,2130.6,0.0,2120.4,0.0,0,0,0,0,0000000000000000000000000000000000000000
1,0x0008180,1727719441,2024-09-30 18:04:01,10.2,0.0,2130.6,0.0,2120.4,0.0,0,0,0,0,0000000000000000000000000000000000000000
1,0x00081C0,1727719441,2024-09-30 18:04:01,10.2,0.0,2130.6,0.0,2120.4,2120.4,0,0,0,0,0000000000000000000000000000000000000000
1,0x0008200,1727719442,2024-09-30 18:04:02,10.2,0.0,2130.6,0.0,2120.4,0.0,0,0,0,0,0000000000000000000000000000000000000000
1,0x0008240,1727719442,2024-09-30 18:04:02,10.2,0.0,2130.6,0.0,2120.4,0.0,0,0,0,0,0000000000000000000000000000000000000000
1,0x0008280,1727719443,2024-09-30 18:04:03,10.2,0.0,2130.6,0.0,2120.4,0.0,0,0,0,0,0000000000000000000000000000000000000000
1,0x00082C0,1727719443,2024-09-30 18:04:03,10.2,0.0,2130.6,0.0,2120.4,0.0,0,0,0,0,0000000000000000000000000000000000000000
1,0x0008300,1727719444,2024-09-30 18:04:04,10.2,10.2,2130.6,0.0,2120.4,0.0,0,0,0,0,0000000000000000000000000000000000000000
1,0x0008340,1727719445,2024-09-30 18:04:05,10.2,0.0,2130.6,0.0,2120.4,0.0,0,0,0,0,0000000000000000000000000000000000000000
1,0x0008380,1727719446,2024-09-30 18:04:06,10.2,0.0,2130.6,0.0,2120.4,0.0,0,0,0,0,0000000000000000000000000000000000000000
1,0x00083C0,1727719446,2024-09-30 18:04:06,10.2,0.0,2130.6,0.0,2120.4,0.0,0,0,0,0,0000000000000000000000000000000000000000
1,0x0008400,1727719447,2024-09-30 18:04:07,10.2,0.0,2130.6,0.0,2120.4,0.0,0,0,0,0,0000000000000000000000000000000000000000
1,0x0008440,1727719448,2024-09-30 18:04:08,10.2,0.0,2130.6,0.0,2120.4,0.0,0,0,0,0,0000000000000000000000000000000000000000
1,0x0008480,1727719448,2024-09-30 18:04:08,10.2,0.0,2130.6,0.0,2120.4,0.0,0,0,0,0,0000000000000000000000000000000000000000
1,0x00084C0,1727719449,2024-09-30 18:04:09,10.2,0.0,2130.6,0.0,2120.4,0.0,0,0,0,0,0000000000000000000000000000000000000000
1,0x0008500,1727719452,2024-09-30 18:04:12,10.2,0.0,2130.6,0.0,2120.4,0.0,0,0,0,0,0000000000000000000000000000000000000000
1,0x0008540,1727719453,2024-09-30 18:04:13,10.2,0.0,2130.6,0.0,2120.4,0.0,0,0,0,0,0000000000000000000000000000000000000000
1,0x0008580,1727719453,2024-09-30 18:04:13,10.2,0.0,2130.6,0.0,2120.4,0.0,0,0,0,0,0000000000000000000000000000000000000000
1,0x00085C0,1727719454,2024-09-30 18:04:14,10.2,0.0,2130.6,0.0,2120.4,0.0,0,0,0,0,0000000000000000000000000000000000000000
1,0x0008600,1727719457,2024-09-30 18:04:17,10.2,0.0,2130.6,0.0,2120.4,0.0,0,0,0,0,0000000000000000000000000000000000000000
1,0x0008640,1727719458,2024-09-30 18:04:18,10.2,0.0,2130.6,0.0,2120.4,0.0,0,0,0,0,0000000000000000000000000000000000000000
1,0x0008680,1727719458,2024-09-30 18:04:18,10.2,0.0,2130.6,0.0,2120.4,0.0,0,0,0,0,0000000000000000000000000000000000000000
1,0x00086C0,1727719459,2024-09-30 18:04:19,10.2,0.0,2130.6,0.0,2120.4,0.0,0,0,0,0,0000000000000000000000000000000000000000
1,0x0008700,1727719462,2024-09-30 18:04:22,10.2,0.0,2130.6,0.0,2120.4,0.0,0,0,0,0,0000000000000000000000000000000000000000
1,0x0008740,1727719463,2024-09-30 18:04:23,10.2,0.0,2130.6,0.0,2120.4,0.0,0,0,0,0,0000000000000000000000000000000000000000
1,0x0008780,1727719463,2024-09-30 18:04:23,10.2,0.0,2130.6,0.0,2120.4,0.0,0,0,0,0,0000000000000000000000000000000000000000
1,0x00087C0,1727719464,2024-09-30 18:04:24,10.2,0.0,2130.6,0.0,2120.4,0.0,0,0,0,0,0000000000000000000000000000000000000000
1,0x0008800,1727719467,2024-09-30 18:04:27,10.2,0.0,2130.6,0.0,2120.4,0.0,0,0,0,0,0000000000000000000000000000000000000000
1,0x0008840,1727719468,2024-09-30 18:04:28,10.2,0.0,2130.6,0.0,2120.4,0.0,0,0,0,0,0000000000000000000000000000000000000000
1,0x0008880,1727719468,2024-09-30 18:04:28,10.2,0.0,2130.6,0.0,2120.4,0.0,0,0,0,0,0000000000000000000000000000000000000000
1,0x00088C0,1727719469,2024-09-30 18:04:29,10.2,0.0,2130.6,0.0,2120.4,0.0,0,0,0,0,0000000000000000000000000000000000000000
1,0x0008900,1727719472,2024-09-30 18:04:32,10.2,0.0,2130.6,0.0,2120.4,0.0,0,0,0,0,0000000000000000000000000000000000000000
1,0x0008940,1727719473,2024-09-30 18:04:33,10.2,0.0,2130.6,0.0,2120.4,0.0,0,0,0,0,0000000000000000000000000000000000000000
1,0x0008980,1727719473,2024-09-30 18:04:33,10.2,0.0,2130.6,0.0,2120.4,0.0,0,0,0,0,0000000000000000000000000000000000000000
1,0x00089C0,1727719474,2024-09-30 18:04:34,10.2,0.0,2130.6,0.0,2120.4,0.0,0,0,0,0,0000000000000000000000000000000000000000
1,0x0008A00,1727719477,2024-09-30 18:04:37,10.2,0.0,2130.6,0.0,2120.4,0.0,0,0,0,0,0000000000000000000000000000000000000000
1,0x0008A40,1727719478,2024-09-30 18:04:38,10.2,0.0,2130.6,0.0,2120.4,0.0,0,0,0,0,0000000000000000000000000000000000000000
1,0x0008A80,1727719478,2024-09-30 18:04:38,10.2,0.0,2130.6,0.0,2120.4,0.0,0,0,0,0,0000000000000000000000000000000000000000
1,0x0008AC0,1727719479,2024-09-30 18:04:39,10.2,0.0,2130.6,0.0,2120.4,0.0,0,0,0,0,0000000000000000000000000000000000000000
1,0x0008B00,1727719484,2024-09-30 18:04:44,10.2,10.2,2130.6,0.0,2120.4,0.0,0,0,0,0,0000000000000000000000000000000000000000
1,0x0008B40,1727719485,2024-09-30 18:04:45,10.2,0.0,2130.6,0.0,2120.4,0.0,0,0,0,0,0000000000000000000000000000000000000000
1,0x0008B80,1727719486,2024-09-30 18:04:46,10.2,0.0,2130.6,0.0,2120.4,0.0,0,0,0,0,0000000000000000000000000000000000000000
1,0x0008BC0,1727719486,2024-09-30 18:04:46,10.2,0.0,2130.6,0.0,2120.4,0.0,0,0,0,0,0000000000000000000000000000000000000000
1,0x0008C00,1727719487,2024-09-30 18:04:47,10.2,0.0,2130.6,0.0,2120.4,0.0,0,0,0,0,0000000000000000000000000000000000000000
1,0x0008C40,1727719488,2024-09-30 18:04:48,10.2,0.0,2130.6,0.0,2120.4,0.0,0,0,0,0,0000000000000000000000000000000000000000
1,0x0008C80,1727719488,2024-09-30 18:04:48,10.2,0.0,2130.6,0.0,2120.4,0.0,0,0,0,0,0000000000000000000000000000000000000000
1,0x0008CC0,1727719489,2024-09-30 18:04:49,10.2,0.0,2130.6,0.0,2120.4,0.0,0,0,0,0,0000000000000000000000000000000000000000
1,0x0008D00,1727719492,2024-09-30 18:04:52,10.2,0.0,2130.6,0.0,2120.4,0.0,0,0,0,0,0000000000000000000000000000000000000000
1,0x0008D40,1727719493,2024-09-30 18:04:53,10.2,0.0,2130.6,0.0,2120.4,0.0,0,0,0,0,0000000000000000000000000000000000000000
1,0x0008D80,1727719493,2024-09-30 18:04:53,10.2,0.0,2130.6,0.0,2120.4,0.0,0,0,0,0,0000000000000000000000000000000000000000
1,0x0008DC0,1727719494,2024-09-30 18:04:54,10.2,0.0,2130.6,0.0,2120.4,0.0,0,0,0,0,0000000000000000000000000000000000000000
1,0x0008E00,1727719519,2024-09-30 18:05:19,10.2,10.2,2130.6,0.0,2120.4,0.0,0,0,0,0,0000000000000000000000000000000000000000
1,0x0008E40,1727719520,2024-09-30 18:05:20,10.2,0.0,2130.6,0.0,2120.4,0.0,0,0,0,0,0000000000000000000000000000000000000000
1,0x0008E80,1727719521,2024-09-30 18:05:21,10.2,0.0,2130.6,0.0,2120.4,0.0,0,0,0,0,0000000000000000000000000000000000000000
1,0x0008EC0,1727719521,2024-09-30 18:05:21,10.2,0.0,2130.6,0.0,2120.4,0.0,0,0,0,0,0000000000000000000000000000000000000000
1,0x0008F00,1727719522,2024-09-30 18:05:22,10.2,0.0,2130.6,0.0,2120.4,0.0,0,0,0,0,0000000000000000000000000000000000000000
1,0x0008F40,1727719523,2024-09-30 18:05:23,10.2,0.0,2130.6,0.0,2120.4,0.0,0,0,0,0,0000000000000000000000000000000000000000
1,0x0008F80,1727719523,2024-09-30 18:05:23,10.2,0.0,2130.6,0.0,2120.4,0.0,0,0,0,0,0000000000000000000000000000000000000000
1,0x0008FC0,1727719524,2024-09-30 18:05:24,10.2,0.0,2130.6,0.0,2120.4,0.0,0,0,0,0,0000000000000000000000000000000000000000
1,0x0009000,1727719524,2024-09-30 18:05:24,10.2,10.2,2130.6,0.0,2120.4,0.0,0,0,0,0,0000000000000000000000000000000000000000
1,0x0009040,1727719525,2024-09-30 18:05:25,10.2,0.0,2130.6,0.0,2120.4,0.0,0,0,0,0,0000000000000000000000000000000000000000
1,0x0009080,1727719526,2024-09-30 18:05:26,10.2,0.0,2130.6,0.0,2120.4,0.0,0,0,0,0,0000000000000000000000000000000000000000
1,0x00090C0,1727719526,2024-09-30 18:05:26,10.2,0.0,2130.6,0.0,2120.4,0.0,0,0,0,0,0000000000000000000000000000000000000000
1,0x0009100,1727719527,2024-09-30 18:05:27,10.2,0.0,2130.6,0.0,2120.4,0.0,0,0,0,0,0000000000000000000000000000000000000000
1,0x0009140,1727719528,2024-09-30 18:05:28,10.2,0.0,2130.6,0.0,2120.4,0.0,0,0,0,0,0000000000000000000000000000000000000000
1,0x0009180,1727719528,2024-09-30 18:05:28,10.2,0.0,2130.6,0.0,2120.4,0.0,0,0,0,0,0000000000000000000000000000000000000000
1,0x00091C0,1727719529,2024-09-30 18:05:29,10.2,0.0,2130.6,0.0,2120.4,0.0,0,0,0,0,0000000000000000000000000000000000000000
1,0x0009200,1727719529,2024-09-30 18:05:29,10.2,10.2,2130.6,0.0,2120.4,0.0,0,0,0,0,0000000000000000000000000000000000000000
1,0x0009240,1727719530,2024-09-30 18:05:30,10.2,0.0,2130.6,0.0,2120.4,0.0,0,0,0,0,0000000000000000000000000000000000000000
1,0x0009280,1727719531,2024-09-30 18:05:31,10.2,0.0,2130.6,0.0,2120.4,0.0,0,0,0,0,0000000000000000000000000000000000000000
1,0x00092C0,1727719531,2024-09-30 18:05:31,10.2,0.0,2130.6,0.0,2120.4,0.0,0,0,0,0,0000000000000000000000000000000000000000
1,0x0009300,1727719532,2024-09-30 18:05:32,10.2,0.0,2130.6,0.0,2120.4,0.0,0,0,0,0,0000000000000000000000000000000000000000
1,0x0009340,1727719533,2024-09-30 18:05:33,10.2,0.0,2130.6,0.0,2120.4,0.0,0,0,0,0,0000000000000000000000000000000000000000
1,0x0009380,1727719533,2024-09-30 18:05:33,10.2,0.0,2130.6,0.0,2120.4,0.0,0,0,0,0,0000000000000000000000000000000000000000
1,0x00093C0,1727719534,2024-09-30 18:05:34,10.2,0.0,2130.6,0.0,2120.4,0.0,0,0,0,0,0000000000000000000000000000000000000000
1,0x0009400,1727719534,2024-09-30 18:05:34,10.2,10.2,2130.6,0.0,2120.4,0.0,0,0,0,0,0000000000000000000000000000000000000000
1,0x0009440,1727719535,2024-09-30 18:05:35,10.2,0.0,2130.6,0.0,2120.4,0.0,0,0,0,0,0000000000000000000000000000000000000000
1,0x0009480,1727719536,2024-09-30 18:05:36,10.2,0.0,2130.6,0.0,2120.4,0.0,0,0,0,0,0000000000000000000000000000000000000000
1,0x00094C0,1727719536,2024-09-30 18:05:36,10.2,0.0,2130.6,0.0,2120.4,0.0,0,0,0,0,0000000000000000000000000000000000000000
1,0x0009500,1727719537,2024-09-30 18:05:37,10.2,0.0,2130.6,0.0,2120.4,0.0,0,0,0,0,0000000000000000000000000000000000000000
1,0x0009540,1727719538,2024-09-30 18:05:38,10.2,0.0,2130.6,0.0,2120.4,0.0,0,0,0,0,0000000000000000000000000000000000000000
1,0x0009580,1727719538,2024-09-30 18:05:38,10.2,0.0,2130.6,0.0,2120.4,0.0,0,0,0,0,0000000000000000000000000000000000000000
1,0x00095C0,1727719539,2024-09-30 18:05:39,10.2,0.0,2130.6,0.0,2120.4,0.0,0,0,0,0,0000000000000000000000000000000000000000
1,0x0009600,1727719539,2024-09-30 18:05:39,10.2,10.2,2130.6,0.0,2120.4,0.0,0,0,0,0,0000000000000000000000000000000000000000
1,0x0009640,1727719540,2024-09-30 18:05:40,10.2,0.0,2130.6,0.0,2120.4,0.0,0,0,0,0,0000000000000000000000000000000000000000
1,0x0009680,1727719541,2024-09-30 18:05:41,10.2,0.0,2130.6,0.0,2120.4,0.0,0,0,0,0,0000000000000000000000000000000000000000
1,0x00096C0,1727719541,2024-09-30 18:05:41,10.2,0.0,2130.6,0.0,2120.4,0.0,0,0,0,0,0000000000000000000000000000000000000000
1,0x0009700,1727719542,2024-09-30 18:05:42,10.2,0.0,2130.6,0.0,2120.4,0.0,0,0,0,0,0000000000000000000000000000000000000000
1,0x0009740,1727719543,2024-09-30 18:05:43,10.2,0.0,2130.6,0.0,2120.4,0.0,0,0,0,0,0000000000000000000000000000000000000000
1,0x0009780,1727719543,2024-09-30 18:05:43,10.2,0.0,2130.6,0.0,2120.4,0.0,0,0,0,0,0000000000000000000000000000000000000000
1,0x00097C0,1727719544,2024-09-30 18:05:44,10.2,0.0,2130.6,0.0,2120.4,0.0,0,0,0,0,0000000000000000000000000000000000000000
1,0x0009800,1727719547,2024-09-30 18:05:47,10.2,0.0,2130.6,0.0,2120.4,0.0,0,0,0,0,0000000000000000000000000000000000000000
1,0x0009840,1727719548,2024-09-30 18:05:48,10.2,0.0,2130.6,0.0,2120.4,0.0,0,0,0,0,0000000000000000000000000000000000000000
1,0x0009880,1727719548,2024-09-30 18:05:48,10.2,0.0,2130.6,0.0,2120.4,0.0,0,0,0,0,0000000000000000000000000000000000000000
1,0x00098C0,1727719549,2024-09-30 18:05:49,10.2,0.0,2130.6,0.0,2120.4,0.0,0,0,0,0,0000000000000000000000000000000000000000
1,0x0009900,1727719552,2024-09-30 18:05:52,10.2,0.0,2130.6,0.0,2120.4,0.0,0,0,0,0,0000000000000000000000000000000000000000
1,0x0009940,1727719553,2024-09-30 18:05:53,10.2,0.0,2130.6,0.0,2120.4,0.0,0,0,0,0,0000000000000000000000000000000000000000
1,0x0009980,1727719553,2024-09-30 18:05:53,10.2,0.0,2130.6,0.0,2120.4,0.0,0,0,0,0,0000000000000000000000000000000000000000
1,0x00099C0,1727719554,2024-09-30 18:05:54,10.2,0.0,2130.6,0.0,2120.4,0.0,0,0,0,0,0000000000000000000000000000000000000000
1,0x0009A00,1727719557,2024-09-30 18:05:57,10.2,0.0,2130.6,0.0,2120.4,0.0,0,0,0,0,0000000000000000000000000000000000000000
1,0x0009A40,1727719558,2024-09-30 18:05:58,10.2,0.0,2130.6,0.0,2120.4,0.0,0,0,0,0,0000000000000000000000000000000000000000
1,0x0009A80,1727719558,2024-09-30 18:05:58,10.2,0.0,2130.6,0.0,2120.4,0.0,0,0,0,0,0000000000000000000000000000000000000000
1,0x0009AC0,1727719559,2024-09-30 18:05:59,10.2,0.0,2130.6,0.0,2120.4,0.0,0,0,0,0,0000000000000000000000000000000000000000
1,0x0009B00,1727719562,2024-09-30 18:06:02,10.2,0.0,2130.6,0.0,2120.4,0.0,0,0,0,0,0000000000000000000000000000000000000000
1,0x0009B40,1727719563,2024-09-30 18:06:03,10.2,0.0,2130.6,0.0,2120.4,0.0,0,0,0,0,0000000000000000000000000000000000000000
1,0x0009B80,1727719563,2024-09-30 18:06:03,10.2,0.0,2130.6,0.0,2120.4,0.0,0,0,0,0,0000000000000000000000000000000000000000
1,0x0009BC0,1727719564,2024-09-30 18:06:04,10.2,0.0,2130.6,0.0,2120.4,0.0,0,0,0,0,0000000000000000000000000000000000000000
1,0x0009C00,1727719566,2024-09-30 18:06:06,10.2,0.0,2130.6,0.0,2120.4,2120.4,0,0,0,0,0000000000000000000000000000000000000000
1,0x0009C40,1727719567,2024-09-30 18:06:07,10.2,0.0,2130.6,0.0,2120.4,0.0,0,0,0,0,0000000000000000000000000000000000000000
1,0x0009C80,1727719567,2024-09-30 18:06:07,10.2,0.0,2130.6,0.0,2120.4,0.0,0,0,0,0,0000000000000000000000000000000000000000
1,0x0009CC0,1727719568,2024-09-30 18:06:08,10.2,0.0,2130.6,0.0,2120.4,0.0,0,0,0,0,0000000000000000000000000000000000000000
1,0x0009D00,1727719569,2024-09-30 18:06:09,10.2,10.2,2130.6,0.0,2120.4,0.0,0,0,0,0,0000000000000000000000000000000000000000
1,0x0009D40,1727719570,2024-09-30 18:06:10,10.2,0.0,2130.6,0.0,2120.4,0.0,0,0,0,0,0000000000000000000000000000000000000000
1,0x0009D80,1727719571,2024-09-30 18:06:11,10.2,0.0,2130.6,0.0,2120.4,0.0,0,0,0,0,0000000000000000000000000000000000000000
1,0x0009DC0,1727719571,2024-09-30 18:06:11,10.2,0.0,2130.6,0.0,2120.4,2120.4,0,0,0,0,0000000000000000000000000000000000000000
1,0x0009E00,1727719572,2024-09-30 18:06:12,10.2,0.0,2130.6,0.0,2120.4,0.0,0,0,0,0,0000000000000000000000000000000000000000
1,0x0009E40,1727719572,2024-09-30 18:06:12,10.2,0.0,2130.6,0.0,2120.4,0.0,0,0,0,0,0000000000000000000000000000000000000000
1,0x0009E80,1727719573,2024-09-30 18:06:13,10.2,0.0,2130.6,0.0,2120.4,0.0,0,0,0,0,0000000000000000000000000000000000000000
1,0x0009EC0,1727719573,2024-09-30 18:06:13,10.2,0.0,2130.6,0.0,2120.4,0.0,0,0,0,0,0000000000000000000000000000000000000000
1,0x0009F00,1727719574,2024-09-30 18:06:14,10.2,10.2,2130.6,0.0,2120.4,0.0,0,0,0,0,0000000000000000000000000000000000000000
1,0x0009F40,1727719575,2024-09-30 18:06:15,10.2,0.0,2130.6,0.0,2120.4,0.0,0,0,0,0,0000000000000000000000000000000000000000
1,0x0009F80,1727719576,2024-09-30 18:06:16,10.2,0.0,2130.6,0.0,2120.4,0.0,0,0,0,0,0000000000000000000000000000000000000000
1,0x0009FC0,1727719576,2024-09-30 18:06:16,10.2,0.0,2130.6,0.0,2120.4,2120.4,0,0,0,0,0000000000000000000000000000000000000000
1,0x000A000,1727719577,2024-09-30 18:06:17,10.2,0.0,2130.6,0.0,2120.4,0.0,0,0,0,0,0000000000000000000000000000000000000000
1,0x000A040,1727719577,2024-09-30 18:06:17,10.2,0.0,2130.6,0.0,2120.4,0.0,0,0,0,0,0000000000000000000000000000000000000000
1,0x000A080,1727719578,2024-09-30 18:06:18,10.2,0.0,2130.6,0.0,2120.4,0.0,0,0,0,0,0000000000000000000000000000000000000000
1,0x000A0C0,1727719578,2024-09-30 18:06:18,10.2,0.0,2130.6,0.0,2120.4,0.0,0,0,0,0,0000000000000000000000000000000000000000
1,0x000A100,1727719579,2024-09-30 18:06:19,10.2,10.2,2130.6,0.0,2120.4,0.0,0,0,0,0,0000000000000000000000000000000000000000
1,0x000A140,1727719580,2024-09-30 18:06:20,10.2,0.0,2130.6,0.0,2120.4,0.0,0,0,0,0,0000000000000000000000000000000000000000
1,0x000A180,1727719581,2024-09-30 18:06:21,10.2,0.0,2130.6,0.0,2120.4,0.0,0,0,0,0,0000000000000000000000000000000000000000
1,0x000A1C0,1727719581,2024-09-30 18:06:21,10.2,0.0,2130.6,0.0,2120.4,2120.4,0,0,0,0,0000000000000000000000000000000000000000
1,0x000A200,1727719582,2024-09-30 18:06:22,10.2,0.0,2130.6,0.0,2120.4,0.0,0,0,0,0,0000000000000000000000000000000000000000
1,0x000A240,1727719582,2024-09-30 18:06:22,10.2,0.0,2130.6,0.0,2120.4,0.0,0,0,0,0,0000000000000000000000000000000000000000
1,0x000A280,1727719583,2024-09-30 18:06:23,10.2,0.0,2130.6,0.0,2120.4,0.0,0,0,0,0,0000000000000000000000000000000000000000
1,0x000A2C0,1727719583,2024-09-30 18:06:23,10.2,0.0,2130.6,0.0,2120.4,0.0,0,0,0,0,0000000000000000000000000000000000000000
1,0x000A300,1727719584,2024-09-30 18:06:24,10.2,10.2,2130.6,0.0,2120.4,0.0,0,0,0,0,0000000000000000000000000000000000000000
1,0x000A340,1727719585,2024-09-30 18:06:25,10.2,0.0,2130.6,0.0,2120.4,0.0,0,0,0,0,0000000000000000000000000000000000000000
1,0x000A380,1727719586,2024-09-30 18:06:26,10.2,0.0,2130.6,0.0,2120.4,0.0,0,0,0,0,0000000000000000000000000000000000000000
1,0x000A3C0,1727719586,2024-09-30 18:06:26,10.2,0.0,2130.6,0.0,2120.4,0.0,0,0,0,0,0000000000000000000000000000000000000000
1,0x000A400,1727719587,2024-09-30 18:06:27,10.2,0.0,2130.6,0.0,2120.4,0.0,0,0,0,0,0000000000000000000000000000000000000000
1,0x000A440,1727719588,2024-09-30 18:06:28,10.2,0.0,2130.6,0.0,2120.4,0.0,0,0,0,0,0000000000000000000000000000000000000000
1,0x000A480,1727719588,2024-09-30 18:06:28,10.2,0.0,2130.6,0.0,2120.4,0.0,0,0,0,0,0000000000000000000000000000000000000000
1,0x000A4C0,1727719589,2024-09-30 18:06:29,10.2,0.0,2130.6,0.0,2120.4,0.0,0,0,0,0,0000000000000000000000000000000000000000
1,0x000A500,1727719592,2024-09-30 18:06:32,10.2,0.0,2130.6,0.0,2120.4,0.0,0,0,0,0,0000000000000000000000000000000000000000
1,0x000A540,1727719593,2024-09-30 18:06:33,10.2,0.0,2130.6,0.0,2120.4,0.0,0,0,0,0,0000000000000000000000000000000000000000
1,0x000A580,1727719593,2024-09-30 18:06:33,10.2,0.0,2130.6,0.0,2120.4,0.0,0,0,0,0,0000000000000000000000000000000000000000
1,0x000A5C0,1727719594,2024-09-30 18:06:34,10.2,0.0,2130.6,0.0,2120.4,0.0,0,0,0,0,0000000000000000000000000000000000000000
1,0x000A600,1727719597,2024-09-30 18:06:37,10.2,0.0,2130.6,0.0,2120.4,0.0,0,0,0,0,0000000000000000000000000000000000000000
1,0x000A640,1727719598,2024-09-30 18:06:38,10.2,0.0,2130.6,0.0,2120.4,0.0,0,0,0,0,0000000000000000000000000000000000000000
1,0x000A680,1727719598,2024-09-30 18:06:38,10.2,0.0,2130.6,0.0,2120.4,0.0,0,0,0,0,0000000000000000000000000000000000000000
1,0x000A6C0,1727719599,2024-09-30 18:06:39,10.2,0.0,2130.6,0.0,2120.4,0.0,0,0,0,0,0000000000000000000000000000000000000000
1,0x000A700,1727719602,2024-09-30 18:06:42,10.2,0.0,2130.6,0.0,2120.4,0.0,0,0,0,0,0000000000000000000000000000000000000000
1,0x000A740,1727719603,2024-09-30 18:06:43,10.2,0.0,2130.6,0.0,2120.4,0.0,0,0,0,0,0000000000000000000000000000000000000000
1,0x000A780,1727719603,2024-09-30 18:06:43,10.2,0.0,2130.6,0.0,2120.4,0.0,0,0,0,0,0000000000000000000000000000000000000000
1,0x000A7C0,1727719604,2024-09-30 18:06:44,10.2,0.0,2130.6,0.0,2120.4,0.0,0,0,0,0,0000000000000000000000000000000000000000
1,0x000A800,1727719607,2024-09-30 18:06:47,10.2,0.0,2130.6,0.0,2120.4,0.0,0,0,0,0,0000000000000000000000000000000000000000
1,0x000A840,1727719608,2024-09-30 18:06:48,10.2,0.0,2130.6,0.0,2120.4,0.0,0,0,0,0,0000000000000000000000000000000000000000
1,0x000A880,1727719608,2024-09-30 18:06:48,10.2,0.0,2130.6,0.0,2120.4,0.0,0,0,0,0,0000000000000000000000000000000000000000
1,0x000A8C0,1727719609,2024-09-30 18:06:49,10.2,0.0,2130.6,0.0,2120.4,0.0,0,0,0,0,0000000000000000000000000000000000000000
1,0x000A900,1727719612,2024-09-30 18:06:52,10.2,0.0,2130.6,0.0,2120.4,0.0,0,0,0,0,0000000000000000000000000000000000000000
1,0x000A940,1727719613,2024-09-30 18:06:53,10.2,0.0,2130.6,0.0,2120.4,0.0,0,0,0,0,0000000000000000000000000000000000000000
1,0x000A980,1727719613,2024-09-30 18:06:53,10.2,0.0,2130.6,0.0,2120.4,0.0,0,0,0,0,0000000000000000000000000000000000000000
1,0x000A9C0,1727719614,2024-09-30 18:06:54,10.2,0.0,2130.6,0.0,2120.4,0.0,0,0,0,0,0000000000000000000000000000000000000000
1,0x000AA00,1727719617,2024-09-30 18:06:57,10.2,0.0,2130.6,0.0,2120.4,0.0,0,0,0,0,0000000000000000000000000000000000000000
1,0x000AA40,1727719618,2024-09-30 18:06:58,10.2,0.0,2130.6,0.0,2120.4,0.0,0,0,0,0,0000000000000000000000000000000000000000
1,0x000AA80,1727719618,2024-09-30 18:06:58,10.2,0.0,2130.6,0.0,2120.4,0.0,0,0,0,0,0000000000000000000000000000000000000000
1,0x000AAC0,1727719619,2024-09-30 18:06:59,10.2,0.0,2130.6,0.0,2120.4,0.0,0,0,0,0,0000000000000000000000000000000000000000
1,0x000AB00,1727719622,2024-09-30 18:07:02,10.2,0.0,2130.6,0.0,2120.4,0.0,0,0,0,0,0000000000000000000000000000000000000000
1,0x000AB40,1727719623,2024-09-30 18:07:03,10.2,0.0,2130.6,0.0,2120.4,0.0,0,0,0,0,0000000000000000000000000000000000000000
1,0x000AB80,1727719623,2024-09-30 18:07:03,10.2,0.0,2130.6,0.0,2120.4,0.0,0,0,0,0,0000000000000000000000000000000000000000
1,0x000ABC0,1727719624,2024-09-30 18:07:04,10.2,0.0,2130.6,0.0,2120.4,0.0,0,0,0,0,0000000000000000000000000000000000000000
1,0x000AC00,1727719627,2024-09-30 18:07:07,10.2,0.0,2130.6,0.0,2120.4,0.0,0,0,0,0,0000000000000000000000000000000000000000
1,0x000AC40,1727719628,2024-09-30 18:07:08,10.2,0.0,2130.6,0.0,2120.4,0.0,0,0,0,0,0000000000000000000000000000000000000000
1,0x000AC80,1727719628,2024-09-30 18:07:08,10.2,0.0,2130.6,0.0,2120.4,0.0,0,0,0,0,0000000000000000000000000000000000000000
1,0x000ACC0,1727719629,2024-09-30 18:07:09,10.2,0.0,2130.6,0.0,2120.4,0.0,0,0,0,0,0000000000000000000000000000000000000000
1,0x000AD00,1727719634,2024-09-30 18:07:14,10.2,10.2,2130.6,0.0,2120.4,0.0,0,0,0,0,0000000000000000000000000000000000000000
1,0x000AD40,1727719635,2024-09-30 18:07:15,10.2,0.0,2130.6,0.0,2120.4,0.0,0,0,0,0,0000000000000000000000000000000000000000
1,0x000AD80,1727719636,2024-09-30 18:07:16,10.2,0.0,2130.6,0.0,2120.4,0.0,0,0,0,0,0000000000000000000000000000000000000000
1,0x000ADC0,1727719636,2024-09-30 18:07:16,10.2,0.0,2130.6,0.0,2120.4,0.0,0,0,0,0,0000000000000000000000000000000000000000
1,0x000AE00,1727811167,2024-10-01 19:32:47,10.2,0.0,2130.6,0.0,2120.4,0.0,0,0,0,0,0000000000000000000000000000000000000000
1,0x000AE40,1727811168,2024-10-01 19:32:48,10.2,0.0,2130.6,0.0,2120.4,0.0,0,0,0,0,0000000000000000000000000000000000000000
1,0x000AE80,1727811169,2024-10-01 19:32:49,10.2,0.0,2130.6,0.0,2120.4,0.0,0,0,0,0,0000000000000000000000000000000000000000
1,0x000AEC0,1727811169,2024-10-01 19:32:49,10.2,0.0,2130.6,0.0,2120.4,0.0,0,0,0,0,0000000000000000000000000000000000000000
1,0x000AF00,1727811180,2024-10-01 19:33:00,10.2,0.0,2130.6,0.0,2120.4,2120.4,0,0,0,0,0000000000000000000000000000000000000000
1,0x000AF40,1727811180,2024-10-01 19:33:00,10.2,0.0,2130.6,0.0,2120.4,0.0,0,0,0,0,0000000000000000000000000000000000000000
1,0x000AF80,1727811181,2024-10-01 19:33:01,10.2,0.0,2130.6,0.0,2120.4,0.0,0,0,0,0,0000000000000000000000000000000000000000
1,0x000AFC0,1727811181,2024-10-01 19:33:01,10.2,0.0,2130.6,0.0,2120.4,0.0,0,0,0,0,0000000000000000000000000000000000000000
1,0x000B000,1727811182,2024-10-01 19:33:02,10.2,0.0,2130.6,0.0,2120.4,0.0,0,0,0,0,0000000000000000000000000000000000000000
1,0x000B040,1727811183,2024-10-01 19:33:03,10.2,0.0,2130.6,0.0,2120.4,0.0,0,0,0,0,0000000000000000000000000000000000000000
1,0x000B080,1727811183,2024-10-01 19:33:03,10.2,0.0,2130.6,0.0,2120.4,0.0,0,0,0,0,0000000000000000000000000000000000000000
1,0x000B0C0,1727811184,2024-10-01 19:33:04,10.2,0.0,2130.6,0.0,2120.4,0.0,0,0,0,0,0000000000000000000000000000000000000000
1,0x000B100,1727812191,2024-10-01 19:49:51,10.2,0.0,2130.6,0.0,2120.4,0.0,0,0,0,0,0000000000000000000000000000000000000000
1,0x000B140,1727812192,2024-10-01 19:49:52,10.2,0.0,2130.6,0.0,2120.4,0.0,0,0,0,0,0000000000000000000000000000000000000000
1,0x000B180,1727812193,2024-10-01 19:49:53,10.2,0.0,2130.6,0.0,2120.4,0.0,0,0,0,0,0000000000000000000000000000000000000000
1,0x000B1C0,1727812193,2024-10-01 19:49:53,10.2,0.0,2130.6,0.0,2120.4,0.0,0,0,0,0,0000000000000000000000000000000000000000
1,0x000B200,1727957401,2024-10-03 12:10:01,10.2,0.0,2130.6,0.0,2120.4,0.0,0,0,0,0,0000000000000000000000000000000000000000
1,0x000B240,1727957402,2024-10-03 12:10:02,10.2,0.0,2130.6,0.0,2120.4,0.0,0,0,0,0,0000000000000000000000000000000000000000
1,0x000B280,1727957402,2024-10-03 12:10:02,10.2,0.0,2130.6,0.0,2120.4,0.0,0,0,0,0,0000000000000000000000000000000000000000
1,0x000B2C0,1727957403,2024-10-03 12:10:03,10.2,0.0,2130.6,0.0,2120.4,0.0,0,0,0,0,0000000000000000000000000000000000000000
1,0x000B300,1727957458,2024-10-03 12:10:58,10.2,0.0,2130.6,0.0,2120.4,2120.4,0,0,0,0,0000000000000000000000000000000000000000
1,0x000B340,1727957459,2024-10-03 12:10:59,10.2,0.0,2130.6,0.0,2120.4,0.0,0,0,0,0,0000000000000000000000000000000000000000
1,0x000B380,1727957459,2024-10-03 12:10:59,10.2,0.0,2130.6,0.0,2120.4,0.0,0,0,0,0,0000000000000000000000000000000000000000
1,0x000B3C0,1727957460,2024-10-03 12:11:00,10.2,0.0,2130.6,0.0,2120.4,0.0,0,0,0,0,0000000000000000000000000000000000000000
1,0x000B400,1727957460,2024-10-03 12:11:00,10.2,0.0,2130.6,0.0,2120.4,0.0,0,0,0,0,0000000000000000000000000000000000000000
1,0x000B440,1727957461,2024-10-03 12:11:01,10.2,0.0,2130.6,0.0,2120.4,0.0,0,0,0,0,0000000000000000000000000000000000000000
1,0x000B480,1727957462,2024-10-03 12:11:02,10.2,0.0,2130.6,0.0,2120.4,0.0,0,0,0,0,0000000000000000000000000000000000000000
1,0x000B4C0,1727957462,2024-10-03 12:11:02,10.2,0.0,2130.6,0.0,2120.4,0.0,0,0,0,0,0000000000000000000000000000000000000000
1,0x000B500,1727957463,2024-10-03 12:11:03,10.2,0.0,2130.6,0.0,2120.4,2120.4,0,0,0,0,0000000000000000000000000000000000000000
1,0x000B540,1727957464,2024-10-03 12:11:04,10.2,0.0,2130.6,0.0,2120.4,0.0,0,0,0,0,0000000000000000000000000000000000000000
1,0x000B580,1727957464,2024-10-03 12:11:04,10.2,0.0,2130.6,0.0,2120.4,0.0,0,0,0,0,0000000000000000000000000000000000000000
1,0x000B5C0,1727957465,2024-10-03 12:11:05,10.2,0.0,2130.6,0.0,2120.4,0.0,0,0,0,0,0000000000000000000000000000000000000000
1,0x000B600,1727957468,2024-10-03 12:11:08,10.2,0.0,2130.6,0.0,2120.4,2120.4,0,0,0,0,0000000000000000000000000000000000000000
1,0x000B640,1727957469,2024-10-03 12:11:09,10.2,0.0,2130.6,0.0,2120.4,0.0,0,0,0,0,0000000000000000000000000000000000000000
1,0x000B680,1727957469,2024-10-03 12:11:09,10.2,0.0,2130.6,0.0,2120.4,0.0,0,0,0,0,0000000000000000000000000000000000000000
1,0x000B6C0,1727957470,2024-10-03 12:11:10,10.2,0.0,2130.6,0.0,2120.4,0.0,0,0,0,0,0000000000000000000000000000000000000000
1,0x000B700,1727957470,2024-10-03 12:11:10,10.2,0.0,2130.6,0.0,2120.4,0.0,0,0,0,0,0000000000000000000000000000000000000000
1,0x000B740,1727957471,2024-10-03 12:11:11,10.2,0.0,2130.6,0.0,2120.4,0.0,0,0,0,0,0000000000000000000000000000000000000000
1,0x000B780,1727957472,2024-10-03 12:11:12,10.2,0.0,2130.6,0.0,2120.4,0.0,0,0,0,0,0000000000000000000000000000000000000000
1,0x000B7C0,1727957472,2024-10-03 12:11:12,10.2,0.0,2130.6,0.0,2120.4,0.0,0,0,0,0,0000000000000000000000000000000000000000
1,0x000B800,1727957473,2024-10-03 12:11:13,10.2,0.0,2130.6,0.0,2120.4,2120.4,0,0,0,0,0000000000000000000000000000000000000000
1,0x000B840,1727957474,2024-10-03 12:11:14,10.2,0.0,2130.6,0.0,2120.4,0.0,0,0,0,0,0000000000000000000000000000000000000000
1,0x000B880,1727957474,2024-10-03 12:11:14,10.2,0.0,2130.6,0.0,2120.4,0.0,0,0,0,0,0000000000000000000000000000000000000000
1,0x000B8C0,1727957475,2024-10-03 12:11:15,10.2,0.0,2130.6,0.0,2120.4,0.0,0,0,0,0,0000000000000000000000000000000000000000
1,0x000B900,1727957475,2024-10-03 12:11:15,10.2,0.0,2130.6,0.0,2120.4,0.0,0,0,0,0,0000000000000000000000000000000000000000
1,0x000B940,1727957476,2024-10-03 12:11:16,10.2,0.0,2130.6,0.0,2120.4,0.0,0,0,0,0,0000000000000000000000000000000000000000
1,0x000B980,1727957477,2024-10-03 12:11:17,10.2,0.0,2130.6,0.0,2120.4,0.0,0,0,0,0,0000000000000000000000000000000000000000
1,0x000B9C0,1727957477,2024-10-03 12:11:17,10.2,0.0,2130.6,0.0,2120.4,0.0,0,0,0,0,0000000000000000000000000000000000000000
1,0x000BA00,1727957478,2024-10-03 12:11:18,10.2,0.0,2130.6,0.0,2120.4,2120.4,0,0,0,0,0000000000000000000000000000000000000000
1,0x000BA40,1727957479,2024-10-03 12:11:19,10.2,0.0,2130.6,0.0,2120.4,0.0,0,0,0,0,0000000000000000000000000000000000000000
1,0x000BA80,1727957479,2024-10-03 12:11:19,10.2,0.0,2130.6,0.0,2120.4,0.0,0,0,0,0,0000000000000000000000000000000000000000
1,0x000BAC0,1727957480,2024-10-03 12:11:20,10.2,0.0,2130.6,0.0,2120.4,0.0,0,0,0,0,0000000000000000000000000000000000000000
1,0x000BB00,1727957480,2024-10-03 12:11:20,10.2,0.0,2130.6,0.0,2120.4,0.0,0,0,0,0,0000000000000000000000000000000000000000
1,0x000BB40,1727957481,2024-10-03 12:11:21,10.2,0.0,2130.6,0.0,2120.4,0.0,0,0,0,0,0000000000000000000000000000000000000000
1,0x000BB80,1727957482,2024-10-03 12:11:22,10.2,0.0,2130.6,0.0,2120.4,0.0,0,0,0,0,0000000000000000000000000000000000000000
1,0x000BBC0,1727957482,2024-10-03 12:11:22,10.2,0.0,2130.6,0.0,2120.4,0.0,0,0,0,0,0000000000000000000000000000000000000000
1,0x000BC00,1727957483,2024-10-03 12:11:23,10.2,0.0,2130.6,0.0,2120.4,2120.4,0,0,0,0,0000000000000000000000000000000000000000
1,0x000BC40,1727957484,2024-10-03 12:11:24,10.2,0.0,2130.6,0.0,2120.4,0.0,0,0,0,0,0000000000000000000000000000000000000000
1,0x000BC80,1727957484,2024-10-03 12:11:24,10.2,0.0,2130.6,0.0,2120.4,0.0,0,0,0,0,0000000000000000000000000000000000000000
1,0x000BCC0,1727957485,2024-10-03 12:11:25,10.2,0.0,2130.6,0.0,2120.4,0.0,0,0,0,0,0000000000000000000000000000000000000000
1,0x000BD00,1727957485,2024-10-03 12:11:25,10.2,0.0,2130.6,0.0,2120.4,0.0,0,0,0,0,0000000000000000000000000000000000000000
1,0x000BD40,1727957486,2024-10-03 12:11:26,10.2,0.0,2130.6,0.0,2120.4,0.0,0,0,0,0,0000000000000000000000000000000000000000
1,0x000BD80,1727957487,2024-10-03 12:11:27,10.2,0.0,2130.6,0.0,2120.4,0.0,0,0,0,0,0000000000000000000000000000000000000000
1,0x000BDC0,1727957487,2024-10-03 12:11:27,10.2,0.0,2130.6,0.0,2120.4,0.0,0,0,0,0,0000000000000000000000000000000000000000
1,0x000BE00,1727957488,2024-10-03 12:11:28,10.2,0.0,2130.6,0.0,2120.4,2120.4,0,0,0,0,0000000000000000000000000000000000000000
1,0x000BE40,1727957489,2024-10-03 12:11:29,10.2,0.0,2130.6,0.0,2120.4,0.0,0,0,0,0,0000000000000000000000000000000000000000
1,0x000BE80,1727957489,2024-10-03 12:11:29,10.2,0.0,2130.6,0.0,2120.4,0.0,0,0,0,0,0000000000000000000000000000000000000000
1,0x000BEC0,1727957490,2024-10-03 12:11:30,10.2,0.0,2130.6,0.0,2120.4,0.0,0,0,0,0,0000000000000000000000000000000000000000
1,0x000BF00,1727957490,2024-10-03 12:11:30,10.2,0.0,2130.6,0.0,2120.4,0.0,0,0,0,0,0000000000000000000000000000000000000000
1,0x000BF40,1727957491,2024-10-03 12:11:31,10.2,0.0,2130.6,0.0,2120.4,0.0,0,0,0,0,0000000000000000000000000000000000000000
1,0x000BF80,1727957492,2024-10-03 12:11:32,10.2,0.0,2130.6,0.0,2120.4,0.0,0,0,0,0,0000000000000000000000000000000000000000
1,0x000BFC0,1727957492,2024-10-03 12:11:32,10.2,0.0,2130.6,0.0,2120.4,0.0,0,0,0,0,0000000000000000000000000000000000000000
1,0x000C000,1727957493,2024-10-03 12:11:33,10.2,0.0,2130.6,0.0,2120.4,2120.4,0,0,0,0,0000000000000000000000000000000000000000
1,0x000C040,1727957494,2024-10-03 12:11:34,10.2,0.0,2130.6,0.0,2120.4,0.0,0,0,0,0,0000000000000000000000000000000000000000
1,0x000C080,1727957494,2024-10-03 12:11:34,10.2,0.0,2130.6,0.0,2120.4,0.0,0,0,0,0,0000000000000000000000000000000000000000
1,0x000C0C0,1727957495,2024-10-03 12:11:35,10.2,0.0,2130.6,0.0,2120.4,0.0,0,0,0,0,0000000000000000000000000000000000000000
1,0x000C100,1727957495,2024-10-03 12:11:35,10.2,0.0,2130.6,0.0,2120.4,0.0,0,0,0,0,0000000000000000000000000000000000000000
1,0x000C140,1727957496,2024-10-03 12:11:36,10.2,0.0,2130.6,0.0,2120.4,0.0,0,0,0,0,0000000000000000000000000000000000000000
1,0x000C180,1727957497,2024-10-03 12:11:37,10.2,0.0,2130.6,0.0,2120.4,0.0,0,0,0,0,0000000000000000000000000000000000000000
1,0x000C1C0,1727957497,2024-10-03 12:11:37,10.2,0.0,2130.6,0.0,2120.4,0.0,0,0,0,0,0000000000000000000000000000000000000000
1,0x000C200,1728052173,2024-10-04 14:29:33,10.2,0.0,2130.6,0.0,2120.4,0.0,0,0,0,0,0000000000000000000000000000000000000000
1,0x000C240,1728052174,2024-10-04 14:29:34,10.2,0.0,2130.6,0.0,2120.4,0.0,0,0,0,0,0000000000000000000000000000000000000000
1,0x000C280,1728052174,2024-10-04 14:29:34,10.2,0.0,2130.6,0.0,2120.4,0.0,0,0,0,0,0000000000000000000000000000000000000000
1,0x000C2C0,1728052175,2024-10-04 14:29:35,10.2,0.0,2130.6,0.0,2120.4,0.0,0,0,0,0,0000000000000000000000000000000000000000
1,0x000C300,1763467114,2025-11-18 11:58:34,0.0,0.0,838832.7,0.0,838832.7,0.0,0,0,0,0,0000000000000000000000000000000000000000
1,0x000C340,1763467115,2025-11-18 11:58:35,0.0,0.0,838832.7,0.0,838832.7,0.0,0,0,0,0,0000000000000000000000000000000000000000
1,0x000C380,1763467116,2025-11-18 11:58:36,0.0,0.0,838832.7,0.0,838832.7,0.0,0,0,0,0,0000000000000000000000000000000000000000
1,0x000C3C0,1763467117,2025-11-18 11:58:37,0.0,0.0,838832.7,0.0,838832.7,0.0,0,0,0,0,0000000000000000000000000000000000000000
1,0x000C400,1763467138,2025-11-18 11:58:58,0.0,0.0,838832.7,0.0,838832.7,0.0,0,0,0,0,0000000000000000000000000000000000000000
1,0x000C440,1763467139,2025-11-18 11:58:59,0.0,0.0,838832.7,0.0,838832.7,0.0,0,0,0,0,0000000000000000000000000000000000000000
1,0x000C480,1763467140,2025-11-18 11:59:00,0.0,0.0,838832.7,0.0,838832.7,0.0,0,0,0,0,0000000000000000000000000000000000000000
1,0x000C4C0,1763467141,2025-11-18 11:59:01,0.0,0.0,838832.7,0.0,838832.7,0.0,0,0,0,0,0000000000000000000000000000000000000000
1,0x000C500,1763467145,2025-11-18 11:59:05,0.0,14.5,838832.7,0.0,838832.7,0.0,0,0,0,0,0000000000000000000000000000000000000000
1,0x000C540,1763467146,2025-11-18 11:59:06,0.9,1982.4,838833.6,0.0,838832.7,0.0,0,0,0,0,0000000000000000000000000000000000000000
1,0x000C580,1763467147,2025-11-18 11:59:07,1.5,3489.6,838834.2,0.0,838832.7,0.0,0,0,0,0,0000000000000000000000000000000000000000
1,0x000C5C0,1763467148,2025-11-18 11:59:08,2.3,3907.2,838835.0,0.0,838832.7,0.0,0,0,0,0,0000000000000000000000000000000000000000
1,0x000C600,1763467149,2025-11-18 11:59:09,3.4,2001.6,838836.1,0.0,838832.7,0.0,0,0,0,0,0000000000000000000000000000000000000000
1,0x000C640,1763467150,2025-11-18 11:59:10,4.0,3110.4,838836.7,0.0,838832.7,0.0,0,0,0,0,0000000000000000000000000000000000000000
1,0x000C680,1763467151,2025-11-18 11:59:11,4.4,1608.0,838837.1,0.0,838832.7,0.0,0,0,0,0,0000000000000000000000000000000000000000
1,0x000C6C0,1763467152,2025-11-18 11:59:12,4.9,1948.8,838837.6,0.0,838832.7,0.0,0,0,0,0,0000000000000000000000000000000000000000
1,0x000C700,1763467153,2025-11-18 11:59:13,5.0,0.0,838837.7,0.0,838832.7,0.0,0,0,0,0,0000000000000000000000000000000000000000
1,0x000C740,1763467154,2025-11-18 11:59:14,5.0,0.0,838837.7,0.0,838832.7,0.0,0,0,0,0,0000000000000000000000000000000000000000
1,0x000C780,1763467155,2025-11-18 11:59:15,5.0,0.0,838837.7,0.0,838832.7,0.0,0,0,0,0,0000000000000000000000000000000000000000
1,0x000C7C0,1763467156,2025-11-18 11:59:16,5.0,0.0,838837.7,0.0,838832.7,0.0,0,0,0,0,0000000000000000000000000000000000000000
1,0x000C800,1763467159,2025-11-18 11:59:19,5.0,0.0,838837.7,0.0,838832.7,0.0,0,0,0,0,0000000000000000000000000000000000000000
1,0x000C840,1763467160,2025-11-18 11:59:20,5.0,0.0,838837.7,0.0,838832.7,0.0,0,0,0,0,0000000000000000000000000000000000000000
1,0x000C880,1763467161,2025-11-18 11:59:21,5.0,0.0,838837.7,0.0,838832.7,0.0,0,0,0,0,0000000000000000000000000000000000000000
1,0x000C8C0,1763467168,2025-11-18 11:59:28,5.0,0.0,838837.7,0.0,838832.7,0.0,0,0,0,0,0000000000000000000000000000000000000000
1,0x000D000,1727447698,2024-09-27 14:34:58,10.1,0.0,1998.6,0.0,1988.5,1988.5,0,0,0,0,0000000000000000000000000000000000000000
1,0x000D040,1727447698,2024-09-27 14:34:58,10.1,0.0,1998.6,0.0,1988.5,0.0,0,0,0,0,0000000000000000000000000000000000000000
1,0x000D080,1727447699,2024-09-27 14:34:59,10.1,0.0,1998.6,0.0,1988.5,0.0,0,0,0,0,0000000000000000000000000000000000000000
1,0x000D0C0,1727447700,2024-09-27 14:35:00,10.1,0.0,1998.6,0.0,1988.5,0.0,0,0,0,0,0000000000000000000000000000000000000000
1,0x000D100,1727447700,2024-09-27 14:35:00,10.1,0.0,1998.6,0.0,1988.5,0.0,0,0,0,0,0000000000000000000000000000000000000000
1,0x000D140,1727447701,2024-09-27 14:35:01,10.1,0.0,1998.6,0.0,1988.5,0.0,0,0,0,0,0000000000000000000000000000000000000000
1,0x000D180,1727447701,2024-09-27 14:35:01,10.1,0.0,1998.6,0.0,1988.5,0.0,0,0,0,0,0000000000000000000000000000000000000000
1,0x000D1C0,1727447702,2024-09-27 14:35:02,10.1,0.0,1998.6,0.0,1988.5,0.0,0,0,0,0,0000000000000000000000000000000000000000
1,0x000D200,1727447703,2024-09-27 14:35:03,10.1,0.0,1998.6,0.0,1988.5,1988.5,0,0,0,0,0000000000000000000000000000000000000000
1,0x000D240,1727447703,2024-09-27 14:35:03,10.1,0.0,1998.6,0.0,1988.5,0.0,0,0,0,0,0000000000000000000000000000000000000000
1,0x000D280,1727447704,2024-09-27 14:35:04,10.1,0.0,1998.6,0.0,1988.5,0.0,0,0,0,0,0000000000000000000000000000000000000000
1,0x000D2C0,1727447705,2024-09-27 14:35:05,10.1,0.0,1998.6,0.0,1988.5,0.0,0,0,0,0,0000000000000000000000000000000000000000
1,0x000D300,1727447705,2024-09-27 14:35:05,10.1,0.0,1998.6,0.0,1988.5,0.0,0,0,0,0,0000000000000000000000000000000000000000
1,0x000D340,1727447706,2024-09-27 14:35:06,10.1,0.0,1998.6,0.0,1988.5,0.0,0,0,0,0,0000000000000000000000000000000000000000
1,0x000D380,1727447706,2024-09-27 14:35:06,10.1,0.0,1998.6,0.0,1988.5,0.0,0,0,0,0,0000000000000000000000000000000000000000
1,0x000D3C0,1727447707,2024-09-27 14:35:07,10.1,0.0,1998.6,0.0,1988.5,0.0,0,0,0,0,0000000000000000000000000000000000000000
1,0x000D400,1727447708,2024-09-27 14:35:08,10.1,0.0,1998.6,0.0,1988.5,1988.5,0,0,0,0,0000000000000000000000000000000000000000
1,0x000D440,1727447708,2024-09-27 14:35:08,10.1,0.0,1998.6,0.0,1988.5,0.0,0,0,0,0,0000000000000000000000000000000000000000
1,0x000D480,1727447709,2024-09-27 14:35:09,10.1,0.0,1998.6,0.0,1988.5,0.0,0,0,0,0,0000000000000000000000000000000000000000
1,0x000D4C0,1727447710,2024-09-27 14:35:10,10.1,0.0,1998.6,0.0,1988.5,0.0,0,0,0,0,0000000000000000000000000000000000000000
1,0x000D500,1727447710,2024-09-27 14:35:10,10.1,0.0,1998.6,0.0,1988.5,0.0,0,0,0,0,0000000000000000000000000000000000000000
1,0x000D540,1727447711,2024-09-27 14:35:11,10.1,0.0,1998.6,0.0,1988.5,0.0,0,0,0,0,0000000000000000000000000000000000000000
1,0x000D580,1727447711,2024-09-27 14:35:11,10.1,0.0,1998.6,0.0,1988.5,0.0,0,0,0,0,0000000000000000000000000000000000000000
1,0x000D5C0,1727447712,2024-09-27 14:35:12,10.1,0.0,1998.6,0.0,1988.5,0.0,0,0,0,0,0000000000000000000000000000000000000000
1,0x000D600,1727447713,2024-09-27 14:35:13,10.1,0.0,1998.6,0.0,1988.5,1988.5,0,0,0,0,0000000000000000000000000000000000000000
1,0x000D640,1727447713,2024-09-27 14:35:13,10.1,0.0,1998.6,0.0,1988.5,0.0,0,0,0,0,0000000000000000000000000000000000000000
1,0x000D680,1727447714,2024-09-27 14:35:14,10.1,0.0,1998.6,0.0,1988.5,0.0,0,0,0,0,0000000000000000000000000000000000000000
1,0x000D6C0,1727447715,2024-09-27 14:35:15,10.1,0.0,1998.6,0.0,1988.5,0.0,0,0,0,0,0000000000000000000000000000000000000000
1,0x000D700,1727447715,2024-09-27 14:35:15,10.1,0.0,1998.6,0.0,1988.5,0.0,0,0,0,0,0000000000000000000000000000000000000000
1,0x000D740,1727447716,2024-09-27 14:35:16,10.1,0.0,1998.6,0.0,1988.5,0.0,0,0,0,0,0000000000000000000000000000000000000000
1,0x000D780,1727447716,2024-09-27 14:35:16,10.1,0.0,1998.6,0.0,1988.5,0.0,0,0,0,0,0000000000000000000000000000000000000000
1,0x000D7C0,1727447717,2024-09-27 14:35:17,10.1,0.0,1998.6,0.0,1988.5,0.0,0,0,0,0,0000000000000000000000000000000000000000
1,0x000D800,1727447718,2024-09-27 14:35:18,10.1,0.0,1998.6,0.0,1988.5,1988.5,0,0,0,0,0000000000000000000000000000000000000000
1,0x000D840,1727447718,2024-09-27 14:35:18,10.1,0.0,1998.6,0.0,1988.5,0.0,0,0,0,0,0000000000000000000000000000000000000000
1,0x000D880,1727447719,2024-09-27 14:35:19,10.1,0.0,1998.6,0.0,1988.5,0.0,0,0,0,0,0000000000000000000000000000000000000000
1,0x000D8C0,1727447720,2024-09-27 14:35:20,10.1,0.0,1998.6,0.0,1988.5,0.0,0,0,0,0,0000000000000000000000000000000000000000
1,0x000D900,1727447720,2024-09-27 14:35:20,10.1,0.0,1998.6,0.0,1988.5,0.0,0,0,0,0,0000000000000000000000000000000000000000
1,0x000D940,1727447721,2024-09-27 14:35:21,10.1,0.0,1998.6,0.0,1988.5,0.0,0,0,0,0,0000000000000000000000000000000000000000
1,0x000D980,1727447721,2024-09-27 14:35:21,10.1,0.0,1998.6,0.0,1988.5,0.0,0,0,0,0,0000000000000000000000000000000000000000
1,0x000D9C0,1727447722,2024-09-27 14:35:22,10.1,0.0,1998.6,0.0,1988.5,0.0,0,0,0,0,0000000000000000000000000000000000000000
1,0x000DA00,1727447723,2024-09-27 14:35:23,10.1,0.0,1998.6,0.0,1988.5,1988.5,0,0,0,0,0000000000000000000000000000000000000000
1,0x000DA40,1727447723,2024-09-27 14:35:23,10.1,0.0,1998.6,0.0,1988.5,0.0,0,0,0,0,0000000000000000000000000000000000000000
1,0x000DA80,1727447724,2024-09-27 14:35:24,10.1,0.0,1998.6,0.0,1988.5,0.0,0,0,0,0,0000000000000000000000000000000000000000
1,0x000DAC0,1727447725,2024-09-27 14:35:25,10.1,0.0,1998.6,0.0,1988.5,0.0,0,0,0,0,0000000000000000000000000000000000000000
1,0x000DB00,1727447725,2024-09-27 14:35:25,10.1,0.0,1998.6,0.0,1988.5,0.0,0,0,0,0,0000000000000000000000000000000000000000
1,0x000DB40,1727447726,2024-09-27 14:35:26,10.1,0.0,1998.6,0.0,1988.5,0.0,0,0,0,0,0000000000000000000000000000000000000000
1,0x000DB80,1727447726,2024-09-27 14:35:26,10.1,0.0,1998.6,0.0,1988.5,0.0,0,0,0,0,0000000000000000000000000000000000000000
1,0x000DBC0,1727447727,2024-09-27 14:35:27,10.1,0.0,1998.6,0.0,1988.5,0.0,0,0,0,0,0000000000000000000000000000000000000000
1,0x000DC00,1727447728,2024-09-27 14:35:28,10.1,0.0,1998.6,0.0,1988.5,1988.5,0,0,0,0,0000000000000000000000000000000000000000
1,0x000DC40,1727447728,2024-09-27 14:35:28,10.1,0.0,1998.6,0.0,1988.5,0.0,0,0,0,0,0000000000000000000000000000000000000000
1,0x000DC80,1727447729,2024-09-27 14:35:29,10.1,0.0,1998.6,0.0,1988.5,0.0,0,0,0,0,0000000000000000000000000000000000000000
1,0x000DCC0,1727447730,2024-09-27 14:35:30,10.1,0.0,1998.6,0.0,1988.5,0.0,0,0,0,0,0000000000000000000000000000000000000000
1,0x000DD00,1727447730,2024-09-27 14:35:30,10.1,0.0,1998.6,0.0,1988.5,0.0,0,0,0,0,0000000000000000000000000000000000000000
1,0x000DD40,1727447731,2024-09-27 14:35:31,10.1,0.0,1998.6,0.0,1988.5,0.0,0,0,0,0,0000000000000000000000000000000000000000
1,0x000DD80,1727447731,2024-09-27 14:35:31,10.1,0.0,1998.6,0.0,1988.5,0.0,0,0,0,0,0000000000000000000000000000000000000000
1,0x000DDC0,1727447732,2024-09-27 14:35:32,10.1,0.0,1998.6,0.0,1988.5,0.0,0,0,0,0,0000000000000000000000000000000000000000
1,0x000DE00,1727447733,2024-09-27 14:35:33,10.1,0.0,1998.6,0.0,1988.5,1988.5,0,0,0,0,0000000000000000000000000000000000000000
1,0x000DE40,1727447733,2024-09-27 14:35:33,10.1,0.0,1998.6,0.0,1988.5,0.0,0,0,0,0,0000000000000000000000000000000000000000
1,0x000DE80,1727447734,2024-09-27 14:35:34,10.1,0.0,1998.6,0.0,1988.5,0.0,0,0,0,0,0000000000000000000000000000000000000000
1,0x000DEC0,1727447735,2024-09-27 14:35:35,10.1,0.0,1998.6,0.0,1988.5,0.0,0,0,0,0,0000000000000000000000000000000000000000
1,0x000DF00,1727447735,2024-09-27 14:35:35,10.1,0.0,1998.6,0.0,1988.5,0.0,0,0,0,0,0000000000000000000000000000000000000000
1,0x000DF40,1727447736,2024-09-27 14:35:36,10.1,0.0,1998.6,0.0,1988.5,0.0,0,0,0,0,0000000000000000000000000000000000000000
1,0x000DF80,1727447736,2024-09-27 14:35:36,10.1,0.0,1998.6,0.0,1988.5,0.0,0,0,0,0,0000000000000000000000000000000000000000
1,0x000DFC0,1727447737,2024-09-27 14:35:37,10.1,0.0,1998.6,0.0,1988.5,0.0,0,0,0,0,0000000000000000000000000000000000000000
1,0x000E000,1727447738,2024-09-27 14:35:38,10.1,0.0,1998.6,0.0,1988.5,1988.5,0,0,0,0,0000000000000000000000000000000000000000
1,0x000E040,1727447738,2024-09-27 14:35:38,10.1,0.0,1998.6,0.0,1988.5,0.0,0,0,0,0,0000000000000000000000000000000000000000
1,0x000E080,1727447739,2024-09-27 14:35:39,10.1,0.0,1998.6,0.0,1988.5,0.0,0,0,0,0,0000000000000000000000000000000000000000
1,0x000E0C0,1727447740,2024-09-27 14:35:40,10.1,0.0,1998.6,0.0,1988.5,0.0,0,0,0,0,0000000000000000000000000000000000000000
1,0x000E100,1727447740,2024-09-27 14:35:40,10.1,0.0,1998.6,0.0,1988.5,0.0,0,0,0,0,0000000000000000000000000000000000000000
1,0x000E140,1727447741,2024-09-27 14:35:41,10.1,0.0,1998.6,0.0,1988.5,0.0,0,0,0,0,0000000000000000000000000000000000000000
1,0x000E180,1727447741,2024-09-27 14:35:41,10.1,0.0,1998.6,0.0,1988.5,0.0,0,0,0,0,0000000000000000000000000000000000000000
1,0x000E1C0,1727447742,2024-09-27 14:35:42,10.1,0.0,1998.6,0.0,1988.5,0.0,0,0,0,0,0000000000000000000000000000000000000000
1,0x000E200,1727447743,2024-09-27 14:35:43,10.1,0.0,1998.6,0.0,1988.5,1988.5,0,0,0,0,0000000000000000000000000000000000000000
1,0x000E240,1727447743,2024-09-27 14:35:43,10.1,0.0,1998.6,0.0,1988.5,0.0,0,0,0,0,0000000000000000000000000000000000000000
1,0x000E280,1727447744,2024-09-27 14:35:44,10.1,0.0,1998.6,0.0,1988.5,0.0,0,0,0,0,0000000000000000000000000000000000000000
1,0x000E2C0,1727447745,2024-09-27 14:35:45,10.1,0.0,1998.6,0.0,1988.5,0.0,0,0,0,0,0000000000000000000000000000000000000000
1,0x000E300,1727447746,2024-09-27 14:35:46,10.1,10.1,1998.6,0.0,1988.5,0.0,0,0,0,0,0000000000000000000000000000000000000000
1,0x000E340,1727447747,2024-09-27 14:35:47,10.1,0.0,1998.6,0.0,1988.5,0.0,0,0,0,0,0000000000000000000000000000000000000000
1,0x000E380,1727447747,2024-09-27 14:35:47,10.1,0.0,1998.6,0.0,1988.5,0.0,0,0,0,0,0000000000000000000000000000000000000000
1,0x000E3C0,1727447748,2024-09-27 14:35:48,10.1,0.0,1998.6,0.0,1988.5,1988.5,0,0,0,0,0000000000000000000000000000000000000000
1,0x000E400,1727447748,2024-09-27 14:35:48,10.1,0.0,1998.6,0.0,1988.5,0.0,0,0,0,0,0000000000000000000000000000000000000000
1,0x000E440,1727447749,2024-09-27 14:35:49,10.1,0.0,1998.6,0.0,1988.5,0.0,0,0,0,0,0000000000000000000000000000000000000000
1,0x000E480,1727447750,2024-09-27 14:35:50,10.1,0.0,1998.6,0.0,1988.5,0.0,0,0,0,0,0000000000000000000000000000000000000000
1,0x000E4C0,1727447750,2024-09-27 14:35:50,10.1,0.0,1998.6,0.0,1988.5,0.0,0,0,0,0,0000000000000000000000000000000000000000
1,0x000E500,1727447751,2024-09-27 14:35:51,10.1,10.1,1998.6,0.0,1988.5,0.0,0,0,0,0,0000000000000000000000000000000000000000
1,0x000E540,1727447752,2024-09-27 14:35:52,10.1,0.0,1998.6,0.0,1988.5,0.0,0,0,0,0,0000000000000000000000000000000000000000
1,0x000E580,1727447752,2024-09-27 14:35:52,10.1,0.0,1998.6,0.0,1988.5,0.0,0,0,0,0,0000000000000000000000000000000000000000
1,0x000E5C0,1727447753,2024-09-27 14:35:53,10.1,0.0,1998.6,0.0,1988.5,1988.5,0,0,0,0,0000000000000000000000000000000000000000
1,0x000E600,1727447753,2024-09-27 14:35:53,10.1,0.0,1998.6,0.0,1988.5,0.0,0,0,0,0,0000000000000000000000000000000000000000
1,0x000E640,1727447754,2024-09-27 14:35:54,10.1,0.0,1998.6,0.0,1988.5,0.0,0,0,0,0,0000000000000000000000000000000000000000
1,0x000E680,1727447755,2024-09-27 14:35:55,10.1,0.0,1998.6,0.0,1988.5,0.0,0,0,0,0,0000000000000000000000000000000000000000
1,0x000E6C0,1727447755,2024-09-27 14:35:55,10.1,0.0,1998.6,0.0,1988.5,0.0,0,0,0,0,0000000000000000000000000000000000000000
1,0x000E700,1727447786,2024-09-27 14:36:26,10.1,10.1,1998.6,0.0,1988.5,0.0,0,0,0,0,0000000000000000000000000000000000000000
1,0x000E740,1727447787,2024-09-27 14:36:27,10.1,0.0,1998.6,0.0,1988.5,0.0,0,0,0,0,0000000000000000000000000000000000000000
1,0x000E780,1727447787,2024-09-27 14:36:27,10.1,0.0,1998.6,0.0,1988.5,0.0,0,0,0,0,0000000000000000000000000000000000000000
1,0x000E7C0,1727447788,2024-09-27 14:36:28,10.1,0.0,1998.6,0.0,1988.5,0.0,0,0,0,0,0000000000000000000000000000000000000000
1,0x000E800,1727447789,2024-09-27 14:36:29,10.1,0.0,1998.6,0.0,1988.5,0.0,0,0,0,0,0000000000000000000000000000000000000000
1,0x000E840,1727447789,2024-09-27 14:36:29,10.1,0.0,1998.6,0.0,1988.5,0.0,0,0,0,0,0000000000000000000000000000000000000000
1,0x000E880,1727447790,2024-09-27 14:36:30,10.1,0.0,1998.6,0.0,1988.5,0.0,0,0,0,0,0000000000000000000000000000000000000000
1,0x000E8C0,1727447791,2024-09-27 14:36:31,10.1,0.0,1998.6,0.0,1988.5,0.0,0,0,0,0,0000000000000000000000000000000000000000
1,0x000E900,1727447791,2024-09-27 14:36:31,10.1,10.1,1998.6,0.0,1988.5,0.0,0,0,0,0,0000000000000000000000000000000000000000
1,0x000E940,1727447792,2024-09-27 14:36:32,10.1,0.0,1998.6,0.0,1988.5,0.0,0,0,0,0,0000000000000000000000000000000000000000
1,0x000E980,1727447792,2024-09-27 14:36:32,10.1,0.0,1998.6,0.0,1988.5,0.0,0,0,0,0,0000000000000000000000000000000000000000
1,0x000E9C0,1727447793,2024-09-27 14:36:33,10.1,0.0,1998.6,0.0,1988.5,0.0,0,0,0,0,0000000000000000000000000000000000000000
1,0x000EA00,1727447794,2024-09-27 14:36:34,10.1,0.0,1998.6,0.0,1988.5,0.0,0,0,0,0,0000000000000000000000000000000000000000
1,0x000EA40,1727447794,2024-09-27 14:36:34,10.1,0.0,1998.6,0.0,1988.5,0.0,0,0,0,0,0000000000000000000000000000000000000000
1,0x000EA80,1727447795,2024-09-27 14:36:35,10.1,0.0,1998.6,0.0,1988.5,0.0,0,0,0,0,0000000000000000000000000000000000000000
1,0x000EAC0,1727447796,2024-09-27 14:36:36,10.1,0.0,1998.6,0.0,1988.5,0.0,0,0,0,0,0000000000000000000000000000000000000000
1,0x000EB00,1727447796,2024-09-27 14:36:36,10.1,10.1,1998.6,0.0,1988.5,0.0,0,0,0,0,0000000000000000000000000000000000000000
1,0x000EB40,1727447797,2024-09-27 14:36:37,10.1,0.0,1998.6,0.0,1988.5,0.0,0,0,0,0,0000000000000000000000000000000000000000
1,0x000EB80,1727447797,2024-09-27 14:36:37,10.1,0.0,1998.6,0.0,1988.5,0.0,0,0,0,0,0000000000000000000000000000000000000000
1,0x000EBC0,1727447798,2024-09-27 14:36:38,10.1,0.0,1998.6,0.0,1988.5,1988.5,0,0,0,0,0000000000000000000000000000000000000000
1,0x000EC00,1727447798,2024-09-27 14:36:38,10.1,0.0,1998.6,0.0,1988.5,0.0,0,0,0,0,0000000000000000000000000000000000000000
1,0x000EC40,1727447799,2024-09-27 14:36:39,10.1,0.0,1998.6,0.0,1988.5,0.0,0,0,0,0,0000000000000000000000000000000000000000
1,0x000EC80,1727447800,2024-09-27 14:36:40,10.1,0.0,1998.6,0.0,1988.5,0.0,0,0,0,0,0000000000000000000000000000000000000000
1,0x000ECC0,1727447800,2024-09-27 14:36:40,10.1,0.0,1998.6,0.0,1988.5,0.0,0,0,0,0,0000000000000000000000000000000000000000
1,0x000ED00,1727447801,2024-09-27 14:36:41,10.1,0.0,1998.6,0.0,1988.5,0.0,0,0,0,0,0000000000000000000000000000000000000000
1,0x000ED40,1727447801,2024-09-27 14:36:41,10.1,0.0,1998.6,0.0,1988.5,0.0,0,0,0,0,0000000000000000000000000000000000000000
1,0x000ED80,1727447802,2024-09-27 14:36:42,10.1,0.0,1998.6,0.0,1988.5,0.0,0,0,0,0,0000000000000000000000000000000000000000
1,0x000EDC0,1727447802,2024-09-27 14:36:42,10.1,0.0,1998.6,0.0,1988.5,0.0,0,0,0,0,0000000000000000000000000000000000000000
1,0x000EE00,1727447803,2024-09-27 14:36:43,10.1,0.0,1998.6,0.0,1988.5,1988.5,0,0,0,0,0000000000000000000000000000000000000000
1,0x000EE40,1727447803,2024-09-27 14:36:43,10.1,0.0,1998.6,0.0,1988.5,0.0,0,0,0,0,0000000000000000000000000000000000000000
1,0x000EE80,1727447804,2024-09-27 14:36:44,10.1,0.0,1998.6,0.0,1988.5,0.0,0,0,0,0,0000000000000000000000000000000000000000
1,0x000EEC0,1727447805,2024-09-27 14:36:45,10.1,0.0,1998.6,0.0,1988.5,0.0,0,0,0,0,0000000000000000000000000000000000000000
1,0x000EF00,1727447805,2024-09-27 14:36:45,10.1,0.0,1998.6,0.0,1988.5,0.0,0,0,0,0,0000000000000000000000000000000000000000
1,0x000EF40,1727447806,2024-09-27 14:36:46,10.1,0.0,1998.6,0.0,1988.5,0.0,0,0,0,0,0000000000000000000000000000000000000000
1,0x000EF80,1727447806,2024-09-27 14:36:46,10.1,0.0,1998.6,0.0,1988.5,0.0,0,0,0,0,0000000000000000000000000000000000000000
1,0x000EFC0,1727447807,2024-09-27 14:36:47,10.1,0.0,1998.6,0.0,1988.5,0.0,0,0,0,0,0000000000000000000000000000000000000000
1,0x000F000,1727447808,2024-09-27 14:36:48,10.1,0.0,1998.6,0.0,1988.5,1988.5,0,0,0,0,0000000000000000000000000000000000000000
1,0x000F040,1727447808,2024-09-27 14:36:48,10.1,0.0,1998.6,0.0,1988.5,0.0,0,0,0,0,0000000000000000000000000000000000000000
1,0x000F080,1727447809,2024-09-27 14:36:49,10.1,0.0,1998.6,0.0,1988.5,0.0,0,0,0,0,0000000000000000000000000000000000000000
1,0x000F0C0,1727447810,2024-09-27 14:36:50,10.1,0.0,1998.6,0.0,1988.5,0.0,0,0,0,0,0000000000000000000000000000000000000000
1,0x000F100,1727447810,2024-09-27 14:36:50,10.1,0.0,1998.6,0.0,1988.5,0.0,0,0,0,0,0000000000000000000000000000000000000000
1,0x000F140,1727447811,2024-09-27 14:36:51,10.1,0.0,1998.6,0.0,1988.5,0.0,0,0,0,0,0000000000000000000000000000000000000000
1,0x000F180,1727447811,2024-09-27 14:36:51,10.1,0.0,1998.6,0.0,1988.5,0.0,0,0,0,0,0000000000000000000000000000000000000000
1,0x000F1C0,1727447812,2024-09-27 14:36:52,10.1,0.0,1998.6,0.0,1988.5,0.0,0,0,0,0,0000000000000000000000000000000000000000
1,0x000F200,1727447813,2024-09-27 14:36:53,10.1,0.0,1998.6,0.0,1988.5,1988.5,0,0,0,0,0000000000000000000000000000000000000000
1,0x000F240,1727447813,2024-09-27 14:36:53,10.1,0.0,1998.6,0.0,1988.5,0.0,0,0,0,0,0000000000000000000000000000000000000000
1,0x000F280,1727447814,2024-09-27 14:36:54,10.1,0.0,1998.6,0.0,1988.5,0.0,0,0,0,0,0000000000000000000000000000000000000000
1,0x000F2C0,1727447815,2024-09-27 14:36:55,10.1,0.0,1998.6,0.0,1988.5,0.0,0,0,0,0,0000000000000000000000000000000000000000
1,0x000F300,1727447815,2024-09-27 14:36:55,10.1,0.0,1998.6,0.0,1988.5,0.0,0,0,0,0,0000000000000000000000000000000000000000
1,0x000F340,1727447816,2024-09-27 14:36:56,10.1,0.0,1998.6,0.0,1988.5,0.0,0,0,0,0,0000000000000000000000000000000000000000
1,0x000F380,1727447816,2024-09-27 14:36:56,10.1,0.0,1998.6,0.0,1988.5,0.0,0,0,0,0,0000000000000000000000000000000000000000
1,0x000F3C0,1727447817,2024-09-27 14:36:57,10.1,0.0,1998.6,0.0,1988.5,0.0,0,0,0,0,0000000000000000000000000000000000000000
1,0x000F400,1727447818,2024-09-27 14:36:58,10.1,0.0,1998.6,0.0,1988.5,1988.5,0,0,0,0,0000000000000000000000000000000000000000
1,0x000F440,1727447818,2024-09-27 14:36:58,10.1,0.0,1998.6,0.0,1988.5,0.0,0,0,0,0,0000000000000000000000000000000000000000
1,0x000F480,1727447819,2024-09-27 14:36:59,10.1,0.0,1998.6,0.0,1988.5,0.0,0,0,0,0,0000000000000000000000000000000000000000
1,0x000F4C0,1727447820,2024-09-27 14:37:00,10.1,0.0,1998.6,0.0,1988.5,0.0,0,0,0,0,0000000000000000000000000000000000000000
1,0x000F500,1727447820,2024-09-27 14:37:00,10.1,0.0,1998.6,0.0,1988.5,0.0,0,0,0,0,0000000000000000000000000000000000000000
1,0x000F540,1727447821,2024-09-27 14:37:01,10.1,0.0,1998.6,0.0,1988.5,0.0,0,0,0,0,0000000000000000000000000000000000000000
1,0x000F580,1727447821,2024-09-27 14:37:01,10.1,0.0,1998.6,0.0,1988.5,0.0,0,0,0,0,0000000000000000000000000000000000000000
1,0x000F5C0,1727447822,2024-09-27 14:37:02,10.1,0.0,1998.6,0.0,1988.5,0.0,0,0,0,0,0000000000000000000000000000000000000000
1,0x000F600,1727447823,2024-09-27 14:37:03,10.1,0.0,1998.6,0.0,1988.5,1988.5,0,0,0,0,0000000000000000000000000000000000000000
1,0x000F640,1727447823,2024-09-27 14:37:03,10.1,0.0,1998.6,0.0,1988.5,0.0,0,0,0,0,0000000000000000000000000000000000000000
1,0x000F680,1727447824,2024-09-27 14:37:04,10.1,0.0,1998.6,0.0,1988.5,0.0,0,0,0,0,0000000000000000000000000000000000000000
1,0x000F6C0,1727447825,2024-09-27 14:37:05,10.1,0.0,1998.6,0.0,1988.5,0.0,0,0,0,0,0000000000000000000000000000000000000000
1,0x000F700,1727447825,2024-09-27 14:37:05,10.1,0.0,1998.6,0.0,1988.5,0.0,0,0,0,0,0000000000000000000000000000000000000000
1,0x000F740,1727447826,2024-09-27 14:37:06,10.1,0.0,1998.6,0.0,1988.5,0.0,0,0,0,0,0000000000000000000000000000000000000000
1,0x000F780,1727447826,2024-09-27 14:37:06,10.1,0.0,1998.6,0.0,1988.5,0.0,0,0,0,0,0000000000000000000000000000000000000000
1,0x000F7C0,1727447827,2024-09-27 14:37:07,10.1,0.0,1998.6,0.0,1988.5,0.0,0,0,0,0,0000000000000000000000000000000000000000
1,0x000F800,1727447828,2024-09-27 14:37:08,10.1,0.0,1998.6,0.0,1988.5,1988.5,0,0,0,0,0000000000000000000000000000000000000000
1,0x000F840,1727447828,2024-09-27 14:37:08,10.1,0.0,1998.6,0.0,1988.5,0.0,0,0,0,0,0000000000000000000000000000000000000000
1,0x000F880,1727447829,2024-09-27 14:37:09,10.1,0.0,1998.6,0.0,1988.5,0.0,0,0,0,0,0000000000000000000000000000000000000000
1,0x000F8C0,1727447830,2024-09-27 14:37:10,10.1,0.0,1998.6,0.0,1988.5,0.0,0,0,0,0,0000000000000000000000000000000000000000
1,0x000F900,1727447830,2024-09-27 14:37:10,10.1,0.0,1998.6,0.0,1988.5,0.0,0,0,0,0,0000000000000000000000000000000000000000
1,0x000F940,1727447831,2024-09-27 14:37:11,10.1,0.0,1998.6,0.0,1988.5,0.0,0,0,0,0,0000000000000000000000000000000000000000
1,0x000F980,1727447831,2024-09-27 14:37:11,10.1,0.0,1998.6,0.0,1988.5,0.0,0,0,0,0,0000000000000000000000000000000000000000
1,0x000F9C0,1727447832,2024-09-27 14:37:12,10.1,0.0,1998.6,0.0,1988.5,0.0,0,0,0,0,0000000000000000000000000000000000000000
1,0x000FA00,1727447833,2024-09-27 14:37:13,10.1,0.0,1998.6,0.0,1988.5,1988.5,0,0,0,0,0000000000000000000000000000000000000000
1,0x000FA40,1727447833,2024-09-27 14:37:13,10.1,0.0,1998.6,0.0,1988.5,0.0,0,0,0,0,0000000000000000000000000000000000000000
1,0x000FA80,1727447834,2024-09-27 14:37:14,10.1,0.0,1998.6,0.0,1988.5,0.0,0,0,0,0,0000000000000000000000000000000000000000
1,0x000FAC0,1727447835,2024-09-27 14:37:15,10.1,0.0,1998.6,0.0,1988.5,0.0,0,0,0,0,0000000000000000000000000000000000000000
1,0x000FB00,1727447835,2024-09-27 14:37:15,10.1,0.0,1998.6,0.0,1988.5,0.0,0,0,0,0,0000000000000000000000000000000000000000
1,0x000FB40,1727447836,2024-09-27 14:37:16,10.1,0.0,1998.6,0.0,1988.5,0.0,0,0,0,0,0000000000000000000000000000000000000000
1,0x000FB80,1727447836,2024-09-27 14:37:16,10.1,0.0,1998.6,0.0,1988.5,0.0,0,0,0,0,0000000000000000000000000000000000000000
1,0x000FBC0,1727447837,2024-09-27 14:37:17,10.1,0.0,1998.6,0.0,1988.5,0.0,0,0,0,0,0000000000000000000000000000000000000000
1,0x000FC00,1727447838,2024-09-27 14:37:18,10.1,0.0,1998.6,0.0,1988.5,1988.5,0,0,0,0,0000000000000000000000000000000000000000
1,0x000FC40,1727447838,2024-09-27 14:37:18,10.1,0.0,1998.6,0.0,1988.5,0.0,0,0,0,0,0000000000000000000000000000000000000000
1,0x000FC80,1727447839,2024-09-27 14:37:19,10.1,0.0,1998.6,0.0,1988.5,0.0,0,0,0,0,0000000000000000000000000000000000000000
1,0x000FCC0,1727447840,2024-09-27 14:37:20,10.1,0.0,1998.6,0.0,1988.5,0.0,0,0,0,0,0000000000000000000000000000000000000000
1,0x000FD00,1727447840,2024-09-27 14:37:20,10.1,0.0,1998.6,0.0,1988.5,0.0,0,0,0,0,0000000000000000000000000000000000000000
1,0x000FD40,1727447841,2024-09-27 14:37:21,10.1,0.0,1998.6,0.0,1988.5,0.0,0,0,0,0,0000000000000000000000000000000000000000
1,0x000FD80,1727447841,2024-09-27 14:37:21,10.1,0.0,1998.6,0.0,1988.5,0.0,0,0,0,0,0000000000000000000000000000000000000000
1,0x000FDC0,1727447842,2024-09-27 14:37:22,10.1,0.0,1998.6,0.0,1988.5,0.0,0,0,0,0,0000000000000000000000000000000000000000
1,0x000FE00,1727447843,2024-09-27 14:37:23,10.1,0.0,1998.6,0.0,1988.5,1988.5,0,0,0,0,0000000000000000000000000000000000000000
1,0x000FE40,1727447843,2024-09-27 14:37:23,10.1,0.0,1998.6,0.0,1988.5,0.0,0,0,0,0,0000000000000000000000000000000000000000
1,0x000FE80,1727447844,2024-09-27 14:37:24,10.1,0.0,1998.6,0.0,1988.5,0.0,0,0,0,0,0000000000000000000000000000000000000000
1,0x000FEC0,1727447845,2024-09-27 14:37:25,10.1,0.0,1998.6,0.0,1988.5,0.0,0,0,0,0,0000000000000000000000000000000000000000
1,0x000FF00,1727447845,2024-09-27 14:37:25,10.1,0.0,1998.6,0.0,1988.5,0.0,0,0,0,0,0000000000000000000000000000000000000000
1,0x000FF40,1727447846,2024-09-27 14:37:26,10.1,0.0,1998.6,0.0,1988.5,0.0,0,0,0,0,0000000000000000000000000000000000000000
1,0x000FF80,1727447846,2024-09-27 14:37:26,10.1,0.0,1998.6,0.0,1988.5,0.0,0,0,0,0,0000000000000000000000000000000000000000
1,0x000FFC0,1727447847,2024-09-27 14:37:27,10.1,0.0,1998.6,0.0,1988.5,0.0,0,0,0,0,0000000000000000000000000000000000000000
1,0x0010000,1727447848,2024-09-27 14:37:28,10.1,0.0,1998.6,0.0,1988.5,1988.5,0,0,0,0,0000000000000000000000000000000000000000
1,0x0010040,1727447848,2024-09-27 14:37:28,10.1,0.0,1998.6,0.0,1988.5,0.0,0,0,0,0,0000000000000000000000000000000000000000
1,0x0010080,1727447849,2024-09-27 14:37:29,10.1,0.0,1998.6,0.0,1988.5,0.0,0,0,0,0,0000000000000000000000000000000000000000
1,0x00100C0,1727447850,2024-09-27 14:37:30,10.1,0.0,1998.6,0.0,1988.5,0.0,0,0,0,0,0000000000000000000000000000000000000000
1,0x0010100,1727447850,2024-09-27 14:37:30,10.1,0.0,1998.6,0.0,1988.5,0.0,0,0,0,0,0000000000000000000000000000000000000000
1,0x0010140,1727447851,2024-09-27 14:37:31,10.1,0.0,1998.6,0.0,1988.5,0.0,0,0,0,0,0000000000000000000000000000000000000000
1,0x0010180,1727447851,2024-09-27 14:37:31,10.1,0.0,1998.6,0.0,1988.5,0.0,0,0,0,0,0000000000000000000000000000000000000000
1,0x00101C0,1727447852,2024-09-27 14:37:32,10.1,0.0,1998.6,0.0,1988.5,0.0,0,0,0,0,0000000000000000000000000000000000000000
1,0x0010200,1727447853,2024-09-27 14:37:33,10.1,0.0,1998.6,0.0,1988.5,1988.5,0,0,0,0,0000000000000000000000000000000000000000
1,0x0010240,1727447853,2024-09-27 14:37:33,10.1,0.0,1998.6,0.0,1988.5,0.0,0,0,0,0,0000000000000000000000000000000000000000
1,0x0010280,1727447854,2024-09-27 14:37:34,10.1,0.0,1998.6,0.0,1988.5,0.0,0,0,0,0,0000000000000000000000000000000000000000
1,0x00102C0,1727447855,2024-09-27 14:37:35,10.1,0.0,1998.6,0.0,1988.5,0.0,0,0,0,0,0000000000000000000000000000000000000000
1,0x0010300,1727447855,2024-09-27 14:37:35,10.1,0.0,1998.6,0.0,1988.5,0.0,0,0,0,0,0000000000000000000000000000000000000000
1,0x0010340,1727447856,2024-09-27 14:37:36,10.1,0.0,1998.6,0.0,1988.5,0.0,0,0,0,0,0000000000000000000000000000000000000000
1,0x0010380,1727447856,2024-09-27 14:37:36,10.1,0.0,1998.6,0.0,1988.5,0.0,0,0,0,0,0000000000000000000000000000000000000000
1,0x00103C0,1727447857,2024-09-27 14:37:37,10.1,0.0,1998.6,0.0,1988.5,0.0,0,0,0,0,0000000000000000000000000000000000000000
1,0x0010400,1727447858,2024-09-27 14:37:38,10.1,0.0,1998.6,0.0,1988.5,1988.5,0,0,0,0,0000000000000000000000000000000000000000
1,0x0010440,1727447858,2024-09-27 14:37:38,10.1,0.0,1998.6,0.0,1988.5,0.0,0,0,0,0,0000000000000000000000000000000000000000
1,0x0010480,1727447859,2024-09-27 14:37:39,10.1,0.0,1998.6,0.0,1988.5,0.0,0,0,0,0,0000000000000000000000000000000000000000
1,0x00104C0,1727447860,2024-09-27 14:37:40,10.1,0.0,1998.6,0.0,1988.5,0.0,0,0,0,0,0000000000000000000000000000000000000000
1,0x0010500,1727447860,2024-09-27 14:37:40,10.1,0.0,1998.6,0.0,1988.5,0.0,0,0,0,0,0000000000000000000000000000000000000000
1,0x0010540,1727447861,2024-09-27 14:37:41,10.1,0.0,1998.6,0.0,1988.5,0.0,0,0,0,0,0000000000000000000000000000000000000000
1,0x0010580,1727447861,2024-09-27 14:37:41,10.1,0.0,1998.6,0.0,1988.5,0.0,0,0,0,0,0000000000000000000000000000000000000000
1,0x00105C0,1727447862,2024-09-27 14:37:42,10.1,0.0,1998.6,0.0,1988.5,0.0,0,0,0,0,0000000000000000000000000000000000000000
1,0x0010600,1727447863,2024-09-27 14:37:43,10.1,0.0,1998.6,0.0,1988.5,1988.5,0,0,0,0,0000000000000000000000000000000000000000
1,0x0010640,1727447863,2024-09-27 14:37:43,10.1,0.0,1998.6,0.0,1988.5,0.0,0,0,0,0,0000000000000000000000000000000000000000
1,0x0010680,1727447864,2024-09-27 14:37:44,10.1,0.0,1998.6,0.0,1988.5,0.0,0,0,0,0,0000000000000000000000000000000000000000
1,0x00106C0,1727447865,2024-09-27 14:37:45,10.1,0.0,1998.6,0.0,1988.5,0.0,0,0,0,0,0000000000000000000000000000000000000000
1,0x0010700,1727447865,2024-09-27 14:37:45,10.1,0.0,1998.6,0.0,1988.5,0.0,0,0,0,0,0000000000000000000000000000000000000000
1,0x0010740,1727447866,2024-09-27 14:37:46,10.1,0.0,1998.6,0.0,1988.5,0.0,0,0,0,0,0000000000000000000000000000000000000000
1,0x0010780,1727447866,2024-09-27 14:37:46,10.1,0.0,1998.6,0.0,1988.5,0.0,0,0,0,0,0000000000000000000000000000000000000000
1,0x00107C0,1727447867,2024-09-27 14:37:47,10.1,0.0,1998.6,0.0,1988.5,0.0,0,0,0,0,0000000000000000000000000000000000000000
1,0x0010800,1727447868,2024-09-27 14:37:48,10.1,0.0,1998.6,0.0,1988.5,1988.5,0,0,0,0,0000000000000000000000000000000000000000
1,0x0010840,1727447868,2024-09-27 14:37:48,10.1,0.0,1998.6,0.0,1988.5,0.0,0,0,0,0,0000000000000000000000000000000000000000
1,0x0010880,1727447869,2024-09-27 14:37:49,10.1,0.0,1998.6,0.0,1988.5,0.0,0,0,0,0,0000000000000000000000000000000000000000
1,0x00108C0,1727447870,2024-09-27 14:37:50,10.1,0.0,1998.6,0.0,1988.5,0.0,0,0,0,0,0000000000000000000000000000000000000000
1,0x0010900,1727447870,2024-09-27 14:37:50,10.1,0.0,1998.6,0.0,1988.5,0.0,0,0,0,0,0000000000000000000000000000000000000000
1,0x0010940,1727447871,2024-09-27 14:37:51,10.1,0.0,1998.6,0.0,1988.5,0.0,0,0,0,0,0000000000000000000000000000000000000000
1,0x0010980,1727447871,2024-09-27 14:37:51,10.1,0.0,1998.6,0.0,1988.5,0.0,0,0,0,0,0000000000000000000000000000000000000000
1,0x00109C0,1727447872,2024-09-27 14:37:52,10.1,0.0,1998.6,0.0,1988.5,0.0,0,0,0,0,0000000000000000000000000000000000000000
1,0x0010A00,1727447873,2024-09-27 14:37:53,10.1,0.0,1998.6,0.0,1988.5,1988.5,0,0,0,0,0000000000000000000000000000000000000000
1,0x0010A40,1727447873,2024-09-27 14:37:53,10.1,0.0,1998.6,0.0,1988.5,0.0,0,0,0,0,0000000000000000000000000000000000000000
1,0x0010A80,1727447874,2024-09-27 14:37:54,10.1,0.0,1998.6,0.0,1988.5,0.0,0,0,0,0,0000000000000000000000000000000000000000
1,0x0010AC0,1727447875,2024-09-27 14:37:55,10.1,0.0,1998.6,0.0,1988.5,0.0,0,0,0,0,0000000000000000000000000000000000000000
1,0x0010B00,1727447876,2024-09-27 14:37:56,10.1,10.1,1998.6,0.0,1988.5,0.0,0,0,0,0,0000000000000000000000000000000000000000
1,0x0010B40,1727447877,2024-09-27 14:37:57,10.1,0.0,1998.6,0.0,1988.5,0.0,0,0,0,0,0000000000000000000000000000000000000000
1,0x0010B80,1727447877,2024-09-27 14:37:57,10.1,0.0,1998.6,0.0,1988.5,0.0,0,0,0,0,0000000000000000000000000000000000000000
1,0x0010BC0,1727447878,2024-09-27 14:37:58,10.1,0.0,1998.6,0.0,1988.5,1988.5,0,0,0,0,0000000000000000000000000000000000000000
1,0x0010C00,1727447878,2024-09-27 14:37:58,10.1,0.0,1998.6,0.0,1988.5,0.0,0,0,0,0,0000000000000000000000000000000000000000
1,0x0010C40,1727447879,2024-09-27 14:37:59,10.1,0.0,1998.6,0.0,1988.5,0.0,0,0,0,0,0000000000000000000000000000000000000000
1,0x0010C80,1727447880,2024-09-27 14:38:00,10.1,0.0,1998.6,0.0,1988.5,0.0,0,0,0,0,0000000000000000000000000000000000000000
1,0x0010CC0,1727447880,2024-09-27 14:38:00,10.1,0.0,1998.6,0.0,1988.5,0.0,0,0,0,0,0000000000000000000000000000000000000000
1,0x0010D00,1727447881,2024-09-27 14:38:01,10.1,10.1,1998.6,0.0,1988.5,0.0,0,0,0,0,0000000000000000000000000000000000000000
1,0x0010D40,1727447882,2024-09-27 14:38:02,10.1,0.0,1998.6,0.0,1988.5,0.0,0,0,0,0,0000000000000000000000000000000000000000
1,0x0010D80,1727447882,2024-09-27 14:38:02,10.1,0.0,1998.6,0.0,1988.5,0.0,0,0,0,0,0000000000000000000000000000000000000000
1,0x0010DC0,1727447883,2024-09-27 14:38:03,10.1,0.0,1998.6,0.0,1988.5,1988.5,0,0,0,0,0000000000000000000000000000000000000000
1,0x0010E00,1727447883,2024-09-27 14:38:03,10.1,0.0,1998.6,0.0,1988.5,0.0,0,0,0,0,0000000000000000000000000000000000000000
1,0x0010E40,1727447884,2024-09-27 14:38:04,10.1,0.0,1998.6,0.0,1988.5,0.0,0,0,0,0,0000000000000000000000000000000000000000
1,0x0010E80,1727447885,2024-09-27 14:38:05,10.1,0.0,1998.6,0.0,1988.5,0.0,0,0,0,0,0000000000000000000000000000000000000000
1,0x0010EC0,1727447885,2024-09-27 14:38:05,10.1,0.0,1998.6,0.0,1988.5,0.0,0,0,0,0,0000000000000000000000000000000000000000
1,0x0010F00,1727447886,2024-09-27 14:38:06,10.1,10.1,1998.6,0.0,1988.5,0.0,0,0,0,0,0000000000000000000000000000000000000000
1,0x0010F40,1727447887,2024-09-27 14:38:07,10.1,0.0,1998.6,0.0,1988.5,0.0,0,0,0,0,0000000000000000000000000000000000000000
1,0x0010F80,1727447887,2024-09-27 14:38:07,10.1,0.0,1998.6,0.0,1988.5,0.0,0,0,0,0,0000000000000000000000000000000000000000
1,0x0010FC0,1727447888,2024-09-27 14:38:08,10.1,0.0,1998.6,0.0,1988.5,1988.5,0,0,0,0,0000000000000000000000000000000000000000
1,0x0011000,1727447888,2024-09-27 14:38:08,10.1,0.0,1998.6,0.0,1988.5,0.0,0,0,0,0,0000000000000000000000000000000000000000
1,0x0011040,1727447889,2024-09-27 14:38:09,10.1,0.0,1998.6,0.0,1988.5,0.0,0,0,0,0,0000000000000000000000000000000000000000
1,0x0011080,1727447890,2024-09-27 14:38:10,10.1,0.0,1998.6,0.0,1988.5,0.0,0,0,0,0,0000000000000000000000000000000000000000
1,0x00110C0,1727447890,2024-09-27 14:38:10,10.1,0.0,1998.6,0.0,1988.5,0.0,0,0,0,0,0000000000000000000000000000000000000000
1,0x0011100,1727447921,2024-09-27 14:38:41,10.1,10.1,1998.6,0.0,1988.5,0.0,0,0,0,0,0000000000000000000000000000000000000000
1,0x0011140,1727447922,2024-09-27 14:38:42,10.1,0.0,1998.6,0.0,1988.5,0.0,0,0,0,0,0000000000000000000000000000000000000000
1,0x0011180,1727447922,2024-09-27 14:38:42,10.1,0.0,1998.6,0.0,1988.5,0.0,0,0,0,0,0000000000000000000000000000000000000000
1,0x00111C0,1727447923,2024-09-27 14:38:43,10.1,0.0,1998.6,0.0,1988.5,0.0,0,0,0,0,0000000000000000000000000000000000000000
1,0x0011200,1727447926,2024-09-27 14:38:46,10.1,10.1,1998.6,0.0,1988.5,0.0,0,0,0,0,0000000000000000000000000000000000000000
1,0x0011240,1727447927,2024-09-27 14:38:47,10.1,0.0,1998.6,0.0,1988.5,0.0,0,0,0,0,0000000000000000000000000000000000000000
1,0x0011280,1727447927,2024-09-27 14:38:47,10.1,0.0,1998.6,0.0,1988.5,0.0,0,0,0,0,0000000000000000000000000000000000000000
1,0x00112C0,1727447928,2024-09-27 14:38:48,10.1,0.0,1998.6,0.0,1988.5,0.0,0,0,0,0,0000000000000000000000000000000000000000
1,0x0011300,1727447929,2024-09-27 14:38:49,10.1,0.0,1998.6,0.0,1988.5,0.0,0,0,0,0,0000000000000000000000000000000000000000
1,0x0011340,1727447930,2024-09-27 14:38:50,10.1,0.0,1998.6,0.0,1988.5,0.0,0,0,0,0,0000000000000000000000000000000000000000
1,0x0011380,1727447930,2024-09-27 14:38:50,10.1,0.0,1998.6,0.0,1988.5,0.0,0,0,0,0,0000000000000000000000000000000000000000
1,0x00113C0,1727447931,2024-09-27 14:38:51,10.1,0.0,1998.6,0.0,1988.5,0.0,0,0,0,0,0000000000000000000000000000000000000000
1,0x0011400,1727447931,2024-09-27 14:38:51,10.1,10.1,1998.6,0.0,1988.5,0.0,0,0,0,0,0000000000000000000000000000000000000000
1,0x0011440,1727447932,2024-09-27 14:38:52,10.1,0.0,1998.6,0.0,1988.5,0.0,0,0,0,0,0000000000000000000000000000000000000000
1,0x0011480,1727447932,2024-09-27 14:38:52,10.1,0.0,1998.6,0.0,1988.5,0.0,0,0,0,0,0000000000000000000000000000000000000000
1,0x00114C0,1727447933,2024-09-27 14:38:53,10.1,0.0,1998.6,0.0,1988.5,0.0,0,0,0,0,0000000000000000000000000000000000000000
1,0x0011500,1727447934,2024-09-27 14:38:54,10.1,0.0,1998.6,0.0,1988.5,0.0,0,0,0,0,0000000000000000000000000000000000000000
1,0x0011540,1727447935,2024-09-27 14:38:55,10.1,0.0,1998.6,0.0,1988.5,0.0,0,0,0,0,0000000000000000000000000000000000000000
1,0x0011580,1727447935,2024-09-27 14:38:55,10.1,0.0,1998.6,0.0,1988.5,0.0,0,0,0,0,0000000000000000000000000000000000000000
1,0x00115C0,1727447936,2024-09-27 14:38:56,10.1,0.0,1998.6,0.0,1988.5,0.0,0,0,0,0,0000000000000000000000000000000000000000
1,0x0011600,1727447936,2024-09-27 14:38:56,10.1,10.1,1998.6,0.0,1988.5,0.0,0,0,0,0,0000000000000000000000000000000000000000
1,0x0011640,1727447937,2024-09-27 14:38:57,10.1,0.0,1998.6,0.0,1988.5,0.0,0,0,0,0,0000000000000000000000000000000000000000
1,0x0011680,1727447937,2024-09-27 14:38:57,10.1,0.0,1998.6,0.0,1988.5,0.0,0,0,0,0,0000000000000000000000000000000000000000
1,0x00116C0,1727447938,2024-09-27 14:38:58,10.1,0.0,1998.6,0.0,1988.5,1988.5,0,0,0,0,0000000000000000000000000000000000000000
1,0x0011700,1727447938,2024-09-27 14:38:58,10.1,0.0,1998.6,0.0,1988.5,0.0,0,0,0,0,0000000000000000000000000000000000000000
1,0x0011740,1727447939,2024-09-27 14:38:59,10.1,0.0,1998.6,0.0,1988.5,0.0,0,0,0,0,0000000000000000000000000000000000000000
1,0x0011780,1727447940,2024-09-27 14:39:00,10.1,0.0,1998.6,0.0,1988.5,0.0,0,0,0,0,0000000000000000000000000000000000000000
1,0x00117C0,1727447940,2024-09-27 14:39:00,10.1,0.0,1998.6,0.0,1988.5,0.0,0,0,0,0,0000000000000000000000000000000000000000
1,0x0011800,1727447941,2024-09-27 14:39:01,10.1,0.0,1998.6,0.0,1988.5,0.0,0,0,0,0,0000000000000000000000000000000000000000
1,0x0011840,1727447941,2024-09-27 14:39:01,10.1,0.0,1998.6,0.0,1988.5,0.0,0,0,0,0,0000000000000000000000000000000000000000
1,0x0011880,1727447942,2024-09-27 14:39:02,10.1,0.0,1998.6,0.0,1988.5,0.0,0,0,0,0,0000000000000000000000000000000000000000
1,0x00118C0,1727447942,2024-09-27 14:39:02,10.1,0.0,1998.6,0.0,1988.5,0.0,0,0,0,0,0000000000000000000000000000000000000000
1,0x0011900,1727447943,2024-09-27 14:39:03,10.1,0.0,1998.6,0.0,1988.5,1988.5,0,0,0,0,0000000000000000000000000000000000000000
1,0x0011940,1727447943,2024-09-27 14:39:03,10.1,0.0,1998.6,0.0,1988.5,0.0,0,0,0,0,0000000000000000000000000000000000000000
1,0x0011980,1727447944,2024-09-27 14:39:04,10.1,0.0,1998.6,0.0,1988.5,0.0,0,0,0,0,0000000000000000000000000000000000000000
1,0x00119C0,1727447945,2024-09-27 14:39:05,10.1,0.0,1998.6,0.0,1988.5,0.0,0,0,0,0,0000000000000000000000000000000000000000
1,0x0011A00,1727447945,2024-09-27 14:39:05,10.1,0.0,1998.6,0.0,1988.5,0.0,0,0,0,0,0000000000000000000000000000000000000000
1,0x0011A40,1727447946,2024-09-27 14:39:06,10.1,0.0,1998.6,0.0,1988.5,0.0,0,0,0,0,0000000000000000000000000000000000000000
1,0x0011A80,1727447946,2024-09-27 14:39:06,10.1,0.0,1998.6,0.0,1988.5,0.0,0,0,0,0,0000000000000000000000000000000000000000
1,0x0011AC0,1727447947,2024-09-27 14:39:07,10.1,0.0,1998.6,0.0,1988.5,0.0,0,0,0,0,0000000000000000000000000000000000000000
1,0x0011B00,1727447948,2024-09-27 14:39:08,10.1,0.0,1998.6,0.0,1988.5,1988.5,0,0,0,0,0000000000000000000000000000000000000000
1,0x0011B40,1727447948,2024-09-27 14:39:08,10.1,0.0,1998.6,0.0,1988.5,0.0,0,0,0,0,0000000000000000000000000000000000000000
1,0x0011B80,1727447949,2024-09-27 14:39:09,10.1,0.0,1998.6,0.0,1988.5,0.0,0,0,0,0,0000000000000000000000000000000000000000
1,0x0011BC0,1727447950,2024-09-27 14:39:10,10.1,0.0,1998.6,0.0,1988.5,0.0,0,0,0,0,0000000000000000000000000000000000000000
1,0x0011C00,1727447950,2024-09-27 14:39:10,10.1,0.0,1998.6,0.0,1988.5,0.0,0,0,0,0,0000000000000000000000000000000000000000
1,0x0011C40,1727447951,2024-09-27 14:39:11,10.1,0.0,1998.6,0.0,1988.5,0.0,0,0,0,0,0000000000000000000000000000000000000000
1,0x0011C80,1727447951,2024-09-27 14:39:11,10.1,0.0,1998.6,0.0,1988.5,0.0,0,0,0,0,0000000000000000000000000000000000000000
1,0x0011CC0,1727447952,2024-09-27 14:39:12,10.1,0.0,1998.6,0.0,1988.5,0.0,0,0,0,0,0000000000000000000000000000000000000000
1,0x0011D00,1727447953,2024-09-27 14:39:13,10.1,0.0,1998.6,0.0,1988.5,1988.5,0,0,0,0,0000000000000000000000000000000000000000
1,0x0011D40,1727447953,2024-09-27 14:39:13,10.1,0.0,1998.6,0.0,1988.5,0.0,0,0,0,0,0000000000000000000000000000000000000000
1,0x0011D80,1727447954,2024-09-27 14:39:14,10.1,0.0,1998.6,0.0,1988.5,0.0,0,0,0,0,0000000000000000000000000000000000000000
1,0x0011DC0,1727447955,2024-09-27 14:39:15,10.1,0.0,1998.6,0.0,1988.5,0.0,0,0,0,0,0000000000000000000000000000000000000000
1,0x0011E00,1727447955,2024-09-27 14:39:15,10.1,0.0,1998.6,0.0,1988.5,0.0,0,0,0,0,0000000000000000000000000000000000000000
1,0x0011E40,1727447956,2024-09-27 14:39:16,10.1,0.0,1998.6,0.0,1988.5,0.0,0,0,0,0,0000000000000000000000000000000000000000
1,0x0011E80,1727447956,2024-09-27 14:39:16,10.1,0.0,1998.6,0.0,1988.5,0.0,0,0,0,0,0000000000000000000000000000000000000000
1,0x0011EC0,1727447957,2024-09-27 14:39:17,10.1,0.0,1998.6,0.0,1988.5,0.0,0,0,0,0,0000000000000000000000000000000000000000
1,0x0011F00,1727447958,2024-09-27 14:39:18,10.1,0.0,1998.6,0.0,1988.5,1988.5,0,0,0,0,0000000000000000000000000000000000000000
1,0x0011F40,1727447958,2024-09-27 14:39:18,10.1,0.0,1998.6,0.0,1988.5,0.0,0,0,0,0,0000000000000000000000000000000000000000
1,0x0011F80,1727447959,2024-09-27 14:39:19,10.1,0.0,1998.6,0.0,1988.5,0.0,0,0,0,0,0000000000000000000000000000000000000000
1,0x0011FC0,1727447960,2024-09-27 14:39:20,10.1,0.0,1998.6,0.0,1988.5,0.0,0,0,0,0,0000000000000000000000000000000000000000
1,0x0012000,1727447960,2024-09-27 14:39:20,10.1,0.0,1998.6,0.0,1988.5,0.0,0,0,0,0,0000000000000000000000000000000000000000
1,0x0012040,1727447961,2024-09-27 14:39:21,10.1,0.0,1998.6,0.0,1988.5,0.0,0,0,0,0,0000000000000000000000000000000000000000
1,0x0012080,1727447961,2024-09-27 14:39:21,10.1,0.0,1998.6,0.0,1988.5,0.0,0,0,0,0,0000000000000000000000000000000000000000
1,0x00120C0,1727447962,2024-09-27 14:39:22,10.1,0.0,1998.6,0.0,1988.5,0.0,0,0,0,0,0000000000000000000000000000000000000000
1,0x0012100,1727447970,2024-09-27 14:39:30,10.1,0.0,1998.6,0.0,1988.5,0.0,0,0,0,0,0000000000000000000000000000000000000000
1,0x0012140,1727447971,2024-09-27 14:39:31,10.1,0.0,1998.6,0.0,1988.5,0.0,0,0,0,0,0000000000000000000000000000000000000000
1,0x0012180,1727447971,2024-09-27 14:39:31,10.1,0.0,1998.6,0.0,1988.5,0.0,0,0,0,0,0000000000000000000000000000000000000000
1,0x00121C0,1727447972,2024-09-27 14:39:32,10.1,0.0,1998.6,0.0,1988.5,0.0,0,0,0,0,0000000000000000000000000000000000000000
1,0x0012200,1727447973,2024-09-27 14:39:33,10.1,0.0,1998.6,0.0,1988.5,1988.5,0,0,0,0,0000000000000000000000000000000000000000
1,0x0012240,1727447973,2024-09-27 14:39:33,10.1,0.0,1998.6,0.0,1988.5,0.0,0,0,0,0,0000000000000000000000000000000000000000
1,0x0012280,1727447974,2024-09-27 14:39:34,10.1,0.0,1998.6,0.0,1988.5,0.0,0,0,0,0,0000000000000000000000000000000000000000
1,0x00122C0,1727447975,2024-09-27 14:39:35,10.1,0.0,1998.6,0.0,1988.5,0.0,0,0,0,0,0000000000000000000000000000000000000000
1,0x0012300,1727447975,2024-09-27 14:39:35,10.1,0.0,1998.6,0.0,1988.5,0.0,0,0,0,0,0000000000000000000000000000000000000000
1,0x0012340,1727447976,2024-09-27 14:39:36,10.1,0.0,1998.6,0.0,1988.5,0.0,0,0,0,0,0000000000000000000000000000000000000000
1,0x0012380,1727447976,2024-09-27 14:39:36,10.1,0.0,1998.6,0.0,1988.5,0.0,0,0,0,0,0000000000000000000000000000000000000000
1,0x00123C0,1727447977,2024-09-27 14:39:37,10.1,0.0,1998.6,0.0,1988.5,0.0,0,0,0,0,0000000000000000000000000000000000000000
1,0x0012400,1727447978,2024-09-27 14:39:38,10.1,0.0,1998.6,0.0,1988.5,1988.5,0,0,0,0,0000000000000000000000000000000000000000
1,0x0012440,1727447978,2024-09-27 14:39:38,10.1,0.0,1998.6,0.0,1988.5,0.0,0,0,0,0,0000000000000000000000000000000000000000
1,0x0012480,1727447979,2024-09-27 14:39:39,10.1,0.0,1998.6,0.0,1988.5,0.0,0,0,0,0,0000000000000000000000000000000000000000
1,0x00124C0,1727447980,2024-09-27 14:39:40,10.1,0.0,1998.6,0.0,1988.5,0.0,0,0,0,0,0000000000000000000000000000000000000000
1,0x0012500,1727447980,2024-09-27 14:39:40,10.1,0.0,1998.6,0.0,1988.5,0.0,0,0,0,0,0000000000000000000000000000000000000000
1,0x0012540,1727447981,2024-09-27 14:39:41,10.1,0.0,1998.6,0.0,1988.5,0.0,0,0,0,0,0000000000000000000000000000000000000000
1,0x0012580,1727447981,2024-09-27 14:39:41,10.1,0.0,1998.6,0.0,1988.5,0.0,0,0,0,0,0000000000000000000000000000000000000000
1,0x00125C0,1727447982,2024-09-27 14:39:42,10.1,0.0,1998.6,0.0,1988.5,0.0,0,0,0,0,0000000000000000000000000000000000000000
1,0x0012600,1727447983,2024-09-27 14:39:43,10.1,0.0,1998.6,0.0,1988.5,1988.5,0,0,0,0,0000000000000000000000000000000000000000
1,0x0012640,1727447983,2024-09-27 14:39:43,10.1,0.0,1998.6,0.0,1988.5,0.0,0,0,0,0,0000000000000000000000000000000000000000
1,0x0012680,1727447984,2024-09-27 14:39:44,10.1,0.0,1998.6,0.0,1988.5,0.0,0,0,0,0,0000000000000000000000000000000000000000
1,0x00126C0,1727447985,2024-09-27 14:39:45,10.1,0.0,1998.6,0.0,1988.5,0.0,0,0,0,0,0000000000000000000000000000000000000000
1,0x0012700,1727447985,2024-09-27 14:39:45,10.1,0.0,1998.6,0.0,1988.5,0.0,0,0,0,0,0000000000000000000000000000000000000000
1,0x0012740,1727447986,2024-09-27 14:39:46,10.1,0.0,1998.6,0.0,1988.5,0.0,0,0,0,0,0000000000000000000000000000000000000000
1,0x0012780,1727447986,2024-09-27 14:39:46,10.1,0.0,1998.6,0.0,1988.5,0.0,0,0,0,0,0000000000000000000000000000000000000000
1,0x00127C0,1727447987,2024-09-27 14:39:47,10.1,0.0,1998.6,0.0,1988.5,0.0,0,0,0,0,0000000000000000000000000000000000000000
1,0x0012800,1727447988,2024-09-27 14:39:48,10.1,0.0,1998.6,0.0,1988.5,1988.5,0,0,0,0,0000000000000000000000000000000000000000
1,0x0012840,1727447988,2024-09-27 14:39:48,10.1,0.0,1998.6,0.0,1988.5,0.0,0,0,0,0,0000000000000000000000000000000000000000
1,0x0012880,1727447989,2024-09-27 14:39:49,10.1,0.0,1998.6,0.0,1988.5,0.0,0,0,0,0,0000000000000000000000000000000000000000
1,0x00128C0,1727447990,2024-09-27 14:39:50,10.1,0.0,1998.6,0.0,1988.5,0.0,0,0,0,0,0000000000000000000000000000000000000000
1,0x0012900,1727447990,2024-09-27 14:39:50,10.1,0.0,1998.6,0.0,1988.5,0.0,0,0,0,0,0000000000000000000000000000000000000000
1,0x0012940,1727447991,2024-09-27 14:39:51,10.1,0.0,1998.6,0.0,1988.5,0.0,0,0,0,0,0000000000000000000000000000000000000000
1,0x0012980,1727447991,2024-09-27 14:39:51,10.1,0.0,1998.6,0.0,1988.5,0.0,0,0,0,0,0000000000000000000000000000000000000000
1,0x00129C0,1727447992,2024-09-27 14:39:52,10.1,0.0,1998.6,0.0,1988.5,0.0,0,0,0,0,0000000000000000000000000000000000000000
1,0x0012A00,1727447993,2024-09-27 14:39:53,10.1,0.0,1998.6,0.0,1988.5,1988.5,0,0,0,0,0000000000000000000000000000000000000000
1,0x0012A40,1727447993,2024-09-27 14:39:53,10.1,0.0,1998.6,0.0,1988.5,0.0,0,0,0,0,0000000000000000000000000000000000000000
1,0x0012A80,1727447994,2024-09-27 14:39:54,10.1,0.0,1998.6,0.0,1988.5,0.0,0,0,0,0,0000000000000000000000000000000000000000
1,0x0012AC0,1727447995,2024-09-27 14:39:55,10.1,0.0,1998.6,0.0,1988.5,0.0,0,0,0,0,0000000000000000000000000000000000000000
1,0x0012B00,1727447995,2024-09-27 14:39:55,10.1,0.0,1998.6,0.0,1988.5,0.0,0,0,0,0,0000000000000000000000000000000000000000
1,0x0012B40,1727447996,2024-09-27 14:39:56,10.1,0.0,1998.6,0.0,1988.5,0.0,0,0,0,0,0000000000000000000000000000000000000000
1,0x0012B80,1727447996,2024-09-27 14:39:56,10.1,0.0,1998.6,0.0,1988.5,0.0,0,0,0,0,0000000000000000000000000000000000000000
1,0x0012BC0,1727447997,2024-09-27 14:39:57,10.1,0.0,1998.6,0.0,1988.5,0.0,0,0,0,0,0000000000000000000000000000000000000000
1,0x0012C00,1727447998,2024-09-27 14:39:58,10.1,0.0,1998.6,0.0,1988.5,1988.5,0,0,0,0,0000000000000000000000000000000000000000
1,0x0012C40,1727447998,2024-09-27 14:39:58,10.1,0.0,1998.6,0.0,1988.5,0.0,0,0,0,0,0000000000000000000000000000000000000000
1,0x0012C80,1727447999,2024-09-27 14:39:59,10.1,0.0,1998.6,0.0,1988.5,0.0,0,0,0,0,0000000000000000000000000000000000000000
1,0x0012CC0,1727448000,2024-09-27 14:40:00,10.1,0.0,1998.6,0.0,1988.5,0.0,0,0,0,0,0000000000000000000000000000000000000000
1,0x0012D00,1727448000,2024-09-27 14:40:00,10.1,0.0,1998.6,0.0,1988.5,0.0,0,0,0,0,0000000000000000000000000000000000000000
1,0x0012D40,1727448001,2024-09-27 14:40:01,10.1,0.0,1998.6,0.0,1988.5,0.0,0,0,0,0,0000000000000000000000000000000000000000
1,0x0012D80,1727448001,2024-09-27 14:40:01,10.1,0.0,1998.6,0.0,1988.5,0.0,0,0,0,0,0000000000000000000000000000000000000000
1,0x0012DC0,1727448002,2024-09-27 14:40:02,10.1,0.0,1998.6,0.0,1988.5,0.0,0,0,0,0,0000000000000000000000000000000000000000
1,0x0012E00,1727448099,2024-09-27 14:41:39,10.1,0.0,1998.6,0.0,1988.5,1988.5,0,0,0,0,0000000000000000000000000000000000000000
1,0x0012E40,1727448099,2024-09-27 14:41:39,10.1,0.0,1998.6,0.0,1988.5,0.0,0,0,0,0,0000000000000000000000000000000000000000
1,0x0012E80,1727448100,2024-09-27 14:41:40,10.1,0.0,1998.6,0.0,1988.5,0.0,0,0,0,0,0000000000000000000000000000000000000000
1,0x0012EC0,1727448101,2024-09-27 14:41:41,10.1,0.0,1998.6,0.0,1988.5,0.0,0,0,0,0,0000000000000000000000000000000000000000
1,0x0012F00,1727448104,2024-09-27 14:41:44,10.1,0.0,1998.6,0.0,1988.5,1988.5,0,0,0,0,0000000000000000000000000000000000000000
1,0x0012F40,1727448104,2024-09-27 14:41:44,10.1,0.0,1998.6,0.0,1988.5,0.0,0,0,0,0,0000000000000000000000000000000000000000
1,0x0012F80,1727448105,2024-09-27 14:41:45,10.1,0.0,1998.6,0.0,1988.5,0.0,0,0,0,0,0000000000000000000000000000000000000000
1,0x0012FC0,1727448106,2024-09-27 14:41:46,10.1,0.0,1998.6,0.0,1988.5,0.0,0,0,0,0,0000000000000000000000000000000000000000
1,0x0013000,1727448106,2024-09-27 14:41:46,10.1,0.0,1998.6,0.0,1988.5,0.0,0,0,0,0,0000000000000000000000000000000000000000
1,0x0013040,1727448107,2024-09-27 14:41:47,10.1,0.0,1998.6,0.0,1988.5,0.0,0,0,0,0,0000000000000000000000000000000000000000
1,0x0013080,1727448107,2024-09-27 14:41:47,10.1,0.0,1998.6,0.0,1988.5,0.0,0,0,0,0,0000000000000000000000000000000000000000
1,0x00130C0,1727448108,2024-09-27 14:41:48,10.1,0.0,1998.6,0.0,1988.5,0.0,0,0,0,0,0000000000000000000000000000000000000000
1,0x0013100,1727448109,2024-09-27 14:41:49,10.1,0.0,1998.6,0.0,1988.5,1988.5,0,0,0,0,0000000000000000000000000000000000000000
1,0x0013140,1727448109,2024-09-27 14:41:49,10.1,0.0,1998.6,0.0,1988.5,0.0,0,0,0,0,0000000000000000000000000000000000000000
1,0x0013180,1727448110,2024-09-27 14:41:50,10.1,0.0,1998.6,0.0,1988.5,0.0,0,0,0,0,0000000000000000000000000000000000000000
1,0x00131C0,1727448111,2024-09-27 14:41:51,10.1,0.0,1998.6,0.0,1988.5,0.0,0,0,0,0,0000000000000000000000000000000000000000
1,0x0013200,1727448112,2024-09-27 14:41:52,10.1,10.1,1998.6,0.0,1988.5,0.0,0,0,0,0,0000000000000000000000000000000000000000
1,0x0013240,1727448113,2024-09-27 14:41:53,10.1,0.0,1998.6,0.0,1988.5,0.0,0,0,0,0,0000000000000000000000000000000000000000
1,0x0013280,1727448113,2024-09-27 14:41:53,10.1,0.0,1998.6,0.0,1988.5,0.0,0,0,0,0,0000000000000000000000000000000000000000
1,0x00132C0,1727448114,2024-09-27 14:41:54,10.1,0.0,1998.6,0.0,1988.5,1988.5,0,0,0,0,0000000000000000000000000000000000000000
1,0x0013300,1727448114,2024-09-27 14:41:54,10.1,0.0,1998.6,0.0,1988.5,0.0,0,0,0,0,0000000000000000000000000000000000000000
1,0x0013340,1727448115,2024-09-27 14:41:55,10.1,0.0,1998.6,0.0,1988.5,0.0,0,0,0,0,0000000000000000000000000000000000000000
1,0x0013380,1727448116,2024-09-27 14:41:56,10.1,0.0,1998.6,0.0,1988.5,0.0,0,0,0,0,0000000000000000000000000000000000000000
1,0x00133C0,1727448116,2024-09-27 14:41:56,10.1,0.0,1998.6,0.0,1988.5,0.0,0,0,0,0,0000000000000000000000000000000000000000
1,0x0013400,1727448150,2024-09-27 14:42:30,10.1,0.0,1998.6,0.0,1988.5,0.0,0,0,0,0,0000000000000000000000000000000000000000
1,0x0013440,1727448151,2024-09-27 14:42:31,10.1,0.0,1998.6,0.0,1988.5,0.0,0,0,0,0,0000000000000000000000000000000000000000
1,0x0013480,1727448151,2024-09-27 14:42:31,10.1,0.0,1998.6,0.0,1988.5,0.0,0,0,0,0,0000000000000000000000000000000000000000
1,0x00134C0,1727448152,2024-09-27 14:42:32,10.1,0.0,1998.6,0.0,1988.5,0.0,0,0,0,0,0000000000000000000000000000000000000000
1,0x0013500,1727448152,2024-09-27 14:42:32,10.1,10.1,1998.6,0.0,1988.5,0.0,0,0,0,0,0000000000000000000000000000000000000000
1,0x0013540,1727448153,2024-09-27 14:42:33,10.1,0.0,1998.6,0.0,1988.5,0.0,0,0,0,0,0000000000000000000000000000000000000000
1,0x0013580,1727448153,2024-09-27 14:42:33,10.1,0.0,1998.6,0.0,1988.5,0.0,0,0,0,0,0000000000000000000000000000000000000000
1,0x00135C0,1727448154,2024-09-27 14:42:34,10.1,0.0,1998.6,0.0,1988.5,0.0,0,0,0,0,0000000000000000000000000000000000000000
1,0x0013600,1727448155,2024-09-27 14:42:35,10.1,0.0,1998.6,0.0,1988.5,0.0,0,0,0,0,0000000000000000000000000000000000000000
1,0x0013640,1727448156,2024-09-27 14:42:36,10.1,0.0,1998.6,0.0,1988.5,0.0,0,0,0,0,0000000000000000000000000000000000000000
1,0x0013680,1727448156,2024-09-27 14:42:36,10.1,0.0,1998.6,0.0,1988.5,0.0,0,0,0,0,0000000000000000000000000000000000000000
1,0x00136C0,1727448157,2024-09-27 14:42:37,10.1,0.0,1998.6,0.0,1988.5,0.0,0,0,0,0,0000000000000000000000000000000000000000
1,0x0013700,1727448157,2024-09-27 14:42:37,10.1,10.1,1998.6,0.0,1988.5,0.0,0,0,0,0,0000000000000000000000000000000000000000
1,0x0013740,1727448158,2024-09-27 14:42:38,10.1,0.0,1998.6,0.0,1988.5,0.0,0,0,0,0,0000000000000000000000000000000000000000
1,0x0013780,1727448158,2024-09-27 14:42:38,10.1,0.0,1998.6,0.0,1988.5,0.0,0,0,0,0,0000000000000000000000000000000000000000
1,0x00137C0,1727448159,2024-09-27 14:42:39,10.1,0.0,1998.6,0.0,1988.5,1988.5,0,0,0,0,0000000000000000000000000000000000000000
1,0x0013800,1727448160,2024-09-27 14:42:40,10.1,0.0,1998.6,0.0,1988.5,0.0,0,0,0,0,0000000000000000000000000000000000000000
1,0x0013840,1727448160,2024-09-27 14:42:40,10.1,0.0,1998.6,0.0,1988.5,0.0,0,0,0,0,0000000000000000000000000000000000000000
1,0x0013880,1727448161,2024-09-27 14:42:41,10.1,0.0,1998.6,0.0,1988.5,0.0,0,0,0,0,0000000000000000000000000000000000000000
1,0x00138C0,1727448161,2024-09-27 14:42:41,10.1,0.0,1998.6,0.0,1988.5,0.0,0,0,0,0,0000000000000000000000000000000000000000
1,0x0013900,1727448162,2024-09-27 14:42:42,10.1,0.0,1998.6,0.0,1988.5,0.0,0,0,0,0,0000000000000000000000000000000000000000
1,0x0013940,1727448162,2024-09-27 14:42:42,10.1,0.0,1998.6,0.0,1988.5,0.0,0,0,0,0,0000000000000000000000000000000000000000
1,0x0013980,1727448163,2024-09-27 14:42:43,10.1,0.0,1998.6,0.0,1988.5,0.0,0,0,0,0,0000000000000000000000000000000000000000
1,0x00139C0,1727448163,2024-09-27 14:42:43,10.1,0.0,1998.6,0.0,1988.5,0.0,0,0,0,0,0000000000000000000000000000000000000000
1,0x0013A00,1727448164,2024-09-27 14:42:44,10.1,0.0,1998.6,0.0,1988.5,1988.5,0,0,0,0,0000000000000000000000000000000000000000
1,0x0013A40,1727448165,2024-09-27 14:42:45,10.1,0.0,1998.6,0.0,1988.5,0.0,0,0,0,0,0000000000000000000000000000000000000000
1,0x0013A80,1727448165,2024-09-27 14:42:45,10.1,0.0,1998.6,0.0,1988.5,0.0,0,0,0,0,0000000000000000000000000000000000000000
1,0x0013AC0,1727448166,2024-09-27 14:42:46,10.1,0.0,1998.6,0.0,1988.5,0.0,0,0,0,0,0000000000000000000000000000000000000000
1,0x0013B00,1727448166,2024-09-27 14:42:46,10.1,0.0,1998.6,0.0,1988.5,0.0,0,0,0,0,0000000000000000000000000000000000000000
1,0x0013B40,1727448167,2024-09-27 14:42:47,10.1,0.0,1998.6,0.0,1988.5,0.0,0,0,0,0,0000000000000000000000000000000000000000
1,0x0013B80,1727448167,2024-09-27 14:42:47,10.1,0.0,1998.6,0.0,1988.5,0.0,0,0,0,0,0000000000000000000000000000000000000000
1,0x0013BC0,1727448168,2024-09-27 14:42:48,10.1,0.0,1998.6,0.0,1988.5,0.0,0,0,0,0,0000000000000000000000000000000000000000
1,0x0013C00,1727448169,2024-09-27 14:42:49,10.1,0.0,1998.6,0.0,1988.5,1988.5,0,0,0,0,0000000000000000000000000000000000000000
1,0x0013C40,1727448170,2024-09-27 14:42:50,10.1,0.0,1998.6,0.0,1988.5,0.0,0,0,0,0,0000000000000000000000000000000000000000
1,0x0013C80,1727448170,2024-09-27 14:42:50,10.1,0.0,1998.6,0.0,1988.5,0.0,0,0,0,0,0000000000000000000000000000000000000000
1,0x0013CC0,1727448171,2024-09-27 14:42:51,10.1,0.0,1998.6,0.0,1988.5,0.0,0,0,0,0,0000000000000000000000000000000000000000
1,0x0013D00,1727448171,2024-09-27 14:42:51,10.1,0.0,1998.6,0.0,1988.5,0.0,0,0,0,0,0000000000000000000000000000000000000000
1,0x0013D40,1727448172,2024-09-27 14:42:52,10.1,0.0,1998.6,0.0,1988.5,0.0,0,0,0,0,0000000000000000000000000000000000000000
1,0x0013D80,1727448172,2024-09-27 14:42:52,10.1,0.0,1998.6,0.0,1988.5,0.0,0,0,0,0,0000000000000000000000000000000000000000
1,0x0013DC0,1727448173,2024-09-27 14:42:53,10.1,0.0,1998.6,0.0,1988.5,0.0,0,0,0,0,0000000000000000000000000000000000000000
1,0x0013E00,1727448174,2024-09-27 14:42:54,10.1,0.0,1998.6,0.0,1988.5,1988.5,0,0,0,0,0000000000000000000000000000000000000000
1,0x0013E40,1727448175,2024-09-27 14:42:55,10.1,0.0,1998.6,0.0,1988.5,0.0,0,0,0,0,0000000000000000000000000000000000000000
1,0x0013E80,1727448175,2024-09-27 14:42:55,10.1,0.0,1998.6,0.0,1988.5,0.0,0,0,0,0,0000000000000000000000000000000000000000
1,0x0013EC0,1727448176,2024-09-27 14:42:56,10.1,0.0,1998.6,0.0,1988.5,0.0,0,0,0,0,0000000000000000000000000000000000000000
1,0x0013F00,1727448176,2024-09-27 14:42:56,10.1,0.0,1998.6,0.0,1988.5,0.0,0,0,0,0,0000000000000000000000000000000000000000
1,0x0013F40,1727448177,2024-09-27 14:42:57,10.1,0.0,1998.6,0.0,1988.5,0.0,0,0,0,0,0000000000000000000000000000000000000000
1,0x0013F80,1727448177,2024-09-27 14:42:57,10.1,0.0,1998.6,0.0,1988.5,0.0,0,0,0,0,0000000000000000000000000000000000000000
1,0x0013FC0,1727448178,2024-09-27 14:42:58,10.1,0.0,1998.6,0.0,1988.5,0.0,0,0,0,0,0000000000000000000000000000000000000000
1,0x0014000,1727448179,2024-09-27 14:42:59,10.1,0.0,1998.6,0.0,1988.5,1988.5,0,0,0,0,0000000000000000000000000000000000000000
1,0x0014040,1727448180,2024-09-27 14:43:00,10.1,0.0,1998.6,0.0,1988.5,0.0,0,0,0,0,0000000000000000000000000000000000000000
1,0x0014080,1727448180,2024-09-27 14:43:00,10.1,0.0,1998.6,0.0,1988.5,0.0,0,0,0,0,0000000000000000000000000000000000000000
1,0x00140C0,1727448181,2024-09-27 14:43:01,10.1,0.0,1998.6,0.0,1988.5,0.0,0,0,0,0,0000000000000000000000000000000000000000
1,0x0014100,1727448181,2024-09-27 14:43:01,10.1,0.0,1998.6,0.0,1988.5,0.0,0,0,0,0,0000000000000000000000000000000000000000
1,0x0014140,1727448182,2024-09-27 14:43:02,10.1,0.0,1998.6,0.0,1988.5,0.0,0,0,0,0,0000000000000000000000000000000000000000
1,0x0014180,1727448182,2024-09-27 14:43:02,10.1,0.0,1998.6,0.0,1988.5,0.0,0,0,0,0,0000000000000000000000000000000000000000
1,0x00141C0,1727448183,2024-09-27 14:43:03,10.1,0.0,1998.6,0.0,1988.5,0.0,0,0,0,0,0000000000000000000000000000000000000000
1,0x0014200,1727448184,2024-09-27 14:43:04,10.1,0.0,1998.6,0.0,1988.5,1988.5,0,0,0,0,0000000000000000000000000000000000000000
1,0x0014240,1727448185,2024-09-27 14:43:05,10.1,0.0,1998.6,0.0,1988.5,0.0,0,0,0,0,0000000000000000000000000000000000000000
1,0x0014280,1727448185,2024-09-27 14:43:05,10.1,0.0,1998.6,0.0,1988.5,0.0,0,0,0,0,0000000000000000000000000000000000000000
1,0x00142C0,1727448186,2024-09-27 14:43:06,10.1,0.0,1998.6,0.0,1988.5,0.0,0,0,0,0,0000000000000000000000000000000000000000
1,0x0014300,1727448186,2024-09-27 14:43:06,10.1,0.0,1998.6,0.0,1988.5,0.0,0,0,0,0,0000000000000000000000000000000000000000
1,0x0014340,1727448187,2024-09-27 14:43:07,10.1,0.0,1998.6,0.0,1988.5,0.0,0,0,0,0,0000000000000000000000000000000000000000
1,0x0014380,1727448187,2024-09-27 14:43:07,10.1,0.0,1998.6,0.0,1988.5,0.0,0,0,0,0,0000000000000000000000000000000000000000
1,0x00143C0,1727448188,2024-09-27 14:43:08,10.1,0.0,1998.6,0.0,1988.5,0.0,0,0,0,0,0000000000000000000000000000000000000000
1,0x0014400,1727448189,2024-09-27 14:43:09,10.1,0.0,1998.6,0.0,1988.5,1988.5,0,0,0,0,0000000000000000000000000000000000000000
1,0x0014440,1727448190,2024-09-27 14:43:10,10.1,0.0,1998.6,0.0,1988.5,0.0,0,0,0,0,0000000000000000000000000000000000000000
1,0x0014480,1727448190,2024-09-27 14:43:10,10.1,0.0,1998.6,0.0,1988.5,0.0,0,0,0,0,0000000000000000000000000000000000000000
1,0x00144C0,1727448191,2024-09-27 14:43:11,10.1,0.0,1998.6,0.0,1988.5,0.0,0,0,0,0,0000000000000000000000000000000000000000
1,0x0014500,1727448191,2024-09-27 14:43:11,10.1,0.0,1998.6,0.0,1988.5,0.0,0,0,0,0,0000000000000000000000000000000000000000
1,0x0014540,1727448192,2024-09-27 14:43:12,10.1,0.0,1998.6,0.0,1988.5,0.0,0,0,0,0,0000000000000000000000000000000000000000
1,0x0014580,1727448192,2024-09-27 14:43:12,10.1,0.0,1998.6,0.0,1988.5,0.0,0,0,0,0,0000000000000000000000000000000000000000
1,0x00145C0,1727448193,2024-09-27 14:43:13,10.1,0.0,1998.6,0.0,1988.5,0.0,0,0,0,0,0000000000000000000000000000000000000000
1,0x0014600,1727448194,2024-09-27 14:43:14,10.1,0.0,1998.6,0.0,1988.5,1988.5,0,0,0,0,0000000000000000000000000000000000000000
1,0x0014640,1727448195,2024-09-27 14:43:15,10.1,0.0,1998.6,0.0,1988.5,0.0,0,0,0,0,0000000000000000000000000000000000000000
1,0x0014680,1727448195,2024-09-27 14:43:15,10.1,0.0,1998.6,0.0,1988.5,0.0,0,0,0,0,0000000000000000000000000000000000000000
1,0x00146C0,1727448196,2024-09-27 14:43:16,10.1,0.0,1998.6,0.0,1988.5,0.0,0,0,0,0,0000000000000000000000000000000000000000
1,0x0014700,1727448196,2024-09-27 14:43:16,10.1,0.0,1998.6,0.0,1988.5,0.0,0,0,0,0,0000000000000000000000000000000000000000
1,0x0014740,1727448197,2024-09-27 14:43:17,10.1,0.0,1998.6,0.0,1988.5,0.0,0,0,0,0,0000000000000000000000000000000000000000
1,0x0014780,1727448197,2024-09-27 14:43:17,10.1,0.0,1998.6,0.0,1988.5,0.0,0,0,0,0,0000000000000000000000000000000000000000
1,0x00147C0,1727448198,2024-09-27 14:43:18,10.1,0.0,1998.6,0.0,1988.5,0.0,0,0,0,0,0000000000000000000000000000000000000000
1,0x0014800,1727448199,2024-09-27 14:43:19,10.1,0.0,1998.6,0.0,1988.5,1988.5,0,0,0,0,0000000000000000000000000000000000000000
1,0x0014840,1727448200,2024-09-27 14:43:20,10.1,0.0,1998.6,0.0,1988.5,0.0,0,0,0,0,0000000000000000000000000000000000000000
1,0x0014880,1727448200,2024-09-27 14:43:20,10.1,0.0,1998.6,0.0,1988.5,0.0,0,0,0,0,0000000000000000000000000000000000000000
1,0x00148C0,1727448201,2024-09-27 14:43:21,10.1,0.0,1998.6,0.0,1988.5,0.0,0,0,0,0,0000000000000000000000000000000000000000
1,0x0014900,1727448201,2024-09-27 14:43:21,10.1,0.0,1998.6,0.0,1988.5,0.0,0,0,0,0,0000000000000000000000000000000000000000
1,0x0014940,1727448202,2024-09-27 14:43:22,10.1,0.0,1998.6,0.0,1988.5,0.0,0,0,0,0,0000000000000000000000000000000000000000
1,0x0014980,1727448202,2024-09-27 14:43:22,10.1,0.0,1998.6,0.0,1988.5,0.0,0,0,0,0,0000000000000000000000000000000000000000
1,0x00149C0,1727448203,2024-09-27 14:43:23,10.1,0.0,1998.6,0.0,1988.5,0.0,0,0,0,0,0000000000000000000000000000000000000000
1,0x0014A00,1727448204,2024-09-27 14:43:24,10.1,0.0,1998.6,0.0,1988.5,1988.5,0,0,0,0,0000000000000000000000000000000000000000
1,0x0014A40,1727448205,2024-09-27 14:43:25,10.1,0.0,1998.6,0.0,1988.5,0.0,0,0,0,0,0000000000000000000000000000000000000000
1,0x0014A80,1727448205,2024-09-27 14:43:25,10.1,0.0,1998.6,0.0,1988.5,0.0,0,0,0,0,0000000000000000000000000000000000000000
1,0x0014AC0,1727448206,2024-09-27 14:43:26,10.1,0.0,1998.6,0.0,1988.5,0.0,0,0,0,0,0000000000000000000000000000000000000000
1,0x0014B00,1727448206,2024-09-27 14:43:26,10.1,0.0,1998.6,0.0,1988.5,0.0,0,0,0,0,0000000000000000000000000000000000000000
1,0x0014B40,1727448207,2024-09-27 14:43:27,10.1,0.0,1998.6,0.0,1988.5,0.0,0,0,0,0,0000000000000000000000000000000000000000
1,0x0014B80,1727448207,2024-09-27 14:43:27,10.1,0.0,1998.6,0.0,1988.5,0.0,0,0,0,0,0000000000000000000000000000000000000000
1,0x0014BC0,1727448208,2024-09-27 14:43:28,10.1,0.0,1998.6,0.0,1988.5,0.0,0,0,0,0,0000000000000000000000000000000000000000
1,0x0014C00,1727448209,2024-09-27 14:43:29,10.1,0.0,1998.6,0.0,1988.5,1988.5,0,0,0,0,0000000000000000000000000000000000000000
1,0x0014C40,1727448210,2024-09-27 14:43:30,10.1,0.0,1998.6,0.0,1988.5,0.0,0,0,0,0,0000000000000000000000000000000000000000
1,0x0014C80,1727448210,2024-09-27 14:43:30,10.1,0.0,1998.6,0.0,1988.5,0.0,0,0,0,0,0000000000000000000000000000000000000000
1,0x0014CC0,1727448211,2024-09-27 14:43:31,10.1,0.0,1998.6,0.0,1988.5,0.0,0,0,0,0,0000000000000000000000000000000000000000
1,0x0014D00,1727448211,2024-09-27 14:43:31,10.1,0.0,1998.6,0.0,1988.5,0.0,0,0,0,0,0000000000000000000000000000000000000000
1,0x0014D40,1727448212,2024-09-27 14:43:32,10.1,0.0,1998.6,0.0,1988.5,0.0,0,0,0,0,0000000000000000000000000000000000000000
1,0x0014D80,1727448212,2024-09-27 14:43:32,10.1,0.0,1998.6,0.0,1988.5,0.0,0,0,0,0,0000000000000000000000000000000000000000
1,0x0014DC0,1727448213,2024-09-27 14:43:33,10.1,0.0,1998.6,0.0,1988.5,0.0,0,0,0,0,0000000000000000000000000000000000000000
1,0x0014E00,1727448214,2024-09-27 14:43:34,10.1,0.0,1998.6,0.0,1988.5,1988.5,0,0,0,0,0000000000000000000000000000000000000000
1,0x0014E40,1727448215,2024-09-27 14:43:35,10.1,0.0,1998.6,0.0,1988.5,0.0,0,0,0,0,0000000000000000000000000000000000000000
1,0x0014E80,1727448215,2024-09-27 14:43:35,10.1,0.0,1998.6,0.0,1988.5,0.0,0,0,0,0,0000000000000000000000000000000000000000
1,0x0014EC0,1727448216,2024-09-27 14:43:36,10.1,0.0,1998.6,0.0,1988.5,0.0,0,0,0,0,0000000000000000000000000000000000000000
1,0x0014F00,1727448216,2024-09-27 14:43:36,10.1,0.0,1998.6,0.0,1988.5,0.0,0,0,0,0,0000000000000000000000000000000000000000
1,0x0014F40,1727448217,2024-09-27 14:43:37,10.1,0.0,1998.6,0.0,1988.5,0.0,0,0,0,0,0000000000000000000000000000000000000000
1,0x0014F80,1727448217,2024-09-27 14:43:37,10.1,0.0,1998.6,0.0,1988.5,0.0,0,0,0,0,0000000000000000000000000000000000000000
1,0x0014FC0,1727448218,2024-09-27 14:43:38,10.1,0.0,1998.6,0.0,1988.5,0.0,0,0,0,0,0000000000000000000000000000000000000000
1,0x0015000,1727448219,2024-09-27 14:43:39,10.1,0.0,1998.6,0.0,1988.5,1988.5,0,0,0,0,0000000000000000000000000000000000000000
1,0x0015040,1727448220,2024-09-27 14:43:40,10.1,0.0,1998.6,0.0,1988.5,0.0,0,0,0,0,0000000000000000000000000000000000000000
1,0x0015080,1727448220,2024-09-27 14:43:40,10.1,0.0,1998.6,0.0,1988.5,0.0,0,0,0,0,0000000000000000000000000000000000000000
1,0x00150C0,1727448221,2024-09-27 14:43:41,10.1,0.0,1998.6,0.0,1988.5,0.0,0,0,0,0,0000000000000000000000000000000000000000
1,0x0015100,1727448221,2024-09-27 14:43:41,10.1,0.0,1998.6,0.0,1988.5,0.0,0,0,0,0,0000000000000000000000000000000000000000
1,0x0015140,1727448222,2024-09-27 14:43:42,10.1,0.0,1998.6,0.0,1988.5,0.0,0,0,0,0,0000000000000000000000000000000000000000
1,0x0015180,1727448222,2024-09-27 14:43:42,10.1,0.0,1998.6,0.0,1988.5,0.0,0,0,0,0,0000000000000000000000000000000000000000
1,0x00151C0,1727448223,2024-09-27 14:43:43,10.1,0.0,1998.6,0.0,1988.5,0.0,0,0,0,0,0000000000000000000000000000000000000000
1,0x0015200,1727448224,2024-09-27 14:43:44,10.1,0.0,1998.6,0.0,1988.5,1988.5,0,0,0,0,0000000000000000000000000000000000000000
1,0x0015240,1727448225,2024-09-27 14:43:45,10.1,0.0,1998.6,0.0,1988.5,0.0,0,0,0,0,0000000000000000000000000000000000000000
1,0x0015280,1727448225,2024-09-27 14:43:45,10.1,0.0,1998.6,0.0,1988.5,0.0,0,0,0,0,0000000000000000000000000000000000000000
1,0x00152C0,1727448226,2024-09-27 14:43:46,10.1,0.0,1998.6,0.0,1988.5,0.0,0,0,0,0,0000000000000000000000000000000000000000
1,0x0015300,1727448226,2024-09-27 14:43:46,10.1,0.0,1998.6,0.0,1988.5,0.0,0,0,0,0,0000000000000000000000000000000000000000
1,0x0015340,1727448227,2024-09-27 14:43:47,10.1,0.0,1998.6,0.0,1988.5,0.0,0,0,0,0,0000000000000000000000000000000000000000
1,0x0015380,1727448227,2024-09-27 14:43:47,10.1,0.0,1998.6,0.0,1988.5,0.0,0,0,0,0,0000000000000000000000000000000000000000
1,0x00153C0,1727448228,2024-09-27 14:43:48,10.1,0.0,1998.6,0.0,1988.5,0.0,0,0,0,0,0000000000000000000000000000000000000000
1,0x0015400,1727448229,2024-09-27 14:43:49,10.1,0.0,1998.6,0.0,1988.5,1988.5,0,0,0,0,0000000000000000000000000000000000000000
1,0x0015440,1727448230,2024-09-27 14:43:50,10.1,0.0,1998.6,0.0,1988.5,0.0,0,0,0,0,0000000000000000000000000000000000000000
1,0x0015480,1727448230,2024-09-27 14:43:50,10.1,0.0,1998.6,0.0,1988.5,0.0,0,0,0,0,0000000000000000000000000000000000000000
1,0x00154C0,1727448231,2024-09-27 14:43:51,10.1,0.0,1998.6,0.0,1988.5,0.0,0,0,0,0,0000000000000000000000000000000000000000
1,0x0015500,1727448231,2024-09-27 14:43:51,10.1,0.0,1998.6,0.0,1988.5,0.0,0,0,0,0,0000000000000000000000000000000000000000
1,0x0015540,1727448232,2024-09-27 14:43:52,10.1,0.0,1998.6,0.0,1988.5,0.0,0,0,0,0,0000000000000000000000000000000000000000
1,0x0015580,1727448232,2024-09-27 14:43:52,10.1,0.0,1998.6,0.0,1988.5,0.0,0,0,0,0,0000000000000000000000000000000000000000
1,0x00155C0,1727448233,2024-09-27 14:43:53,10.1,0.0,1998.6,0.0,1988.5,0.0,0,0,0,0,0000000000000000000000000000000000000000
1,0x0015600,1727448234,2024-09-27 14:43:54,10.1,0.0,1998.6,0.0,1988.5,1988.5,0,0,0,0,0000000000000000000000000000000000000000
1,0x0015640,1727448235,2024-09-27 14:43:55,10.1,0.0,1998.6,0.0,1988.5,0.0,0,0,0,0,0000000000000000000000000000000000000000
1,0x0015680,1727448235,2024-09-27 14:43:55,10.1,0.0,1998.6,0.0,1988.5,0.0,0,0,0,0,0000000000000000000000000000000000000000
1,0x00156C0,1727448236,2024-09-27 14:43:56,10.1,0.0,1998.6,0.0,1988.5,0.0,0,0,0,0,0000000000000000000000000000000000000000
1,0x0015700,1727448236,2024-09-27 14:43:56,10.1,0.0,1998.6,0.0,1988.5,0.0,0,0,0,0,0000000000000000000000000000000000000000
1,0x0015740,1727448237,2024-09-27 14:43:57,10.1,0.0,1998.6,0.0,1988.5,0.0,0,0,0,0,0000000000000000000000000000000000000000
1,0x0015780,1727448237,2024-09-27 14:43:57,10.1,0.0,1998.6,0.0,1988.5,0.0,0,0,0,0,0000000000000000000000000000000000000000
1,0x00157C0,1727448238,2024-09-27 14:43:58,10.1,0.0,1998.6,0.0,1988.5,0.0,0,0,0,0,0000000000000000000000000000000000000000
1,0x0015800,1727448239,2024-09-27 14:43:59,10.1,0.0,1998.6,0.0,1988.5,1988.5,0,0,0,0,0000000000000000000000000000000000000000
1,0x0015840,1727448240,2024-09-27 14:44:00,10.1,0.0,1998.6,0.0,1988.5,0.0,0,0,0,0,0000000000000000000000000000000000000000
1,0x0015880,1727448240,2024-09-27 14:44:00,10.1,0.0,1998.6,0.0,1988.5,0.0,0,0,0,0,0000000000000000000000000000000000000000
1,0x00158C0,1727448241,2024-09-27 14:44:01,10.1,0.0,1998.6,0.0,1988.5,0.0,0,0,0,0,0000000000000000000000000000000000000000
1,0x0015900,1727448242,2024-09-27 14:44:02,10.1,10.1,1998.6,0.0,1988.5,0.0,0,0,0,0,0000000000000000000000000000000000000000
1,0x0015940,1727448243,2024-09-27 14:44:03,10.1,0.0,1998.6,0.0,1988.5,0.0,0,0,0,0,0000000000000000000000000000000000000000
1,0x0015980,1727448243,2024-09-27 14:44:03,10.1,0.0,1998.6,0.0,1988.5,0.0,0,0,0,0,0000000000000000000000000000000000000000
1,0x00159C0,1727448244,2024-09-27 14:44:04,10.1,0.0,1998.6,0.0,1988.5,1988.5,0,0,0,0,0000000000000000000000000000000000000000
1,0x0015A00,1727448245,2024-09-27 14:44:05,10.1,0.0,1998.6,0.0,1988.5,0.0,0,0,0,0,0000000000000000000000000000000000000000
1,0x0015A40,1727448245,2024-09-27 14:44:05,10.1,0.0,1998.6,0.0,1988.5,0.0,0,0,0,0,0000000000000000000000000000000000000000
1,0x0015A80,1727448246,2024-09-27 14:44:06,10.1,0.0,1998.6,0.0,1988.5,0.0,0,0,0,0,0000000000000000000000000000000000000000
1,0x0015AC0,1727448246,2024-09-27 14:44:06,10.1,0.0,1998.6,0.0,1988.5,0.0,0,0,0,0,0000000000000000000000000000000000000000
1,0x0015B00,1727448247,2024-09-27 14:44:07,10.1,10.1,1998.6,0.0,1988.5,0.0,0,0,0,0,0000000000000000000000000000000000000000
1,0x0015B40,1727448248,2024-09-27 14:44:08,10.1,0.0,1998.6,0.0,1988.5,0.0,0,0,0,0,0000000000000000000000000000000000000000
1,0x0015B80,1727448248,2024-09-27 14:44:08,10.1,0.0,1998.6,0.0,1988.5,0.0,0,0,0,0,0000000000000000000000000000000000000000
1,0x0015BC0,1727448249,2024-09-27 14:44:09,10.1,0.0,1998.6,0.0,1988.5,1988.5,0,0,0,0,0000000000000000000000000000000000000000
1,0x0015C00,1727448250,2024-09-27 14:44:10,10.1,0.0,1998.6,0.0,1988.5,0.0,0,0,0,0,0000000000000000000000000000000000000000
1,0x0015C40,1727448250,2024-09-27 14:44:10,10.1,0.0,1998.6,0.0,1988.5,0.0,0,0,0,0,0000000000000000000000000000000000000000
1,0x0015C80,1727448251,2024-09-27 14:44:11,10.1,0.0,1998.6,0.0,1988.5,0.0,0,0,0,0,0000000000000000000000000000000000000000
1,0x0015CC0,1727448251,2024-09-27 14:44:11,10.1,0.0,1998.6,0.0,1988.5,0.0,0,0,0,0,0000000000000000000000000000000000000000
1,0x0015D00,1727448252,2024-09-27 14:44:12,10.1,10.1,1998.6,0.0,1988.5,0.0,0,0,0,0,0000000000000000000000000000000000000000
1,0x0015D40,1727448253,2024-09-27 14:44:13,10.1,0.0,1998.6,0.0,1988.5,0.0,0,0,0,0,0000000000000000000000000000000000000000
1,0x0015D80,1727448253,2024-09-27 14:44:13,10.1,0.0,1998.6,0.0,1988.5,0.0,0,0,0,0,0000000000000000000000000000000000000000
1,0x0015DC0,1727448254,2024-09-27 14:44:14,10.1,0.0,1998.6,0.0,1988.5,0.0,0,0,0,0,0000000000000000000000000000000000000000
1,0x0015E00,1727448285,2024-09-27 14:44:45,10.1,0.0,1998.6,0.0,1988.5,0.0,0,0,0,0,0000000000000000000000000000000000000000
1,0x0015E40,1727448286,2024-09-27 14:44:46,10.1,0.0,1998.6,0.0,1988.5,0.0,0,0,0,0,0000000000000000000000000000000000000000
1,0x0015E80,1727448286,2024-09-27 14:44:46,10.1,0.0,1998.6,0.0,1988.5,0.0,0,0,0,0,0000000000000000000000000000000000000000
1,0x0015EC0,1727448287,2024-09-27 14:44:47,10.1,0.0,1998.6,0.0,1988.5,0.0,0,0,0,0,0000000000000000000000000000000000000000
1,0x0015F00,1727448287,2024-09-27 14:44:47,10.1,10.1,1998.6,0.0,1988.5,0.0,0,0,0,0,0000000000000000000000000000000000000000
1,0x0015F40,1727448288,2024-09-27 14:44:48,10.1,0.0,1998.6,0.0,1988.5,0.0,0,0,0,0,0000000000000000000000000000000000000000
1,0x0015F80,1727448288,2024-09-27 14:44:48,10.1,0.0,1998.6,0.0,1988.5,0.0,0,0,0,0,0000000000000000000000000000000000000000
1,0x0015FC0,1727448289,2024-09-27 14:44:49,10.1,0.0,1998.6,0.0,1988.5,0.0,0,0,0,0,0000000000000000000000000000000000000000
1,0x0016000,1727448290,2024-09-27 14:44:50,10.1,0.0,1998.6,0.0,1988.5,0.0,0,0,0,0,0000000000000000000000000000000000000000
1,0x0016040,1727448291,2024-09-27 14:44:51,10.1,0.0,1998.6,0.0,1988.5,0.0,0,0,0,0,0000000000000000000000000000000000000000
1,0x0016080,1727448291,2024-09-27 14:44:51,10.1,0.0,1998.6,0.0,1988.5,0.0,0,0,0,0,0000000000000000000000000000000000000000
1,0x00160C0,1727448292,2024-09-27 14:44:52,10.1,0.0,1998.6,0.0,1988.5,0.0,0,0,0,0,0000000000000000000000000000000000000000
1,0x0016100,1727448292,2024-09-27 14:44:52,10.1,10.1,1998.6,0.0,1988.5,0.0,0,0,0,0,0000000000000000000000000000000000000000
1,0x0016140,1727448293,2024-09-27 14:44:53,10.1,0.0,1998.6,0.0,1988.5,0.0,0,0,0,0,0000000000000000000000000000000000000000
1,0x0016180,1727448293,2024-09-27 14:44:53,10.1,0.0,1998.6,0.0,1988.5,0.0,0,0,0,0,0000000000000000000000000000000000000000
1,0x00161C0,1727448294,2024-09-27 14:44:54,10.1,0.0,1998.6,0.0,1988.5,0.0,0,0,0,0,0000000000000000000000000000000000000000
1,0x0016200,1727448295,2024-09-27 14:44:55,10.1,0.0,1998.6,0.0,1988.5,0.0,0,0,0,0,0000000000000000000000000000000000000000
1,0x0016240,1727448296,2024-09-27 14:44:56,10.1,0.0,1998.6,0.0,1988.5,0.0,0,0,0,0,0000000000000000000000000000000000000000
1,0x0016280,1727448296,2024-09-27 14:44:56,10.1,0.0,1998.6,0.0,1988.5,0.0,0,0,0,0,0000000000000000000000000000000000000000
1,0x00162C0,1727448297,2024-09-27 14:44:57,10.1,0.0,1998.6,0.0,1988.5,0.0,0,0,0,0,0000000000000000000000000000000000000000
1,0x0016300,1727448297,2024-09-27 14:44:57,10.1,10.1,1998.6,0.0,1988.5,0.0,0,0,0,0,0000000000000000000000000000000000000000
1,0x0016340,1727448298,2024-09-27 14:44:58,10.1,0.0,1998.6,0.0,1988.5,0.0,0,0,0,0,0000000000000000000000000000000000000000
1,0x0016380,1727448298,2024-09-27 14:44:58,10.1,0.0,1998.6,0.0,1988.5,0.0,0,0,0,0,0000000000000000000000000000000000000000
1,0x00163C0,1727448299,2024-09-27 14:44:59,10.1,0.0,1998.6,0.0,1988.5,1988.5,0,0,0,0,0000000000000000000000000000000000000000
1,0x0016400,1727448300,2024-09-27 14:45:00,10.1,0.0,1998.6,0.0,1988.5,0.0,0,0,0,0,0000000000000000000000000000000000000000
1,0x0016440,1727448300,2024-09-27 14:45:00,10.1,0.0,1998.6,0.0,1988.5,0.0,0,0,0,0,0000000000000000000000000000000000000000
1,0x0016480,1727448301,2024-09-27 14:45:01,10.1,0.0,1998.6,0.0,1988.5,0.0,0,0,0,0,0000000000000000000000000000000000000000
1,0x00164C0,1727448301,2024-09-27 14:45:01,10.1,0.0,1998.6,0.0,1988.5,0.0,0,0,0,0,0000000000000000000000000000000000000000
1,0x0016500,1727448302,2024-09-27 14:45:02,10.1,0.0,1998.6,0.0,1988.5,0.0,0,0,0,0,0000000000000000000000000000000000000000
1,0x0016540,1727448302,2024-09-27 14:45:02,10.1,0.0,1998.6,0.0,1988.5,0.0,0,0,0,0,0000000000000000000000000000000000000000
1,0x0016580,1727448303,2024-09-27 14:45:03,10.1,0.0,1998.6,0.0,1988.5,0.0,0,0,0,0,0000000000000000000000000000000000000000
1,0x00165C0,1727448303,2024-09-27 14:45:03,10.1,0.0,1998.6,0.0,1988.5,0.0,0,0,0,0,0000000000000000000000000000000000000000
1,0x0016600,1727448304,2024-09-27 14:45:04,10.1,0.0,1998.6,0.0,1988.5,1988.5,0,0,0,0,0000000000000000000000000000000000000000
1,0x0016640,1727448305,2024-09-27 14:45:05,10.1,0.0,1998.6,0.0,1988.5,0.0,0,0,0,0,0000000000000000000000000000000000000000
1,0x0016680,1727448305,2024-09-27 14:45:05,10.1,0.0,1998.6,0.0,1988.5,0.0,0,0,0,0,0000000000000000000000000000000000000000
1,0x00166C0,1727448306,2024-09-27 14:45:06,10.1,0.0,1998.6,0.0,1988.5,0.0,0,0,0,0,0000000000000000000000000000000000000000
1,0x0016700,1727448306,2024-09-27 14:45:06,10.1,0.0,1998.6,0.0,1988.5,0.0,0,0,0,0,0000000000000000000000000000000000000000
1,0x0016740,1727448307,2024-09-27 14:45:07,10.1,0.0,1998.6,0.0,1988.5,0.0,0,0,0,0,0000000000000000000000000000000000000000
1,0x0016780,1727448307,2024-09-27 14:45:07,10.1,0.0,1998.6,0.0,1988.5,0.0,0,0,0,0,0000000000000000000000000000000000000000
1,0x00167C0,1727448308,2024-09-27 14:45:08,10.1,0.0,1998.6,0.0,1988.5,0.0,0,0,0,0,0000000000000000000000000000000000000000
1,0x0016800,1727448309,2024-09-27 14:45:09,10.1,0.0,1998.6,0.0,1988.5,1988.5,0,0,0,0,0000000000000000000000000000000000000000
1,0x0016840,1727448310,2024-09-27 14:45:10,10.1,0.0,1998.6,0.0,1988.5,0.0,0,0,0,0,0000000000000000000000000000000000000000
1,0x0016880,1727448310,2024-09-27 14:45:10,10.1,0.0,1998.6,0.0,1988.5,0.0,0,0,0,0,0000000000000000000000000000000000000000
1,0x00168C0,1727448311,2024-09-27 14:45:11,10.1,0.0,1998.6,0.0,1988.5,0.0,0,0,0,0,0000000000000000000000000000000000000000
1,0x0016900,1727448311,2024-09-27 14:45:11,10.1,0.0,1998.6,0.0,1988.5,0.0,0,0,0,0,0000000000000000000000000000000000000000
1,0x0016940,1727448312,2024-09-27 14:45:12,10.1,0.0,1998.6,0.0,1988.5,0.0,0,0,0,0,0000000000000000000000000000000000000000
1,0x0016980,1727448312,2024-09-27 14:45:12,10.1,0.0,1998.6,0.0,1988.5,0.0,0,0,0,0,0000000000000000000000000000000000000000
1,0x00169C0,1727448313,2024-09-27 14:45:13,10.1,0.0,1998.6,0.0,1988.5,0.0,0,0,0,0,0000000000000000000000000000000000000000
1,0x0016A00,1727448314,2024-09-27 14:45:14,10.1,0.0,1998.6,0.0,1988.5,1988.5,0,0,0,0,0000000000000000000000000000000000000000
1,0x0016A40,1727448315,2024-09-27 14:45:15,10.1,0.0,1998.6,0.0,1988.5,0.0,0,0,0,0,0000000000000000000000000000000000000000
1,0x0016A80,1727448315,2024-09-27 14:45:15,10.1,0.0,1998.6,0.0,1988.5,0.0,0,0,0,0,0000000000000000000000000000000000000000
1,0x0016AC0,1727448316,2024-09-27 14:45:16,10.1,0.0,1998.6,0.0,1988.5,0.0,0,0,0,0,0000000000000000000000000000000000000000
1,0x0016B00,1727448316,2024-09-27 14:45:16,10.1,0.0,1998.6,0.0,1988.5,0.0,0,0,0,0,0000000000000000000000000000000000000000
1,0x0016B40,1727448317,2024-09-27 14:45:17,10.1,0.0,1998.6,0.0,1988.5,0.0,0,0,0,0,0000000000000000000000000000000000000000
1,0x0016B80,1727448317,2024-09-27 14:45:17,10.1,0.0,1998.6,0.0,1988.5,0.0,0,0,0,0,0000000000000000000000000000000000000000
1,0x0016BC0,1727448318,2024-09-27 14:45:18,10.1,0.0,1998.6,0.0,1988.5,0.0,0,0,0,0,0000000000000000000000000000000000000000
1,0x0016C00,1727448319,2024-09-27 14:45:19,10.1,0.0,1998.6,0.0,1988.5,1988.5,0,0,0,0,0000000000000000000000000000000000000000
1,0x0016C40,1727448320,2024-09-27 14:45:20,10.1,0.0,1998.6,0.0,1988.5,0.0,0,0,0,0,0000000000000000000000000000000000000000
1,0x0016C80,1727448320,2024-09-27 14:45:20,10.1,0.0,1998.6,0.0,1988.5,0.0,0,0,0,0,0000000000000000000000000000000000000000
1,0x0016CC0,1727448321,2024-09-27 14:45:21,10.1,0.0,1998.6,0.0,1988.5,0.0,0,0,0,0,0000000000000000000000000000000000000000
1,0x0016D00,1727448321,2024-09-27 14:45:21,10.1,0.0,1998.6,0.0,1988.5,0.0,0,0,0,0,0000000000000000000000000000000000000000
1,0x0016D40,1727448322,2024-09-27 14:45:22,10.1,0.0,1998.6,0.0,1988.5,0.0,0,0,0,0,0000000000000000000000000000000000000000
1,0x0016D80,1727448322,2024-09-27 14:45:22,10.1,0.0,1998.6,0.0,1988.5,0.0,0,0,0,0,0000000000000000000000000000000000000000
1,0x0016DC0,1727448323,2024-09-27 14:45:23,10.1,0.0,1998.6,0.0,1988.5,0.0,0,0,0,0,0000000000000000000000000000000000000000
1,0x0016E00,1727448324,2024-09-27 14:45:24,10.1,0.0,1998.6,0.0,1988.5,1988.5,0,0,0,0,0000000000000000000000000000000000000000
1,0x0016E40,1727448325,2024-09-27 14:45:25,10.1,0.0,1998.6,0.0,1988.5,0.0,0,0,0,0,0000000000000000000000000000000000000000
1,0x0016E80,1727448325,2024-09-27 14:45:25,10.1,0.0,1998.6,0.0,1988.5,0.0,0,0,0,0,0000000000000000000000000000000000000000
1,0x0016EC0,1727448326,2024-09-27 14:45:26,10.1,0.0,1998.6,0.0,1988.5,0.0,0,0,0,0,0000000000000000000000000000000000000000
1,0x0016F00,1727448326,2024-09-27 14:45:26,10.1,0.0,1998.6,0.0,1988.5,0.0,0,0,0,0,0000000000000000000000000000000000000000
1,0x0016F40,1727448327,2024-09-27 14:45:27,10.1,0.0,1998.6,0.0,1988.5,0.0,0,0,0,0,0000000000000000000000000000000000000000
1,0x0016F80,1727448327,2024-09-27 14:45:27,10.1,0.0,1998.6,0.0,1988.5,0.0,0,0,0,0,0000000000000000000000000000000000000000
1,0x0016FC0,1727448328,2024-09-27 14:45:28,10.1,0.0,1998.6,0.0,1988.5,0.0,0,0,0,0,0000000000000000000000000000000000000000
1,0x0017000,1727448329,2024-09-27 14:45:29,10.1,0.0,1998.6,0.0,1988.5,1988.5,0,0,0,0,0000000000000000000000000000000000000000
1,0x0017040,1727448330,2024-09-27 14:45:30,10.1,0.0,1998.6,0.0,1988.5,0.0,0,0,0,0,0000000000000000000000000000000000000000
1,0x0017080,1727448330,2024-09-27 14:45:30,10.1,0.0,1998.6,0.0,1988.5,0.0,0,0,0,0,0000000000000000000000000000000000000000
1,0x00170C0,1727448331,2024-09-27 14:45:31,10.1,0.0,1998.6,0.0,1988.5,0.0,0,0,0,0,0000000000000000000000000000000000000000
1,0x0017100,1727448331,2024-09-27 14:45:31,10.1,0.0,1998.6,0.0,1988.5,0.0,0,0,0,0,0000000000000000000000000000000000000000
1,0x0017140,1727448332,2024-09-27 14:45:32,10.1,0.0,1998.6,0.0,1988.5,0.0,0,0,0,0,0000000000000000000000000000000000000000
1,0x0017180,1727448332,2024-09-27 14:45:32,10.1,0.0,1998.6,0.0,1988.5,0.0,0,0,0,0,0000000000000000000000000000000000000000
1,0x00171C0,1727448333,2024-09-27 14:45:33,10.1,0.0,1998.6,0.0,1988.5,0.0,0,0,0,0,0000000000000000000000000000000000000000
1,0x0017200,1727448334,2024-09-27 14:45:34,10.1,0.0,1998.6,0.0,1988.5,1988.5,0,0,0,0,0000000000000000000000000000000000000000
1,0x0017240,1727448335,2024-09-27 14:45:35,10.1,0.0,1998.6,0.0,1988.5,0.0,0,0,0,0,0000000000000000000000000000000000000000
1,0x0017280,1727448335,2024-09-27 14:45:35,10.1,0.0,1998.6,0.0,1988.5,0.0,0,0,0,0,0000000000000000000000000000000000000000
1,0x00172C0,1727448336,2024-09-27 14:45:36,10.1,0.0,1998.6,0.0,1988.5,0.0,0,0,0,0,0000000000000000000000000000000000000000
1,0x0017300,1727448336,2024-09-27 14:45:36,10.1,0.0,1998.6,0.0,1988.5,0.0,0,0,0,0,0000000000000000000000000000000000000000
1,0x0017340,1727448337,2024-09-27 14:45:37,10.1,0.0,1998.6,0.0,1988.5,0.0,0,0,0,0,0000000000000000000000000000000000000000
1,0x0017380,1727448337,2024-09-27 14:45:37,10.1,0.0,1998.6,0.0,1988.5,0.0,0,0,0,0,0000000000000000000000000000000000000000
1,0x00173C0,1727448338,2024-09-27 14:45:38,10.1,0.0,1998.6,0.0,1988.5,0.0,0,0,0,0,0000000000000000000000000000000000000000
1,0x0017400,1727448339,2024-09-27 14:45:39,10.1,0.0,1998.6,0.0,1988.5,1988.5,0,0,0,0,0000000000000000000000000000000000000000
1,0x0017440,1727448340,2024-09-27 14:45:40,10.1,0.0,1998.6,0.0,1988.5,0.0,0,0,0,0,0000000000000000000000000000000000000000
1,0x0017480,1727448340,2024-09-27 14:45:40,10.1,0.0,1998.6,0.0,1988.5,0.0,0,0,0,0,0000000000000000000000000000000000000000
1,0x00174C0,1727448341,2024-09-27 14:45:41,10.1,0.0,1998.6,0.0,1988.5,0.0,0,0,0,0,0000000000000000000000000000000000000000
1,0x0017500,1727448341,2024-09-27 14:45:41,10.1,0.0,1998.6,0.0,1988.5,0.0,0,0,0,0,0000000000000000000000000000000000000000
1,0x0017540,1727448342,2024-09-27 14:45:42,10.1,0.0,1998.6,0.0,1988.5,0.0,0,0,0,0,0000000000000000000000000000000000000000
1,0x0017580,1727448342,2024-09-27 14:45:42,10.1,0.0,1998.6,0.0,1988.5,0.0,0,0,0,0,0000000000000000000000000000000000000000
1,0x00175C0,1727448343,2024-09-27 14:45:43,10.1,0.0,1998.6,0.0,1988.5,0.0,0,0,0,0,0000000000000000000000000000000000000000
1,0x0017600,1727448344,2024-09-27 14:45:44,10.1,0.0,1998.6,0.0,1988.5,1988.5,0,0,0,0,0000000000000000000000000000000000000000
1,0x0017640,1727448345,2024-09-27 14:45:45,10.1,0.0,1998.6,0.0,1988.5,0.0,0,0,0,0,0000000000000000000000000000000000000000
1,0x0017680,1727448345,2024-09-27 14:45:45,10.1,0.0,1998.6,0.0,1988.5,0.0,0,0,0,0,0000000000000000000000000000000000000000
1,0x00176C0,1727448346,2024-09-27 14:45:46,10.1,0.0,1998.6,0.0,1988.5,0.0,0,0,0,0,0000000000000000000000000000000000000000
1,0x0017700,1727448346,2024-09-27 14:45:46,10.1,0.0,1998.6,0.0,1988.5,0.0,0,0,0,0,0000000000000000000000000000000000000000
1,0x0017740,1727448347,2024-09-27 14:45:47,10.1,0.0,1998.6,0.0,1988.5,0.0,0,0,0,0,0000000000000000000000000000000000000000
1,0x0017780,1727448347,2024-09-27 14:45:47,10.1,0.0,1998.6,0.0,1988.5,0.0,0,0,0,0,0000000000000000000000000000000000000000
1,0x00177C0,1727448348,2024-09-27 14:45:48,10.1,0.0,1998.6,0.0,1988.5,0.0,0,0,0,0,0000000000000000000000000000000000000000
1,0x0017800,1727448349,2024-09-27 14:45:49,10.1,0.0,1998.6,0.0,1988.5,1988.5,0,0,0,0,0000000000000000000000000000000000000000
1,0x0017840,1727448350,2024-09-27 14:45:50,10.1,0.0,1998.6,0.0,1988.5,0.0,0,0,0,0,0000000000000000000000000000000000000000
1,0x0017880,1727448350,2024-09-27 14:45:50,10.1,0.0,1998.6,0.0,1988.5,0.0,0,0,0,0,0000000000000000000000000000000000000000
1,0x00178C0,1727448351,2024-09-27 14:45:51,10.1,0.0,1998.6,0.0,1988.5,0.0,0,0,0,0,0000000000000000000000000000000000000000
1,0x0017900,1727448351,2024-09-27 14:45:51,10.1,0.0,1998.6,0.0,1988.5,0.0,0,0,0,0,0000000000000000000000000000000000000000
1,0x0017940,1727448352,2024-09-27 14:45:52,10.1,0.0,1998.6,0.0,1988.5,0.0,0,0,0,0,0000000000000000000000000000000000000000
1,0x0017980,1727448352,2024-09-27 14:45:52,10.1,0.0,1998.6,0.0,1988.5,0.0,0,0,0,0,0000000000000000000000000000000000000000
1,0x00179C0,1727448353,2024-09-27 14:45:53,10.1,0.0,1998.6,0.0,1988.5,0.0,0,0,0,0,0000000000000000000000000000000000000000
1,0x0017A00,1727448354,2024-09-27 14:45:54,10.1,0.0,1998.6,0.0,1988.5,1988.5,0,0,0,0,0000000000000000000000000000000000000000
1,0x0017A40,1727448355,2024-09-27 14:45:55,10.1,0.0,1998.6,0.0,1988.5,0.0,0,0,0,0,0000000000000000000000000000000000000000
1,0x0017A80,1727448355,2024-09-27 14:45:55,10.1,0.0,1998.6,0.0,1988.5,0.0,0,0,0,0,0000000000000000000000000000000000000000
1,0x0017AC0,1727448356,2024-09-27 14:45:56,10.1,0.0,1998.6,0.0,1988.5,0.0,0,0,0,0,0000000000000000000000000000000000000000
1,0x0017B00,1727448356,2024-09-27 14:45:56,10.1,0.0,1998.6,0.0,1988.5,0.0,0,0,0,0,0000000000000000000000000000000000000000
1,0x0017B40,1727448357,2024-09-27 14:45:57,10.1,0.0,1998.6,0.0,1988.5,0.0,0,0,0,0,0000000000000000000000000000000000000000
1,0x0017B80,1727448357,2024-09-27 14:45:57,10.1,0.0,1998.6,0.0,1988.5,0.0,0,0,0,0,0000000000000000000000000000000000000000
1,0x0017BC0,1727448358,2024-09-27 14:45:58,10.1,0.0,1998.6,0.0,1988.5,0.0,0,0,0,0,0000000000000000000000000000000000000000
1,0x0017C00,1727448359,2024-09-27 14:45:59,10.1,0.0,1998.6,0.0,1988.5,1988.5,0,0,0,0,0000000000000000000000000000000000000000
1,0x0017C40,1727448360,2024-09-27 14:46:00,10.1,0.0,1998.6,0.0,1988.5,0.0,0,0,0,0,0000000000000000000000000000000000000000
1,0x0017C80,1727448360,2024-09-27 14:46:00,10.1,0.0,1998.6,0.0,1988.5,0.0,0,0,0,0,0000000000000000000000000000000000000000
1,0x0017CC0,1727448361,2024-09-27 14:46:01,10.1,0.0,1998.6,0.0,1988.5,0.0,0,0,0,0,0000000000000000000000000000000000000000
1,0x0017D00,1727448361,2024-09-27 14:46:01,10.1,0.0,1998.6,0.0,1988.5,0.0,0,0,0,0,0000000000000000000000000000000000000000
1,0x0017D40,1727448362,2024-09-27 14:46:02,10.1,0.0,1998.6,0.0,1988.5,0.0,0,0,0,0,0000000000000000000000000000000000000000
1,0x0017D80,1727448362,2024-09-27 14:46:02,10.1,0.0,1998.6,0.0,1988.5,0.0,0,0,0,0,0000000000000000000000000000000000000000
1,0x0017DC0,1727448363,2024-09-27 14:46:03,10.1,0.0,1998.6,0.0,1988.5,0.0,0,0,0,0,0000000000000000000000000000000000000000
1,0x0017E00,1727448364,2024-09-27 14:46:04,10.1,0.0,1998.6,0.0,1988.5,1988.5,0,0,0,0,0000000000000000000000000000000000000000
1,0x0017E40,1727448365,2024-09-27 14:46:05,10.1,0.0,1998.6,0.0,1988.5,0.0,0,0,0,0,0000000000000000000000000000000000000000
1,0x0017E80,1727448365,2024-09-27 14:46:05,10.1,0.0,1998.6,0.0,1988.5,0.0,0,0,0,0,0000000000000000000000000000000000000000
1,0x0017EC0,1727448366,2024-09-27 14:46:06,10.1,0.0,1998.6,0.0,1988.5,0.0,0,0,0,0,0000000000000000000000000000000000000000
1,0x0017F00,1727448366,2024-09-27 14:46:06,10.1,0.0,1998.6,0.0,1988.5,0.0,0,0,0,0,0000000000000000000000000000000000000000
1,0x0017F40,1727448367,2024-09-27 14:46:07,10.1,0.0,1998.6,0.0,1988.5,0.0,0,0,0,0,0000000000000000000000000000000000000000
1,0x0017F80,1727448367,2024-09-27 14:46:07,10.1,0.0,1998.6,0.0,1988.5,0.0,0,0,0,0,0000000000000000000000000000000000000000
1,0x0017FC0,1727448368,2024-09-27 14:46:08,10.1,0.0,1998.6,0.0,1988.5,0.0,0,0,0,0,0000000000000000000000000000000000000000
1,0x0018000,1727448369,2024-09-27 14:46:09,10.1,0.0,1998.6,0.0,1988.5,1988.5,0,0,0,0,0000000000000000000000000000000000000000
1,0x0018040,1727448370,2024-09-27 14:46:10,10.1,0.0,1998.6,0.0,1988.5,0.0,0,0,0,0,0000000000000000000000000000000000000000
1,0x0018080,1727448370,2024-09-27 14:46:10,10.1,0.0,1998.6,0.0,1988.5,0.0,0,0,0,0,0000000000000000000000000000000000000000
1,0x00180C0,1727448371,2024-09-27 14:46:11,10.1,0.0,1998.6,0.0,1988.5,0.0,0,0,0,0,0000000000000000000000000000000000000000
1,0x0018100,1727448371,2024-09-27 14:46:11,10.1,0.0,1998.6,0.0,1988.5,0.0,0,0,0,0,0000000000000000000000000000000000000000
1,0x0018140,1727448372,2024-09-27 14:46:12,10.1,0.0,1998.6,0.0,1988.5,0.0,0,0,0,0,0000000000000000000000000000000000000000
1,0x0018180,1727448372,2024-09-27 14:46:12,10.1,0.0,1998.6,0.0,1988.5,0.0,0,0,0,0,0000000000000000000000000000000000000000
1,0x00181C0,1727448373,2024-09-27 14:46:13,10.1,0.0,1998.6,0.0,1988.5,0.0,0,0,0,0,0000000000000000000000000000000000000000
1,0x0018200,1727448374,2024-09-27 14:46:14,10.1,0.0,1998.6,0.0,1988.5,1988.5,0,0,0,0,0000000000000000000000000000000000000000
1,0x0018240,1727448375,2024-09-27 14:46:15,10.1,0.0,1998.6,0.0,1988.5,0.0,0,0,0,0,0000000000000000000000000000000000000000
1,0x0018280,1727448375,2024-09-27 14:46:15,10.1,0.0,1998.6,0.0,1988.5,0.0,0,0,0,0,0000000000000000000000000000000000000000
1,0x00182C0,1727448376,2024-09-27 14:46:16,10.1,0.0,1998.6,0.0,1988.5,0.0,0,0,0,0,0000000000000000000000000000000000000000
1,0x0018300,1727448377,2024-09-27 14:46:17,10.1,10.1,1998.6,0.0,1988.5,0.0,0,0,0,0,0000000000000000000000000000000000000000
1,0x0018340,1727448378,2024-09-27 14:46:18,10.1,0.0,1998.6,0.0,1988.5,0.0,0,0,0,0,0000000000000000000000000000000000000000
1,0x0018380,1727448378,2024-09-27 14:46:18,10.1,0.0,1998.6,0.0,1988.5,0.0,0,0,0,0,0000000000000000000000000000000000000000
1,0x00183C0,1727448379,2024-09-27 14:46:19,10.1,0.0,1998.6,0.0,1988.5,1988.5,0,0,0,0,0000000000000000000000000000000000000000
1,0x0018400,1727448380,2024-09-27 14:46:20,10.1,0.0,1998.6,0.0,1988.5,0.0,0,0,0,0,0000000000000000000000000000000000000000
1,0x0018440,1727448380,2024-09-27 14:46:20,10.1,0.0,1998.6,0.0,1988.5,0.0,0,0,0,0,0000000000000000000000000000000000000000
1,0x0018480,1727448381,2024-09-27 14:46:21,10.1,0.0,1998.6,0.0,1988.5,0.0,0,0,0,0,0000000000000000000000000000000000000000
1,0x00184C0,1727448381,2024-09-27 14:46:21,10.1,0.0,1998.6,0.0,1988.5,0.0,0,0,0,0,0000000000000000000000000000000000000000
1,0x0018500,1727448382,2024-09-27 14:46:22,10.1,10.1,1998.6,0.0,1988.5,0.0,0,0,0,0,0000000000000000000000000000000000000000
1,0x0018540,1727448383,2024-09-27 14:46:23,10.1,0.0,1998.6,0.0,1988.5,0.0,0,0,0,0,0000000000000000000000000000000000000000
1,0x0018580,1727448383,2024-09-27 14:46:23,10.1,0.0,1998.6,0.0,1988.5,0.0,0,0,0,0,0000000000000000000000000000000000000000
1,0x00185C0,1727448384,2024-09-27 14:46:24,10.1,0.0,1998.6,0.0,1988.5,1988.5,0,0,0,0,0000000000000000000000000000000000000000
1,0x0018600,1727448385,2024-09-27 14:46:25,10.1,0.0,1998.6,0.0,1988.5,0.0,0,0,0,0,0000000000000000000000000000000000000000
1,0x0018640,1727448385,2024-09-27 14:46:25,10.1,0.0,1998.6,0.0,1988.5,0.0,0,0,0,0,0000000000000000000000000000000000000000
1,0x0018680,1727448386,2024-09-27 14:46:26,10.1,0.0,1998.6,0.0,1988.5,0.0,0,0,0,0,0000000000000000000000000000000000000000
1,0x00186C0,1727448386,2024-09-27 14:46:26,10.1,0.0,1998.6,0.0,1988.5,0.0,0,0,0,0,0000000000000000000000000000000000000000
1,0x0018700,1727448387,2024-09-27 14:46:27,10.1,10.1,1998.6,0.0,1988.5,0.0,0,0,0,0,0000000000000000000000000000000000000000
1,0x0018740,1727448388,2024-09-27 14:46:28,10.1,0.0,1998.6,0.0,1988.5,0.0,0,0,0,0,0000000000000000000000000000000000000000
1,0x0018780,1727448388,2024-09-27 14:46:28,10.1,0.0,1998.6,0.0,1988.5,0.0,0,0,0,0,0000000000000000000000000000000000000000
1,0x00187C0,1727448389,2024-09-27 14:46:29,10.1,0.0,1998.6,0.0,1988.5,0.0,0,0,0,0,0000000000000000000000000000000000000000
1,0x0018800,1727448416,2024-09-27 14:46:56,10.1,0.0,1998.6,0.0,1988.5,0.0,0,0,0,0,0000000000000000000000000000000000000000
1,0x0018840,1727448417,2024-09-27 14:46:57,10.1,0.0,1998.6,0.0,1988.5,0.0,0,0,0,0,0000000000000000000000000000000000000000
1,0x0018880,1727448417,2024-09-27 14:46:57,10.1,0.0,1998.6,0.0,1988.5,0.0,0,0,0,0,0000000000000000000000000000000000000000
1,0x00188C0,1727448418,2024-09-27 14:46:58,10.1,0.0,1998.6,0.0,1988.5,0.0,0,0,0,0,0000000000000000000000000000000000000000
1,0x0018900,1727448422,2024-09-27 14:47:02,10.1,10.1,1998.6,0.0,1988.5,0.0,0,0,0,0,0000000000000000000000000000000000000000
1,0x0018940,1727448423,2024-09-27 14:47:03,10.1,0.0,1998.6,0.0,1988.5,0.0,0,0,0,0,0000000000000000000000000000000000000000
1,0x0018980,1727448423,2024-09-27 14:47:03,10.1,0.0,1998.6,0.0,1988.5,0.0,0,0,0,0,0000000000000000000000000000000000000000
1,0x00189C0,1727448424,2024-09-27 14:47:04,10.1,0.0,1998.6,0.0,1988.5,0.0,0,0,0,0,0000000000000000000000000000000000000000
1,0x0018A00,1727448425,2024-09-27 14:47:05,10.1,0.0,1998.6,0.0,1988.5,0.0,0,0,0,0,0000000000000000000000000000000000000000
1,0x0018A40,1727448426,2024-09-27 14:47:06,10.1,0.0,1998.6,0.0,1988.5,0.0,0,0,0,0,0000000000000000000000000000000000000000
1,0x0018A80,1727448426,2024-09-27 14:47:06,10.1,0.0,1998.6,0.0,1988.5,0.0,0,0,0,0,0000000000000000000000000000000000000000
1,0x0018AC0,1727448427,2024-09-27 14:47:07,10.1,0.0,1998.6,0.0,1988.5,0.0,0,0,0,0,0000000000000000000000000000000000000000
1,0x0018B00,1727448427,2024-09-27 14:47:07,10.1,10.1,1998.6,0.0,1988.5,0.0,0,0,0,0,0000000000000000000000000000000000000000
1,0x0018B40,1727448428,2024-09-27 14:47:08,10.1,0.0,1998.6,0.0,1988.5,0.0,0,0,0,0,0000000000000000000000000000000000000000
1,0x0018B80,1727448428,2024-09-27 14:47:08,10.1,0.0,1998.6,0.0,1988.5,0.0,0,0,0,0,0000000000000000000000000000000000000000
1,0x0018BC0,1727448429,2024-09-27 14:47:09,10.1,0.0,1998.6,0.0,1988.5,0.0,0,0,0,0,0000000000000000000000000000000000000000
1,0x0018C00,1727448430,2024-09-27 14:47:10,10.1,0.0,1998.6,0.0,1988.5,0.0,0,0,0,0,0000000000000000000000000000000000000000
1,0x0018C40,1727448431,2024-09-27 14:47:11,10.1,0.0,1998.6,0.0,1988.5,0.0,0,0,0,0,0000000000000000000000000000000000000000
1,0x0018C80,1727448431,2024-09-27 14:47:11,10.1,0.0,1998.6,0.0,1988.5,0.0,0,0,0,0,0000000000000000000000000000000000000000
1,0x0018CC0,1727448432,2024-09-27 14:47:12,10.1,0.0,1998.6,0.0,1988.5,0.0,0,0,0,0,0000000000000000000000000000000000000000
1,0x0018D00,1727448432,2024-09-27 14:47:12,10.1,10.1,1998.6,0.0,1988.5,0.0,0,0,0,0,0000000000000000000000000000000000000000
1,0x0018D40,1727448433,2024-09-27 14:47:13,10.1,0.0,1998.6,0.0,1988.5,0.0,0,0,0,0,0000000000000000000000000000000000000000
1,0x0018D80,1727448433,2024-09-27 14:47:13,10.1,0.0,1998.6,0.0,1988.5,0.0,0,0,0,0,0000000000000000000000000000000000000000
1,0x0018DC0,1727448434,2024-09-27 14:47:14,10.1,0.0,1998.6,0.0,1988.5,1988.5,0,0,0,0,0000000000000000000000000000000000000000
1,0x0018E00,1727448435,2024-09-27 14:47:15,10.1,0.0,1998.6,0.0,1988.5,0.0,0,0,0,0,0000000000000000000000000000000000000000
1,0x0018E40,1727448435,2024-09-27 14:47:15,10.1,0.0,1998.6,0.0,1988.5,0.0,0,0,0,0,0000000000000000000000000000000000000000
1,0x0018E80,1727448436,2024-09-27 14:47:16,10.1,0.0,1998.6,0.0,1988.5,0.0,0,0,0,0,0000000000000000000000000000000000000000
1,0x0018EC0,1727448436,2024-09-27 14:47:16,10.1,0.0,1998.6,0.0,1988.5,0.0,0,0,0,0,0000000000000000000000000000000000000000
1,0x0018F00,1727448437,2024-09-27 14:47:17,10.1,0.0,1998.6,0.0,1988.5,0.0,0,0,0,0,0000000000000000000000000000000000000000
1,0x0018F40,1727448437,2024-09-27 14:47:17,10.1,0.0,1998.6,0.0,1988.5,0.0,0,0,0,0,0000000000000000000000000000000000000000
1,0x0018F80,1727448438,2024-09-27 14:47:18,10.1,0.0,1998.6,0.0,1988.5,0.0,0,0,0,0,0000000000000000000000000000000000000000
1,0x0018FC0,1727448438,2024-09-27 14:47:18,10.1,0.0,1998.6,0.0,1988.5,0.0,0,0,0,0,0000000000000000000000000000000000000000
1,0x0019000,1727448439,2024-09-27 14:47:19,10.1,0.0,1998.6,0.0,1988.5,1988.5,0,0,0,0,0000000000000000000000000000000000000000
1,0x0019040,1727448440,2024-09-27 14:47:20,10.1,0.0,1998.6,0.0,1988.5,0.0,0,0,0,0,0000000000000000000000000000000000000000
1,0x0019080,1727448440,2024-09-27 14:47:20,10.1,0.0,1998.6,0.0,1988.5,0.0,0,0,0,0,0000000000000000000000000000000000000000
1,0x00190C0,1727448441,2024-09-27 14:47:21,10.1,0.0,1998.6,0.0,1988.5,0.0,0,0,0,0,0000000000000000000000000000000000000000
1,0x0019100,1727448441,2024-09-27 14:47:21,10.1,0.0,1998.6,0.0,1988.5,0.0,0,0,0,0,0000000000000000000000000000000000000000
1,0x0019140,1727448442,2024-09-27 14:47:22,10.1,0.0,1998.6,0.0,1988.5,0.0,0,0,0,0,0000000000000000000000000000000000000000
1,0x0019180,1727448442,2024-09-27 14:47:22,10.1,0.0,1998.6,0.0,1988.5,0.0,0,0,0,0,0000000000000000000000000000000000000000
1,0x00191C0,1727448443,2024-09-27 14:47:23,10.1,0.0,1998.6,0.0,1988.5,0.0,0,0,0,0,0000000000000000000000000000000000000000
1,0x0019200,1727448444,2024-09-27 14:47:24,10.1,0.0,1998.6,0.0,1988.5,1988.5,0,0,0,0,0000000000000000000000000000000000000000
1,0x0019240,1727448445,2024-09-27 14:47:25,10.1,0.0,1998.6,0.0,1988.5,0.0,0,0,0,0,0000000000000000000000000000000000000000
1,0x0019280,1727448445,2024-09-27 14:47:25,10.1,0.0,1998.6,0.0,1988.5,0.0,0,0,0,0,0000000000000000000000000000000000000000
1,0x00192C0,1727448446,2024-09-27 14:47:26,10.1,0.0,1998.6,0.0,1988.5,0.0,0,0,0,0,0000000000000000000000000000000000000000
1,0x0019300,1727448446,2024-09-27 14:47:26,10.1,0.0,1998.6,0.0,1988.5,0.0,0,0,0,0,0000000000000000000000000000000000000000
1,0x0019340,1727448447,2024-09-27 14:47:27,10.1,0.0,1998.6,0.0,1988.5,0.0,0,0,0,0,0000000000000000000000000000000000000000
1,0x0019380,1727448447,2024-09-27 14:47:27,10.1,0.0,1998.6,0.0,1988.5,0.0,0,0,0,0,0000000000000000000000000000000000000000
1,0x00193C0,1727448448,2024-09-27 14:47:28,10.1,0.0,1998.6,0.0,1988.5,0.0,0,0,0,0,0000000000000000000000000000000000000000
1,0x0019400,1727448449,2024-09-27 14:47:29,10.1,0.0,1998.6,0.0,1988.5,1988.5,0,0,0,0,0000000000000000000000000000000000000000
1,0x0019440,1727448450,2024-09-27 14:47:30,10.1,0.0,1998.6,0.0,1988.5,0.0,0,0,0,0,0000000000000000000000000000000000000000
1,0x0019480,1727448450,2024-09-27 14:47:30,10.1,0.0,1998.6,0.0,1988.5,0.0,0,0,0,0,0000000000000000000000000000000000000000
1,0x00194C0,1727448451,2024-09-27 14:47:31,10.1,0.0,1998.6,0.0,1988.5,0.0,0,0,0,0,0000000000000000000000000000000000000000
1,0x0019500,1727448451,2024-09-27 14:47:31,10.1,0.0,1998.6,0.0,1988.5,0.0,0,0,0,0,0000000000000000000000000000000000000000
1,0x0019540,1727448452,2024-09-27 14:47:32,10.1,0.0,1998.6,0.0,1988.5,0.0,0,0,0,0,0000000000000000000000000000000000000000
1,0x0019580,1727448452,2024-09-27 14:47:32,10.1,0.0,1998.6,0.0,1988.5,0.0,0,0,0,0,0000000000000000000000000000000000000000
1,0x00195C0,1727448453,2024-09-27 14:47:33,10.1,0.0,1998.6,0.0,1988.5,0.0,0,0,0,0,0000000000000000000000000000000000000000
1,0x0019600,1727448454,2024-09-27 14:47:34,10.1,0.0,1998.6,0.0,1988.5,1988.5,0,0,0,0,0000000000000000000000000000000000000000
1,0x0019640,1727448455,2024-09-27 14:47:35,10.1,0.0,1998.6,0.0,1988.5,0.0,0,0,0,0,0000000000000000000000000000000000000000
1,0x0019680,1727448455,2024-09-27 14:47:35,10.1,0.0,1998.6,0.0,1988.5,0.0,0,0,0,0,0000000000000000000000000000000000000000
1,0x00196C0,1727448456,2024-09-27 14:47:36,10.1,0.0,1998.6,0.0,1988.5,0.0,0,0,0,0,0000000000000000000000000000000000000000
1,0x0019700,1727448456,2024-09-27 14:47:36,10.1,0.0,1998.6,0.0,1988.5,0.0,0,0,0,0,0000000000000000000000000000000000000000
1,0x0019740,1727448457,2024-09-27 14:47:37,10.1,0.0,1998.6,0.0,1988.5,0.0,0,0,0,0,0000000000000000000000000000000000000000
1,0x0019780,1727448457,2024-09-27 14:47:37,10.1,0.0,1998.6,0.0,1988.5,0.0,0,0,0,0,0000000000000000000000000000000000000000
1,0x00197C0,1727448458,2024-09-27 14:47:38,10.1,0.0,1998.6,0.0,1988.5,0.0,0,0,0,0,0000000000000000000000000000000000000000
1,0x0019800,1727448459,2024-09-27 14:47:39,10.1,0.0,1998.6,0.0,1988.5,1988.5,0,0,0,0,0000000000000000000000000000000000000000
1,0x0019840,1727448460,2024-09-27 14:47:40,10.1,0.0,1998.6,0.0,1988.5,0.0,0,0,0,0,0000000000000000000000000000000000000000
1,0x0019880,1727448460,2024-09-27 14:47:40,10.1,0.0,1998.6,0.0,1988.5,0.0,0,0,0,0,0000000000000000000000000000000000000000
1,0x00198C0,1727448461,2024-09-27 14:47:41,10.1,0.0,1998.6,0.0,1988.5,0.0,0,0,0,0,0000000000000000000000000000000000000000
1,0x0019900,1727448461,2024-09-27 14:47:41,10.1,0.0,1998.6,0.0,1988.5,0.0,0,0,0,0,0000000000000000000000000000000000000000
1,0x0019940,1727448462,2024-09-27 14:47:42,10.1,0.0,1998.6,0.0,1988.5,0.0,0,0,0,0,0000000000000000000000000000000000000000
1,0x0019980,1727448462,2024-09-27 14:47:42,10.1,0.0,1998.6,0.0,1988.5,0.0,0,0,0,0,0000000000000000000000000000000000000000
1,0x00199C0,1727448463,2024-09-27 14:47:43,10.1,0.0,1998.6,0.0,1988.5,0.0,0,0,0,0,0000000000000000000000000000000000000000
1,0x0019A00,1727448464,2024-09-27 14:47:44,10.1,0.0,1998.6,0.0,1988.5,1988.5,0,0,0,0,0000000000000000000000000000000000000000
1,0x0019A40,1727448465,2024-09-27 14:47:45,10.1,0.0,1998.6,0.0,1988.5,0.0,0,0,0,0,0000000000000000000000000000000000000000
1,0x0019A80,1727448465,2024-09-27 14:47:45,10.1,0.0,1998.6,0.0,1988.5,0.0,0,0,0,0,0000000000000000000000000000000000000000
1,0x0019AC0,1727448466,2024-09-27 14:47:46,10.1,0.0,1998.6,0.0,1988.5,0.0,0,0,0,0,0000000000000000000000000000000000000000
1,0x0019B00,1727448466,2024-09-27 14:47:46,10.1,0.0,1998.6,0.0,1988.5,0.0,0,0,0,0,0000000000000000000000000000000000000000
1,0x0019B40,1727448467,2024-09-27 14:47:47,10.1,0.0,1998.6,0.0,1988.5,0.0,0,0,0,0,0000000000000000000000000000000000000000
1,0x0019B80,1727448467,2024-09-27 14:47:47,10.1,0.0,1998.6,0.0,1988.5,0.0,0,0,0,0,0000000000000000000000000000000000000000
1,0x0019BC0,1727448468,2024-09-27 14:47:48,10.1,0.0,1998.6,0.0,1988.5,0.0,0,0,0,0,0000000000000000000000000000000000000000
1,0x0019C00,1727448469,2024-09-27 14:47:49,10.1,0.0,1998.6,0.0,1988.5,1988.5,0,0,0,0,0000000000000000000000000000000000000000
1,0x0019C40,1727448470,2024-09-27 14:47:50,10.1,0.0,1998.6,0.0,1988.5,0.0,0,0,0,0,0000000000000000000000000000000000000000
1,0x0019C80,1727448470,2024-09-27 14:47:50,10.1,0.0,1998.6,0.0,1988.5,0.0,0,0,0,0,0000000000000000000000000000000000000000
1,0x0019CC0,1727448471,2024-09-27 14:47:51,10.1,0.0,1998.6,0.0,1988.5,0.0,0,0,0,0,0000000000000000000000000000000000000000
1,0x0019D00,1727448471,2024-09-27 14:47:51,10.1,0.0,1998.6,0.0,1988.5,0.0,0,0,0,0,0000000000000000000000000000000000000000
1,0x0019D40,1727448472,2024-09-27 14:47:52,10.1,0.0,1998.6,0.0,1988.5,0.0,0,0,0,0,0000000000000000000000000000000000000000
1,0x0019D80,1727448472,2024-09-27 14:47:52,10.1,0.0,1998.6,0.0,1988.5,0.0,0,0,0,0,0000000000000000000000000000000000000000
1,0x0019DC0,1727448473,2024-09-27 14:47:53,10.1,0.0,1998.6,0.0,1988.5,0.0,0,0,0,0,0000000000000000000000000000000000000000
1,0x0019E00,1727448474,2024-09-27 14:47:54,10.1,0.0,1998.6,0.0,1988.5,1988.5,0,0,0,0,0000000000000000000000000000000000000000
1,0x0019E40,1727448475,2024-09-27 14:47:55,10.1,0.0,1998.6,0.0,1988.5,0.0,0,0,0,0,0000000000000000000000000000000000000000
1,0x0019E80,1727448475,2024-09-27 14:47:55,10.1,0.0,1998.6,0.0,1988.5,0.0,0,0,0,0,0000000000000000000000000000000000000000
1,0x0019EC0,1727448476,2024-09-27 14:47:56,10.1,0.0,1998.6,0.0,1988.5,0.0,0,0,0,0,0000000000000000000000000000000000000000
1,0x0019F00,1727448476,2024-09-27 14:47:56,10.1,0.0,1998.6,0.0,1988.5,0.0,0,0,0,0,0000000000000000000000000000000000000000
1,0x0019F40,1727448477,2024-09-27 14:47:57,10.1,0.0,1998.6,0.0,1988.5,0.0,0,0,0,0,0000000000000000000000000000000000000000
1,0x0019F80,1727448477,2024-09-27 14:47:57,10.1,0.0,1998.6,0.0,1988.5,0.0,0,0,0,0,0000000000000000000000000000000000000000
1,0x0019FC0,1727448478,2024-09-27 14:47:58,10.1,0.0,1998.6,0.0,1988.5,0.0,0,0,0,0,0000000000000000000000000000000000000000
1,0x001A000,1727448479,2024-09-27 14:47:59,10.1,0.0,1998.6,0.0,1988.5,1988.5,0,0,0,0,0000000000000000000000000000000000000000
1,0x001A040,1727448480,2024-09-27 14:48:00,10.1,0.0,1998.6,0.0,1988.5,0.0,0,0,0,0,0000000000000000000000000000000000000000
1,0x001A080,1727448480,2024-09-27 14:48:00,10.1,0.0,1998.6,0.0,1988.5,0.0,0,0,0,0,0000000000000000000000000000000000000000
1,0x001A0C0,1727448481,2024-09-27 14:48:01,10.1,0.0,1998.6,0.0,1988.5,0.0,0,0,0,0,0000000000000000000000000000000000000000
1,0x001A100,1727448481,2024-09-27 14:48:01,10.1,0.0,1998.6,0.0,1988.5,0.0,0,0,0,0,0000000000000000000000000000000000000000
1,0x001A140,1727448482,2024-09-27 14:48:02,10.1,0.0,1998.6,0.0,1988.5,0.0,0,0,0,0,0000000000000000000000000000000000000000
1,0x001A180,1727448482,2024-09-27 14:48:02,10.1,0.0,1998.6,0.0,1988.5,0.0,0,0,0,0,0000000000000000000000000000000000000000
1,0x001A1C0,1727448483,2024-09-27 14:48:03,10.1,0.0,1998.6,0.0,1988.5,0.0,0,0,0,0,0000000000000000000000000000000000000000
1,0x001A200,1727448484,2024-09-27 14:48:04,10.1,0.0,1998.6,0.0,1988.5,1988.5,0,0,0,0,0000000000000000000000000000000000000000
1,0x001A240,1727448485,2024-09-27 14:48:05,10.1,0.0,1998.6,0.0,1988.5,0.0,0,0,0,0,0000000000000000000000000000000000000000
1,0x001A280,1727448485,2024-09-27 14:48:05,10.1,0.0,1998.6,0.0,1988.5,0.0,0,0,0,0,0000000000000000000000000000000000000000
1,0x001A2C0,1727448486,2024-09-27 14:48:06,10.1,0.0,1998.6,0.0,1988.5,0.0,0,0,0,0,0000000000000000000000000000000000000000
1,0x001A300,1727448486,2024-09-27 14:48:06,10.1,0.0,1998.6,0.0,1988.5,0.0,0,0,0,0,0000000000000000000000000000000000000000
1,0x001A340,1727448487,2024-09-27 14:48:07,10.1,0.0,1998.6,0.0,1988.5,0.0,0,0,0,0,0000000000000000000000000000000000000000
1,0x001A380,1727448487,2024-09-27 14:48:07,10.1,0.0,1998.6,0.0,1988.5,0.0,0,0,0,0,0000000000000000000000000000000000000000
1,0x001A3C0,1727448488,2024-09-27 14:48:08,10.1,0.0,1998.6,0.0,1988.5,0.0,0,0,0,0,0000000000000000000000000000000000000000
1,0x001A400,1727448489,2024-09-27 14:48:09,10.1,0.0,1998.6,0.0,1988.5,1988.5,0,0,0,0,0000000000000000000000000000000000000000
1,0x001A440,1727448490,2024-09-27 14:48:10,10.1,0.0,1998.6,0.0,1988.5,0.0,0,0,0,0,0000000000000000000000000000000000000000
1,0x001A480,1727448490,2024-09-27 14:48:10,10.1,0.0,1998.6,0.0,1988.5,0.0,0,0,0,0,0000000000000000000000000000000000000000
1,0x001A4C0,1727448491,2024-09-27 14:48:11,10.1,0.0,1998.6,0.0,1988.5,0.0,0,0,0,0,0000000000000000000000000000000000000000
1,0x001A500,1727448491,2024-09-27 14:48:11,10.1,0.0,1998.6,0.0,1988.5,0.0,0,0,0,0,0000000000000000000000000000000000000000
1,0x001A540,1727448492,2024-09-27 14:48:12,10.1,0.0,1998.6,0.0,1988.5,0.0,0,0,0,0,0000000000000000000000000000000000000000
1,0x001A580,1727448492,2024-09-27 14:48:12,10.1,0.0,1998.6,0.0,1988.5,0.0,0,0,0,0,0000000000000000000000000000000000000000
1,0x001A5C0,1727448493,2024-09-27 14:48:13,10.1,0.0,1998.6,0.0,1988.5,0.0,0,0,0,0,0000000000000000000000000000000000000000
1,0x001A600,1727448494,2024-09-27 14:48:14,10.1,0.0,1998.6,0.0,1988.5,1988.5,0,0,0,0,0000000000000000000000000000000000000000
1,0x001A640,1727448495,2024-09-27 14:48:15,10.1,0.0,1998.6,0.0,1988.5,0.0,0,0,0,0,0000000000000000000000000000000000000000
1,0x001A680,1727448495,2024-09-27 14:48:15,10.1,0.0,1998.6,0.0,1988.5,0.0,0,0,0,0,0000000000000000000000000000000000000000
1,0x001A6C0,1727448496,2024-09-27 14:48:16,10.1,0.0,1998.6,0.0,1988.5,0.0,0,0,0,0,0000000000000000000000000000000000000000
1,0x001A700,1727448496,2024-09-27 14:48:16,10.1,0.0,1998.6,0.0,1988.5,0.0,0,0,0,0,0000000000000000000000000000000000000000
1,0x001A740,1727448497,2024-09-27 14:48:17,10.1,0.0,1998.6,0.0,1988.5,0.0,0,0,0,0,0000000000000000000000000000000000000000
1,0x001A780,1727448497,2024-09-27 14:48:17,10.1,0.0,1998.6,0.0,1988.5,0.0,0,0,0,0,0000000000000000000000000000000000000000
1,0x001A7C0,1727448498,2024-09-27 14:48:18,10.1,0.0,1998.6,0.0,1988.5,0.0,0,0,0,0,0000000000000000000000000000000000000000
1,0x001A800,1727448499,2024-09-27 14:48:19,10.1,0.0,1998.6,0.0,1988.5,1988.5,0,0,0,0,0000000000000000000000000000000000000000
1,0x001A840,1727448500,2024-09-27 14:48:20,10.1,0.0,1998.6,0.0,1988.5,0.0,0,0,0,0,0000000000000000000000000000000000000000
1,0x001A880,1727448500,2024-09-27 14:48:20,10.1,0.0,1998.6,0.0,1988.5,0.0,0,0,0,0,0000000000000000000000000000000000000000
1,0x001A8C0,1727448501,2024-09-27 14:48:21,10.1,0.0,1998.6,0.0,1988.5,0.0,0,0,0,0,0000000000000000000000000000000000000000
1,0x001A900,1727448501,2024-09-27 14:48:21,10.1,0.0,1998.6,0.0,1988.5,0.0,0,0,0,0,0000000000000000000000000000000000000000
1,0x001A940,1727448502,2024-09-27 14:48:22,10.1,0.0,1998.6,0.0,1988.5,0.0,0,0,0,0,0000000000000000000000000000000000000000
1,0x001A980,1727448502,2024-09-27 14:48:22,10.1,0.0,1998.6,0.0,1988.5,0.0,0,0,0,0,0000000000000000000000000000000000000000
1,0x001A9C0,1727448503,2024-09-27 14:48:23,10.1,0.0,1998.6,0.0,1988.5,0.0,0,0,0,0,0000000000000000000000000000000000000000
1,0x001AA00,1727448504,2024-09-27 14:48:24,10.1,0.0,1998.6,0.0,1988.5,1988.5,0,0,0,0,0000000000000000000000000000000000000000
1,0x001AA40,1727448505,2024-09-27 14:48:25,10.1,0.0,1998.6,0.0,1988.5,0.0,0,0,0,0,0000000000000000000000000000000000000000
1,0x001AA80,1727448505,2024-09-27 14:48:25,10.1,0.0,1998.6,0.0,1988.5,0.0,0,0,0,0,0000000000000000000000000000000000000000
1,0x001AAC0,1727448506,2024-09-27 14:48:26,10.1,0.0,1998.6,0.0,1988.5,0.0,0,0,0,0,0000000000000000000000000000000000000000
1,0x001AB00,1727448506,2024-09-27 14:48:26,10.1,0.0,1998.6,0.0,1988.5,0.0,0,0,0,0,0000000000000000000000000000000000000000
1,0x001AB40,1727448507,2024-09-27 14:48:27,10.1,0.0,1998.6,0.0,1988.5,0.0,0,0,0,0,0000000000000000000000000000000000000000
1,0x001AB80,1727448507,2024-09-27 14:48:27,10.1,0.0,1998.6,0.0,1988.5,0.0,0,0,0,0,0000000000000000000000000000000000000000
1,0x001ABC0,1727448508,2024-09-27 14:48:28,10.1,0.0,1998.6,0.0,1988.5,0.0,0,0,0,0,0000000000000000000000000000000000000000
1,0x001AC00,1727448509,2024-09-27 14:48:29,10.1,0.0,1998.6,0.0,1988.5,1988.5,0,0,0,0,0000000000000000000000000000000000000000
1,0x001AC40,1727448510,2024-09-27 14:48:30,10.1,0.0,1998.6,0.0,1988.5,0.0,0,0,0,0,0000000000000000000000000000000000000000
1,0x001AC80,1727448510,2024-09-27 14:48:30,10.1,0.0,1998.6,0.0,1988.5,0.0,0,0,0,0,0000000000000000000000000000000000000000
1,0x001ACC0,1727448511,2024-09-27 14:48:31,10.1,0.0,1998.6,0.0,1988.5,0.0,0,0,0,0,0000000000000000000000000000000000000000
1,0x001AD00,1727448511,2024-09-27 14:48:31,10.1,0.0,1998.6,0.0,1988.5,0.0,0,0,0,0,0000000000000000000000000000000000000000
1,0x001AD40,1727448512,2024-09-27 14:48:32,10.1,0.0,1998.6,0.0,1988.5,0.0,0,0,0,0,0000000000000000000000000000000000000000
1,0x001AD80,1727448512,2024-09-27 14:48:32,10.1,0.0,1998.6,0.0,1988.5,0.0,0,0,0,0,0000000000000000000000000000000000000000
1,0x001ADC0,1727448513,2024-09-27 14:48:33,10.1,0.0,1998.6,0.0,1988.5,0.0,0,0,0,0,0000000000000000000000000000000000000000
1,0x001AE00,1727448514,2024-09-27 14:48:34,10.1,0.0,1998.6,0.0,1988.5,1988.5,0,0,0,0,0000000000000000000000000000000000000000
1,0x001AE40,1727448515,2024-09-27 14:48:35,10.1,0.0,1998.6,0.0,1988.5,0.0,0,0,0,0,0000000000000000000000000000000000000000
1,0x001AE80,1727448515,2024-09-27 14:48:35,10.1,0.0,1998.6,0.0,1988.5,0.0,0,0,0,0,0000000000000000000000000000000000000000
1,0x001AEC0,1727448516,2024-09-27 14:48:36,10.1,0.0,1998.6,0.0,1988.5,0.0,0,0,0,0,0000000000000000000000000000000000000000
1,0x001AF00,1727448517,2024-09-27 14:48:37,10.1,10.1,1998.6,0.0,1988.5,0.0,0,0,0,0,0000000000000000000000000000000000000000
1,0x001AF40,1727448518,2024-09-27 14:48:38,10.1,0.0,1998.6,0.0,1988.5,0.0,0,0,0,0,0000000000000000000000000000000000000000
1,0x001AF80,1727448518,2024-09-27 14:48:38,10.1,0.0,1998.6,0.0,1988.5,0.0,0,0,0,0,0000000000000000000000000000000000000000
1,0x001AFC0,1727448519,2024-09-27 14:48:39,10.1,0.0,1998.6,0.0,1988.5,1988.5,0,0,0,0,0000000000000000000000000000000000000000
1,0x001B000,1727448520,2024-09-27 14:48:40,10.1,0.0,1998.6,0.0,1988.5,0.0,0,0,0,0,0000000000000000000000000000000000000000
1,0x001B040,1727448520,2024-09-27 14:48:40,10.1,0.0,1998.6,0.0,1988.5,0.0,0,0,0,0,0000000000000000000000000000000000000000
1,0x001B080,1727448521,2024-09-27 14:48:41,10.1,0.0,1998.6,0.0,1988.5,0.0,0,0,0,0,0000000000000000000000000000000000000000
1,0x001B0C0,1727448521,2024-09-27 14:48:41,10.1,0.0,1998.6,0.0,1988.5,0.0,0,0,0,0,0000000000000000000000000000000000000000
1,0x001B100,1727448522,2024-09-27 14:48:42,10.1,10.1,1998.6,0.0,1988.5,0.0,0,0,0,0,0000000000000000000000000000000000000000
1,0x001B140,1727448523,2024-09-27 14:48:43,10.1,0.0,1998.6,0.0,1988.5,0.0,0,0,0,0,0000000000000000000000000000000000000000
1,0x001B180,1727448523,2024-09-27 14:48:43,10.1,0.0,1998.6,0.0,1988.5,0.0,0,0,0,0,0000000000000000000000000000000000000000
1,0x001B1C0,1727448524,2024-09-27 14:48:44,10.1,0.0,1998.6,0.0,1988.5,0.0,0,0,0,0,0000000000000000000000000000000000000000
1,0x001B200,1727448557,2024-09-27 14:49:17,10.1,10.1,1998.6,0.0,1988.5,0.0,0,0,0,0,0000000000000000000000000000000000000000
1,0x001B240,1727448558,2024-09-27 14:49:18,10.1,0.0,1998.6,0.0,1988.5,0.0,0,0,0,0,0000000000000000000000000000000000000000
1,0x001B280,1727448558,2024-09-27 14:49:18,10.1,0.0,1998.6,0.0,1988.5,0.0,0,0,0,0,0000000000000000000000000000000000000000
1,0x001B2C0,1727448559,2024-09-27 14:49:19,10.1,0.0,1998.6,0.0,1988.5,0.0,0,0,0,0,0000000000000000000000000000000000000000
1,0x001B300,1727448560,2024-09-27 14:49:20,10.1,0.0,1998.6,0.0,1988.5,0.0,0,0,0,0,0000000000000000000000000000000000000000
1,0x001B340,1727448561,2024-09-27 14:49:21,10.1,0.0,1998.6,0.0,1988.5,0.0,0,0,0,0,0000000000000000000000000000000000000000
1,0x001B380,1727448561,2024-09-27 14:49:21,10.1,0.0,1998.6,0.0,1988.5,0.0,0,0,0,0,0000000000000000000000000000000000000000
1,0x001B3C0,1727448562,2024-09-27 14:49:22,10.1,0.0,1998.6,0.0,1988.5,0.0,0,0,0,0,0000000000000000000000000000000000000000
1,0x001B400,1727448562,2024-09-27 14:49:22,10.1,10.1,1998.6,0.0,1988.5,0.0,0,0,0,0,0000000000000000000000000000000000000000
1,0x001B440,1727448563,2024-09-27 14:49:23,10.1,0.0,1998.6,0.0,1988.5,0.0,0,0,0,0,0000000000000000000000000000000000000000
1,0x001B480,1727448563,2024-09-27 14:49:23,10.1,0.0,1998.6,0.0,1988.5,0.0,0,0,0,0,0000000000000000000000000000000000000000
1,0x001B4C0,1727448564,2024-09-27 14:49:24,10.1,0.0,1998.6,0.0,1988.5,0.0,0,0,0,0,0000000000000000000000000000000000000000
1,0x001B500,1727448565,2024-09-27 14:49:25,10.1,0.0,1998.6,0.0,1988.5,0.0,0,0,0,0,0000000000000000000000000000000000000000
1,0x001B540,1727448566,2024-09-27 14:49:26,10.1,0.0,1998.6,0.0,1988.5,0.0,0,0,0,0,0000000000000000000000000000000000000000
1,0x001B580,1727448566,2024-09-27 14:49:26,10.1,0.0,1998.6,0.0,1988.5,0.0,0,0,0,0,0000000000000000000000000000000000000000
1,0x001B5C0,1727448567,2024-09-27 14:49:27,10.1,0.0,1998.6,0.0,1988.5,0.0,0,0,0,0,0000000000000000000000000000000000000000
1,0x001B600,1727448567,2024-09-27 14:49:27,10.1,10.1,1998.6,0.0,1988.5,0.0,0,0,0,0,0000000000000000000000000000000000000000
1,0x001B640,1727448568,2024-09-27 14:49:28,10.1,0.0,1998.6,0.0,1988.5,0.0,0,0,0,0,0000000000000000000000000000000000000000
1,0x001B680,1727448568,2024-09-27 14:49:28,10.1,0.0,1998.6,0.0,1988.5,0.0,0,0,0,0,0000000000000000000000000000000000000000
1,0x001B6C0,1727448569,2024-09-27 14:49:29,10.1,0.0,1998.6,0.0,1988.5,1988.5,0,0,0,0,0000000000000000000000000000000000000000
1,0x001B700,1727448570,2024-09-27 14:49:30,10.1,0.0,1998.6,0.0,1988.5,0.0,0,0,0,0,0000000000000000000000000000000000000000
1,0x001B740,1727448570,2024-09-27 14:49:30,10.1,0.0,1998.6,0.0,1988.5,0.0,0,0,0,0,0000000000000000000000000000000000000000
1,0x001B780,1727448571,2024-09-27 14:49:31,10.1,0.0,1998.6,0.0,1988.5,0.0,0,0,0,0,0000000000000000000000000000000000000000
1,0x001B7C0,1727448571,2024-09-27 14:49:31,10.1,0.0,1998.6,0.0,1988.5,0.0,0,0,0,0,0000000000000000000000000000000000000000
1,0x001B800,1727448572,2024-09-27 14:49:32,10.1,0.0,1998.6,0.0,1988.5,0.0,0,0,0,0,0000000000000000000000000000000000000000
1,0x001B840,1727448572,2024-09-27 14:49:32,10.1,0.0,1998.6,0.0,1988.5,0.0,0,0,0,0,0000000000000000000000000000000000000000
1,0x001B880,1727448573,2024-09-27 14:49:33,10.1,0.0,1998.6,0.0,1988.5,0.0,0,0,0,0,0000000000000000000000000000000000000000
1,0x001B8C0,1727448573,2024-09-27 14:49:33,10.1,0.0,1998.6,0.0,1988.5,0.0,0,0,0,0,0000000000000000000000000000000000000000
1,0x001B900,1727448574,2024-09-27 14:49:34,10.1,0.0,1998.6,0.0,1988.5,1988.5,0,0,0,0,0000000000000000000000000000000000000000
1,0x001B940,1727448575,2024-09-27 14:49:35,10.1,0.0,1998.6,0.0,1988.5,0.0,0,0,0,0,0000000000000000000000000000000000000000
1,0x001B980,1727448575,2024-09-27 14:49:35,10.1,0.0,1998.6,0.0,1988.5,0.0,0,0,0,0,0000000000000000000000000000000000000000
1,0x001B9C0,1727448576,2024-09-27 14:49:36,10.1,0.0,1998.6,0.0,1988.5,0.0,0,0,0,0,0000000000000000000000000000000000000000
1,0x001BA00,1727448576,2024-09-27 14:49:36,10.1,0.0,1998.6,0.0,1988.5,0.0,0,0,0,0,0000000000000000000000000000000000000000
1,0x001BA40,1727448577,2024-09-27 14:49:37,10.1,0.0,1998.6,0.0,1988.5,0.0,0,0,0,0,0000000000000000000000000000000000000000
1,0x001BA80,1727448577,2024-09-27 14:49:37,10.1,0.0,1998.6,0.0,1988.5,0.0,0,0,0,0,0000000000000000000000000000000000000000
1,0x001BAC0,1727448578,2024-09-27 14:49:38,10.1,0.0,1998.6,0.0,1988.5,0.0,0,0,0,0,0000000000000000000000000000000000000000
1,0x001BB00,1727448579,2024-09-27 14:49:39,10.1,0.0,1998.6,0.0,1988.5,1988.5,0,0,0,0,0000000000000000000000000000000000000000
1,0x001BB40,1727448580,2024-09-27 14:49:40,10.1,0.0,1998.6,0.0,1988.5,0.0,0,0,0,0,0000000000000000000000000000000000000000
1,0x001BB80,1727448580,2024-09-27 14:49:40,10.1,0.0,1998.6,0.0,1988.5,0.0,0,0,0,0,0000000000000000000000000000000000000000
1,0x001BBC0,1727448581,2024-09-27 14:49:41,10.1,0.0,1998.6,0.0,1988.5,0.0,0,0,0,0,0000000000000000000000000000000000000000
1,0x001BC00,1727448581,2024-09-27 14:49:41,10.1,0.0,1998.6,0.0,1988.5,0.0,0,0,0,0,0000000000000000000000000000000000000000
1,0x001BC40,1727448582,2024-09-27 14:49:42,10.1,0.0,1998.6,0.0,1988.5,0.0,0,0,0,0,0000000000000000000000000000000000000000
1,0x001BC80,1727448582,2024-09-27 14:49:42,10.1,0.0,1998.6,0.0,1988.5,0.0,0,0,0,0,0000000000000000000000000000000000000000
1,0x001BCC0,1727448583,2024-09-27 14:49:43,10.1,0.0,1998.6,0.0,1988.5,0.0,0,0,0,0,0000000000000000000000000000000000000000
1,0x001BD00,1727448584,2024-09-27 14:49:44,10.1,0.0,1998.6,0.0,1988.5,1988.5,0,0,0,0,0000000000000000000000000000000000000000
1,0x001BD40,1727448585,2024-09-27 14:49:45,10.1,0.0,1998.6,0.0,1988.5,0.0,0,0,0,0,0000000000000000000000000000000000000000
1,0x001BD80,1727448585,2024-09-27 14:49:45,10.1,0.0,1998.6,0.0,1988.5,0.0,0,0,0,0,0000000000000000000000000000000000000000
1,0x001BDC0,1727448586,2024-09-27 14:49:46,10.1,0.0,1998.6,0.0,1988.5,0.0,0,0,0,0,0000000000000000000000000000000000000000
1,0x001BE00,1727448586,2024-09-27 14:49:46,10.1,0.0,1998.6,0.0,1988.5,0.0,0,0,0,0,0000000000000000000000000000000000000000
1,0x001BE40,1727448587,2024-09-27 14:49:47,10.1,0.0,1998.6,0.0,1988.5,0.0,0,0,0,0,0000000000000000000000000000000000000000
1,0x001BE80,1727448587,2024-09-27 14:49:47,10.1,0.0,1998.6,0.0,1988.5,0.0,0,0,0,0,0000000000000000000000000000000000000000
1,0x001BEC0,1727448588,2024-09-27 14:49:48,10.1,0.0,1998.6,0.0,1988.5,0.0,0,0,0,0,0000000000000000000000000000000000000000
1,0x001BF00,1727448589,2024-09-27 14:49:49,10.1,0.0,1998.6,0.0,1988.5,1988.5,0,0,0,0,0000000000000000000000000000000000000000
1,0x001BF40,1727448590,2024-09-27 14:49:50,10.1,0.0,1998.6,0.0,1988.5,0.0,0,0,0,0,0000000000000000000000000000000000000000
1,0x001BF80,1727448590,2024-09-27 14:49:50,10.1,0.0,1998.6,0.0,1988.5,0.0,0,0,0,0,0000000000000000000000000000000000000000
1,0x001BFC0,1727448591,2024-09-27 14:49:51,10.1,0.0,1998.6,0.0,1988.5,0.0,0,0,0,0,0000000000000000000000000000000000000000
1,0x001C000,1727448591,2024-09-27 14:49:51,10.1,0.0,1998.6,0.0,1988.5,0.0,0,0,0,0,0000000000000000000000000000000000000000
1,0x001C040,1727448592,2024-09-27 14:49:52,10.1,0.0,1998.6,0.0,1988.5,0.0,0,0,0,0,0000000000000000000000000000000000000000
1,0x001C080,1727448592,2024-09-27 14:49:52,10.1,0.0,1998.6,0.0,1988.5,0.0,0,0,0,0,0000000000000000000000000000000000000000
1,0x001C0C0,1727448593,2024-09-27 14:49:53,10.1,0.0,1998.6,0.0,1988.5,0.0,0,0,0,0,0000000000000000000000000000000000000000
1,0x001C100,1727448594,2024-09-27 14:49:54,10.1,0.0,1998.6,0.0,1988.5,1988.5,0,0,0,0,0000000000000000000000000000000000000000
1,0x001C140,1727448595,2024-09-27 14:49:55,10.1,0.0,1998.6,0.0,1988.5,0.0,0,0,0,0,0000000000000000000000000000000000000000
1,0x001C180,1727448595,2024-09-27 14:49:55,10.1,0.0,1998.6,0.0,1988.5,0.0,0,0,0,0,0000000000000000000000000000000000000000
1,0x001C1C0,1727448596,2024-09-27 14:49:56,10.1,0.0,1998.6,0.0,1988.5,0.0,0,0,0,0,0000000000000000000000000000000000000000
1,0x001C200,1727448596,2024-09-27 14:49:56,10.1,0.0,1998.6,0.0,1988.5,0.0,0,0,0,0,0000000000000000000000000000000000000000
1,0x001C240,1727448597,2024-09-27 14:49:57,10.1,0.0,1998.6,0.0,1988.5,0.0,0,0,0,0,0000000000000000000000000000000000000000
1,0x001C280,1727448597,2024-09-27 14:49:57,10.1,0.0,1998.6,0.0,1988.5,0.0,0,0,0,0,0000000000000000000000000000000000000000
1,0x001C2C0,1727448598,2024-09-27 14:49:58,10.1,0.0,1998.6,0.0,1988.5,0.0,0,0,0,0,0000000000000000000000000000000000000000
1,0x001C300,1727448599,2024-09-27 14:49:59,10.1,0.0,1998.6,0.0,1988.5,1988.5,0,0,0,0,0000000000000000000000000000000000000000
1,0x001C340,1727448600,2024-09-27 14:50:00,10.1,0.0,1998.6,0.0,1988.5,0.0,0,0,0,0,0000000000000000000000000000000000000000
1,0x001C380,1727448600,2024-09-27 14:50:00,10.1,0.0,1998.6,0.0,1988.5,0.0,0,0,0,0,0000000000000000000000000000000000000000
1,0x001C3C0,1727448601,2024-09-27 14:50:01,10.1,0.0,1998.6,0.0,1988.5,0.0,0,0,0,0,0000000000000000000000000000000000000000
1,0x001C400,1727448601,2024-09-27 14:50:01,10.1,0.0,1998.6,0.0,1988.5,0.0,0,0,0,0,0000000000000000000000000000000000000000
1,0x001C440,1727448602,2024-09-27 14:50:02,10.1,0.0,1998.6,0.0,1988.5,0.0,0,0,0,0,0000000000000000000000000000000000000000
1,0x001C480,1727448602,2024-09-27 14:50:02,10.1,0.0,1998.6,0.0,1988.5,0.0,0,0,0,0,0000000000000000000000000000000000000000
1,0x001C4C0,1727448603,2024-09-27 14:50:03,10.1,0.0,1998.6,0.0,1988.5,0.0,0,0,0,0,0000000000000000000000000000000000000000
1,0x001C500,1727448604,2024-09-27 14:50:04,10.1,0.0,1998.6,0.0,1988.5,1988.5,0,0,0,0,0000000000000000000000000000000000000000
1,0x001C540,1727448605,2024-09-27 14:50:05,10.1,0.0,1998.6,0.0,1988.5,0.0,0,0,0,0,0000000000000000000000000000000000000000
1,0x001C580,1727448605,2024-09-27 14:50:05,10.1,0.0,1998.6,0.0,1988.5,0.0,0,0,0,0,0000000000000000000000000000000000000000
1,0x001C5C0,1727448606,2024-09-27 14:50:06,10.1,0.0,1998.6,0.0,1988.5,0.0,0,0,0,0,0000000000000000000000000000000000000000
1,0x001C600,1727448606,2024-09-27 14:50:06,10.1,0.0,1998.6,0.0,1988.5,0.0,0,0,0,0,0000000000000000000000000000000000000000
1,0x001C640,1727448607,2024-09-27 14:50:07,10.1,0.0,1998.6,0.0,1988.5,0.0,0,0,0,0,0000000000000000000000000000000000000000
1,0x001C680,1727448607,2024-09-27 14:50:07,10.1,0.0,1998.6,0.0,1988.5,0.0,0,0,0,0,0000000000000000000000000000000000000000
1,0x001C6C0,1727448608,2024-09-27 14:50:08,10.1,0.0,1998.6,0.0,1988.5,0.0,0,0,0,0,0000000000000000000000000000000000000000
1,0x001C700,1727448609,2024-09-27 14:50:09,10.1,0.0,1998.6,0.0,1988.5,1988.5,0,0,0,0,0000000000000000000000000000000000000000
1,0x001C740,1727448610,2024-09-27 14:50:10,10.1,0.0,1998.6,0.0,1988.5,0.0,0,0,0,0,0000000000000000000000000000000000000000
1,0x001C780,1727448610,2024-09-27 14:50:10,10.1,0.0,1998.6,0.0,1988.5,0.0,0,0,0,0,0000000000000000000000000000000000000000
1,0x001C7C0,1727448611,2024-09-27 14:50:11,10.1,0.0,1998.6,0.0,1988.5,0.0,0,0,0,0,0000000000000000000000000000000000000000
1,0x001C800,1727448611,2024-09-27 14:50:11,10.1,0.0,1998.6,0.0,1988.5,0.0,0,0,0,0,0000000000000000000000000000000000000000
1,0x001C840,1727448612,2024-09-27 14:50:12,10.1,0.0,1998.6,0.0,1988.5,0.0,0,0,0,0,0000000000000000000000000000000000000000
1,0x001C880,1727448612,2024-09-27 14:50:12,10.1,0.0,1998.6,0.0,1988.5,0.0,0,0,0,0,0000000000000000000000000000000000000000
1,0x001C8C0,1727448613,2024-09-27 14:50:13,10.1,0.0,1998.6,0.0,1988.5,0.0,0,0,0,0,0000000000000000000000000000000000000000
1,0x001C900,1727448614,2024-09-27 14:50:14,10.1,0.0,1998.6,0.0,1988.5,1988.5,0,0,0,0,0000000000000000000000000000000000000000
1,0x001C940,1727448615,2024-09-27 14:50:15,10.1,0.0,1998.6,0.0,1988.5,0.0,0,0,0,0,0000000000000000000000000000000000000000
1,0x001C980,1727448615,2024-09-27 14:50:15,10.1,0.0,1998.6,0.0,1988.5,0.0,0,0,0,0,0000000000000000000000000000000000000000
1,0x001C9C0,1727448616,2024-09-27 14:50:16,10.1,0.0,1998.6,0.0,1988.5,0.0,0,0,0,0,0000000000000000000000000000000000000000
1,0x001CA00,1727448616,2024-09-27 14:50:16,10.1,0.0,1998.6,0.0,1988.5,0.0,0,0,0,0,0000000000000000000000000000000000000000
1,0x001CA40,1727448617,2024-09-27 14:50:17,10.1,0.0,1998.6,0.0,1988.5,0.0,0,0,0,0,0000000000000000000000000000000000000000
1,0x001CA80,1727448617,2024-09-27 14:50:17,10.1,0.0,1998.6,0.0,1988.5,0.0,0,0,0,0,0000000000000000000000000000000000000000
1,0x001CAC0,1727448618,2024-09-27 14:50:18,10.1,0.0,1998.6,0.0,1988.5,0.0,0,0,0,0,0000000000000000000000000000000000000000
1,0x001CB00,1727448619,2024-09-27 14:50:19,10.1,0.0,1998.6,0.0,1988.5,1988.5,0,0,0,0,0000000000000000000000000000000000000000
1,0x001CB40,1727448620,2024-09-27 14:50:20,10.1,0.0,1998.6,0.0,1988.5,0.0,0,0,0,0,0000000000000000000000000000000000000000
1,0x001CB80,1727448620,2024-09-27 14:50:20,10.1,0.0,1998.6,0.0,1988.5,0.0,0,0,0,0,0000000000000000000000000000000000000000
1,0x001CBC0,1727448621,2024-09-27 14:50:21,10.1,0.0,1998.6,0.0,1988.5,0.0,0,0,0,0,0000000000000000000000000000000000000000
1,0x001CC00,1727448621,2024-09-27 14:50:21,10.1,0.0,1998.6,0.0,1988.5,0.0,0,0,0,0,0000000000000000000000000000000000000000
1,0x001CC40,1727448622,2024-09-27 14:50:22,10.1,0.0,1998.6,0.0,1988.5,0.0,0,0,0,0,0000000000000000000000000000000000000000
1,0x001CC80,1727448622,2024-09-27 14:50:22,10.1,0.0,1998.6,0.0,1988.5,0.0,0,0,0,0,0000000000000000000000000000000000000000
1,0x001CCC0,1727448623,2024-09-27 14:50:23,10.1,0.0,1998.6,0.0,1988.5,0.0,0,0,0,0,0000000000000000000000000000000000000000
1,0x001CD00,1727448624,2024-09-27 14:50:24,10.1,0.0,1998.6,0.0,1988.5,1988.5,0,0,0,0,0000000000000000000000000000000000000000
1,0x001CD40,1727448625,2024-09-27 14:50:25,10.1,0.0,1998.6,0.0,1988.5,0.0,0,0,0,0,0000000000000000000000000000000000000000
1,0x001CD80,1727448625,2024-09-27 14:50:25,10.1,0.0,1998.6,0.0,1988.5,0.0,0,0,0,0,0000000000000000000000000000000000000000
1,0x001CDC0,1727448626,2024-09-27 14:50:26,10.1,0.0,1998.6,0.0,1988.5,0.0,0,0,0,0,0000000000000000000000000000000000000000
1,0x001CE00,1727448626,2024-09-27 14:50:26,10.1,0.0,1998.6,0.0,1988.5,0.0,0,0,0,0,0000000000000000000000000000000000000000
1,0x001CE40,1727448627,2024-09-27 14:50:27,10.1,0.0,1998.6,0.0,1988.5,0.0,0,0,0,0,0000000000000000000000000000000000000000
1,0x001CE80,1727448627,2024-09-27 14:50:27,10.1,0.0,1998.6,0.0,1988.5,0.0,0,0,0,0,0000000000000000000000000000000000000000
1,0x001CEC0,1727448628,2024-09-27 14:50:28,10.1,0.0,1998.6,0.0,1988.5,0.0,0,0,0,0,0000000000000000000000000000000000000000
1,0x001CF00,1727448629,2024-09-27 14:50:29,10.1,0.0,1998.6,0.0,1988.5,1988.5,0,0,0,0,0000000000000000000000000000000000000000
1,0x001CF40,1727448630,2024-09-27 14:50:30,10.1,0.0,1998.6,0.0,1988.5,0.0,0,0,0,0,0000000000000000000000000000000000000000
1,0x001CF80,1727448630,2024-09-27 14:50:30,10.1,0.0,1998.6,0.0,1988.5,0.0,0,0,0,0,0000000000000000000000000000000000000000
1,0x001CFC0,1727448631,2024-09-27 14:50:31,10.1,0.0,1998.6,0.0,1988.5,0.0,0,0,0,0,0000000000000000000000000000000000000000
1,0x001D000,1727448729,2024-09-27 14:52:09,10.1,0.0,1998.6,0.0,1988.5,1988.5,0,0,0,0,0000000000000000000000000000000000000000
1,0x001D040,1727448730,2024-09-27 14:52:10,10.1,0.0,1998.6,0.0,1988.5,0.0,0,0,0,0,0000000000000000000000000000000000000000
1,0x001D080,1727448730,2024-09-27 14:52:10,10.1,0.0,1998.6,0.0,1988.5,0.0,0,0,0,0,0000000000000000000000000000000000000000
1,0x001D0C0,1727448731,2024-09-27 14:52:11,10.1,0.0,1998.6,0.0,1988.5,0.0,0,0,0,0,0000000000000000000000000000000000000000
1,0x001D100,1727448736,2024-09-27 14:52:16,10.1,0.0,1998.6,0.0,1988.5,0.0,0,0,0,0,0000000000000000000000000000000000000000
1,0x001D140,1727448737,2024-09-27 14:52:17,10.1,0.0,1998.6,0.0,1988.5,0.0,0,0,0,0,0000000000000000000000000000000000000000
1,0x001D180,1727448737,2024-09-27 14:52:17,10.1,0.0,1998.6,0.0,1988.5,0.0,0,0,0,0,0000000000000000000000000000000000000000
1,0x001D1C0,1727448738,2024-09-27 14:52:18,10.1,0.0,1998.6,0.0,1988.5,0.0,0,0,0,0,0000000000000000000000000000000000000000
1,0x001D200,1727448739,2024-09-27 14:52:19,10.1,0.0,1998.6,0.0,1988.5,1988.5,0,0,0,0,0000000000000000000000000000000000000000
1,0x001D240,1727448740,2024-09-27 14:52:20,10.1,0.0,1998.6,0.0,1988.5,0.0,0,0,0,0,0000000000000000000000000000000000000000
1,0x001D280,1727448740,2024-09-27 14:52:20,10.1,0.0,1998.6,0.0,1988.5,0.0,0,0,0,0,0000000000000000000000000000000000000000
1,0x001D2C0,1727448741,2024-09-27 14:52:21,10.1,0.0,1998.6,0.0,1988.5,0.0,0,0,0,0,0000000000000000000000000000000000000000
1,0x001D300,1727448741,2024-09-27 14:52:21,10.1,0.0,1998.6,0.0,1988.5,0.0,0,0,0,0,0000000000000000000000000000000000000000
1,0x001D340,1727448742,2024-09-27 14:52:22,10.1,0.0,1998.6,0.0,1988.5,0.0,0,0,0,0,0000000000000000000000000000000000000000
1,0x001D380,1727448742,2024-09-27 14:52:22,10.1,0.0,1998.6,0.0,1988.5,0.0,0,0,0,0,0000000000000000000000000000000000000000
1,0x001D3C0,1727448743,2024-09-27 14:52:23,10.1,0.0,1998.6,0.0,1988.5,0.0,0,0,0,0,0000000000000000000000000000000000000000
1,0x001D400,1727448744,2024-09-27 14:52:24,10.1,0.0,1998.6,0.0,1988.5,1988.5,0,0,0,0,0000000000000000000000000000000000000000
1,0x001D440,1727448745,2024-09-27 14:52:25,10.1,0.0,1998.6,0.0,1988.5,0.0,0,0,0,0,0000000000000000000000000000000000000000
1,0x001D480,1727448745,2024-09-27 14:52:25,10.1,0.0,1998.6,0.0,1988.5,0.0,0,0,0,0,0000000000000000000000000000000000000000
1,0x001D4C0,1727448746,2024-09-27 14:52:26,10.1,0.0,1998.6,0.0,1988.5,0.0,0,0,0,0,0000000000000000000000000000000000000000
1,0x001D500,1727448746,2024-09-27 14:52:26,10.1,0.0,1998.6,0.0,1988.5,0.0,0,0,0,0,0000000000000000000000000000000000000000
1,0x001D540,1727448747,2024-09-27 14:52:27,10.1,0.0,1998.6,0.0,1988.5,0.0,0,0,0,0,0000000000000000000000000000000000000000
1,0x001D580,1727448747,2024-09-27 14:52:27,10.1,0.0,1998.6,0.0,1988.5,0.0,0,0,0,0,0000000000000000000000000000000000000000
1,0x001D5C0,1727448748,2024-09-27 14:52:28,10.1,0.0,1998.6,0.0,1988.5,0.0,0,0,0,0,0000000000000000000000000000000000000000
1,0x001D600,1727448749,2024-09-27 14:52:29,10.1,0.0,1998.6,0.0,1988.5,1988.5,0,0,0,0,0000000000000000000000000000000000000000
1,0x001D640,1727448750,2024-09-27 14:52:30,10.1,0.0,1998.6,0.0,1988.5,0.0,0,0,0,0,0000000000000000000000000000000000000000
1,0x001D680,1727448750,2024-09-27 14:52:30,10.1,0.0,1998.6,0.0,1988.5,0.0,0,0,0,0,0000000000000000000000000000000000000000
1,0x001D6C0,1727448751,2024-09-27 14:52:31,10.1,0.0,1998.6,0.0,1988.5,0.0,0,0,0,0,0000000000000000000000000000000000000000
1,0x001D700,1727448751,2024-09-27 14:52:31,10.1,0.0,1998.6,0.0,1988.5,0.0,0,0,0,0,0000000000000000000000000000000000000000
1,0x001D740,1727448752,2024-09-27 14:52:32,10.1,0.0,1998.6,0.0,1988.5,0.0,0,0,0,0,0000000000000000000000000000000000000000
1,0x001D780,1727448752,2024-09-27 14:52:32,10.1,0.0,1998.6,0.0,1988.5,0.0,0,0,0,0,0000000000000000000000000000000000000000
1,0x001D7C0,1727448753,2024-09-27 14:52:33,10.1,0.0,1998.6,0.0,1988.5,0.0,0,0,0,0,0000000000000000000000000000000000000000
1,0x001D800,1727448754,2024-09-27 14:52:34,10.1,0.0,1998.6,0.0,1988.5,1988.5,0,0,0,0,0000000000000000000000000000000000000000
1,0x001D840,1727448755,2024-09-27 14:52:35,10.1,0.0,1998.6,0.0,1988.5,0.0,0,0,0,0,0000000000000000000000000000000000000000
1,0x001D880,1727448755,2024-09-27 14:52:35,10.1,0.0,1998.6,0.0,1988.5,0.0,0,0,0,0,0000000000000000000000000000000000000000
1,0x001D8C0,1727448756,2024-09-27 14:52:36,10.1,0.0,1998.6,0.0,1988.5,0.0,0,0,0,0,0000000000000000000000000000000000000000
1,0x001D900,1727448756,2024-09-27 14:52:36,10.1,0.0,1998.6,0.0,1988.5,0.0,0,0,0,0,0000000000000000000000000000000000000000
1,0x001D940,1727448757,2024-09-27 14:52:37,10.1,0.0,1998.6,0.0,1988.5,0.0,0,0,0,0,0000000000000000000000000000000000000000
1,0x001D980,1727448757,2024-09-27 14:52:37,10.1,0.0,1998.6,0.0,1988.5,0.0,0,0,0,0,0000000000000000000000000000000000000000
1,0x001D9C0,1727448758,2024-09-27 14:52:38,10.1,0.0,1998.6,0.0,1988.5,0.0,0,0,0,0,0000000000000000000000000000000000000000
1,0x001DA00,1727448759,2024-09-27 14:52:39,10.1,0.0,1998.6,0.0,1988.5,1988.5,0,0,0,0,0000000000000000000000000000000000000000
1,0x001DA40,1727448760,2024-09-27 14:52:40,10.1,0.0,1998.6,0.0,1988.5,0.0,0,0,0,0,0000000000000000000000000000000000000000
1,0x001DA80,1727448760,2024-09-27 14:52:40,10.1,0.0,1998.6,0.0,1988.5,0.0,0,0,0,0,0000000000000000000000000000000000000000
1,0x001DAC0,1727448761,2024-09-27 14:52:41,10.1,0.0,1998.6,0.0,1988.5,0.0,0,0,0,0,0000000000000000000000000000000000000000
1,0x001DB00,1727448761,2024-09-27 14:52:41,10.1,0.0,1998.6,0.0,1988.5,0.0,0,0,0,0,0000000000000000000000000000000000000000
1,0x001DB40,1727448762,2024-09-27 14:52:42,10.1,0.0,1998.6,0.0,1988.5,0.0,0,0,0,0,0000000000000000000000000000000000000000
1,0x001DB80,1727448762,2024-09-27 14:52:42,10.1,0.0,1998.6,0.0,1988.5,0.0,0,0,0,0,0000000000000000000000000000000000000000
1,0x001DBC0,1727448763,2024-09-27 14:52:43,10.1,0.0,1998.6,0.0,1988.5,0.0,0,0,0,0,0000000000000000000000000000000000000000
1,0x001DC00,1727448861,2024-09-27 14:54:21,10.1,0.0,1998.6,0.0,1988.5,0.0,0,0,0,0,0000000000000000000000000000000000000000
1,0x001DC40,1727448862,2024-09-27 14:54:22,10.1,0.0,1998.6,0.0,1988.5,0.0,0,0,0,0,0000000000000000000000000000000000000000
1,0x001DC80,1727448862,2024-09-27 14:54:22,10.1,0.0,1998.6,0.0,1988.5,0.0,0,0,0,0,0000000000000000000000000000000000000000
1,0x001DCC0,1727448863,2024-09-27 14:54:23,10.1,0.0,1998.6,0.0,1988.5,0.0,0,0,0,0,0000000000000000000000000000000000000000
1,0x001DD00,1727448864,2024-09-27 14:54:24,10.1,0.0,1998.6,0.0,1988.5,1988.5,0,0,0,0,0000000000000000000000000000000000000000
1,0x001DD40,1727448865,2024-09-27 14:54:25,10.1,0.0,1998.6,0.0,1988.5,0.0,0,0,0,0,0000000000000000000000000000000000000000
1,0x001DD80,1727448865,2024-09-27 14:54:25,10.1,0.0,1998.6,0.0,1988.5,0.0,0,0,0,0,0000000000000000000000000000000000000000
1,0x001DDC0,1727448866,2024-09-27 14:54:26,10.1,0.0,1998.6,0.0,1988.5,0.0,0,0,0,0,0000000000000000000000000000000000000000
1,0x001DE00,1727448866,2024-09-27 14:54:26,10.1,0.0,1998.6,0.0,1988.5,0.0,0,0,0,0,0000000000000000000000000000000000000000
1,0x001DE40,1727448867,2024-09-27 14:54:27,10.1,0.0,1998.6,0.0,1988.5,0.0,0,0,0,0,0000000000000000000000000000000000000000
1,0x001DE80,1727448867,2024-09-27 14:54:27,10.1,0.0,1998.6,0.0,1988.5,0.0,0,0,0,0,0000000000000000000000000000000000000000
1,0x001DEC0,1727448868,2024-09-27 14:54:28,10.1,0.0,1998.6,0.0,1988.5,0.0,0,0,0,0,0000000000000000000000000000000000000000
1,0x001DF00,1727448871,2024-09-27 14:54:31,10.1,0.0,1998.6,0.0,1988.5,0.0,0,0,0,0,0000000000000000000000000000000000000000
1,0x001DF40,1727448872,2024-09-27 14:54:32,10.1,0.0,1998.6,0.0,1988.5,0.0,0,0,0,0,0000000000000000000000000000000000000000
1,0x001DF80,1727448872,2024-09-27 14:54:32,10.1,0.0,1998.6,0.0,1988.5,0.0,0,0,0,0,0000000000000000000000000000000000000000
1,0x001DFC0,1727448873,2024-09-27 14:54:33,10.1,0.0,1998.6,0.0,1988.5,0.0,0,0,0,0,0000000000000000000000000000000000000000
1,0x001E000,1727448874,2024-09-27 14:54:34,10.1,0.0,1998.6,0.0,1988.5,1988.5,0,0,0,0,0000000000000000000000000000000000000000
1,0x001E040,1727448875,2024-09-27 14:54:35,10.1,0.0,1998.6,0.0,1988.5,0.0,0,0,0,0,0000000000000000000000000000000000000000
1,0x001E080,1727448875,2024-09-27 14:54:35,10.1,0.0,1998.6,0.0,1988.5,0.0,0,0,0,0,0000000000000000000000000000000000000000
1,0x001E0C0,1727448876,2024-09-27 14:54:36,10.1,0.0,1998.6,0.0,1988.5,0.0,0,0,0,0,0000000000000000000000000000000000000000
1,0x001E100,1727448876,2024-09-27 14:54:36,10.1,0.0,1998.6,0.0,1988.5,0.0,0,0,0,0,0000000000000000000000000000000000000000
1,0x001E140,1727448877,2024-09-27 14:54:37,10.1,0.0,1998.6,0.0,1988.5,0.0,0,0,0,0,0000000000000000000000000000000000000000
1,0x001E180,1727448877,2024-09-27 14:54:37,10.1,0.0,1998.6,0.0,1988.5,0.0,0,0,0,0,0000000000000000000000000000000000000000
1,0x001E1C0,1727448878,2024-09-27 14:54:38,10.1,0.0,1998.6,0.0,1988.5,0.0,0,0,0,0,0000000000000000000000000000000000000000
1,0x001E200,1727448879,2024-09-27 14:54:39,10.1,0.0,1998.6,0.0,1988.5,1988.5,0,0,0,0,0000000000000000000000000000000000000000
1,0x001E240,1727448880,2024-09-27 14:54:40,10.1,0.0,1998.6,0.0,1988.5,0.0,0,0,0,0,0000000000000000000000000000000000000000
1,0x001E280,1727448880,2024-09-27 14:54:40,10.1,0.0,1998.6,0.0,1988.5,0.0,0,0,0,0,0000000000000000000000000000000000000000
1,0x001E2C0,1727448881,2024-09-27 14:54:41,10.1,0.0,1998.6,0.0,1988.5,0.0,0,0,0,0,0000000000000000000000000000000000000000
1,0x001E300,1727448881,2024-09-27 14:54:41,10.1,0.0,1998.6,0.0,1988.5,0.0,0,0,0,0,0000000000000000000000000000000000000000
1,0x001E340,1727448882,2024-09-27 14:54:42,10.1,0.0,1998.6,0.0,1988.5,0.0,0,0,0,0,0000000000000000000000000000000000000000
1,0x001E380,1727448882,2024-09-27 14:54:42,10.1,0.0,1998.6,0.0,1988.5,0.0,0,0,0,0,0000000000000000000000000000000000000000
1,0x001E3C0,1727448883,2024-09-27 14:54:43,10.1,0.0,1998.6,0.0,1988.5,0.0,0,0,0,0,0000000000000000000000000000000000000000
1,0x001E400,1727448884,2024-09-27 14:54:44,10.1,0.0,1998.6,0.0,1988.5,1988.5,0,0,0,0,0000000000000000000000000000000000000000
1,0x001E440,1727448885,2024-09-27 14:54:45,10.1,0.0,1998.6,0.0,1988.5,0.0,0,0,0,0,0000000000000000000000000000000000000000
1,0x001E480,1727448885,2024-09-27 14:54:45,10.1,0.0,1998.6,0.0,1988.5,0.0,0,0,0,0,0000000000000000000000000000000000000000
1,0x001E4C0,1727448886,2024-09-27 14:54:46,10.1,0.0,1998.6,0.0,1988.5,0.0,0,0,0,0,0000000000000000000000000000000000000000
1,0x001E500,1727448886,2024-09-27 14:54:46,10.1,0.0,1998.6,0.0,1988.5,0.0,0,0,0,0,0000000000000000000000000000000000000000
1,0x001E540,1727448887,2024-09-27 14:54:47,10.1,0.0,1998.6,0.0,1988.5,0.0,0,0,0,0,0000000000000000000000000000000000000000
1,0x001E580,1727448887,2024-09-27 14:54:47,10.1,0.0,1998.6,0.0,1988.5,0.0,0,0,0,0,0000000000000000000000000000000000000000
1,0x001E5C0,1727448888,2024-09-27 14:54:48,10.1,0.0,1998.6,0.0,1988.5,0.0,0,0,0,0,0000000000000000000000000000000000000000
1,0x001E600,1727448889,2024-09-27 14:54:49,10.1,0.0,1998.6,0.0,1988.5,1988.5,0,0,0,0,0000000000000000000000000000000000000000
1,0x001E640,1727448890,2024-09-27 14:54:50,10.1,0.0,1998.6,0.0,1988.5,0.0,0,0,0,0,0000000000000000000000000000000000000000
1,0x001E680,1727448890,2024-09-27 14:54:50,10.1,0.0,1998.6,0.0,1988.5,0.0,0,0,0,0,0000000000000000000000000000000000000000
1,0x001E6C0,1727448891,2024-09-27 14:54:51,10.1,0.0,1998.6,0.0,1988.5,0.0,0,0,0,0,0000000000000000000000000000000000000000
1,0x001E700,1727448891,2024-09-27 14:54:51,10.1,0.0,1998.6,0.0,1988.5,0.0,0,0,0,0,0000000000000000000000000000000000000000
1,0x001E740,1727448892,2024-09-27 14:54:52,10.1,0.0,1998.6,0.0,1988.5,0.0,0,0,0,0,0000000000000000000000000000000000000000
1,0x001E780,1727448892,2024-09-27 14:54:52,10.1,0.0,1998.6,0.0,1988.5,0.0,0,0,0,0,0000000000000000000000000000000000000000
1,0x001E7C0,1727448893,2024-09-27 14:54:53,10.1,0.0,1998.6,0.0,1988.5,0.0,0,0,0,0,0000000000000000000000000000000000000000
1,0x001E800,1727448894,2024-09-27 14:54:54,10.1,0.0,1998.6,0.0,1988.5,1988.5,0,0,0,0,0000000000000000000000000000000000000000
1,0x001E840,1727448895,2024-09-27 14:54:55,10.1,0.0,1998.6,0.0,1988.5,0.0,0,0,0,0,0000000000000000000000000000000000000000
1,0x001E880,1727448895,2024-09-27 14:54:55,10.1,0.0,1998.6,0.0,1988.5,0.0,0,0,0,0,0000000000000000000000000000000000000000
1,0x001E8C0,1727448896,2024-09-27 14:54:56,10.1,0.0,1998.6,0.0,1988.5,0.0,0,0,0,0,0000000000000000000000000000000000000000
1,0x001E900,1727448896,2024-09-27 14:54:56,10.1,0.0,1998.6,0.0,1988.5,0.0,0,0,0,0,0000000000000000000000000000000000000000
1,0x001E940,1727448897,2024-09-27 14:54:57,10.1,0.0,1998.6,0.0,1988.5,0.0,0,0,0,0,0000000000000000000000000000000000000000
1,0x001E980,1727448897,2024-09-27 14:54:57,10.1,0.0,1998.6,0.0,1988.5,0.0,0,0,0,0,0000000000000000000000000000000000000000
1,0x001E9C0,1727448898,2024-09-27 14:54:58,10.1,0.0,1998.6,0.0,1988.5,0.0,0,0,0,0,0000000000000000000000000000000000000000
1,0x001EA00,1727449001,2024-09-27 14:56:41,10.1,0.0,1998.6,0.0,1988.5,0.0,0,0,0,0,0000000000000000000000000000000000000000
1,0x001EA40,1727449002,2024-09-27 14:56:42,10.1,0.0,1998.6,0.0,1988.5,0.0,0,0,0,0,0000000000000000000000000000000000000000
1,0x001EA80,1727449002,2024-09-27 14:56:42,10.1,0.0,1998.6,0.0,1988.5,0.0,0,0,0,0,0000000000000000000000000000000000000000
1,0x001EAC0,1727449003,2024-09-27 14:56:43,10.1,0.0,1998.6,0.0,1988.5,0.0,0,0,0,0,0000000000000000000000000000000000000000
1,0x001EB00,1727449004,2024-09-27 14:56:44,10.1,0.0,1998.6,0.0,1988.5,1988.5,0,0,0,0,0000000000000000000000000000000000000000
1,0x001EB40,1727449005,2024-09-27 14:56:45,10.1,0.0,1998.6,0.0,1988.5,0.0,0,0,0,0,0000000000000000000000000000000000000000
1,0x001EB80,1727449005,2024-09-27 14:56:45,10.1,0.0,1998.6,0.0,1988.5,0.0,0,0,0,0,0000000000000000000000000000000000000000
1,0x001EBC0,1727449006,2024-09-27 14:56:46,10.1,0.0,1998.6,0.0,1988.5,0.0,0,0,0,0,0000000000000000000000000000000000000000
1,0x001EC00,1727449006,2024-09-27 14:56:46,10.1,0.0,1998.6,0.0,1988.5,0.0,0,0,0,0,0000000000000000000000000000000000000000
1,0x001EC40,1727449007,2024-09-27 14:56:47,10.1,0.0,1998.6,0.0,1988.5,0.0,0,0,0,0,0000000000000000000000000000000000000000
1,0x001EC80,1727449007,2024-09-27 14:56:47,10.1,0.0,1998.6,0.0,1988.5,0.0,0,0,0,0,0000000000000000000000000000000000000000
1,0x001ECC0,1727449008,2024-09-27 14:56:48,10.1,0.0,1998.6,0.0,1988.5,0.0,0,0,0,0,0000000000000000000000000000000000000000
1,0x001ED00,1727449009,2024-09-27 14:56:49,10.1,0.0,1998.6,0.0,1988.5,1988.5,0,0,0,0,0000000000000000000000000000000000000000
1,0x001ED40,1727449010,2024-09-27 14:56:50,10.1,0.0,1998.6,0.0,1988.5,0.0,0,0,0,0,0000000000000000000000000000000000000000
1,0x001ED80,1727449010,2024-09-27 14:56:50,10.1,0.0,1998.6,0.0,1988.5,0.0,0,0,0,0,0000000000000000000000000000000000000000
1,0x001EDC0,1727449011,2024-09-27 14:56:51,10.1,0.0,1998.6,0.0,1988.5,0.0,0,0,0,0,0000000000000000000000000000000000000000
1,0x001EE00,1727449011,2024-09-27 14:56:51,10.1,0.0,1998.6,0.0,1988.5,0.0,0,0,0,0,0000000000000000000000000000000000000000
1,0x001EE40,1727449012,2024-09-27 14:56:52,10.1,0.0,1998.6,0.0,1988.5,0.0,0,0,0,0,0000000000000000000000000000000000000000
1,0x001EE80,1727449012,2024-09-27 14:56:52,10.1,0.0,1998.6,0.0,1988.5,0.0,0,0,0,0,0000000000000000000000000000000000000000
1,0x001EEC0,1727449013,2024-09-27 14:56:53,10.1,0.0,1998.6,0.0,1988.5,0.0,0,0,0,0,0000000000000000000000000000000000000000
1,0x001EF00,1727449014,2024-09-27 14:56:54,10.1,0.0,1998.6,0.0,1988.5,1988.5,0,0,0,0,0000000000000000000000000000000000000000
1,0x001EF40,1727449015,2024-09-27 14:56:55,10.1,0.0,1998.6,0.0,1988.5,0.0,0,0,0,0,0000000000000000000000000000000000000000
1,0x001EF80,1727449015,2024-09-27 14:56:55,10.1,0.0,1998.6,0.0,1988.5,0.0,0,0,0,0,0000000000000000000000000000000000000000
1,0x001EFC0,1727449016,2024-09-27 14:56:56,10.1,0.0,1998.6,0.0,1988.5,0.0,0,0,0,0,0000000000000000000000000000000000000000
1,0x001F000,1727449016,2024-09-27 14:56:56,10.1,0.0,1998.6,0.0,1988.5,0.0,0,0,0,0,0000000000000000000000000000000000000000
1,0x001F040,1727449017,2024-09-27 14:56:57,10.1,0.0,1998.6,0.0,1988.5,0.0,0,0,0,0,0000000000000000000000000000000000000000
1,0x001F080,1727449017,2024-09-27 14:56:57,10.1,0.0,1998.6,0.0,1988.5,0.0,0,0,0,0,0000000000000000000000000000000000000000
1,0x001F0C0,1727449018,2024-09-27 14:56:58,10.1,0.0,1998.6,0.0,1988.5,0.0,0,0,0,0,0000000000000000000000000000000000000000
1,0x001F100,1727449034,2024-09-27 14:57:14,10.1,0.0,1998.6,0.0,1988.5,1988.5,0,0,0,0,0000000000000000000000000000000000000000
1,0x001F140,1727449035,2024-09-27 14:57:15,10.1,0.0,1998.6,0.0,1988.5,0.0,0,0,0,0,0000000000000000000000000000000000000000
1,0x001F180,1727449035,2024-09-27 14:57:15,10.1,0.0,1998.6,0.0,1988.5,0.0,0,0,0,0,0000000000000000000000000000000000000000
1,0x001F1C0,1727449036,2024-09-27 14:57:16,10.1,0.0,1998.6,0.0,1988.5,0.0,0,0,0,0,0000000000000000000000000000000000000000
1,0x001F200,1727449036,2024-09-27 14:57:16,10.1,0.0,1998.6,0.0,1988.5,0.0,0,0,0,0,0000000000000000000000000000000000000000
1,0x001F240,1727449037,2024-09-27 14:57:17,10.1,0.0,1998.6,0.0,1988.5,0.0,0,0,0,0,0000000000000000000000000000000000000000
1,0x001F280,1727449037,2024-09-27 14:57:17,10.1,0.0,1998.6,0.0,1988.5,0.0,0,0,0,0,0000000000000000000000000000000000000000
1,0x001F2C0,1727449038,2024-09-27 14:57:18,10.1,0.0,1998.6,0.0,1988.5,0.0,0,0,0,0,0000000000000000000000000000000000000000
1,0x001F300,1727449040,2024-09-27 14:57:20,10.1,0.0,1998.6,0.0,1988.5,0.0,0,0,0,0,0000000000000000000000000000000000000000
1,0x001F340,1727449041,2024-09-27 14:57:21,10.1,0.0,1998.6,0.0,1988.5,0.0,0,0,0,0,0000000000000000000000000000000000000000
1,0x001F380,1727449041,2024-09-27 14:57:21,10.1,0.0,1998.6,0.0,1988.5,0.0,0,0,0,0,0000000000000000000000000000000000000000
1,0x001F3C0,1727449042,2024-09-27 14:57:22,10.1,0.0,1998.6,0.0,1988.5,0.0,0,0,0,0,0000000000000000000000000000000000000000
1,0x001F400,1727449042,2024-09-27 14:57:22,10.1,10.1,1998.6,0.0,1988.5,0.0,0,0,0,0,0000000000000000000000000000000000000000
1,0x001F440,1727449043,2024-09-27 14:57:23,10.1,0.0,1998.6,0.0,1988.5,0.0,0,0,0,0,0000000000000000000000000000000000000000
1,0x001F480,1727449044,2024-09-27 14:57:24,10.1,0.0,1998.6,0.0,1988.5,0.0,0,0,0,0,0000000000000000000000000000000000000000
1,0x001F4C0,1727449044,2024-09-27 14:57:24,10.1,0.0,1998.6,0.0,1988.5,0.0,0,0,0,0,0000000000000000000000000000000000000000
1,0x001F500,1727449047,2024-09-27 14:57:27,10.1,10.1,1998.6,0.0,1988.5,0.0,0,0,0,0,0000000000000000000000000000000000000000
1,0x001F540,1727449048,2024-09-27 14:57:28,10.1,0.0,1998.6,0.0,1988.5,0.0,0,0,0,0,0000000000000000000000000000000000000000
1,0x001F580,1727449049,2024-09-27 14:57:29,10.1,0.0,1998.6,0.0,1988.5,0.0,0,0,0,0,0000000000000000000000000000000000000000
1,0x001F5C0,1727449049,2024-09-27 14:57:29,10.1,0.0,1998.6,0.0,1988.5,0.0,0,0,0,0,0000000000000000000000000000000000000000
1,0x001F600,1727449050,2024-09-27 14:57:30,10.1,0.0,1998.6,0.0,1988.5,0.0,0,0,0,0,0000000000000000000000000000000000000000
1,0x001F640,1727449051,2024-09-27 14:57:31,10.1,0.0,1998.6,0.0,1988.5,0.0,0,0,0,0,0000000000000000000000000000000000000000
1,0x001F680,1727449051,2024-09-27 14:57:31,10.1,0.0,1998.6,0.0,1988.5,0.0,0,0,0,0,0000000000000000000000000000000000000000
1,0x001F6C0,1727449052,2024-09-27 14:57:32,10.1,0.0,1998.6,0.0,1988.5,0.0,0,0,0,0,0000000000000000000000000000000000000000
1,0x001F700,1727449052,2024-09-27 14:57:32,10.1,10.1,1998.6,0.0,1988.5,0.0,0,0,0,0,0000000000000000000000000000000000000000
1,0x001F740,1727449053,2024-09-27 14:57:33,10.1,0.0,1998.6,0.0,1988.5,0.0,0,0,0,0,0000000000000000000000000000000000000000
1,0x001F780,1727449054,2024-09-27 14:57:34,10.1,0.0,1998.6,0.0,1988.5,0.0,0,0,0,0,0000000000000000000000000000000000000000
1,0x001F7C0,1727449054,2024-09-27 14:57:34,10.1,0.0,1998.6,0.0,1988.5,1988.5,0,0,0,0,0000000000000000000000000000000000000000
1,0x001F800,1727449055,2024-09-27 14:57:35,10.1,0.0,1998.6,0.0,1988.5,0.0,0,0,0,0,0000000000000000000000000000000000000000
1,0x001F840,1727449055,2024-09-27 14:57:35,10.1,0.0,1998.6,0.0,1988.5,0.0,0,0,0,0,0000000000000000000000000000000000000000
1,0x001F880,1727449056,2024-09-27 14:57:36,10.1,0.0,1998.6,0.0,1988.5,0.0,0,0,0,0,0000000000000000000000000000000000000000
1,0x001F8C0,1727449056,2024-09-27 14:57:36,10.1,0.0,1998.6,0.0,1988.5,0.0,0,0,0,0,0000000000000000000000000000000000000000
1,0x001F900,1727449057,2024-09-27 14:57:37,10.1,0.0,1998.6,0.0,1988.5,0.0,0,0,0,0,0000000000000000000000000000000000000000
1,0x001F940,1727449057,2024-09-27 14:57:37,10.1,0.0,1998.6,0.0,1988.5,0.0,0,0,0,0,0000000000000000000000000000000000000000
1,0x001F980,1727449058,2024-09-27 14:57:38,10.1,0.0,1998.6,0.0,1988.5,0.0,0,0,0,0,0000000000000000000000000000000000000000
1,0x001F9C0,1727449059,2024-09-27 14:57:39,10.1,0.0,1998.6,0.0,1988.5,0.0,0,0,0,0,0000000000000000000000000000000000000000
1,0x001FA00,1727449059,2024-09-27 14:57:39,10.1,0.0,1998.6,0.0,1988.5,1988.5,0,0,0,0,0000000000000000000000000000000000000000
1,0x001FA40,1727449060,2024-09-27 14:57:40,10.1,0.0,1998.6,0.0,1988.5,0.0,0,0,0,0,0000000000000000000000000000000000000000
1,0x001FA80,1727449060,2024-09-27 14:57:40,10.1,0.0,1998.6,0.0,1988.5,0.0,0,0,0,0,0000000000000000000000000000000000000000
1,0x001FAC0,1727449061,2024-09-27 14:57:41,10.1,0.0,1998.6,0.0,1988.5,0.0,0,0,0,0,0000000000000000000000000000000000000000
1,0x001FB00,1727449061,2024-09-27 14:57:41,10.1,0.0,1998.6,0.0,1988.5,0.0,0,0,0,0,0000000000000000000000000000000000000000
1,0x001FB40,1727449062,2024-09-27 14:57:42,10.1,0.0,1998.6,0.0,1988.5,0.0,0,0,0,0,0000000000000000000000000000000000000000
1,0x001FB80,1727449062,2024-09-27 14:57:42,10.1,0.0,1998.6,0.0,1988.5,0.0,0,0,0,0,0000000000000000000000000000000000000000
1,0x001FBC0,1727449063,2024-09-27 14:57:43,10.1,0.0,1998.6,0.0,1988.5,0.0,0,0,0,0,0000000000000000000000000000000000000000
1,0x001FC00,1727449064,2024-09-27 14:57:44,10.1,0.0,1998.6,0.0,1988.5,1988.5,0,0,0,0,0000000000000000000000000000000000000000
1,0x001FC40,1727449065,2024-09-27 14:57:45,10.1,0.0,1998.6,0.0,1988.5,0.0,0,0,0,0,0000000000000000000000000000000000000000
1,0x001FC80,1727449065,2024-09-27 14:57:45,10.1,0.0,1998.6,0.0,1988.5,0.0,0,0,0,0,0000000000000000000000000000000000000000
1,0x001FCC0,1727449066,2024-09-27 14:57:46,10.1,0.0,1998.6,0.0,1988.5,0.0,0,0,0,0,0000000000000000000000000000000000000000
1,0x001FD00,1727449066,2024-09-27 14:57:46,10.1,0.0,1998.6,0.0,1988.5,0.0,0,0,0,0,0000000000000000000000000000000000000000
1,0x001FD40,1727449067,2024-09-27 14:57:47,10.1,0.0,1998.6,0.0,1988.5,0.0,0,0,0,0,0000000000000000000000000000000000000000
1,0x001FD80,1727449067,2024-09-27 14:57:47,10.1,0.0,1998.6,0.0,1988.5,0.0,0,0,0,0,0000000000000000000000000000000000000000
1,0x001FDC0,1727449068,2024-09-27 14:57:48,10.1,0.0,1998.6,0.0,1988.5,0.0,0,0,0,0,0000000000000000000000000000000000000000
1,0x001FE00,1727449069,2024-09-27 14:57:49,10.1,0.0,1998.6,0.0,1988.5,1988.5,0,0,0,0,0000000000000000000000000000000000000000
1,0x001FE40,1727449070,2024-09-27 14:57:50,10.1,0.0,1998.6,0.0,1988.5,0.0,0,0,0,0,0000000000000000000000000000000000000000
1,0x001FE80,1727449070,2024-09-27 14:57:50,10.1,0.0,1998.6,0.0,1988.5,0.0,0,0,0,0,0000000000000000000000000000000000000000
1,0x001FEC0,1727449071,2024-09-27 14:57:51,10.1,0.0,1998.6,0.0,1988.5,0.0,0,0,0,0,0000000000000000000000000000000000000000
1,0x001FF00,1727449071,2024-09-27 14:57:51,10.1,0.0,1998.6,0.0,1988.5,0.0,0,0,0,0,0000000000000000000000000000000000000000
1,0x001FF40,1727449072,2024-09-27 14:57:52,10.1,0.0,1998.6,0.0,1988.5,0.0,0,0,0,0,0000000000000000000000000000000000000000
1,0x001FF80,1727449072,2024-09-27 14:57:52,10.1,0.0,1998.6,0.0,1988.5,0.0,0,0,0,0,0000000000000000000000000000000000000000
1,0x001FFC0,1727449073,2024-09-27 14:57:53,10.1,0.0,1998.6,0.0,1988.5,0.0,0,0,0,0,0000000000000000000000000000000000000000
1,0x0020000,1727449074,2024-09-27 14:57:54,10.1,0.0,1998.6,0.0,1988.5,1988.5,0,0,0,0,0000000000000000000000000000000000000000
1,0x0020040,1727449075,2024-09-27 14:57:55,10.1,0.0,1998.6,0.0,1988.5,0.0,0,0,0,0,0000000000000000000000000000000000000000
1,0x0020080,1727449075,2024-09-27 14:57:55,10.1,0.0,1998.6,0.0,1988.5,0.0,0,0,0,0,0000000000000000000000000000000000000000
1,0x00200C0,1727449076,2024-09-27 14:57:56,10.1,0.0,1998.6,0.0,1988.5,0.0,0,0,0,0,0000000000000000000000000000000000000000
1,0x0020100,1727449076,2024-09-27 14:57:56,10.1,0.0,1998.6,0.0,1988.5,0.0,0,0,0,0,0000000000000000000000000000000000000000
1,0x0020140,1727449077,2024-09-27 14:57:57,10.1,0.0,1998.6,0.0,1988.5,0.0,0,0,0,0,0000000000000000000000000000000000000000
1,0x0020180,1727449077,2024-09-27 14:57:57,10.1,0.0,1998.6,0.0,1988.5,0.0,0,0,0,0,0000000000000000000000000000000000000000
1,0x00201C0,1727449078,2024-09-27 14:57:58,10.1,0.0,1998.6,0.0,1988.5,0.0,0,0,0,0,0000000000000000000000000000000000000000
1,0x0020200,1727449079,2024-09-27 14:57:59,10.1,0.0,1998.6,0.0,1988.5,1988.5,0,0,0,0,0000000000000000000000000000000000000000
1,0x0020240,1727449080,2024-09-27 14:58:00,10.1,0.0,1998.6,0.0,1988.5,0.0,0,0,0,0,0000000000000000000000000000000000000000
1,0x0020280,1727449080,2024-09-27 14:58:00,10.1,0.0,1998.6,0.0,1988.5,0.0,0,0,0,0,0000000000000000000000000000000000000000
1,0x00202C0,1727449081,2024-09-27 14:58:01,10.1,0.0,1998.6,0.0,1988.5,0.0,0,0,0,0,0000000000000000000000000000000000000000
1,0x0020300,1727449081,2024-09-27 14:58:01,10.1,0.0,1998.6,0.0,1988.5,0.0,0,0,0,0,0000000000000000000000000000000000000000
1,0x0020340,1727449082,2024-09-27 14:58:02,10.1,0.0,1998.6,0.0,1988.5,0.0,0,0,0,0,0000000000000000000000000000000000000000
1,0x0020380,1727449082,2024-09-27 14:58:02,10.1,0.0,1998.6,0.0,1988.5,0.0,0,0,0,0,0000000000000000000000000000000000000000
1,0x00203C0,1727449083,2024-09-27 14:58:03,10.1,0.0,1998.6,0.0,1988.5,0.0,0,0,0,0,0000000000000000000000000000000000000000
1,0x0020400,1727449084,2024-09-27 14:58:04,10.1,0.0,1998.6,0.0,1988.5,1988.5,0,0,0,0,0000000000000000000000000000000000000000
1,0x0020440,1727449085,2024-09-27 14:58:05,10.1,0.0,1998.6,0.0,1988.5,0.0,0,0,0,0,0000000000000000000000000000000000000000
1,0x0020480,1727449085,2024-09-27 14:58:05,10.1,0.0,1998.6,0.0,1988.5,0.0,0,0,0,0,0000000000000000000000000000000000000000
1,0x00204C0,1727449086,2024-09-27 14:58:06,10.1,0.0,1998.6,0.0,1988.5,0.0,0,0,0,0,0000000000000000000000000000000000000000
1,0x0020500,1727449086,2024-09-27 14:58:06,10.1,0.0,1998.6,0.0,1988.5,0.0,0,0,0,0,0000000000000000000000000000000000000000
1,0x0020540,1727449087,2024-09-27 14:58:07,10.1,0.0,1998.6,0.0,1988.5,0.0,0,0,0,0,0000000000000000000000000000000000000000
1,0x0020580,1727449087,2024-09-27 14:58:07,10.1,0.0,1998.6,0.0,1988.5,0.0,0,0,0,0,0000000000000000000000000000000000000000
1,0x00205C0,1727449088,2024-09-27 14:58:08,10.1,0.0,1998.6,0.0,1988.5,0.0,0,0,0,0,0000000000000000000000000000000000000000
1,0x0020600,1727449089,2024-09-27 14:58:09,10.1,0.0,1998.6,0.0,1988.5,1988.5,0,0,0,0,0000000000000000000000000000000000000000
1,0x0020640,1727449090,2024-09-27 14:58:10,10.1,0.0,1998.6,0.0,1988.5,0.0,0,0,0,0,0000000000000000000000000000000000000000
1,0x0020680,1727449090,2024-09-27 14:58:10,10.1,0.0,1998.6,0.0,1988.5,0.0,0,0,0,0,0000000000000000000000000000000000000000
1,0x00206C0,1727449091,2024-09-27 14:58:11,10.1,0.0,1998.6,0.0,1988.5,0.0,0,0,0,0,0000000000000000000000000000000000000000
1,0x0020700,1727449091,2024-09-27 14:58:11,10.1,0.0,1998.6,0.0,1988.5,0.0,0,0,0,0,0000000000000000000000000000000000000000
1,0x0020740,1727449092,2024-09-27 14:58:12,10.1,0.0,1998.6,0.0,1988.5,0.0,0,0,0,0,0000000000000000000000000000000000000000
1,0x0020780,1727449092,2024-09-27 14:58:12,10.1,0.0,1998.6,0.0,1988.5,0.0,0,0,0,0,0000000000000000000000000000000000000000
1,0x00207C0,1727449093,2024-09-27 14:58:13,10.1,0.0,1998.6,0.0,1988.5,0.0,0,0,0,0,0000000000000000000000000000000000000000
1,0x0020800,1727449094,2024-09-27 14:58:14,10.1,0.0,1998.6,0.0,1988.5,1988.5,0,0,0,0,0000000000000000000000000000000000000000
1,0x0020840,1727449095,2024-09-27 14:58:15,10.1,0.0,1998.6,0.0,1988.5,0.0,0,0,0,0,0000000000000000000000000000000000000000
1,0x0020880,1727449095,2024-09-27 14:58:15,10.1,0.0,1998.6,0.0,1988.5,0.0,0,0,0,0,0000000000000000000000000000000000000000
1,0x00208C0,1727449096,2024-09-27 14:58:16,10.1,0.0,1998.6,0.0,1988.5,0.0,0,0,0,0,0000000000000000000000000000000000000000
1,0x0020900,1727449096,2024-09-27 14:58:16,10.1,0.0,1998.6,0.0,1988.5,0.0,0,0,0,0,0000000000000000000000000000000000000000
1,0x0020940,1727449097,2024-09-27 14:58:17,10.1,0.0,1998.6,0.0,1988.5,0.0,0,0,0,0,0000000000000000000000000000000000000000
1,0x0020980,1727449097,2024-09-27 14:58:17,10.1,0.0,1998.6,0.0,1988.5,0.0,0,0,0,0,0000000000000000000000000000000000000000
1,0x00209C0,1727449098,2024-09-27 14:58:18,10.1,0.0,1998.6,0.0,1988.5,0.0,0,0,0,0,0000000000000000000000000000000000000000
1,0x0020A00,1727449099,2024-09-27 14:58:19,10.1,0.0,1998.6,0.0,1988.5,1988.5,0,0,0,0,0000000000000000000000000000000000000000
1,0x0020A40,1727449100,2024-09-27 14:58:20,10.1,0.0,1998.6,0.0,1988.5,0.0,0,0,0,0,0000000000000000000000000000000000000000
1,0x0020A80,1727449100,2024-09-27 14:58:20,10.1,0.0,1998.6,0.0,1988.5,0.0,0,0,0,0,0000000000000000000000000000000000000000
1,0x0020AC0,1727449101,2024-09-27 14:58:21,10.1,0.0,1998.6,0.0,1988.5,0.0,0,0,0,0,0000000000000000000000000000000000000000
1,0x0020B00,1727449101,2024-09-27 14:58:21,10.1,0.0,1998.6,0.0,1988.5,0.0,0,0,0,0,0000000000000000000000000000000000000000
1,0x0020B40,1727449102,2024-09-27 14:58:22,10.1,0.0,1998.6,0.0,1988.5,0.0,0,0,0,0,0000000000000000000000000000000000000000
1,0x0020B80,1727449102,2024-09-27 14:58:22,10.1,0.0,1998.6,0.0,1988.5,0.0,0,0,0,0,0000000000000000000000000000000000000000
1,0x0020BC0,1727449103,2024-09-27 14:58:23,10.1,0.0,1998.6,0.0,1988.5,0.0,0,0,0,0,0000000000000000000000000000000000000000
1,0x0020C00,1727449104,2024-09-27 14:58:24,10.1,0.0,1998.6,0.0,1988.5,1988.5,0,0,0,0,0000000000000000000000000000000000000000
1,0x0020C40,1727449105,2024-09-27 14:58:25,10.1,0.0,1998.6,0.0,1988.5,0.0,0,0,0,0,0000000000000000000000000000000000000000
1,0x0020C80,1727449105,2024-09-27 14:58:25,10.1,0.0,1998.6,0.0,1988.5,0.0,0,0,0,0,0000000000000000000000000000000000000000
1,0x0020CC0,1727449106,2024-09-27 14:58:26,10.1,0.0,1998.6,0.0,1988.5,0.0,0,0,0,0,0000000000000000000000000000000000000000
1,0x0020D00,1727449106,2024-09-27 14:58:26,10.1,0.0,1998.6,0.0,1988.5,0.0,0,0,0,0,0000000000000000000000000000000000000000
1,0x0020D40,1727449107,2024-09-27 14:58:27,10.1,0.0,1998.6,0.0,1988.5,0.0,0,0,0,0,0000000000000000000000000000000000000000
1,0x0020D80,1727449107,2024-09-27 14:58:27,10.1,0.0,1998.6,0.0,1988.5,0.0,0,0,0,0,0000000000000000000000000000000000000000
1,0x0020DC0,1727449108,2024-09-27 14:58:28,10.1,0.0,1998.6,0.0,1988.5,0.0,0,0,0,0,0000000000000000000000000000000000000000
1,0x0020E00,1727449109,2024-09-27 14:58:29,10.1,0.0,1998.6,0.0,1988.5,1988.5,0,0,0,0,0000000000000000000000000000000000000000
1,0x0020E40,1727449110,2024-09-27 14:58:30,10.1,0.0,1998.6,0.0,1988.5,0.0,0,0,0,0,0000000000000000000000000000000000000000
1,0x0020E80,1727449110,2024-09-27 14:58:30,10.1,0.0,1998.6,0.0,1988.5,0.0,0,0,0,0,0000000000000000000000000000000000000000
1,0x0020EC0,1727449111,2024-09-27 14:58:31,10.1,0.0,1998.6,0.0,1988.5,0.0,0,0,0,0,0000000000000000000000000000000000000000
1,0x0020F00,1727449111,2024-09-27 14:58:31,10.1,0.0,1998.6,0.0,1988.5,0.0,0,0,0,0,0000000000000000000000000000000000000000
1,0x0020F40,1727449112,2024-09-27 14:58:32,10.1,0.0,1998.6,0.0,1988.5,0.0,0,0,0,0,0000000000000000000000000000000000000000
1,0x0020F80,1727449112,2024-09-27 14:58:32,10.1,0.0,1998.6,0.0,1988.5,0.0,0,0,0,0,0000000000000000000000000000000000000000
1,0x0020FC0,1727449113,2024-09-27 14:58:33,10.1,0.0,1998.6,0.0,1988.5,0.0,0,0,0,0,0000000000000000000000000000000000000000
1,0x0021000,1727449114,2024-09-27 14:58:34,10.1,0.0,1998.6,0.0,1988.5,1988.5,0,0,0,0,0000000000000000000000000000000000000000
1,0x0021040,1727449115,2024-09-27 14:58:35,10.1,0.0,1998.6,0.0,1988.5,0.0,0,0,0,0,0000000000000000000000000000000000000000
1,0x0021080,1727449115,2024-09-27 14:58:35,10.1,0.0,1998.6,0.0,1988.5,0.0,0,0,0,0,0000000000000000000000000000000000000000
1,0x00210C0,1727449116,2024-09-27 14:58:36,10.1,0.0,1998.6,0.0,1988.5,0.0,0,0,0,0,0000000000000000000000000000000000000000
1,0x0021100,1727449116,2024-09-27 14:58:36,10.1,0.0,1998.6,0.0,1988.5,0.0,0,0,0,0,0000000000000000000000000000000000000000
1,0x0021140,1727449117,2024-09-27 14:58:37,10.1,0.0,1998.6,0.0,1988.5,0.0,0,0,0,0,0000000000000000000000000000000000000000
1,0x0021180,1727449117,2024-09-27 14:58:37,10.1,0.0,1998.6,0.0,1988.5,0.0,0,0,0,0,0000000000000000000000000000000000000000
1,0x00211C0,1727449118,2024-09-27 14:58:38,10.1,0.0,1998.6,0.0,1988.5,0.0,0,0,0,0,0000000000000000000000000000000000000000
1,0x0021200,1727449119,2024-09-27 14:58:39,10.1,0.0,1998.6,0.0,1988.5,1988.5,0,0,0,0,0000000000000000000000000000000000000000
1,0x0021240,1727449120,2024-09-27 14:58:40,10.1,0.0,1998.6,0.0,1988.5,0.0,0,0,0,0,0000000000000000000000000000000000000000
1,0x0021280,1727449120,2024-09-27 14:58:40,10.1,0.0,1998.6,0.0,1988.5,0.0,0,0,0,0,0000000000000000000000000000000000000000
1,0x00212C0,1727449121,2024-09-27 14:58:41,10.1,0.0,1998.6,0.0,1988.5,0.0,0,0,0,0,0000000000000000000000000000000000000000
1,0x0021300,1727449121,2024-09-27 14:58:41,10.1,0.0,1998.6,0.0,1988.5,0.0,0,0,0,0,0000000000000000000000000000000000000000
1,0x0021340,1727449122,2024-09-27 14:58:42,10.1,0.0,1998.6,0.0,1988.5,0.0,0,0,0,0,0000000000000000000000000000000000000000
1,0x0021380,1727449122,2024-09-27 14:58:42,10.1,0.0,1998.6,0.0,1988.5,0.0,0,0,0,0,0000000000000000000000000000000000000000
1,0x00213C0,1727449123,2024-09-27 14:58:43,10.1,0.0,1998.6,0.0,1988.5,0.0,0,0,0,0,0000000000000000000000000000000000000000
1,0x0021400,1727449124,2024-09-27 14:58:44,10.1,0.0,1998.6,0.0,1988.5,1988.5,0,0,0,0,0000000000000000000000000000000000000000
1,0x0021440,1727449125,2024-09-27 14:58:45,10.1,0.0,1998.6,0.0,1988.5,0.0,0,0,0,0,0000000000000000000000000000000000000000
1,0x0021480,1727449125,2024-09-27 14:58:45,10.1,0.0,1998.6,0.0,1988.5,0.0,0,0,0,0,0000000000000000000000000000000000000000
1,0x00214C0,1727449126,2024-09-27 14:58:46,10.1,0.0,1998.6,0.0,1988.5,0.0,0,0,0,0,0000000000000000000000000000000000000000
1,0x0021500,1727449126,2024-09-27 14:58:46,10.1,0.0,1998.6,0.0,1988.5,0.0,0,0,0,0,0000000000000000000000000000000000000000
1,0x0021540,1727449127,2024-09-27 14:58:47,10.1,0.0,1998.6,0.0,1988.5,0.0,0,0,0,0,0000000000000000000000000000000000000000
1,0x0021580,1727449127,2024-09-27 14:58:47,10.1,0.0,1998.6,0.0,1988.5,0.0,0,0,0,0,0000000000000000000000000000000000000000
1,0x00215C0,1727449128,2024-09-27 14:58:48,10.1,0.0,1998.6,0.0,1988.5,0.0,0,0,0,0,0000000000000000000000000000000000000000
1,0x0021600,1727449129,2024-09-27 14:58:49,10.1,0.0,1998.6,0.0,1988.5,1988.5,0,0,0,0,0000000000000000000000000000000000000000
1,0x0021640,1727449130,2024-09-27 14:58:50,10.1,0.0,1998.6,0.0,1988.5,0.0,0,0,0,0,0000000000000000000000000000000000000000
1,0x0021680,1727449130,2024-09-27 14:58:50,10.1,0.0,1998.6,0.0,1988.5,0.0,0,0,0,0,0000000000000000000000000000000000000000
1,0x00216C0,1727449131,2024-09-27 14:58:51,10.1,0.0,1998.6,0.0,1988.5,0.0,0,0,0,0,0000000000000000000000000000000000000000
1,0x0021700,1727449132,2024-09-27 14:58:52,10.1,10.1,1998.6,0.0,1988.5,0.0,0,0,0,0,0000000000000000000000000000000000000000
1,0x0021740,1727449133,2024-09-27 14:58:53,10.1,0.0,1998.6,0.0,1988.5,0.0,0,0,0,0,0000000000000000000000000000000000000000
1,0x0021780,1727449134,2024-09-27 14:58:54,10.1,0.0,1998.6,0.0,1988.5,0.0,0,0,0,0,0000000000000000000000000000000000000000
1,0x00217C0,1727449134,2024-09-27 14:58:54,10.1,0.0,1998.6,0.0,1988.5,1988.5,0,0,0,0,0000000000000000000000000000000000000000
1,0x0021800,1727449135,2024-09-27 14:58:55,10.1,0.0,1998.6,0.0,1988.5,0.0,0,0,0,0,0000000000000000000000000000000000000000
1,0x0021840,1727449135,2024-09-27 14:58:55,10.1,0.0,1998.6,0.0,1988.5,0.0,0,0,0,0,0000000000000000000000000000000000000000
1,0x0021880,1727449136,2024-09-27 14:58:56,10.1,0.0,1998.6,0.0,1988.5,0.0,0,0,0,0,0000000000000000000000000000000000000000
1,0x00218C0,1727449136,2024-09-27 14:58:56,10.1,0.0,1998.6,0.0,1988.5,0.0,0,0,0,0,0000000000000000000000000000000000000000
1,0x0021900,1727449137,2024-09-27 14:58:57,10.1,10.1,1998.6,0.0,1988.5,0.0,0,0,0,0,0000000000000000000000000000000000000000
1,0x0021940,1727449138,2024-09-27 14:58:58,10.1,0.0,1998.6,0.0,1988.5,0.0,0,0,0,0,0000000000000000000000000000000000000000
1,0x0021980,1727449139,2024-09-27 14:58:59,10.1,0.0,1998.6,0.0,1988.5,0.0,0,0,0,0,0000000000000000000000000000000000000000
1,0x00219C0,1727449139,2024-09-27 14:58:59,10.1,0.0,1998.6,0.0,1988.5,1988.5,0,0,0,0,0000000000000000000000000000000000000000
1,0x0021A00,1727449140,2024-09-27 14:59:00,10.1,0.0,1998.6,0.0,1988.5,0.0,0,0,0,0,0000000000000000000000000000000000000000
1,0x0021A40,1727449140,2024-09-27 14:59:00,10.1,0.0,1998.6,0.0,1988.5,0.0,0,0,0,0,0000000000000000000000000000000000000000
1,0x0021A80,1727449141,2024-09-27 14:59:01,10.1,0.0,1998.6,0.0,1988.5,0.0,0,0,0,0,0000000000000000000000000000000000000000
1,0x0021AC0,1727449141,2024-09-27 14:59:01,10.1,0.0,1998.6,0.0,1988.5,0.0,0,0,0,0,0000000000000000000000000000000000000000
1,0x0021B00,1727449142,2024-09-27 14:59:02,10.1,10.1,1998.6,0.0,1988.5,0.0,0,0,0,0,0000000000000000000000000000000000000000
1,0x0021B40,1727449143,2024-09-27 14:59:03,10.1,0.0,1998.6,0.0,1988.5,0.0,0,0,0,0,0000000000000000000000000000000000000000
1,0x0021B80,1727449144,2024-09-27 14:59:04,10.1,0.0,1998.6,0.0,1988.5,0.0,0,0,0,0,0000000000000000000000000000000000000000
1,0x0021BC0,1727449144,2024-09-27 14:59:04,10.1,0.0,1998.6,0.0,1988.5,0.0,0,0,0,0,0000000000000000000000000000000000000000
1,0x0021C00,1727449177,2024-09-27 14:59:37,10.1,10.1,1998.6,0.0,1988.5,0.0,0,0,0,0,0000000000000000000000000000000000000000
1,0x0021C40,1727449178,2024-09-27 14:59:38,10.1,0.0,1998.6,0.0,1988.5,0.0,0,0,0,0,0000000000000000000000000000000000000000
1,0x0021C80,1727449179,2024-09-27 14:59:39,10.1,0.0,1998.6,0.0,1988.5,0.0,0,0,0,0,0000000000000000000000000000000000000000
1,0x0021CC0,1727449179,2024-09-27 14:59:39,10.1,0.0,1998.6,0.0,1988.5,0.0,0,0,0,0,0000000000000000000000000000000000000000
1,0x0021D00,1727449180,2024-09-27 14:59:40,10.1,0.0,1998.6,0.0,1988.5,0.0,0,0,0,0,0000000000000000000000000000000000000000
1,0x0021D40,1727449181,2024-09-27 14:59:41,10.1,0.0,1998.6,0.0,1988.5,0.0,0,0,0,0,0000000000000000000000000000000000000000
1,0x0021D80,1727449181,2024-09-27 14:59:41,10.1,0.0,1998.6,0.0,1988.5,0.0,0,0,0,0,0000000000000000000000000000000000000000
1,0x0021DC0,1727449182,2024-09-27 14:59:42,10.1,0.0,1998.6,0.0,1988.5,0.0,0,0,0,0,0000000000000000000000000000000000000000
1,0x0021E00,1727449182,2024-09-27 14:59:42,10.1,10.1,1998.6,0.0,1988.5,0.0,0,0,0,0,0000000000000000000000000000000000000000
1,0x0021E40,1727449183,2024-09-27 14:59:43,10.1,0.0,1998.6,0.0,1988.5,0.0,0,0,0,0,0000000000000000000000000000000000000000
1,0x0021E80,1727449184,2024-09-27 14:59:44,10.1,0.0,1998.6,0.0,1988.5,0.0,0,0,0,0,0000000000000000000000000000000000000000
1,0x0021EC0,1727449184,2024-09-27 14:59:44,10.1,0.0,1998.6,0.0,1988.5,0.0,0,0,0,0,0000000000000000000000000000000000000000
1,0x0021F00,1727449185,2024-09-27 14:59:45,10.1,0.0,1998.6,0.0,1988.5,0.0,0,0,0,0,0000000000000000000000000000000000000000
1,0x0021F40,1727449186,2024-09-27 14:59:46,10.1,0.0,1998.6,0.0,1988.5,0.0,0,0,0,0,0000000000000000000000000000000000000000
1,0x0021F80,1727449186,2024-09-27 14:59:46,10.1,0.0,1998.6,0.0,1988.5,0.0,0,0,0,0,0000000000000000000000000000000000000000
1,0x0021FC0,1727449187,2024-09-27 14:59:47,10.1,0.0,1998.6,0.0,1988.5,0.0,0,0,0,0,0000000000000000000000000000000000000000
1,0x0022000,1727449187,2024-09-27 14:59:47,10.1,10.1,1998.6,0.0,1988.5,0.0,0,0,0,0,0000000000000000000000000000000000000000
1,0x0022040,1727449188,2024-09-27 14:59:48,10.1,0.0,1998.6,0.0,1988.5,0.0,0,0,0,0,0000000000000000000000000000000000000000
1,0x0022080,1727449189,2024-09-27 14:59:49,10.1,0.0,1998.6,0.0,1988.5,0.0,0,0,0,0,0000000000000000000000000000000000000000
1,0x00220C0,1727449189,2024-09-27 14:59:49,10.1,0.0,1998.6,0.0,1988.5,1988.5,0,0,0,0,0000000000000000000000000000000000000000
1,0x0022100,1727449190,2024-09-27 14:59:50,10.1,0.0,1998.6,0.0,1988.5,0.0,0,0,0,0,0000000000000000000000000000000000000000
1,0x0022140,1727449190,2024-09-27 14:59:50,10.1,0.0,1998.6,0.0,1988.5,0.0,0,0,0,0,0000000000000000000000000000000000000000
1,0x0022180,1727449191,2024-09-27 14:59:51,10.1,0.0,1998.6,0.0,1988.5,0.0,0,0,0,0,0000000000000000000000000000000000000000
1,0x00221C0,1727449191,2024-09-27 14:59:51,10.1,0.0,1998.6,0.0,1988.5,0.0,0,0,0,0,0000000000000000000000000000000000000000
1,0x0022200,1727449192,2024-09-27 14:59:52,10.1,0.0,1998.6,0.0,1988.5,0.0,0,0,0,0,0000000000000000000000000000000000000000
1,0x0022240,1727449192,2024-09-27 14:59:52,10.1,0.0,1998.6,0.0,1988.5,0.0,0,0,0,0,0000000000000000000000000000000000000000
1,0x0022280,1727449193,2024-09-27 14:59:53,10.1,0.0,1998.6,0.0,1988.5,0.0,0,0,0,0,0000000000000000000000000000000000000000
1,0x00222C0,1727449194,2024-09-27 14:59:54,10.1,0.0,1998.6,0.0,1988.5,0.0,0,0,0,0,0000000000000000000000000000000000000000
1,0x0022300,1727449194,2024-09-27 14:59:54,10.1,0.0,1998.6,0.0,1988.5,1988.5,0,0,0,0,0000000000000000000000000000000000000000
1,0x0022340,1727449195,2024-09-27 14:59:55,10.1,0.0,1998.6,0.0,1988.5,0.0,0,0,0,0,0000000000000000000000000000000000000000
1,0x0022380,1727449195,2024-09-27 14:59:55,10.1,0.0,1998.6,0.0,1988.5,0.0,0,0,0,0,0000000000000000000000000000000000000000
1,0x00223C0,1727449196,2024-09-27 14:59:56,10.1,0.0,1998.6,0.0,1988.5,0.0,0,0,0,0,0000000000000000000000000000000000000000
1,0x0022400,1727449196,2024-09-27 14:59:56,10.1,0.0,1998.6,0.0,1988.5,0.0,0,0,0,0,0000000000000000000000000000000000000000
1,0x0022440,1727449197,2024-09-27 14:59:57,10.1,0.0,1998.6,0.0,1988.5,0.0,0,0,0,0,0000000000000000000000000000000000000000
1,0x0022480,1727449197,2024-09-27 14:59:57,10.1,0.0,1998.6,0.0,1988.5,0.0,0,0,0,0,0000000000000000000000000000000000000000
1,0x00224C0,1727449198,2024-09-27 14:59:58,10.1,0.0,1998.6,0.0,1988.5,0.0,0,0,0,0,0000000000000000000000000000000000000000
1,0x0022500,1727449199,2024-09-27 14:59:59,10.1,0.0,1998.6,0.0,1988.5,1988.5,0,0,0,0,0000000000000000000000000000000000000000
1,0x0022540,1727449200,2024-09-27 15:00:00,10.1,0.0,1998.6,0.0,1988.5,0.0,0,0,0,0,0000000000000000000000000000000000000000
1,0x0022580,1727449200,2024-09-27 15:00:00,10.1,0.0,1998.6,0.0,1988.5,0.0,0,0,0,0,0000000000000000000000000000000000000000
1,0x00225C0,1727449201,2024-09-27 15:00:01,10.1,0.0,1998.6,0.0,1988.5,0.0,0,0,0,0,0000000000000000000000000000000000000000
1,0x0022600,1727449201,2024-09-27 15:00:01,10.1,0.0,1998.6,0.0,1988.5,0.0,0,0,0,0,0000000000000000000000000000000000000000
1,0x0022640,1727449202,2024-09-27 15:00:02,10.1,0.0,1998.6,0.0,1988.5,0.0,0,0,0,0,0000000000000000000000000000000000000000
1,0x0022680,1727449202,2024-09-27 15:00:02,10.1,0.0,1998.6,0.0,1988.5,0.0,0,0,0,0,0000000000000000000000000000000000000000
1,0x00226C0,1727449203,2024-09-27 15:00:03,10.1,0.0,1998.6,0.0,1988.5,0.0,0,0,0,0,0000000000000000000000000000000000000000
1,0x0022700,1727449204,2024-09-27 15:00:04,10.1,0.0,1998.6,0.0,1988.5,1988.5,0,0,0,0,0000000000000000000000000000000000000000
1,0x0022740,1727449205,2024-09-27 15:00:05,10.1,0.0,1998.6,0.0,1988.5,0.0,0,0,0,0,0000000000000000000000000000000000000000
1,0x0022780,1727449205,2024-09-27 15:00:05,10.1,0.0,1998.6,0.0,1988.5,0.0,0,0,0,0,0000000000000000000000000000000000000000
1,0x00227C0,1727449206,2024-09-27 15:00:06,10.1,0.0,1998.6,0.0,1988.5,0.0,0,0,0,0,0000000000000000000000000000000000000000
1,0x0022800,1727449206,2024-09-27 15:00:06,10.1,0.0,1998.6,0.0,1988.5,0.0,0,0,0,0,0000000000000000000000000000000000000000
1,0x0022840,1727449207,2024-09-27 15:00:07,10.1,0.0,1998.6,0.0,1988.5,0.0,0,0,0,0,0000000000000000000000000000000000000000
1,0x0022880,1727449207,2024-09-27 15:00:07,10.1,0.0,1998.6,0.0,1988.5,0.0,0,0,0,0,0000000000000000000000000000000000000000
1,0x00228C0,1727449208,2024-09-27 15:00:08,10.1,0.0,1998.6,0.0,1988.5,0.0,0,0,0,0,0000000000000000000000000000000000000000
1,0x0022900,1727449209,2024-09-27 15:00:09,10.1,0.0,1998.6,0.0,1988.5,1988.5,0,0,0,0,0000000000000000000000000000000000000000
1,0x0022940,1727449210,2024-09-27 15:00:10,10.1,0.0,1998.6,0.0,1988.5,0.0,0,0,0,0,0000000000000000000000000000000000000000
1,0x0022980,1727449210,2024-09-27 15:00:10,10.1,0.0,1998.6,0.0,1988.5,0.0,0,0,0,0,0000000000000000000000000000000000000000
1,0x00229C0,1727449211,2024-09-27 15:00:11,10.1,0.0,1998.6,0.0,1988.5,0.0,0,0,0,0,0000000000000000000000000000000000000000
1,0x0022A00,1727449211,2024-09-27 15:00:11,10.1,0.0,1998.6,0.0,1988.5,0.0,0,0,0,0,0000000000000000000000000000000000000000
1,0x0022A40,1727449212,2024-09-27 15:00:12,10.1,0.0,1998.6,0.0,1988.5,0.0,0,0,0,0,0000000000000000000000000000000000000000
1,0x0022A80,1727449212,2024-09-27 15:00:12,10.1,0.0,1998.6,0.0,1988.5,0.0,0,0,0,0,0000000000000000000000000000000000000000
1,0x0022AC0,1727449213,2024-09-27 15:00:13,10.1,0.0,1998.6,0.0,1988.5,0.0,0,0,0,0,0000000000000000000000000000000000000000
1,0x0022B00,1727449214,2024-09-27 15:00:14,10.1,0.0,1998.6,0.0,1988.5,1988.5,0,0,0,0,0000000000000000000000000000000000000000
1,0x0022B40,1727449215,2024-09-27 15:00:15,10.1,0.0,1998.6,0.0,1988.5,0.0,0,0,0,0,0000000000000000000000000000000000000000
1,0x0022B80,1727449215,2024-09-27 15:00:15,10.1,0.0,1998.6,0.0,1988.5,0.0,0,0,0,0,0000000000000000000000000000000000000000
1,0x0022BC0,1727449216,2024-09-27 15:00:16,10.1,0.0,1998.6,0.0,1988.5,0.0,0,0,0,0,0000000000000000000000000000000000000000
1,0x0022C00,1727449216,2024-09-27 15:00:16,10.1,0.0,1998.6,0.0,1988.5,0.0,0,0,0,0,0000000000000000000000000000000000000000
1,0x0022C40,1727449217,2024-09-27 15:00:17,10.1,0.0,1998.6,0.0,1988.5,0.0,0,0,0,0,0000000000000000000000000000000000000000
1,0x0022C80,1727449217,2024-09-27 15:00:17,10.1,0.0,1998.6,0.0,1988.5,0.0,0,0,0,0,0000000000000000000000000000000000000000
1,0x0022CC0,1727449218,2024-09-27 15:00:18,10.1,0.0,1998.6,0.0,1988.5,0.0,0,0,0,0,0000000000000000000000000000000000000000
1,0x0022D00,1727449219,2024-09-27 15:00:19,10.1,0.0,1998.6,0.0,1988.5,1988.5,0,0,0,0,0000000000000000000000000000000000000000
1,0x0022D40,1727449220,2024-09-27 15:00:20,10.1,0.0,1998.6,0.0,1988.5,0.0,0,0,0,0,0000000000000000000000000000000000000000
1,0x0022D80,1727449220,2024-09-27 15:00:20,10.1,0.0,1998.6,0.0,1988.5,0.0,0,0,0,0,0000000000000000000000000000000000000000
1,0x0022DC0,1727449221,2024-09-27 15:00:21,10.1,0.0,1998.6,0.0,1988.5,0.0,0,0,0,0,0000000000000000000000000000000000000000
1,0x0022E00,1727449221,2024-09-27 15:00:21,10.1,0.0,1998.6,0.0,1988.5,0.0,0,0,0,0,0000000000000000000000000000000000000000
1,0x0022E40,1727449222,2024-09-27 15:00:22,10.1,0.0,1998.6,0.0,1988.5,0.0,0,0,0,0,0000000000000000000000000000000000000000
1,0x0022E80,1727449222,2024-09-27 15:00:22,10.1,0.0,1998.6,0.0,1988.5,0.0,0,0,0,0,0000000000000000000000000000000000000000
1,0x0022EC0,1727449223,2024-09-27 15:00:23,10.1,0.0,1998.6,0.0,1988.5,0.0,0,0,0,0,0000000000000000000000000000000000000000
1,0x0022F00,1727449224,2024-09-27 15:00:24,10.1,0.0,1998.6,0.0,1988.5,1988.5,0,0,0,0,0000000000000000000000000000000000000000
1,0x0022F40,1727449225,2024-09-27 15:00:25,10.1,0.0,1998.6,0.0,1988.5,0.0,0,0,0,0,0000000000000000000000000000000000000000
1,0x0022F80,1727449225,2024-09-27 15:00:25,10.1,0.0,1998.6,0.0,1988.5,0.0,0,0,0,0,0000000000000000000000000000000000000000
1,0x0022FC0,1727449226,2024-09-27 15:00:26,10.1,0.0,1998.6,0.0,1988.5,0.0,0,0,0,0,0000000000000000000000000000000000000000
1,0x0023000,1727449226,2024-09-27 15:00:26,10.1,0.0,1998.6,0.0,1988.5,0.0,0,0,0,0,0000000000000000000000000000000000000000
1,0x0023040,1727449227,2024-09-27 15:00:27,10.1,0.0,1998.6,0.0,1988.5,0.0,0,0,0,0,0000000000000000000000000000000000000000
1,0x0023080,1727449227,2024-09-27 15:00:27,10.1,0.0,1998.6,0.0,1988.5,0.0,0,0,0,0,0000000000000000000000000000000000000000
1,0x00230C0,1727449228,2024-09-27 15:00:28,10.1,0.0,1998.6,0.0,1988.5,0.0,0,0,0,0,0000000000000000000000000000000000000000
1,0x0023100,1727449230,2024-09-27 15:00:30,10.1,0.0,1998.6,0.0,1988.5,0.0,0,0,0,0,0000000000000000000000000000000000000000
1,0x0023140,1727449231,2024-09-27 15:00:31,10.1,0.0,1998.6,0.0,1988.5,0.0,0,0,0,0,0000000000000000000000000000000000000000
1,0x0023180,1727449231,2024-09-27 15:00:31,10.1,0.0,1998.6,0.0,1988.5,0.0,0,0,0,0,0000000000000000000000000000000000000000
1,0x00231C0,1727449232,2024-09-27 15:00:32,10.1,0.0,1998.6,0.0,1988.5,0.0,0,0,0,0,0000000000000000000000000000000000000000
1,0x0023200,1727449235,2024-09-27 15:00:35,10.1,0.0,1998.6,0.0,1988.5,0.0,0,0,0,0,0000000000000000000000000000000000000000
1,0x0023240,1727449236,2024-09-27 15:00:36,10.1,0.0,1998.6,0.0,1988.5,0.0,0,0,0,0,0000000000000000000000000000000000000000
1,0x0023280,1727449236,2024-09-27 15:00:36,10.1,0.0,1998.6,0.0,1988.5,0.0,0,0,0,0,0000000000000000000000000000000000000000
1,0x00232C0,1727449237,2024-09-27 15:00:37,10.1,0.0,1998.6,0.0,1988.5,0.0,0,0,0,0,0000000000000000000000000000000000000000
1,0x0023300,1727449240,2024-09-27 15:00:40,10.1,0.0,1998.6,0.0,1988.5,0.0,0,0,0,0,0000000000000000000000000000000000000000
1,0x0023340,1727449241,2024-09-27 15:00:41,10.1,0.0,1998.6,0.0,1988.5,0.0,0,0,0,0,0000000000000000000000000000000000000000
1,0x0023380,1727449241,2024-09-27 15:00:41,10.1,0.0,1998.6,0.0,1988.5,0.0,0,0,0,0,0000000000000000000000000000000000000000
1,0x00233C0,1727449242,2024-09-27 15:00:42,10.1,0.0,1998.6,0.0,1988.5,0.0,0,0,0,0,0000000000000000000000000000000000000000
1,0x0023400,1727449245,2024-09-27 15:00:45,10.1,0.0,1998.6,0.0,1988.5,0.0,0,0,0,0,0000000000000000000000000000000000000000
1,0x0023440,1727449246,2024-09-27 15:00:46,10.1,0.0,1998.6,0.0,1988.5,0.0,0,0,0,0,0000000000000000000000000000000000000000
1,0x0023480,1727449246,2024-09-27 15:00:46,10.1,0.0,1998.6,0.0,1988.5,0.0,0,0,0,0,0000000000000000000000000000000000000000
1,0x00234C0,1727449247,2024-09-27 15:00:47,10.1,0.0,1998.6,0.0,1988.5,0.0,0,0,0,0,0000000000000000000000000000000000000000
1,0x0023500,1727449250,2024-09-27 15:00:50,10.1,0.0,1998.6,0.0,1988.5,0.0,0,0,0,0,0000000000000000000000000000000000000000
1,0x0023540,1727449251,2024-09-27 15:00:51,10.1,0.0,1998.6,0.0,1988.5,0.0,0,0,0,0,0000000000000000000000000000000000000000
1,0x0023580,1727449251,2024-09-27 15:00:51,10.1,0.0,1998.6,0.0,1988.5,0.0,0,0,0,0,0000000000000000000000000000000000000000
1,0x00235C0,1727449252,2024-09-27 15:00:52,10.1,0.0,1998.6,0.0,1988.5,0.0,0,0,0,0,0000000000000000000000000000000000000000
1,0x0023600,1727449255,2024-09-27 15:00:55,10.1,0.0,1998.6,0.0,1988.5,0.0,0,0,0,0,0000000000000000000000000000000000000000
1,0x0023640,1727449256,2024-09-27 15:00:56,10.1,0.0,1998.6,0.0,1988.5,0.0,0,0,0,0,0000000000000000000000000000000000000000
1,0x0023680,1727449256,2024-09-27 15:00:56,10.1,0.0,1998.6,0.0,1988.5,0.0,0,0,0,0,0000000000000000000000000000000000000000
1,0x00236C0,1727449257,2024-09-27 15:00:57,10.1,0.0,1998.6,0.0,1988.5,0.0,0,0,0,0,0000000000000000000000000000000000000000
1,0x0023700,1727449260,2024-09-27 15:01:00,10.1,0.0,1998.6,0.0,1988.5,0.0,0,0,0,0,0000000000000000000000000000000000000000
1,0x0023740,1727449261,2024-09-27 15:01:01,10.1,0.0,1998.6,0.0,1988.5,0.0,0,0,0,0,0000000000000000000000000000000000000000
1,0x0023780,1727449261,2024-09-27 15:01:01,10.1,0.0,1998.6,0.0,1988.5,0.0,0,0,0,0,0000000000000000000000000000000000000000
1,0x00237C0,1727449262,2024-09-27 15:01:02,10.1,0.0,1998.6,0.0,1988.5,0.0,0,0,0,0,0000000000000000000000000000000000000000
1,0x0023800,1727449355,2024-09-27 15:02:35,10.1,0.0,1998.6,0.0,1988.5,0.0,0,0,0,0,0000000000000000000000000000000000000000
1,0x0023840,1727449356,2024-09-27 15:02:36,10.1,0.0,1998.6,0.0,1988.5,0.0,0,0,0,0,0000000000000000000000000000000000000000
1,0x0023880,1727449356,2024-09-27 15:02:36,10.1,0.0,1998.6,0.0,1988.5,0.0,0,0,0,0,0000000000000000000000000000000000000000
1,0x00238C0,1727449357,2024-09-27 15:02:37,10.1,0.0,1998.6,0.0,1988.5,0.0,0,0,0,0,0000000000000000000000000000000000000000
1,0x0023900,1727449360,2024-09-27 15:02:40,10.1,0.0,1998.6,0.0,1988.5,0.0,0,0,0,0,0000000000000000000000000000000000000000
1,0x0023940,1727449361,2024-09-27 15:02:41,10.1,0.0,1998.6,0.0,1988.5,0.0,0,0,0,0,0000000000000000000000000000000000000000
1,0x0023980,1727449361,2024-09-27 15:02:41,10.1,0.0,1998.6,0.0,1988.5,0.0,0,0,0,0,0000000000000000000000000000000000000000
1,0x00239C0,1727449362,2024-09-27 15:02:42,10.1,0.0,1998.6,0.0,1988.5,0.0,0,0,0,0,0000000000000000000000000000000000000000
1,0x0023A00,1727449365,2024-09-27 15:02:45,10.1,0.0,1998.6,0.0,1988.5,0.0,0,0,0,0,0000000000000000000000000000000000000000
1,0x0023A40,1727449366,2024-09-27 15:02:46,10.1,0.0,1998.6,0.0,1988.5,0.0,0,0,0,0,0000000000000000000000000000000000000000
1,0x0023A80,1727449366,2024-09-27 15:02:46,10.1,0.0,1998.6,0.0,1988.5,0.0,0,0,0,0,0000000000000000000000000000000000000000
1,0x0023AC0,1727449367,2024-09-27 15:02:47,10.1,0.0,1998.6,0.0,1988.5,0.0,0,0,0,0,0000000000000000000000000000000000000000
1,0x0023B00,1727449370,2024-09-27 15:02:50,10.1,0.0,1998.6,0.0,1988.5,0.0,0,0,0,0,0000000000000000000000000000000000000000
1,0x0023B40,1727449371,2024-09-27 15:02:51,10.1,0.0,1998.6,0.0,1988.5,0.0,0,0,0,0,0000000000000000000000000000000000000000
1,0x0023B80,1727449371,2024-09-27 15:02:51,10.1,0.0,1998.6,0.0,1988.5,0.0,0,0,0,0,0000000000000000000000000000000000000000
1,0x0023BC0,1727449372,2024-09-27 15:02:52,10.1,0.0,1998.6,0.0,1988.5,0.0,0,0,0,0,0000000000000000000000000000000000000000
1,0x0023C00,1727449375,2024-09-27 15:02:55,10.1,0.0,1998.6,0.0,1988.5,0.0,0,0,0,0,0000000000000000000000000000000000000000
1,0x0023C40,1727449376,2024-09-27 15:02:56,10.1,0.0,1998.6,0.0,1988.5,0.0,0,0,0,0,0000000000000000000000000000000000000000
1,0x0023C80,1727449376,2024-09-27 15:02:56,10.1,0.0,1998.6,0.0,1988.5,0.0,0,0,0,0,0000000000000000000000000000000000000000
1,0x0023CC0,1727449377,2024-09-27 15:02:57,10.1,0.0,1998.6,0.0,1988.5,0.0,0,0,0,0,0000000000000000000000000000000000000000
1,0x0023D00,1727449380,2024-09-27 15:03:00,10.1,0.0,1998.6,0.0,1988.5,0.0,0,0,0,0,0000000000000000000000000000000000000000
1,0x0023D40,1727449381,2024-09-27 15:03:01,10.1,0.0,1998.6,0.0,1988.5,0.0,0,0,0,0,0000000000000000000000000000000000000000
1,0x0023D80,1727449381,2024-09-27 15:03:01,10.1,0.0,1998.6,0.0,1988.5,0.0,0,0,0,0,0000000000000000000000000000000000000000
1,0x0023DC0,1727449382,2024-09-27 15:03:02,10.1,0.0,1998.6,0.0,1988.5,0.0,0,0,0,0,0000000000000000000000000000000000000000
1,0x0023E00,1727449385,2024-09-27 15:03:05,10.1,0.0,1998.6,0.0,1988.5,0.0,0,0,0,0,0000000000000000000000000000000000000000
1,0x0023E40,1727449386,2024-09-27 15:03:06,10.1,0.0,1998.6,0.0,1988.5,0.0,0,0,0,0,0000000000000000000000000000000000000000
1,0x0023E80,1727449386,2024-09-27 15:03:06,10.1,0.0,1998.6,0.0,1988.5,0.0,0,0,0,0,0000000000000000000000000000000000000000
1,0x0023EC0,1727449387,2024-09-27 15:03:07,10.1,0.0,1998.6,0.0,1988.5,0.0,0,0,0,0,0000000000000000000000000000000000000000
1,0x0023F00,1727449390,2024-09-27 15:03:10,10.1,0.0,1998.6,0.0,1988.5,0.0,0,0,0,0,0000000000000000000000000000000000000000
1,0x0023F40,1727449391,2024-09-27 15:03:11,10.1,0.0,1998.6,0.0,1988.5,0.0,0,0,0,0,0000000000000000000000000000000000000000
1,0x0023F80,1727449391,2024-09-27 15:03:11,10.1,0.0,1998.6,0.0,1988.5,0.0,0,0,0,0,0000000000000000000000000000000000000000
1,0x0023FC0,1727449392,2024-09-27 15:03:12,10.1,0.0,1998.6,0.0,1988.5,0.0,0,0,0,0,0000000000000000000000000000000000000000
1,0x0024000,1727449490,2024-09-27 15:04:50,10.1,0.0,1998.6,0.0,1988.5,0.0,0,0,0,0,0000000000000000000000000000000000000000
1,0x0024040,1727449491,2024-09-27 15:04:51,10.1,0.0,1998.6,0.0,1988.5,0.0,0,0,0,0,0000000000000000000000000000000000000000
1,0x0024080,1727449491,2024-09-27 15:04:51,10.1,0.0,1998.6,0.0,1988.5,0.0,0,0,0,0,0000000000000000000000000000000000000000
1,0x00240C0,1727449492,2024-09-27 15:04:52,10.1,0.0,1998.6,0.0,1988.5,0.0,0,0,0,0,0000000000000000000000000000000000000000
1,0x0024100,1727449495,2024-09-27 15:04:55,10.1,0.0,1998.6,0.0,1988.5,0.0,0,0,0,0,0000000000000000000000000000000000000000
1,0x0024140,1727449496,2024-09-27 15:04:56,10.1,0.0,1998.6,0.0,1988.5,0.0,0,0,0,0,0000000000000000000000000000000000000000
1,0x0024180,1727449496,2024-09-27 15:04:56,10.1,0.0,1998.6,0.0,1988.5,0.0,0,0,0,0,0000000000000000000000000000000000000000
1,0x00241C0,1727449497,2024-09-27 15:04:57,10.1,0.0,1998.6,0.0,1988.5,0.0,0,0,0,0,0000000000000000000000000000000000000000
1,0x0024200,1727449500,2024-09-27 15:05:00,10.1,0.0,1998.6,0.0,1988.5,0.0,0,0,0,0,0000000000000000000000000000000000000000
1,0x0024240,1727449501,2024-09-27 15:05:01,10.1,0.0,1998.6,0.0,1988.5,0.0,0,0,0,0,0000000000000000000000000000000000000000
1,0x0024280,1727449501,2024-09-27 15:05:01,10.1,0.0,1998.6,0.0,1988.5,0.0,0,0,0,0,0000000000000000000000000000000000000000
1,0x00242C0,1727449502,2024-09-27 15:05:02,10.1,0.0,1998.6,0.0,1988.5,0.0,0,0,0,0,0000000000000000000000000000000000000000
1,0x0024300,1727449505,2024-09-27 15:05:05,10.1,0.0,1998.6,0.0,1988.5,0.0,0,0,0,0,0000000000000000000000000000000000000000
1,0x0024340,1727449506,2024-09-27 15:05:06,10.1,0.0,1998.6,0.0,1988.5,0.0,0,0,0,0,0000000000000000000000000000000000000000
1,0x0024380,1727449506,2024-09-27 15:05:06,10.1,0.0,1998.6,0.0,1988.5,0.0,0,0,0,0,0000000000000000000000000000000000000000
1,0x00243C0,1727449507,2024-09-27 15:05:07,10.1,0.0,1998.6,0.0,1988.5,0.0,0,0,0,0,0000000000000000000000000000000000000000
1,0x0024400,1727449510,2024-09-27 15:05:10,10.1,0.0,1998.6,0.0,1988.5,0.0,0,0,0,0,0000000000000000000000000000000000000000
1,0x0024440,1727449511,2024-09-27 15:05:11,10.1,0.0,1998.6,0.0,1988.5,0.0,0,0,0,0,0000000000000000000000000000000000000000
1,0x0024480,1727449511,2024-09-27 15:05:11,10.1,0.0,1998.6,0.0,1988.5,0.0,0,0,0,0,0000000000000000000000000000000000000000
1,0x00244C0,1727449512,2024-09-27 15:05:12,10.1,0.0,1998.6,0.0,1988.5,0.0,0,0,0,0,0000000000000000000000000000000000000000
1,0x0024500,1727449515,2024-09-27 15:05:15,10.1,0.0,1998.6,0.0,1988.5,0.0,0,0,0,0,0000000000000000000000000000000000000000
1,0x0024540,1727449516,2024-09-27 15:05:16,10.1,0.0,1998.6,0.0,1988.5,0.0,0,0,0,0,0000000000000000000000000000000000000000
1,0x0024580,1727449516,2024-09-27 15:05:16,10.1,0.0,1998.6,0.0,1988.5,0.0,0,0,0,0,0000000000000000000000000000000000000000
1,0x00245C0,1727449517,2024-09-27 15:05:17,10.1,0.0,1998.6,0.0,1988.5,0.0,0,0,0,0,0000000000000000000000000000000000000000
1,0x0024600,1727449522,2024-09-27 15:05:22,10.1,10.1,1998.6,0.0,1988.5,0.0,0,0,0,0,0000000000000000000000000000000000000000
1,0x0024640,1727449523,2024-09-27 15:05:23,10.1,0.0,1998.6,0.0,1988.5,0.0,0,0,0,0,0000000000000000000000000000000000000000
1,0x0024680,1727449524,2024-09-27 15:05:24,10.1,0.0,1998.6,0.0,1988.5,0.0,0,0,0,0,0000000000000000000000000000000000000000
1,0x00246C0,1727449524,2024-09-27 15:05:24,10.1,0.0,1998.6,0.0,1988.5,0.0,0,0,0,0,0000000000000000000000000000000000000000
1,0x0024700,1727449527,2024-09-27 15:05:27,10.1,10.1,1998.6,0.0,1988.5,0.0,0,0,0,0,0000000000000000000000000000000000000000
1,0x0024740,1727449528,2024-09-27 15:05:28,10.1,0.0,1998.6,0.0,1988.5,0.0,0,0,0,0,0000000000000000000000000000000000000000
1,0x0024780,1727449529,2024-09-27 15:05:29,10.1,0.0,1998.6,0.0,1988.5,0.0,0,0,0,0,0000000000000000000000000000000000000000
1,0x00247C0,1727449529,2024-09-27 15:05:29,10.1,0.0,1998.6,0.0,1988.5,0.0,0,0,0,0,0000000000000000000000000000000000000000
1,0x0024800,1727449620,2024-09-27 15:07:00,10.1,0.0,1998.6,0.0,1988.5,0.0,0,0,0,0,0000000000000000000000000000000000000000
1,0x0024840,1727449621,2024-09-27 15:07:01,10.1,0.0,1998.6,0.0,1988.5,0.0,0,0,0,0,0000000000000000000000000000000000000000
1,0x0024880,1727449621,2024-09-27 15:07:01,10.1,0.0,1998.6,0.0,1988.5,0.0,0,0,0,0,0000000000000000000000000000000000000000
1,0x00248C0,1727449622,2024-09-27 15:07:02,10.1,0.0,1998.6,0.0,1988.5,0.0,0,0,0,0,0000000000000000000000000000000000000000
1,0x0024900,1727449625,2024-09-27 15:07:05,10.1,0.0,1998.6,0.0,1988.5,0.0,0,0,0,0,0000000000000000000000000000000000000000
1,0x0024940,1727449626,2024-09-27 15:07:06,10.1,0.0,1998.6,0.0,1988.5,0.0,0,0,0,0,0000000000000000000000000000000000000000
1,0x0024980,1727449626,2024-09-27 15:07:06,10.1,0.0,1998.6,0.0,1988.5,0.0,0,0,0,0,0000000000000000000000000000000000000000
1,0x00249C0,1727449627,2024-09-27 15:07:07,10.1,0.0,1998.6,0.0,1988.5,0.0,0,0,0,0,0000000000000000000000000000000000000000
1,0x0024A00,1727449630,2024-09-27 15:07:10,10.1,0.0,1998.6,0.0,1988.5,0.0,0,0,0,0,0000000000000000000000000000000000000000
1,0x0024A40,1727449631,2024-09-27 15:07:11,10.1,0.0,1998.6,0.0,1988.5,0.0,0,0,0,0,0000000000000000000000000000000000000000
1,0x0024A80,1727449631,2024-09-27 15:07:11,10.1,0.0,1998.6,0.0,1988.5,0.0,0,0,0,0,0000000000000000000000000000000000000000
1,0x0024AC0,1727449632,2024-09-27 15:07:12,10.1,0.0,1998.6,0.0,1988.5,0.0,0,0,0,0,0000000000000000000000000000000000000000
1,0x0024B00,1727449635,2024-09-27 15:07:15,10.1,0.0,1998.6,0.0,1988.5,0.0,0,0,0,0,0000000000000000000000000000000000000000
1,0x0024B40,1727449636,2024-09-27 15:07:16,10.1,0.0,1998.6,0.0,1988.5,0.0,0,0,0,0,0000000000000000000000000000000000000000
1,0x0024B80,1727449636,2024-09-27 15:07:16,10.1,0.0,1998.6,0.0,1988.5,0.0,0,0,0,0,0000000000000000000000000000000000000000
1,0x0024BC0,1727449637,2024-09-27 15:07:17,10.1,0.0,1998.6,0.0,1988.5,0.0,0,0,0,0,0000000000000000000000000000000000000000
1,0x0024C00,1727449640,2024-09-27 15:07:20,10.1,0.0,1998.6,0.0,1988.5,0.0,0,0,0,0,0000000000000000000000000000000000000000
1,0x0024C40,1727449641,2024-09-27 15:07:21,10.1,0.0,1998.6,0.0,1988.5,0.0,0,0,0,0,0000000000000000000000000000000000000000
1,0x0024C80,1727449641,2024-09-27 15:07:21,10.1,0.0,1998.6,0.0,1988.5,0.0,0,0,0,0,0000000000000000000000000000000000000000
1,0x0024CC0,1727449642,2024-09-27 15:07:22,10.1,0.0,1998.6,0.0,1988.5,0.0,0,0,0,0,0000000000000000000000000000000000000000
1,0x0024D00,1727449645,2024-09-27 15:07:25,10.1,0.0,1998.6,0.0,1988.5,0.0,0,0,0,0,0000000000000000000000000000000000000000
1,0x0024D40,1727449646,2024-09-27 15:07:26,10.1,0.0,1998.6,0.0,1988.5,0.0,0,0,0,0,0000000000000000000000000000000000000000
1,0x0024D80,1727449646,2024-09-27 15:07:26,10.1,0.0,1998.6,0.0,1988.5,0.0,0,0,0,0,0000000000000000000000000000000000000000
1,0x0024DC0,1727449647,2024-09-27 15:07:27,10.1,0.0,1998.6,0.0,1988.5,0.0,0,0,0,0,0000000000000000000000000000000000000000
1,0x0024E00,1727449650,2024-09-27 15:07:30,10.1,0.0,1998.6,0.0,1988.5,0.0,0,0,0,0,0000000000000000000000000000000000000000
1,0x0024E40,1727449651,2024-09-27 15:07:31,10.1,0.0,1998.6,0.0,1988.5,0.0,0,0,0,0,0000000000000000000000000000000000000000
1,0x0024E80,1727449651,2024-09-27 15:07:31,10.1,0.0,1998.6,0.0,1988.5,0.0,0,0,0,0,0000000000000000000000000000000000000000
1,0x0024EC0,1727449652,2024-09-27 15:07:32,10.1,0.0,1998.6,0.0,1988.5,0.0,0,0,0,0,0000000000000000000000000000000000000000
1,0x0024F00,1727449747,2024-09-27 15:09:07,10.1,10.1,1998.6,0.0,1988.5,0.0,0,0,0,0,0000000000000000000000000000000000000000
1,0x0024F40,1727449748,2024-09-27 15:09:08,10.1,0.0,1998.6,0.0,1988.5,0.0,0,0,0,0,0000000000000000000000000000000000000000
1,0x0024F80,1727449749,2024-09-27 15:09:09,10.1,0.0,1998.6,0.0,1988.5,0.0,0,0,0,0,0000000000000000000000000000000000000000
1,0x0024FC0,1727449749,2024-09-27 15:09:09,10.1,0.0,1998.6,0.0,1988.5,0.0,0,0,0,0,0000000000000000000000000000000000000000
1,0x0025000,1727449750,2024-09-27 15:09:10,10.1,0.0,1998.6,0.0,1988.5,0.0,0,0,0,0,0000000000000000000000000000000000000000
1,0x0025040,1727449751,2024-09-27 15:09:11,10.1,0.0,1998.6,0.0,1988.5,0.0,0,0,0,0,0000000000000000000000000000000000000000
1,0x0025080,1727449751,2024-09-27 15:09:11,10.1,0.0,1998.6,0.0,1988.5,0.0,0,0,0,0,0000000000000000000000000000000000000000
1,0x00250C0,1727449752,2024-09-27 15:09:12,10.1,0.0,1998.6,0.0,1988.5,0.0,0,0,0,0,0000000000000000000000000000000000000000
1,0x0025100,1727449755,2024-09-27 15:09:15,10.1,0.0,1998.6,0.0,1988.5,0.0,0,0,0,0,0000000000000000000000000000000000000000
1,0x0025140,1727449756,2024-09-27 15:09:16,10.1,0.0,1998.6,0.0,1988.5,0.0,0,0,0,0,0000000000000000000000000000000000000000
1,0x0025180,1727449756,2024-09-27 15:09:16,10.1,0.0,1998.6,0.0,1988.5,0.0,0,0,0,0,0000000000000000000000000000000000000000
1,0x00251C0,1727449757,2024-09-27 15:09:17,10.1,0.0,1998.6,0.0,1988.5,0.0,0,0,0,0,0000000000000000000000000000000000000000
1,0x0025200,1727449760,2024-09-27 15:09:20,10.1,0.0,1998.6,0.0,1988.5,0.0,0,0,0,0,0000000000000000000000000000000000000000
1,0x0025240,1727449761,2024-09-27 15:09:21,10.1,0.0,1998.6,0.0,1988.5,0.0,0,0,0,0,0000000000000000000000000000000000000000
1,0x0025280,1727449761,2024-09-27 15:09:21,10.1,0.0,1998.6,0.0,1988.5,0.0,0,0,0,0,0000000000000000000000000000000000000000
1,0x00252C0,1727449762,2024-09-27 15:09:22,10.1,0.0,1998.6,0.0,1988.5,0.0,0,0,0,0,0000000000000000000000000000000000000000
1,0x0025300,1727449765,2024-09-27 15:09:25,10.1,0.0,1998.6,0.0,1988.5,0.0,0,0,0,0,0000000000000000000000000000000000000000
1,0x0025340,1727449766,2024-09-27 15:09:26,10.1,0.0,1998.6,0.0,1988.5,0.0,0,0,0,0,0000000000000000000000000000000000000000
1,0x0025380,1727449766,2024-09-27 15:09:26,10.1,0.0,1998.6,0.0,1988.5,0.0,0,0,0,0,0000000000000000000000000000000000000000
1,0x00253C0,1727449767,2024-09-27 15:09:27,10.1,0.0,1998.6,0.0,1988.5,0.0,0,0,0,0,0000000000000000000000000000000000000000
1,0x0025400,1727449770,2024-09-27 15:09:30,10.1,0.0,1998.6,0.0,1988.5,0.0,0,0,0,0,0000000000000000000000000000000000000000
1,0x0025440,1727449771,2024-09-27 15:09:31,10.1,0.0,1998.6,0.0,1988.5,0.0,0,0,0,0,0000000000000000000000000000000000000000
1,0x0025480,1727449771,2024-09-27 15:09:31,10.1,0.0,1998.6,0.0,1988.5,0.0,0,0,0,0,0000000000000000000000000000000000000000
1,0x00254C0,1727449772,2024-09-27 15:09:32,10.1,0.0,1998.6,0.0,1988.5,0.0,0,0,0,0,0000000000000000000000000000000000000000
1,0x0025500,1727449775,2024-09-27 15:09:35,10.1,0.0,1998.6,0.0,1988.5,0.0,0,0,0,0,0000000000000000000000000000000000000000
1,0x0025540,1727449776,2024-09-27 15:09:36,10.1,0.0,1998.6,0.0,1988.5,0.0,0,0,0,0,0000000000000000000000000000000000000000
1,0x0025580,1727449776,2024-09-27 15:09:36,10.1,0.0,1998.6,0.0,1988.5,0.0,0,0,0,0,0000000000000000000000000000000000000000
1,0x00255C0,1727449777,2024-09-27 15:09:37,10.1,0.0,1998.6,0.0,1988.5,0.0,0,0,0,0,0000000000000000000000000000000000000000
1,0x0025600,1727449780,2024-09-27 15:09:40,10.1,0.0,1998.6,0.0,1988.5,0.0,0,0,0,0,0000000000000000000000000000000000000000
1,0x0025640,1727449781,2024-09-27 15:09:41,10.1,0.0,1998.6,0.0,1988.5,0.0,0,0,0,0,0000000000000000000000000000000000000000
1,0x0025680,1727449781,2024-09-27 15:09:41,10.1,0.0,1998.6,0.0,1988.5,0.0,0,0,0,0,0000000000000000000000000000000000000000
1,0x00256C0,1727449782,2024-09-27 15:09:42,10.1,0.0,1998.6,0.0,1988.5,0.0,0,0,0,0,0000000000000000000000000000000000000000
1,0x0025700,1727449790,2024-09-27 15:09:50,10.1,0.0,1998.6,0.0,1988.5,0.0,0,0,0,0,0000000000000000000000000000000000000000
1,0x0025740,1727449791,2024-09-27 15:09:51,10.1,0.0,1998.6,0.0,1988.5,0.0,0,0,0,0,0000000000000000000000000000000000000000
1,0x0025780,1727449791,2024-09-27 15:09:51,10.1,0.0,1998.6,0.0,1988.5,0.0,0,0,0,0,0000000000000000000000000000000000000000
1,0x00257C0,1727449792,2024-09-27 15:09:52,10.1,0.0,1998.6,0.0,1988.5,0.0,0,0,0,0,0000000000000000000000000000000000000000
1,0x0025800,1727449880,2024-09-27 15:11:20,10.1,0.0,1998.6,0.0,1988.5,0.0,0,0,0,0,0000000000000000000000000000000000000000
1,0x0025840,1727449881,2024-09-27 15:11:21,10.1,0.0,1998.6,0.0,1988.5,0.0,0,0,0,0,0000000000000000000000000000000000000000
1,0x0025880,1727449881,2024-09-27 15:11:21,10.1,0.0,1998.6,0.0,1988.5,0.0,0,0,0,0,0000000000000000000000000000000000000000
1,0x00258C0,1727449882,2024-09-27 15:11:22,10.1,0.0,1998.6,0.0,1988.5,0.0,0,0,0,0,0000000000000000000000000000000000000000
1,0x0025900,1727449885,2024-09-27 15:11:25,10.1,0.0,1998.6,0.0,1988.5,0.0,0,0,0,0,0000000000000000000000000000000000000000
1,0x0025940,1727449886,2024-09-27 15:11:26,10.1,0.0,1998.6,0.0,1988.5,0.0,0,0,0,0,0000000000000000000000000000000000000000
1,0x0025980,1727449886,2024-09-27 15:11:26,10.1,0.0,1998.6,0.0,1988.5,0.0,0,0,0,0,0000000000000000000000000000000000000000
1,0x00259C0,1727449887,2024-09-27 15:11:27,10.1,0.0,1998.6,0.0,1988.5,0.0,0,0,0,0,0000000000000000000000000000000000000000
1,0x0025A00,1727449890,2024-09-27 15:11:30,10.1,0.0,1998.6,0.0,1988.5,0.0,0,0,0,0,0000000000000000000000000000000000000000
1,0x0025A40,1727449891,2024-09-27 15:11:31,10.1,0.0,1998.6,0.0,1988.5,0.0,0,0,0,0,0000000000000000000000000000000000000000
1,0x0025A80,1727449891,2024-09-27 15:11:31,10.1,0.0,1998.6,0.0,1988.5,0.0,0,0,0,0,0000000000000000000000000000000000000000
1,0x0025AC0,1727449892,2024-09-27 15:11:32,10.1,0.0,1998.6,0.0,1988.5,0.0,0,0,0,0,0000000000000000000000000000000000000000
1,0x0025B00,1727449895,2024-09-27 15:11:35,10.1,0.0,1998.6,0.0,1988.5,0.0,0,0,0,0,0000000000000000000000000000000000000000
1,0x0025B40,1727449896,2024-09-27 15:11:36,10.1,0.0,1998.6,0.0,1988.5,0.0,0,0,0,0,0000000000000000000000000000000000000000
1,0x0025B80,1727449896,2024-09-27 15:11:36,10.1,0.0,1998.6,0.0,1988.5,0.0,0,0,0,0,0000000000000000000000000000000000000000
1,0x0025BC0,1727449897,2024-09-27 15:11:37,10.1,0.0,1998.6,0.0,1988.5,0.0,0,0,0,0,0000000000000000000000000000000000000000
1,0x0025C00,1727449900,2024-09-27 15:11:40,10.1,0.0,1998.6,0.0,1988.5,0.0,0,0,0,0,0000000000000000000000000000000000000000
1,0x0025C40,1727449901,2024-09-27 15:11:41,10.1,0.0,1998.6,0.0,1988.5,0.0,0,0,0,0,0000000000000000000000000000000000000000
1,0x0025C80,1727449901,2024-09-27 15:11:41,10.1,0.0,1998.6,0.0,1988.5,0.0,0,0,0,0,0000000000000000000000000000000000000000
1,0x0025CC0,1727449902,2024-09-27 15:11:42,10.1,0.0,1998.6,0.0,1988.5,0.0,0,0,0,0,0000000000000000000000000000000000000000
1,0x0025D00,1727449905,2024-09-27 15:11:45,10.1,0.0,1998.6,0.0,1988.5,0.0,0,0,0,0,0000000000000000000000000000000000000000
1,0x0025D40,1727449906,2024-09-27 15:11:46,10.1,0.0,1998.6,0.0,1988.5,0.0,0,0,0,0,0000000000000000000000000000000000000000
1,0x0025D80,1727449906,2024-09-27 15:11:46,10.1,0.0,1998.6,0.0,1988.5,0.0,0,0,0,0,0000000000000000000000000000000000000000
1,0x0025DC0,1727449907,2024-09-27 15:11:47,10.1,0.0,1998.6,0.0,1988.5,0.0,0,0,0,0,0000000000000000000000000000000000000000
1,0x0025E00,1727449910,2024-09-27 15:11:50,10.1,0.0,1998.6,0.0,1988.5,0.0,0,0,0,0,0000000000000000000000000000000000000000
1,0x0025E40,1727449911,2024-09-27 15:11:51,10.1,0.0,1998.6,0.0,1988.5,0.0,0,0,0,0,0000000000000000000000000000000000000000
1,0x0025E80,1727449911,2024-09-27 15:11:51,10.1,0.0,1998.6,0.0,1988.5,0.0,0,0,0,0,0000000000000000000000000000000000000000
1,0x0025EC0,1727449912,2024-09-27 15:11:52,10.1,0.0,1998.6,0.0,1988.5,0.0,0,0,0,0,0000000000000000000000000000000000000000
1,0x0025F00,1727450007,2024-09-27 15:13:27,10.1,10.1,1998.6,0.0,1988.5,0.0,0,0,0,0,0000000000000000000000000000000000000000
1,0x0025F40,1727450008,2024-09-27 15:13:28,10.1,0.0,1998.6,0.0,1988.5,0.0,0,0,0,0,0000000000000000000000000000000000000000
1,0x0025F80,1727450009,2024-09-27 15:13:29,10.1,0.0,1998.6,0.0,1988.5,0.0,0,0,0,0,0000000000000000000000000000000000000000
1,0x0025FC0,1727450009,2024-09-27 15:13:29,10.1,0.0,1998.6,0.0,1988.5,0.0,0,0,0,0,0000000000000000000000000000000000000000
1,0x0026000,1727450010,2024-09-27 15:13:30,10.1,0.0,1998.6,0.0,1988.5,0.0,0,0,0,0,0000000000000000000000000000000000000000
1,0x0026040,1727450011,2024-09-27 15:13:31,10.1,0.0,1998.6,0.0,1988.5,0.0,0,0,0,0,0000000000000000000000000000000000000000
1,0x0026080,1727450011,2024-09-27 15:13:31,10.1,0.0,1998.6,0.0,1988.5,0.0,0,0,0,0,0000000000000000000000000000000000000000
1,0x00260C0,1727450012,2024-09-27 15:13:32,10.1,0.0,1998.6,0.0,1988.5,0.0,0,0,0,0,0000000000000000000000000000000000000000
1,0x0026100,1727450015,2024-09-27 15:13:35,10.1,0.0,1998.6,0.0,1988.5,0.0,0,0,0,0,0000000000000000000000000000000000000000
1,0x0026140,1727450016,2024-09-27 15:13:36,10.1,0.0,1998.6,0.0,1988.5,0.0,0,0,0,0,0000000000000000000000000000000000000000
1,0x0026180,1727450016,2024-09-27 15:13:36,10.1,0.0,1998.6,0.0,1988.5,0.0,0,0,0,0,0000000000000000000000000000000000000000
1,0x00261C0,1727450017,2024-09-27 15:13:37,10.1,0.0,1998.6,0.0,1988.5,0.0,0,0,0,0,0000000000000000000000000000000000000000
1,0x0026200,1727450020,2024-09-27 15:13:40,10.1,0.0,1998.6,0.0,1988.5,0.0,0,0,0,0,0000000000000000000000000000000000000000
1,0x0026240,1727450021,2024-09-27 15:13:41,10.1,0.0,1998.6,0.0,1988.5,0.0,0,0,0,0,0000000000000000000000000000000000000000
1,0x0026280,1727450021,2024-09-27 15:13:41,10.1,0.0,1998.6,0.0,1988.5,0.0,0,0,0,0,0000000000000000000000000000000000000000
1,0x00262C0,1727450022,2024-09-27 15:13:42,10.1,0.0,1998.6,0.0,1988.5,0.0,0,0,0,0,0000000000000000000000000000000000000000
1,0x0026300,1727450025,2024-09-27 15:13:45,10.1,0.0,1998.6,0.0,1988.5,0.0,0,0,0,0,0000000000000000000000000000000000000000
1,0x0026340,1727450026,2024-09-27 15:13:46,10.1,0.0,1998.6,0.0,1988.5,0.0,0,0,0,0,0000000000000000000000000000000000000000
1,0x0026380,1727450026,2024-09-27 15:13:46,10.1,0.0,1998.6,0.0,1988.5,0.0,0,0,0,0,0000000000000000000000000000000000000000
1,0x00263C0,1727450027,2024-09-27 15:13:47,10.1,0.0,1998.6,0.0,1988.5,0.0,0,0,0,0,0000000000000000000000000000000000000000
1,0x0026400,1727450030,2024-09-27 15:13:50,10.1,0.0,1998.6,0.0,1988.5,0.0,0,0,0,0,0000000000000000000000000000000000000000
1,0x0026440,1727450031,2024-09-27 15:13:51,10.1,0.0,1998.6,0.0,1988.5,0.0,0,0,0,0,0000000000000000000000000000000000000000
1,0x0026480,1727450031,2024-09-27 15:13:51,10.1,0.0,1998.6,0.0,1988.5,0.0,0,0,0,0,0000000000000000000000000000000000000000
1,0x00264C0,1727450032,2024-09-27 15:13:52,10.1,0.0,1998.6,0.0,1988.5,0.0,0,0,0,0,0000000000000000000000000000000000000000
1,0x0026500,1727450035,2024-09-27 15:13:55,10.1,0.0,1998.6,0.0,1988.5,0.0,0,0,0,0,0000000000000000000000000000000000000000
1,0x0026540,1727450036,2024-09-27 15:13:56,10.1,0.0,1998.6,0.0,1988.5,0.0,0,0,0,0,0000000000000000000000000000000000000000
1,0x0026580,1727450036,2024-09-27 15:13:56,10.1,0.0,1998.6,0.0,1988.5,0.0,0,0,0,0,0000000000000000000000000000000000000000
1,0x00265C0,1727450037,2024-09-27 15:13:57,10.1,0.0,1998.6,0.0,1988.5,0.0,0,0,0,0,0000000000000000000000000000000000000000
1,0x0026600,1727450040,2024-09-27 15:14:00,10.1,0.0,1998.6,0.0,1988.5,0.0,0,0,0,0,0000000000000000000000000000000000000000
1,0x0026640,1727450041,2024-09-27 15:14:01,10.1,0.0,1998.6,0.0,1988.5,0.0,0,0,0,0,0000000000000000000000000000000000000000
1,0x0026680,1727450041,2024-09-27 15:14:01,10.1,0.0,1998.6,0.0,1988.5,0.0,0,0,0,0,0000000000000000000000000000000000000000
1,0x00266C0,1727450042,2024-09-27 15:14:02,10.1,0.0,1998.6,0.0,1988.5,0.0,0,0,0,0,0000000000000000000000000000000000000000
1,0x0026700,1727450047,2024-09-27 15:14:07,10.1,10.1,1998.6,0.0,1988.5,0.0,0,0,0,0,0000000000000000000000000000000000000000
1,0x0026740,1727450048,2024-09-27 15:14:08,10.1,0.0,1998.6,0.0,1988.5,0.0,0,0,0,0,0000000000000000000000000000000000000000
1,0x0026780,1727450049,2024-09-27 15:14:09,10.1,0.0,1998.6,0.0,1988.5,0.0,0,0,0,0,0000000000000000000000000000000000000000
1,0x00267C0,1727450049,2024-09-27 15:14:09,10.1,0.0,1998.6,0.0,1988.5,0.0,0,0,0,0,0000000000000000000000000000000000000000
1,0x0026800,1727450140,2024-09-27 15:15:40,10.1,0.0,1998.6,0.0,1988.5,0.0,0,0,0,0,0000000000000000000000000000000000000000
1,0x0026840,1727450141,2024-09-27 15:15:41,10.1,0.0,1998.6,0.0,1988.5,0.0,0,0,0,0,0000000000000000000000000000000000000000
1,0x0026880,1727450141,2024-09-27 15:15:41,10.1,0.0,1998.6,0.0,1988.5,0.0,0,0,0,0,0000000000000000000000000000000000000000
1,0x00268C0,1727450142,2024-09-27 15:15:42,10.1,0.0,1998.6,0.0,1988.5,0.0,0,0,0,0,0000000000000000000000000000000000000000
1,0x0026900,1727450145,2024-09-27 15:15:45,10.1,0.0,1998.6,0.0,1988.5,0.0,0,0,0,0,0000000000000000000000000000000000000000
1,0x0026940,1727450146,2024-09-27 15:15:46,10.1,0.0,1998.6,0.0,1988.5,0.0,0,0,0,0,0000000000000000000000000000000000000000
1,0x0026980,1727450146,2024-09-27 15:15:46,10.1,0.0,1998.6,0.0,1988.5,0.0,0,0,0,0,0000000000000000000000000000000000000000
1,0x00269C0,1727450147,2024-09-27 15:15:47,10.1,0.0,1998.6,0.0,1988.5,0.0,0,0,0,0,0000000000000000000000000000000000000000
1,0x0026A00,1727450150,2024-09-27 15:15:50,10.1,0.0,1998.6,0.0,1988.5,0.0,0,0,0,0,0000000000000000000000000000000000000000
1,0x0026A40,1727450151,2024-09-27 15:15:51,10.1,0.0,1998.6,0.0,1988.5,0.0,0,0,0,0,0000000000000000000000000000000000000000
1,0x0026A80,1727450151,2024-09-27 15:15:51,10.1,0.0,1998.6,0.0,1988.5,0.0,0,0,0,0,0000000000000000000000000000000000000000
1,0x0026AC0,1727450152,2024-09-27 15:15:52,10.1,0.0,1998.6,0.0,1988.5,0.0,0,0,0,0,0000000000000000000000000000000000000000
1,0x0026B00,1727450155,2024-09-27 15:15:55,10.1,0.0,1998.6,0.0,1988.5,0.0,0,0,0,0,0000000000000000000000000000000000000000
1,0x0026B40,1727450156,2024-09-27 15:15:56,10.1,0.0,1998.6,0.0,1988.5,0.0,0,0,0,0,0000000000000000000000000000000000000000
1,0x0026B80,1727450156,2024-09-27 15:15:56,10.1,0.0,1998.6,0.0,1988.5,0.0,0,0,0,0,0000000000000000000000000000000000000000
1,0x0026BC0,1727450157,2024-09-27 15:15:57,10.1,0.0,1998.6,0.0,1988.5,0.0,0,0,0,0,0000000000000000000000000000000000000000
1,0x0026C00,1727450160,2024-09-27 15:16:00,10.1,0.0,1998.6,0.0,1988.5,0.0,0,0,0,0,0000000000000000000000000000000000000000
1,0x0026C40,1727450161,2024-09-27 15:16:01,10.1,0.0,1998.6,0.0,1988.5,0.0,0,0,0,0,0000000000000000000000000000000000000000
1,0x0026C80,1727450161,2024-09-27 15:16:01,10.1,0.0,1998.6,0.0,1988.5,0.0,0,0,0,0,0000000000000000000000000000000000000000
1,0x0026CC0,1727450162,2024-09-27 15:16:02,10.1,0.0,1998.6,0.0,1988.5,0.0,0,0,0,0,0000000000000000000000000000000000000000
1,0x0026D00,1727450165,2024-09-27 15:16:05,10.1,0.0,1998.6,0.0,1988.5,0.0,0,0,0,0,0000000000000000000000000000000000000000
1,0x0026D40,1727450166,2024-09-27 15:16:06,10.1,0.0,1998.6,0.0,1988.5,0.0,0,0,0,0,0000000000000000000000000000000000000000
1,0x0026D80,1727450166,2024-09-27 15:16:06,10.1,0.0,1998.6,0.0,1988.5,0.0,0,0,0,0,0000000000000000000000000000000000000000
1,0x0026DC0,1727450167,2024-09-27 15:16:07,10.1,0.0,1998.6,0.0,1988.5,0.0,0,0,0,0,0000000000000000000000000000000000000000
1,0x0026E00,1727450170,2024-09-27 15:16:10,10.1,0.0,1998.6,0.0,1988.5,0.0,0,0,0,0,0000000000000000000000000000000000000000
1,0x0026E40,1727450171,2024-09-27 15:16:11,10.1,0.0,1998.6,0.0,1988.5,0.0,0,0,0,0,0000000000000000000000000000000000000000
1,0x0026E80,1727450171,2024-09-27 15:16:11,10.1,0.0,1998.6,0.0,1988.5,0.0,0,0,0,0,0000000000000000000000000000000000000000
1,0x0026EC0,1727450172,2024-09-27 15:16:12,10.1,0.0,1998.6,0.0,1988.5,0.0,0,0,0,0,0000000000000000000000000000000000000000
1,0x0026F00,1727450175,2024-09-27 15:16:15,10.1,0.0,1998.6,0.0,1988.5,0.0,0,0,0,0,0000000000000000000000000000000000000000
1,0x0026F40,1727450176,2024-09-27 15:16:16,10.1,0.0,1998.6,0.0,1988.5,0.0,0,0,0,0,0000000000000000000000000000000000000000
1,0x0026F80,1727450176,2024-09-27 15:16:16,10.1,0.0,1998.6,0.0,1988.5,0.0,0,0,0,0,0000000000000000000000000000000000000000
1,0x0026FC0,1727450177,2024-09-27 15:16:17,10.1,0.0,1998.6,0.0,1988.5,0.0,0,0,0,0,0000000000000000000000000000000000000000
1,0x0027000,1727450272,2024-09-27 15:17:52,10.1,10.1,1998.6,0.0,1988.5,0.0,0,0,0,0,0000000000000000000000000000000000000000
1,0x0027040,1727450273,2024-09-27 15:17:53,10.1,0.0,1998.6,0.0,1988.5,0.0,0,0,0,0,0000000000000000000000000000000000000000
1,0x0027080,1727450274,2024-09-27 15:17:54,10.1,0.0,1998.6,0.0,1988.5,0.0,0,0,0,0,0000000000000000000000000000000000000000
1,0x00270C0,1727450274,2024-09-27 15:17:54,10.1,0.0,1998.6,0.0,1988.5,0.0,0,0,0,0,0000000000000000000000000000000000000000
1,0x0027100,1727450275,2024-09-27 15:17:55,10.1,0.0,1998.6,0.0,1988.5,0.0,0,0,0,0,0000000000000000000000000000000000000000
1,0x0027140,1727450276,2024-09-27 15:17:56,10.1,0.0,1998.6,0.0,1988.5,0.0,0,0,0,0,0000000000000000000000000000000000000000
1,0x0027180,1727450276,2024-09-27 15:17:56,10.1,0.0,1998.6,0.0,1988.5,0.0,0,0,0,0,0000000000000000000000000000000000000000
1,0x00271C0,1727450277,2024-09-27 15:17:57,10.1,0.0,1998.6,0.0,1988.5,0.0,0,0,0,0,0000000000000000000000000000000000000000
1,0x0027200,1727450280,2024-09-27 15:18:00,10.1,0.0,1998.6,0.0,1988.5,0.0,0,0,0,0,0000000000000000000000000000000000000000
1,0x0027240,1727450281,2024-09-27 15:18:01,10.1,0.0,1998.6,0.0,1988.5,0.0,0,0,0,0,0000000000000000000000000000000000000000
1,0x0027280,1727450281,2024-09-27 15:18:01,10.1,0.0,1998.6,0.0,1988.5,0.0,0,0,0,0,0000000000000000000000000000000000000000
1,0x00272C0,1727450282,2024-09-27 15:18:02,10.1,0.0,1998.6,0.0,1988.5,0.0,0,0,0,0,0000000000000000000000000000000000000000
1,0x0027300,1727450285,2024-09-27 15:18:05,10.1,0.0,1998.6,0.0,1988.5,0.0,0,0,0,0,0000000000000000000000000000000000000000
1,0x0027340,1727450286,2024-09-27 15:18:06,10.1,0.0,1998.6,0.0,1988.5,0.0,0,0,0,0,0000000000000000000000000000000000000000
1,0x0027380,1727450286,2024-09-27 15:18:06,10.1,0.0,1998.6,0.0,1988.5,0.0,0,0,0,0,0000000000000000000000000000000000000000
1,0x00273C0,1727450287,2024-09-27 15:18:07,10.1,0.0,1998.6,0.0,1988.5,0.0,0,0,0,0,0000000000000000000000000000000000000000
1,0x0027400,1727450290,2024-09-27 15:18:10,10.1,0.0,1998.6,0.0,1988.5,0.0,0,0,0,0,0000000000000000000000000000000000000000
1,0x0027440,1727450291,2024-09-27 15:18:11,10.1,0.0,1998.6,0.0,1988.5,0.0,0,0,0,0,0000000000000000000000000000000000000000
1,0x0027480,1727450291,2024-09-27 15:18:11,10.1,0.0,1998.6,0.0,1988.5,0.0,0,0,0,0,0000000000000000000000000000000000000000
1,0x00274C0,1727450292,2024-09-27 15:18:12,10.1,0.0,1998.6,0.0,1988.5,0.0,0,0,0,0,0000000000000000000000000000000000000000
1,0x0027500,1727450295,2024-09-27 15:18:15,10.1,0.0,1998.6,0.0,1988.5,0.0,0,0,0,0,0000000000000000000000000000000000000000
1,0x0027540,1727450296,2024-09-27 15:18:16,10.1,0.0,1998.6,0.0,1988.5,0.0,0,0,0,0,0000000000000000000000000000000000000000
1,0x0027580,1727450296,2024-09-27 15:18:16,10.1,0.0,1998.6,0.0,1988.5,0.0,0,0,0,0,0000000000000000000000000000000000000000
1,0x00275C0,1727450297,2024-09-27 15:18:17,10.1,0.0,1998.6,0.0,1988.5,0.0,0,0,0,0,0000000000000000000000000000000000000000
1,0x0027600,1727450300,2024-09-27 15:18:20,10.1,0.0,1998.6,0.0,1988.5,0.0,0,0,0,0,0000000000000000000000000000000000000000
1,0x0027640,1727450301,2024-09-27 15:18:21,10.1,0.0,1998.6,0.0,1988.5,0.0,0,0,0,0,0000000000000000000000000000000000000000
1,0x0027680,1727450301,2024-09-27 15:18:21,10.1,0.0,1998.6,0.0,1988.5,0.0,0,0,0,0,0000000000000000000000000000000000000000
1,0x00276C0,1727450302,2024-09-27 15:18:22,10.1,0.0,1998.6,0.0,1988.5,0.0,0,0,0,0,0000000000000000000000000000000000000000
1,0x0027700,1727450305,2024-09-27 15:18:25,10.1,0.0,1998.6,0.0,1988.5,0.0,0,0,0,0,0000000000000000000000000000000000000000
1,0x0027740,1727450306,2024-09-27 15:18:26,10.1,0.0,1998.6,0.0,1988.5,0.0,0,0,0,0,0000000000000000000000000000000000000000
1,0x0027780,1727450306,2024-09-27 15:18:26,10.1,0.0,1998.6,0.0,1988.5,0.0,0,0,0,0,0000000000000000000000000000000000000000
1,0x00277C0,1727450307,2024-09-27 15:18:27,10.1,0.0,1998.6,0.0,1988.5,0.0,0,0,0,0,0000000000000000000000000000000000000000
1,0x0027800,1727450310,2024-09-27 15:18:30,10.1,0.0,1998.6,0.0,1988.5,0.0,0,0,0,0,0000000000000000000000000000000000000000
1,0x0027840,1727450311,2024-09-27 15:18:31,10.1,0.0,1998.6,0.0,1988.5,0.0,0,0,0,0,0000000000000000000000000000000000000000
1,0x0027880,1727450311,2024-09-27 15:18:31,10.1,0.0,1998.6,0.0,1988.5,0.0,0,0,0,0,0000000000000000000000000000000000000000
1,0x00278C0,1727450312,2024-09-27 15:18:32,10.1,0.0,1998.6,0.0,1988.5,0.0,0,0,0,0,0000000000000000000000000000000000000000
1,0x0027900,1727450405,2024-09-27 15:20:05,10.1,0.0,1998.6,0.0,1988.5,0.0,0,0,0,0,0000000000000000000000000000000000000000
1,0x0027940,1727450406,2024-09-27 15:20:06,10.1,0.0,1998.6,0.0,1988.5,0.0,0,0,0,0,0000000000000000000000000000000000000000
1,0x0027980,1727450406,2024-09-27 15:20:06,10.1,0.0,1998.6,0.0,1988.5,0.0,0,0,0,0,0000000000000000000000000000000000000000
1,0x00279C0,1727450407,2024-09-27 15:20:07,10.1,0.0,1998.6,0.0,1988.5,0.0,0,0,0,0,0000000000000000000000000000000000000000
1,0x0027A00,1727450410,2024-09-27 15:20:10,10.1,0.0,1998.6,0.0,1988.5,0.0,0,0,0,0,0000000000000000000000000000000000000000
1,0x0027A40,1727450411,2024-09-27 15:20:11,10.1,0.0,1998.6,0.0,1988.5,0.0,0,0,0,0,0000000000000000000000000000000000000000
1,0x0027A80,1727450411,2024-09-27 15:20:11,10.1,0.0,1998.6,0.0,1988.5,0.0,0,0,0,0,0000000000000000000000000000000000000000
1,0x0027AC0,1727450412,2024-09-27 15:20:12,10.1,0.0,1998.6,0.0,1988.5,0.0,0,0,0,0,0000000000000000000000000000000000000000
1,0x0027B00,1727450415,2024-09-27 15:20:15,10.1,0.0,1998.6,0.0,1988.5,0.0,0,0,0,0,0000000000000000000000000000000000000000
1,0x0027B40,1727450416,2024-09-27 15:20:16,10.1,0.0,1998.6,0.0,1988.5,0.0,0,0,0,0,0000000000000000000000000000000000000000
1,0x0027B80,1727450416,2024-09-27 15:20:16,10.1,0.0,1998.6,0.0,1988.5,0.0,0,0,0,0,0000000000000000000000000000000000000000
1,0x0027BC0,1727450417,2024-09-27 15:20:17,10.1,0.0,1998.6,0.0,1988.5,0.0,0,0,0,0,0000000000000000000000000000000000000000
1,0x0027C00,1727450420,2024-09-27 15:20:20,10.1,0.0,1998.6,0.0,1988.5,0.0,0,0,0,0,0000000000000000000000000000000000000000
1,0x0027C40,1727450421,2024-09-27 15:20:21,10.1,0.0,1998.6,0.0,1988.5,0.0,0,0,0,0,0000000000000000000000000000000000000000
1,0x0027C80,1727450421,2024-09-27 15:20:21,10.1,0.0,1998.6,0.0,1988.5,0.0,0,0,0,0,0000000000000000000000000000000000000000
1,0x0027CC0,1727450422,2024-09-27 15:20:22,10.1,0.0,1998.6,0.0,1988.5,0.0,0,0,0,0,0000000000000000000000000000000000000000
1,0x0027D00,1727450425,2024-09-27 15:20:25,10.1,0.0,1998.6,0.0,1988.5,0.0,0,0,0,0,0000000000000000000000000000000000000000
1,0x0027D40,1727450426,2024-09-27 15:20:26,10.1,0.0,1998.6,0.0,1988.5,0.0,0,0,0,0,0000000000000000000000000000000000000000
1,0x0027D80,1727450426,2024-09-27 15:20:26,10.1,0.0,1998.6,0.0,1988.5,0.0,0,0,0,0,0000000000000000000000000000000000000000
1,0x0027DC0,1727450427,2024-09-27 15:20:27,10.1,0.0,1998.6,0.0,1988.5,0.0,0,0,0,0,0000000000000000000000000000000000000000
1,0x0027E00,1727450430,2024-09-27 15:20:30,10.1,0.0,1998.6,0.0,1988.5,0.0,0,0,0,0,0000000000000000000000000000000000000000
1,0x0027E40,1727450431,2024-09-27 15:20:31,10.1,0.0,1998.6,0.0,1988.5,0.0,0,0,0,0,0000000000000000000000000000000000000000
1,0x0027E80,1727450431,2024-09-27 15:20:31,10.1,0.0,1998.6,0.0,1988.5,0.0,0,0,0,0,0000000000000000000000000000000000000000
1,0x0027EC0,1727450432,2024-09-27 15:20:32,10.1,0.0,1998.6,0.0,1988.5,0.0,0,0,0,0,0000000000000000000000000000000000000000
1,0x0027F00,1727450435,2024-09-27 15:20:35,10.1,0.0,1998.6,0.0,1988.5,0.0,0,0,0,0,0000000000000000000000000000000000000000
1,0x0027F40,1727450436,2024-09-27 15:20:36,10.1,0.0,1998.6,0.0,1988.5,0.0,0,0,0,0,0000000000000000000000000000000000000000
1,0x0027F80,1727450436,2024-09-27 15:20:36,10.1,0.0,1998.6,0.0,1988.5,0.0,0,0,0,0,0000000000000000000000000000000000000000
1,0x0027FC0,1727450437,2024-09-27 15:20:37,10.1,0.0,1998.6,0.0,1988.5,0.0,0,0,0,0,0000000000000000000000000000000000000000
1,0x0028000,1727450535,2024-09-27 15:22:15,10.1,0.0,1998.6,0.0,1988.5,0.0,0,0,0,0,0000000000000000000000000000000000000000
1,0x0028040,1727450536,2024-09-27 15:22:16,10.1,0.0,1998.6,0.0,1988.5,0.0,0,0,0,0,0000000000000000000000000000000000000000
1,0x0028080,1727450536,2024-09-27 15:22:16,10.1,0.0,1998.6,0.0,1988.5,0.0,0,0,0,0,0000000000000000000000000000000000000000
1,0x00280C0,1727450537,2024-09-27 15:22:17,10.1,0.0,1998.6,0.0,1988.5,0.0,0,0,0,0,0000000000000000000000000000000000000000
1,0x0028100,1727450540,2024-09-27 15:22:20,10.1,0.0,1998.6,0.0,1988.5,0.0,0,0,0,0,0000000000000000000000000000000000000000
1,0x0028140,1727450541,2024-09-27 15:22:21,10.1,0.0,1998.6,0.0,1988.5,0.0,0,0,0,0,0000000000000000000000000000000000000000
1,0x0028180,1727450541,2024-09-27 15:22:21,10.1,0.0,1998.6,0.0,1988.5,0.0,0,0,0,0,0000000000000000000000000000000000000000
1,0x00281C0,1727450542,2024-09-27 15:22:22,10.1,0.0,1998.6,0.0,1988.5,0.0,0,0,0,0,0000000000000000000000000000000000000000
1,0x0028200,1727450545,2024-09-27 15:22:25,10.1,0.0,1998.6,0.0,1988.5,0.0,0,0,0,0,0000000000000000000000000000000000000000
1,0x0028240,1727450546,2024-09-27 15:22:26,10.1,0.0,1998.6,0.0,1988.5,0.0,0,0,0,0,0000000000000000000000000000000000000000
1,0x0028280,1727450546,2024-09-27 15:22:26,10.1,0.0,1998.6,0.0,1988.5,0.0,0,0,0,0,0000000000000000000000000000000000000000
1,0x00282C0,1727450547,2024-09-27 15:22:27,10.1,0.0,1998.6,0.0,1988.5,0.0,0,0,0,0,0000000000000000000000000000000000000000
1,0x0028300,1727450550,2024-09-27 15:22:30,10.1,0.0,1998.6,0.0,1988.5,0.0,0,0,0,0,0000000000000000000000000000000000000000
1,0x0028340,1727450551,2024-09-27 15:22:31,10.1,0.0,1998.6,0.0,1988.5,0.0,0,0,0,0,0000000000000000000000000000000000000000
1,0x0028380,1727450551,2024-09-27 15:22:31,10.1,0.0,1998.6,0.0,1988.5,0.0,0,0,0,0,0000000000000000000000000000000000000000
1,0x00283C0,1727450552,2024-09-27 15:22:32,10.1,0.0,1998.6,0.0,1988.5,0.0,0,0,0,0,0000000000000000000000000000000000000000
1,0x0028400,1727450555,2024-09-27 15:22:35,10.1,0.0,1998.6,0.0,1988.5,0.0,0,0,0,0,0000000000000000000000000000000000000000
1,0x0028440,1727450556,2024-09-27 15:22:36,10.1,0.0,1998.6,0.0,1988.5,0.0,0,0,0,0,0000000000000000000000000000000000000000
1,0x0028480,1727450556,2024-09-27 15:22:36,10.1,0.0,1998.6,0.0,1988.5,0.0,0,0,0,0,0000000000000000000000000000000000000000
1,0x00284C0,1727450557,2024-09-27 15:22:37,10.1,0.0,1998.6,0.0,1988.5,0.0,0,0,0,0,0000000000000000000000000000000000000000
1,0x0028500,1727450560,2024-09-27 15:22:40,10.1,0.0,1998.6,0.0,1988.5,0.0,0,0,0,0,0000000000000000000000000000000000000000
1,0x0028540,1727450561,2024-09-27 15:22:41,10.1,0.0,1998.6,0.0,1988.5,0.0,0,0,0,0,0000000000000000000000000000000000000000
1,0x0028580,1727450561,2024-09-27 15:22:41,10.1,0.0,1998.6,0.0,1988.5,0.0,0,0,0,0,0000000000000000000000000000000000000000
1,0x00285C0,1727450562,2024-09-27 15:22:42,10.1,0.0,1998.6,0.0,1988.5,0.0,0,0,0,0,0000000000000000000000000000000000000000
1,0x0028600,1727450565,2024-09-27 15:22:45,10.1,0.0,1998.6,0.0,1988.5,0.0,0,0,0,0,0000000000000000000000000000000000000000
1,0x0028640,1727450566,2024-09-27 15:22:46,10.1,0.0,1998.6,0.0,1988.5,0.0,0,0,0,0,0000000000000000000000000000000000000000
1,0x0028680,1727450566,2024-09-27 15:22:46,10.1,0.0,1998.6,0.0,1988.5,0.0,0,0,0,0,0000000000000000000000000000000000000000
1,0x00286C0,1727450567,2024-09-27 15:22:47,10.1,0.0,1998.6,0.0,1988.5,0.0,0,0,0,0,0000000000000000000000000000000000000000
1,0x0028700,1727450662,2024-09-27 15:24:22,10.1,10.1,1998.6,0.0,1988.5,0.0,0,0,0,0,0000000000000000000000000000000000000000
1,0x0028740,1727450663,2024-09-27 15:24:23,10.1,0.0,1998.6,0.0,1988.5,0.0,0,0,0,0,0000000000000000000000000000000000000000
1,0x0028780,1727450664,2024-09-27 15:24:24,10.1,0.0,1998.6,0.0,1988.5,0.0,0,0,0,0,0000000000000000000000000000000000000000
1,0x00287C0,1727450664,2024-09-27 15:24:24,10.1,0.0,1998.6,0.0,1988.5,0.0,0,0,0,0,0000000000000000000000000000000000000000
1,0x0028800,1727450665,2024-09-27 15:24:25,10.1,0.0,1998.6,0.0,1988.5,0.0,0,0,0,0,0000000000000000000000000000000000000000
1,0x0028840,1727450666,2024-09-27 15:24:26,10.1,0.0,1998.6,0.0,1988.5,0.0,0,0,0,0,0000000000000000000000000000000000000000
1,0x0028880,1727450666,2024-09-27 15:24:26,10.1,0.0,1998.6,0.0,1988.5,0.0,0,0,0,0,0000000000000000000000000000000000000000
1,0x00288C0,1727450667,2024-09-27 15:24:27,10.1,0.0,1998.6,0.0,1988.5,0.0,0,0,0,0,0000000000000000000000000000000000000000
1,0x0028900,1727450670,2024-09-27 15:24:30,10.1,0.0,1998.6,0.0,1988.5,0.0,0,0,0,0,0000000000000000000000000000000000000000
1,0x0028940,1727450671,2024-09-27 15:24:31,10.1,0.0,1998.6,0.0,1988.5,0.0,0,0,0,0,0000000000000000000000000000000000000000
1,0x0028980,1727450671,2024-09-27 15:24:31,10.1,0.0,1998.6,0.0,1988.5,0.0,0,0,0,0,0000000000000000000000000000000000000000
1,0x00289C0,1727450672,2024-09-27 15:24:32,10.1,0.0,1998.6,0.0,1988.5,0.0,0,0,0,0,0000000000000000000000000000000000000000
1,0x0028A00,1727450675,2024-09-27 15:24:35,10.1,0.0,1998.6,0.0,1988.5,0.0,0,0,0,0,0000000000000000000000000000000000000000
1,0x0028A40,1727450676,2024-09-27 15:24:36,10.1,0.0,1998.6,0.0,1988.5,0.0,0,0,0,0,0000000000000000000000000000000000000000
1,0x0028A80,1727450676,2024-09-27 15:24:36,10.1,0.0,1998.6,0.0,1988.5,0.0,0,0,0,0,0000000000000000000000000000000000000000
1,0x0028AC0,1727450677,2024-09-27 15:24:37,10.1,0.0,1998.6,0.0,1988.5,0.0,0,0,0,0,0000000000000000000000000000000000000000
1,0x0028B00,1727450680,2024-09-27 15:24:40,10.1,0.0,1998.6,0.0,1988.5,0.0,0,0,0,0,0000000000000000000000000000000000000000
1,0x0028B40,1727450681,2024-09-27 15:24:41,10.1,0.0,1998.6,0.0,1988.5,0.0,0,0,0,0,0000000000000000000000000000000000000000
1,0x0028B80,1727450681,2024-09-27 15:24:41,10.1,0.0,1998.6,0.0,1988.5,0.0,0,0,0,0,0000000000000000000000000000000000000000
1,0x0028BC0,1727450682,2024-09-27 15:24:42,10.1,0.0,1998.6,0.0,1988.5,0.0,0,0,0,0,0000000000000000000000000000000000000000
1,0x0028C00,1727450685,2024-09-27 15:24:45,10.1,0.0,1998.6,0.0,1988.5,0.0,0,0,0,0,0000000000000000000000000000000000000000
1,0x0028C40,1727450686,2024-09-27 15:24:46,10.1,0.0,1998.6,0.0,1988.5,0.0,0,0,0,0,0000000000000000000000000000000000000000
1,0x0028C80,1727450686,2024-09-27 15:24:46,10.1,0.0,1998.6,0.0,1988.5,0.0,0,0,0,0,0000000000000000000000000000000000000000
1,0x0028CC0,1727450687,2024-09-27 15:24:47,10.1,0.0,1998.6,0.0,1988.5,0.0,0,0,0,0,0000000000000000000000000000000000000000
1,0x0028D00,1727450690,2024-09-27 15:24:50,10.1,0.0,1998.6,0.0,1988.5,0.0,0,0,0,0,0000000000000000000000000000000000000000
1,0x0028D40,1727450691,2024-09-27 15:24:51,10.1,0.0,1998.6,0.0,1988.5,0.0,0,0,0,0,0000000000000000000000000000000000000000
1,0x0028D80,1727450691,2024-09-27 15:24:51,10.1,0.0,1998.6,0.0,1988.5,0.0,0,0,0,0,0000000000000000000000000000000000000000
1,0x0028DC0,1727450692,2024-09-27 15:24:52,10.1,0.0,1998.6,0.0,1988.5,0.0,0,0,0,0,0000000000000000000000000000000000000000
1,0x0028E00,1727450697,2024-09-27 15:24:57,10.1,10.1,1998.6,0.0,1988.5,0.0,0,0,0,0,0000000000000000000000000000000000000000
1,0x0028E40,1727450698,2024-09-27 15:24:58,10.1,0.0,1998.6,0.0,1988.5,0.0,0,0,0,0,0000000000000000000000000000000000000000
1,0x0028E80,1727450699,2024-09-27 15:24:59,10.1,0.0,1998.6,0.0,1988.5,0.0,0,0,0,0,0000000000000000000000000000000000000000
1,0x0028EC0,1727450699,2024-09-27 15:24:59,10.1,0.0,1998.6,0.0,1988.5,0.0,0,0,0,0,0000000000000000000000000000000000000000
1,0x0028F00,1727450700,2024-09-27 15:25:00,10.1,0.0,1998.6,0.0,1988.5,0.0,0,0,0,0,0000000000000000000000000000000000000000
1,0x0028F40,1727450701,2024-09-27 15:25:01,10.1,0.0,1998.6,0.0,1988.5,0.0,0,0,0,0,0000000000000000000000000000000000000000
1,0x0028F80,1727450701,2024-09-27 15:25:01,10.1,0.0,1998.6,0.0,1988.5,0.0,0,0,0,0,0000000000000000000000000000000000000000
1,0x0028FC0,1727450702,2024-09-27 15:25:02,10.1,0.0,1998.6,0.0,1988.5,0.0,0,0,0,0,0000000000000000000000000000000000000000
1,0x0029000,1727450790,2024-09-27 15:26:30,10.1,0.0,1998.6,0.0,1988.5,0.0,0,0,0,0,0000000000000000000000000000000000000000
1,0x0029040,1727450791,2024-09-27 15:26:31,10.1,0.0,1998.6,0.0,1988.5,0.0,0,0,0,0,0000000000000000000000000000000000000000
1,0x0029080,1727450791,2024-09-27 15:26:31,10.1,0.0,1998.6,0.0,1988.5,0.0,0,0,0,0,0000000000000000000000000000000000000000
1,0x00290C0,1727450792,2024-09-27 15:26:32,10.1,0.0,1998.6,0.0,1988.5,0.0,0,0,0,0,0000000000000000000000000000000000000000
1,0x0029100,1727450795,2024-09-27 15:26:35,10.1,0.0,1998.6,0.0,1988.5,0.0,0,0,0,0,0000000000000000000000000000000000000000
1,0x0029140,1727450796,2024-09-27 15:26:36,10.1,0.0,1998.6,0.0,1988.5,0.0,0,0,0,0,0000000000000000000000000000000000000000
1,0x0029180,1727450796,2024-09-27 15:26:36,10.1,0.0,1998.6,0.0,1988.5,0.0,0,0,0,0,0000000000000000000000000000000000000000
1,0x00291C0,1727450797,2024-09-27 15:26:37,10.1,0.0,1998.6,0.0,1988.5,0.0,0,0,0,0,0000000000000000000000000000000000000000
1,0x0029200,1727450800,2024-09-27 15:26:40,10.1,0.0,1998.6,0.0,1988.5,0.0,0,0,0,0,0000000000000000000000000000000000000000
1,0x0029240,1727450801,2024-09-27 15:26:41,10.1,0.0,1998.6,0.0,1988.5,0.0,0,0,0,0,0000000000000000000000000000000000000000
1,0x0029280,1727450801,2024-09-27 15:26:41,10.1,0.0,1998.6,0.0,1988.5,0.0,0,0,0,0,0000000000000000000000000000000000000000
1,0x00292C0,1727450802,2024-09-27 15:26:42,10.1,0.0,1998.6,0.0,1988.5,0.0,0,0,0,0,0000000000000000000000000000000000000000
1,0x0029300,1727450805,2024-09-27 15:26:45,10.1,0.0,1998.6,0.0,1988.5,0.0,0,0,0,0,0000000000000000000000000000000000000000
1,0x0029340,1727450806,2024-09-27 15:26:46,10.1,0.0,1998.6,0.0,1988.5,0.0,0,0,0,0,0000000000000000000000000000000000000000
1,0x0029380,1727450806,2024-09-27 15:26:46,10.1,0.0,1998.6,0.0,1988.5,0.0,0,0,0,0,0000000000000000000000000000000000000000
1,0x00293C0,1727450807,2024-09-27 15:26:47,10.1,0.0,1998.6,0.0,1988.5,0.0,0,0,0,0,0000000000000000000000000000000000000000
1,0x0029400,1727450810,2024-09-27 15:26:50,10.1,0.0,1998.6,0.0,1988.5,0.0,0,0,0,0,0000000000000000000000000000000000000000
1,0x0029440,1727450811,2024-09-27 15:26:51,10.1,0.0,1998.6,0.0,1988.5,0.0,0,0,0,0,0000000000000000000000000000000000000000
1,0x0029480,1727450811,2024-09-27 15:26:51,10.1,0.0,1998.6,0.0,1988.5,0.0,0,0,0,0,0000000000000000000000000000000000000000
1,0x00294C0,1727450812,2024-09-27 15:26:52,10.1,0.0,1998.6,0.0,1988.5,0.0,0,0,0,0,0000000000000000000000000000000000000000
1,0x0029500,1727450815,2024-09-27 15:26:55,10.1,0.0,1998.6,0.0,1988.5,0.0,0,0,0,0,0000000000000000000000000000000000000000
1,0x0029540,1727450816,2024-09-27 15:26:56,10.1,0.0,1998.6,0.0,1988.5,0.0,0,0,0,0,0000000000000000000000000000000000000000
1,0x0029580,1727450816,2024-09-27 15:26:56,10.1,0.0,1998.6,0.0,1988.5,0.0,0,0,0,0,0000000000000000000000000000000000000000
1,0x00295C0,1727450817,2024-09-27 15:26:57,10.1,0.0,1998.6,0.0,1988.5,0.0,0,0,0,0,0000000000000000000000000000000000000000
1,0x0029600,1727450820,2024-09-27 15:27:00,10.1,0.0,1998.6,0.0,1988.5,0.0,0,0,0,0,0000000000000000000000000000000000000000
1,0x0029640,1727450821,2024-09-27 15:27:01,10.1,0.0,1998.6,0.0,1988.5,0.0,0,0,0,0,0000000000000000000000000000000000000000
1,0x0029680,1727450821,2024-09-27 15:27:01,10.1,0.0,1998.6,0.0,1988.5,0.0,0,0,0,0,0000000000000000000000000000000000000000
1,0x00296C0,1727450822,2024-09-27 15:27:02,10.1,0.0,1998.6,0.0,1988.5,0.0,0,0,0,0,0000000000000000000000000000000000000000
1,0x0029700,1727450825,2024-09-27 15:27:05,10.1,0.0,1998.6,0.0,1988.5,0.0,0,0,0,0,0000000000000000000000000000000000000000
1,0x0029740,1727450826,2024-09-27 15:27:06,10.1,0.0,1998.6,0.0,1988.5,0.0,0,0,0,0,0000000000000000000000000000000000000000
1,0x0029780,1727450826,2024-09-27 15:27:06,10.1,0.0,1998.6,0.0,1988.5,0.0,0,0,0,0,0000000000000000000000000000000000000000
1,0x00297C0,1727450827,2024-09-27 15:27:07,10.1,0.0,1998.6,0.0,1988.5,0.0,0,0,0,0,0000000000000000000000000000000000000000
1,0x0029800,1727450832,2024-09-27 15:27:12,10.1,10.1,1998.6,0.0,1988.5,0.0,0,0,0,0,0000000000000000000000000000000000000000
1,0x0029840,1727450833,2024-09-27 15:27:13,10.1,0.0,1998.6,0.0,1988.5,0.0,0,0,0,0,0000000000000000000000000000000000000000
1,0x0029880,1727450834,2024-09-27 15:27:14,10.1,0.0,1998.6,0.0,1988.5,0.0,0,0,0,0,0000000000000000000000000000000000000000
1,0x00298C0,1727450834,2024-09-27 15:27:14,10.1,0.0,1998.6,0.0,1988.5,0.0,0,0,0,0,0000000000000000000000000000000000000000
1,0x0029900,1727450917,2024-09-27 15:28:37,10.1,10.1,1998.6,0.0,1988.5,0.0,0,0,0,0,0000000000000000000000000000000000000000
1,0x0029940,1727450918,2024-09-27 15:28:38,10.1,0.0,1998.6,0.0,1988.5,0.0,0,0,0,0,0000000000000000000000000000000000000000
1,0x0029980,1727450919,2024-09-27 15:28:39,10.1,0.0,1998.6,0.0,1988.5,0.0,0,0,0,0,0000000000000000000000000000000000000000
1,0x00299C0,1727450919,2024-09-27 15:28:39,10.1,0.0,1998.6,0.0,1988.5,0.0,0,0,0,0,0000000000000000000000000000000000000000
1,0x0029A00,1727450920,2024-09-27 15:28:40,10.1,0.0,1998.6,0.0,1988.5,0.0,0,0,0,0,0000000000000000000000000000000000000000
1,0x0029A40,1727450921,2024-09-27 15:28:41,10.1,0.0,1998.6,0.0,1988.5,0.0,0,0,0,0,0000000000000000000000000000000000000000
1,0x0029A80,1727450921,2024-09-27 15:28:41,10.1,0.0,1998.6,0.0,1988.5,0.0,0,0,0,0,0000000000000000000000000000000000000000
1,0x0029AC0,1727450922,2024-09-27 15:28:42,10.1,0.0,1998.6,0.0,1988.5,0.0,0,0,0,0,0000000000000000000000000000000000000000
1,0x0029B00,1727450925,2024-09-27 15:28:45,10.1,0.0,1998.6,0.0,1988.5,0.0,0,0,0,0,0000000000000000000000000000000000000000
1,0x0029B40,1727450926,2024-09-27 15:28:46,10.1,0.0,1998.6,0.0,1988.5,0.0,0,0,0,0,0000000000000000000000000000000000000000
1,0x0029B80,1727450926,2024-09-27 15:28:46,10.1,0.0,1998.6,0.0,1988.5,0.0,0,0,0,0,0000000000000000000000000000000000000000
1,0x0029BC0,1727450927,2024-09-27 15:28:47,10.1,0.0,1998.6,0.0,1988.5,0.0,0,0,0,0,0000000000000000000000000000000000000000
1,0x0029C00,1727450930,2024-09-27 15:28:50,10.1,0.0,1998.6,0.0,1988.5,0.0,0,0,0,0,0000000000000000000000000000000000000000
1,0x0029C40,1727450931,2024-09-27 15:28:51,10.1,0.0,1998.6,0.0,1988.5,0.0,0,0,0,0,0000000000000000000000000000000000000000
1,0x0029C80,1727450931,2024-09-27 15:28:51,10.1,0.0,1998.6,0.0,1988.5,0.0,0,0,0,0,0000000000000000000000000000000000000000
1,0x0029CC0,1727450932,2024-09-27 15:28:52,10.1,0.0,1998.6,0.0,1988.5,0.0,0,0,0,0,0000000000000000000000000000000000000000
1,0x0029D00,1727450935,2024-09-27 15:28:55,10.1,0.1,1998.6,0.0,1988.5,0.0,0,0,0,0,0000000000000000000000000000000000000000
1,0x0029D40,1727450935,2024-09-27 15:28:55,10.1,0.1,10.1,0.0,0.0,0.0,0,0,0,0,0000000000000000000000000000000000000000
1,0x0029D80,1727450936,2024-09-27 15:28:56,10.1,0.0,1998.6,0.0,1988.5,0.0,0,0,0,0,0000000000000000000000000000000000000000
1,0x0029DC0,1727450936,2024-09-27 15:28:56,10.1,0.1,1998.6,0.0,1988.5,0.0,0,0,0,0,0000000000000000000000000000000000000000
1,0x0029E00,1727450938,2024-09-27 15:28:58,10.1,0.0,1998.6,0.0,1988.5,0.0,0,0,0,0,0000000000000000000000000000000000000000
1,0x0029E40,1727450939,2024-09-27 15:28:59,10.1,0.1,1998.6,0.0,1988.5,0.0,0,0,0,0,0000000000000000000000000000000000000000
1,0x0029E80,1727450939,2024-09-27 15:28:59,10.1,0.1,1998.6,0.0,1988.5,0.0,0,0,0,0,0000000000000000000000000000000000000000
1,0x0029EC0,1727450940,2024-09-27 15:29:00,10.1,0.0,1998.6,0.0,1988.5,0.0,0,0,0,0,0000000000000000000000000000000000000000
1,0x0029F00,1727450940,2024-09-27 15:29:00,10.1,0.1,10.1,0.0,0.0,0.0,0,0,0,0,0000000000000000000000000000000000000000
1,0x0029F40,1727450941,2024-09-27 15:29:01,10.1,0.1,1998.6,0.0,1988.5,0.0,0,0,0,0,0000000000000000000000000000000000000000
1,0x0029F80,1727450941,2024-09-27 15:29:01,10.1,0.0,1998.6,0.0,1988.5,0.0,0,0,0,0,0000000000000000000000000000000000000000
1,0x0029FC0,1727450942,2024-09-27 15:29:02,10.1,0.1,1998.6,0.0,1988.5,0.0,0,0,0,0,0000000000000000000000000000000000000000
1,0x002A000,1727450944,2024-09-27 15:29:04,10.1,0.0,1998.6,0.0,1988.5,0.0,0,0,0,0,0000000000000000000000000000000000000000
1,0x002A040,1727450944,2024-09-27 15:29:04,10.1,0.1,1998.6,0.0,1988.5,0.0,0,0,0,0,0000000000000000000000000000000000000000
1,0x002A080,1727450945,2024-09-27 15:29:05,10.1,0.0,1998.6,0.0,1988.5,0.0,0,0,0,0,0000000000000000000000000000000000000000
1,0x002A0C0,1727450945,2024-09-27 15:29:05,10.1,0.1,10.1,0.0,0.0,0.0,0,0,0,0,0000000000000000000000000000000000000000
1,0x002A100,1727450946,2024-09-27 15:29:06,10.1,0.1,1998.6,0.0,1988.5,0.0,0,0,0,0,0000000000000000000000000000000000000000
1,0x002A140,1727450946,2024-09-27 15:29:06,10.1,0.1,1998.6,0.0,1988.5,0.0,0,0,0,0,0000000000000000000000000000000000000000
1,0x002A180,1727450947,2024-09-27 15:29:07,10.1,0.0,1998.6,0.0,1988.5,0.0,0,0,0,0,0000000000000000000000000000000000000000
1,0x002A1C0,1727450947,2024-09-27 15:29:07,10.1,0.1,1998.6,0.0,1988.5,0.0,0,0,0,0,0000000000000000000000000000000000000000
1,0x002A200,1727450949,2024-09-27 15:29:09,10.1,0.0,1998.6,0.0,1988.5,0.0,0,0,0,0,0000000000000000000000000000000000000000
1,0x002A240,1727450949,2024-09-27 15:29:09,10.1,0.1,1998.6,0.0,1988.5,0.0,0,0,0,0,0000000000000000000000000000000000000000
1,0x002A280,1727450950,2024-09-27 15:29:10,10.1,0.0,1998.6,0.0,1988.5,0.0,0,0,0,0,0000000000000000000000000000000000000000
1,0x002A2C0,1727450950,2024-09-27 15:29:10,10.1,0.1,10.1,0.0,0.0,0.0,0,0,0,0,0000000000000000000000000000000000000000
1,0x002A300,1727450951,2024-09-27 15:29:11,10.1,0.1,1998.6,0.0,1988.5,0.0,0,0,0,0,0000000000000000000000000000000000000000
1,0x002A340,1727450951,2024-09-27 15:29:11,10.1,0.0,1998.6,0.0,1988.5,0.0,0,0,0,0,0000000000000000000000000000000000000000
1,0x002A380,1727450952,2024-09-27 15:29:12,10.1,0.1,1998.6,0.0,1988.5,0.0,0,0,0,0,0000000000000000000000000000000000000000
1,0x002A3C0,1727450952,2024-09-27 15:29:12,10.1,0.1,1998.6,0.0,1988.5,0.0,0,0,0,0,0000000000000000000000000000000000000000
1,0x002A400,1727450953,2024-09-27 15:29:13,10.1,0.0,1998.6,0.0,1988.5,0.0,0,0,0,0,0000000000000000000000000000000000000000
1,0x002A440,1727450954,2024-09-27 15:29:14,10.1,0.1,1998.6,0.0,1988.5,0.0,0,0,0,0,0000000000000000000000000000000000000000
1,0x002A480,1727450954,2024-09-27 15:29:14,10.1,0.1,1998.6,0.0,1988.5,0.0,0,0,0,0,0000000000000000000000000000000000000000
1,0x002A4C0,1727450955,2024-09-27 15:29:15,10.1,0.1,1998.6,0.0,1988.5,0.0,0,0,0,0,0000000000000000000000000000000000000000
1,0x002A500,1727450955,2024-09-27 15:29:15,10.1,0.0,1998.6,0.0,1988.5,0.0,0,0,0,0,0000000000000000000000000000000000000000
1,0x002A540,1727450956,2024-09-27 15:29:16,10.1,0.1,1998.6,0.0,1988.5,0.0,0,0,0,0,0000000000000000000000000000000000000000
1,0x002A580,1727450956,2024-09-27 15:29:16,10.1,0.1,1998.6,0.0,1988.5,0.0,0,0,0,0,0000000000000000000000000000000000000000
1,0x002A5C0,1727450957,2024-09-27 15:29:17,10.1,0.0,1998.6,0.0,1988.5,0.0,0,0,0,0,0000000000000000000000000000000000000000
1,0x002A600,1727450957,2024-09-27 15:29:17,10.1,10.1,1998.6,0.0,1988.5,0.0,0,0,0,0,0000000000000000000000000000000000000000
1,0x002A640,1727450958,2024-09-27 15:29:18,10.1,0.1,1998.6,0.0,1988.5,0.0,0,0,0,0,0000000000000000000000000000000000000000
1,0x002A680,1727450959,2024-09-27 15:29:19,10.1,0.0,1998.6,0.0,1988.5,0.0,0,0,0,0,0000000000000000000000000000000000000000
1,0x002A6C0,1727450959,2024-09-27 15:29:19,10.1,0.1,1998.6,0.0,1988.5,0.0,0,0,0,0,0000000000000000000000000000000000000000
1,0x002A700,1727450961,2024-09-27 15:29:21,10.1,0.0,1998.6,0.0,1988.5,0.0,0,0,0,0,0000000000000000000000000000000000000000
1,0x002A740,1727450961,2024-09-27 15:29:21,10.1,0.1,1998.6,0.0,1988.5,0.0,0,0,0,0,0000000000000000000000000000000000000000
1,0x002A780,1727450962,2024-09-27 15:29:22,10.1,0.1,1998.6,0.0,1988.5,0.0,0,0,0,0,0000000000000000000000000000000000000000
1,0x002A7C0,1727450962,2024-09-27 15:29:22,10.1,0.0,1998.6,0.0,1988.5,0.0,0,0,0,0,0000000000000000000000000000000000000000
1,0x002A800,1727450963,2024-09-27 15:29:23,10.1,0.1,1998.6,0.0,1988.5,0.0,0,0,0,0,0000000000000000000000000000000000000000
1,0x002A840,1727450964,2024-09-27 15:29:24,10.1,0.0,1998.6,0.0,1988.5,0.0,0,0,0,0,0000000000000000000000000000000000000000
1,0x002A880,1727450964,2024-09-27 15:29:24,10.1,0.1,1998.6,0.0,1988.5,0.0,0,0,0,0,0000000000000000000000000000000000000000
1,0x002A8C0,1727450965,2024-09-27 15:29:25,10.1,0.0,1998.6,0.0,1988.5,0.0,0,0,0,0,0000000000000000000000000000000000000000
1,0x002A900,1727450965,2024-09-27 15:29:25,10.1,0.1,1998.6,0.0,1988.5,0.0,0,0,0,0,0000000000000000000000000000000000000000
1,0x002A940,1727450966,2024-09-27 15:29:26,10.1,0.0,1998.6,0.0,1988.5,0.0,0,0,0,0,0000000000000000000000000000000000000000
1,0x002A980,1727450966,2024-09-27 15:29:26,10.1,0.1,1998.6,0.0,1988.5,0.0,0,0,0,0,0000000000000000000000000000000000000000
1,0x002A9C0,1727450967,2024-09-27 15:29:27,10.1,0.0,1998.6,0.0,1988.5,0.0,0,0,0,0,0000000000000000000000000000000000000000
1,0x002AA00,1727450967,2024-09-27 15:29:27,10.1,0.1,1998.6,0.0,1988.5,0.0,0,0,0,0,0000000000000000000000000000000000000000
1,0x002AA40,1727450968,2024-09-27 15:29:28,10.1,0.1,1998.6,0.0,1988.5,0.0,0,0,0,0,0000000000000000000000000000000000000000
1,0x002AA80,1727450969,2024-09-27 15:29:29,10.1,0.0,1998.6,0.0,1988.5,0.0,0,0,0,0,0000000000000000000000000000000000000000
1,0x002AAC0,1727450969,2024-09-27 15:29:29,10.1,0.1,1998.6,0.0,1988.5,0.0,0,0,0,0,0000000000000000000000000000000000000000
1,0x002AB00,1727450971,2024-09-27 15:29:31,10.1,0.0,1998.6,0.0,1988.5,0.0,0,0,0,0,0000000000000000000000000000000000000000
1,0x002AB40,1727450971,2024-09-27 15:29:31,10.1,0.1,1998.6,0.0,1988.5,0.0,0,0,0,0,0000000000000000000000000000000000000000
1,0x002AB80,1727450972,2024-09-27 15:29:32,10.1,0.0,1998.6,0.0,1988.5,0.0,0,0,0,0,0000000000000000000000000000000000000000
1,0x002ABC0,1727450972,2024-09-27 15:29:32,10.1,0.1,1998.6,0.0,1988.5,0.0,0,0,0,0,0000000000000000000000000000000000000000
1,0x002AC00,1727450974,2024-09-27 15:29:34,10.1,0.0,1998.6,0.0,1988.5,0.0,0,0,0,0,0000000000000000000000000000000000000000
1,0x002AC40,1727450974,2024-09-27 15:29:34,10.1,0.1,1998.6,0.0,1988.5,0.0,0,0,0,0,0000000000000000000000000000000000000000
1,0x002AC80,1727450975,2024-09-27 15:29:35,10.1,0.0,1998.6,0.0,1988.5,0.0,0,0,0,0,0000000000000000000000000000000000000000
1,0x002ACC0,1727450975,2024-09-27 15:29:35,10.2,0.1,1998.7,0.0,1988.5,0.0,0,0,0,0,0000000000000000000000000000000000000000
1,0x002AD00,1727450976,2024-09-27 15:29:36,10.2,0.0,1998.7,0.0,1988.5,0.0,0,0,0,0,0000000000000000000000000000000000000000
1,0x002AD40,1727450977,2024-09-27 15:29:37,10.2,0.1,1998.7,0.0,1988.5,0.0,0,0,0,0,0000000000000000000000000000000000000000
1,0x002AD80,1727450977,2024-09-27 15:29:37,10.2,0.0,1998.7,0.0,1988.5,0.0,0,0,0,0,0000000000000000000000000000000000000000
1,0x002ADC0,1727450978,2024-09-27 15:29:38,10.2,0.1,1998.7,0.0,1988.5,0.0,0,0,0,0,0000000000000000000000000000000000000000
1,0x002AE00,1727450979,2024-09-27 15:29:39,10.2,0.0,1998.7,0.0,1988.5,0.0,0,0,0,0,0000000000000000000000000000000000000000
1,0x002AE40,1727450980,2024-09-27 15:29:40,10.2,0.0,1998.7,0.0,1988.5,0.0,0,0,0,0,0000000000000000000000000000000000000000
1,0x002AE80,1727450980,2024-09-27 15:29:40,10.2,0.1,1998.7,0.0,1988.5,0.0,0,0,0,0,0000000000000000000000000000000000000000
1,0x002AEC0,1727450981,2024-09-27 15:29:41,10.2,0.1,1998.7,0.0,1988.5,0.0,0,0,0,0,0000000000000000000000000000000000000000
1,0x002AF00,1727450981,2024-09-27 15:29:41,10.2,0.0,1998.7,0.0,1988.5,0.0,0,0,0,0,0000000000000000000000000000000000000000
1,0x002AF40,1727450982,2024-09-27 15:29:42,10.2,0.1,1998.7,0.0,1988.5,0.0,0,0,0,0,0000000000000000000000000000000000000000
1,0x002AF80,1727450982,2024-09-27 15:29:42,10.2,0.1,1998.7,0.0,1988.5,0.0,0,0,0,0,0000000000000000000000000000000000000000
1,0x002AFC0,1727450983,2024-09-27 15:29:43,10.2,0.0,1998.7,0.0,1988.5,0.0,0,0,0,0,0000000000000000000000000000000000000000
1,0x002B000,1727450984,2024-09-27 15:29:44,10.2,0.1,1998.7,0.0,1988.5,0.0,0,0,0,0,0000000000000000000000000000000000000000
1,0x002B040,1727450984,2024-09-27 15:29:44,10.2,0.1,1998.7,0.0,1988.5,0.0,0,0,0,0,0000000000000000000000000000000000000000
1,0x002B080,1727450985,2024-09-27 15:29:45,10.2,0.1,1998.7,0.0,1988.5,0.0,0,0,0,0,0000000000000000000000000000000000000000
1,0x002B0C0,1727450985,2024-09-27 15:29:45,10.2,0.1,1998.7,0.0,1988.5,0.0,0,0,0,0,0000000000000000000000000000000000000000
1,0x002B100,1727450986,2024-09-27 15:29:46,10.2,0.0,1998.7,0.0,1988.5,0.0,0,0,0,0,0000000000000000000000000000000000000000
1,0x002B140,1727450986,2024-09-27 15:29:46,10.2,0.1,1998.7,0.0,1988.5,0.0,0,0,0,0,0000000000000000000000000000000000000000
1,0x002B180,1727450987,2024-09-27 15:29:47,10.2,0.1,1998.7,0.0,1988.5,0.0,0,0,0,0,0000000000000000000000000000000000000000
1,0x002B1C0,1727450987,2024-09-27 15:29:47,10.2,0.0,1998.7,0.0,1988.5,0.0,0,0,0,0,0000000000000000000000000000000000000000
1,0x002B200,1727450988,2024-09-27 15:29:48,10.2,0.1,1998.7,0.0,1988.5,0.0,0,0,0,0,0000000000000000000000000000000000000000
1,0x002B240,1727450989,2024-09-27 15:29:49,10.2,0.1,1998.7,0.0,1988.5,0.0,0,0,0,0,0000000000000000000000000000000000000000
1,0x002B280,1727450989,2024-09-27 15:29:49,10.2,0.0,1998.7,0.0,1988.5,0.0,0,0,0,0,0000000000000000000000000000000000000000
1,0x002B2C0,1727450990,2024-09-27 15:29:50,10.2,0.1,1998.7,0.0,1988.5,0.0,0,0,0,0,0000000000000000000000000000000000000000
1,0x002B300,1727450990,2024-09-27 15:29:50,10.2,0.0,1998.7,0.0,1988.5,0.0,0,0,0,0,0000000000000000000000000000000000000000
1,0x002B340,1727450991,2024-09-27 15:29:51,10.2,0.1,1998.7,0.0,1988.5,0.0,0,0,0,0,0000000000000000000000000000000000000000
1,0x002B380,1727450991,2024-09-27 15:29:51,10.2,0.0,1998.7,0.0,1988.5,0.0,0,0,0,0,0000000000000000000000000000000000000000
1,0x002B3C0,1727450992,2024-09-27 15:29:52,10.2,0.1,1998.7,0.0,1988.5,0.0,0,0,0,0,0000000000000000000000000000000000000000
1,0x002B400,1727450993,2024-09-27 15:29:53,10.2,0.0,1998.7,0.0,1988.5,0.0,0,0,0,0,0000000000000000000000000000000000000000
1,0x002B440,1727450994,2024-09-27 15:29:54,10.2,0.1,1998.7,0.0,1988.5,0.0,0,0,0,0,0000000000000000000000000000000000000000
1,0x002B480,1727450994,2024-09-27 15:29:54,10.2,0.1,1998.7,0.0,1988.5,0.0,0,0,0,0,0000000000000000000000000000000000000000
1,0x002B4C0,1727450995,2024-09-27 15:29:55,10.2,0.1,1998.7,0.0,1988.5,0.0,0,0,0,0,0000000000000000000000000000000000000000
1,0x002B500,1727450995,2024-09-27 15:29:55,10.2,0.0,1998.7,0.0,1988.5,0.0,0,0,0,0,0000000000000000000000000000000000000000
1,0x002B540,1727450996,2024-09-27 15:29:56,10.2,0.1,1998.7,0.0,1988.5,0.0,0,0,0,0,0000000000000000000000000000000000000000
1,0x002B580,1727450996,2024-09-27 15:29:56,10.2,0.1,1998.7,0.0,1988.5,0.0,0,0,0,0,0000000000000000000000000000000000000000
1,0x002B5C0,1727450997,2024-09-27 15:29:57,10.2,0.0,1998.7,0.0,1988.5,0.0,0,0,0,0,0000000000000000000000000000000000000000
1,0x002B600,1727450997,2024-09-27 15:29:57,10.2,0.1,1998.7,0.0,1988.5,0.0,0,0,0,0,0000000000000000000000000000000000000000
1,0x002B640,1727450998,2024-09-27 15:29:58,10.2,0.1,1998.7,0.0,1988.5,0.0,0,0,0,0,0000000000000000000000000000000000000000
1,0x002B680,1727450999,2024-09-27 15:29:59,10.2,0.0,1998.7,0.0,1988.5,0.0,0,0,0,0,0000000000000000000000000000000000000000
1,0x002B6C0,1727450999,2024-09-27 15:29:59,10.2,0.1,1998.7,0.0,1988.5,0.0,0,0,0,0,0000000000000000000000000000000000000000
1,0x002B700,1727451000,2024-09-27 15:30:00,10.2,0.0,1998.7,0.0,1988.5,0.0,0,0,0,0,0000000000000000000000000000000000000000
1,0x002B740,1727451000,2024-09-27 15:30:00,10.2,0.1,1998.7,0.0,1988.5,0.0,0,0,0,0,0000000000000000000000000000000000000000
1,0x002B780,1727451001,2024-09-27 15:30:01,10.2,0.1,1998.7,0.0,1988.5,0.0,0,0,0,0,0000000000000000000000000000000000000000
1,0x002B7C0,1727451001,2024-09-27 15:30:01,10.2,0.0,1998.7,0.0,1988.5,0.0,0,0,0,0,0000000000000000000000000000000000000000
1,0x002B800,1727451002,2024-09-27 15:30:02,10.2,0.1,1998.7,0.0,1988.5,0.0,0,0,0,0,0000000000000000000000000000000000000000
1,0x002B840,1727451002,2024-09-27 15:30:02,10.2,0.1,1998.7,0.0,1988.5,0.0,0,0,0,0,0000000000000000000000000000000000000000
1,0x002B880,1727451003,2024-09-27 15:30:03,10.2,0.0,1998.7,0.0,1988.5,0.0,0,0,0,0,0000000000000000000000000000000000000000
1,0x002B8C0,1727451004,2024-09-27 15:30:04,10.2,0.1,1998.7,0.0,1988.5,0.0,0,0,0,0,0000000000000000000000000000000000000000
1,0x002B900,1727451004,2024-09-27 15:30:04,10.2,0.0,1998.7,0.0,1988.5,0.0,0,0,0,0,0000000000000000000000000000000000000000
1,0x002B940,1727451005,2024-09-27 15:30:05,10.2,0.1,1998.7,0.0,1988.5,0.0,0,0,0,0,0000000000000000000000000000000000000000
1,0x002B980,1727451005,2024-09-27 15:30:05,10.2,0.0,1998.7,0.0,1988.5,0.0,0,0,0,0,0000000000000000000000000000000000000000
1,0x002B9C0,1727451006,2024-09-27 15:30:06,10.2,0.1,1998.7,0.0,1988.5,0.0,0,0,0,0,0000000000000000000000000000000000000000
1,0x002BA00,1727451007,2024-09-27 15:30:07,10.2,0.0,1998.7,0.0,1988.5,0.0,0,0,0,0,0000000000000000000000000000000000000000
1,0x002BA40,1727451007,2024-09-27 15:30:07,10.2,0.1,1998.7,0.0,1988.5,0.0,0,0,0,0,0000000000000000000000000000000000000000
1,0x002BA80,1727451008,2024-09-27 15:30:08,10.2,0.1,1998.7,0.0,1988.5,0.0,0,0,0,0,0000000000000000000000000000000000000000
1,0x002BAC0,1727451009,2024-09-27 15:30:09,10.2,0.0,1998.7,0.0,1988.5,0.0,0,0,0,0,0000000000000000000000000000000000000000
1,0x002BB00,1727451009,2024-09-27 15:30:09,10.2,0.1,1998.7,0.0,1988.5,0.0,0,0,0,0,0000000000000000000000000000000000000000
1,0x002BB40,1727451010,2024-09-27 15:30:10,10.2,0.0,1998.7,0.0,1988.5,0.0,0,0,0,0,0000000000000000000000000000000000000000
1,0x002BB80,1727451010,2024-09-27 15:30:10,10.2,0.1,1998.7,0.0,1988.5,0.0,0,0,0,0,0000000000000000000000000000000000000000
1,0x002BBC0,1727451011,2024-09-27 15:30:11,10.2,0.1,1998.7,0.0,1988.5,0.0,0,0,0,0,0000000000000000000000000000000000000000
1,0x002BC00,1727451011,2024-09-27 15:30:11,10.2,0.0,1998.7,0.0,1988.5,0.0,0,0,0,0,0000000000000000000000000000000000000000
1,0x002BC40,1727451012,2024-09-27 15:30:12,10.2,0.1,1998.7,0.0,1988.5,0.0,0,0,0,0,0000000000000000000000000000000000000000
1,0x002BC80,1727451012,2024-09-27 15:30:12,10.2,0.1,1998.7,0.0,1988.5,0.0,0,0,0,0,0000000000000000000000000000000000000000
1,0x002BCC0,1727451013,2024-09-27 15:30:13,10.2,0.0,1998.7,0.0,1988.5,0.0,0,0,0,0,0000000000000000000000000000000000000000
1,0x002BD00,1727451014,2024-09-27 15:30:14,10.2,0.1,1998.7,0.0,1988.5,0.0,0,0,0,0,0000000000000000000000000000000000000000
1,0x002BD40,1727451014,2024-09-27 15:30:14,10.2,0.0,1998.7,0.0,1988.5,0.0,0,0,0,0,0000000000000000000000000000000000000000
1,0x002BD80,1727451015,2024-09-27 15:30:15,10.2,0.1,1998.7,0.0,1988.5,0.0,0,0,0,0,0000000000000000000000000000000000000000
1,0x002BDC0,1727451015,2024-09-27 15:30:15,10.2,0.0,1998.7,0.0,1988.5,0.0,0,0,0,0,0000000000000000000000000000000000000000
1,0x002BE00,1727451016,2024-09-27 15:30:16,10.2,0.1,1998.7,0.0,1988.5,0.0,0,0,0,0,0000000000000000000000000000000000000000
1,0x002BE40,1727451016,2024-09-27 15:30:16,10.2,0.1,1998.7,0.0,1988.5,0.0,0,0,0,0,0000000000000000000000000000000000000000
1,0x002BE80,1727451017,2024-09-27 15:30:17,10.2,0.0,1998.7,0.0,1988.5,0.0,0,0,0,0,0000000000000000000000000000000000000000
1,0x002BEC0,1727451017,2024-09-27 15:30:17,10.2,0.1,1998.7,0.0,1988.5,0.0,0,0,0,0,0000000000000000000000000000000000000000
1,0x002BF00,1727451019,2024-09-27 15:30:19,10.2,0.0,1998.7,0.0,1988.5,0.0,0,0,0,0,0000000000000000000000000000000000000000
1,0x002BF40,1727451019,2024-09-27 15:30:19,10.2,0.1,1998.7,0.0,1988.5,0.0,0,0,0,0,0000000000000000000000000000000000000000
1,0x002BF80,1727451020,2024-09-27 15:30:20,10.2,0.1,1998.7,0.0,1988.5,0.0,0,0,0,0,0000000000000000000000000000000000000000
1,0x002BFC0,1727451020,2024-09-27 15:30:20,10.2,0.0,1998.7,0.0,1988.5,0.0,0,0,0,0,0000000000000000000000000000000000000000
1,0x002C000,1727451021,2024-09-27 15:30:21,10.2,0.1,1998.7,0.0,1988.5,0.0,0,0,0,0,0000000000000000000000000000000000000000
1,0x002C040,1727451021,2024-09-27 15:30:21,10.2,0.1,1998.7,0.0,1988.5,0.0,0,0,0,0,0000000000000000000000000000000000000000
1,0x002C080,1727451022,2024-09-27 15:30:22,10.2,0.0,1998.7,0.0,1988.5,0.0,0,0,0,0,0000000000000000000000000000000000000000
1,0x002C0C0,1727451022,2024-09-27 15:30:22,10.2,0.1,1998.7,0.0,1988.5,0.0,0,0,0,0,0000000000000000000000000000000000000000
1,0x002C100,1727451024,2024-09-27 15:30:24,10.2,0.0,1998.7,0.0,1988.5,0.0,0,0,0,0,0000000000000000000000000000000000000000
1,0x002C140,1727451024,2024-09-27 15:30:24,10.2,0.1,1998.7,0.0,1988.5,0.0,0,0,0,0,0000000000000000000000000000000000000000
1,0x002C180,1727451025,2024-09-27 15:30:25,10.2,0.1,1998.7,0.0,1988.5,0.0,0,0,0,0,0000000000000000000000000000000000000000
1,0x002C1C0,1727451025,2024-09-27 15:30:25,10.2,0.1,1998.7,0.0,1988.5,0.0,0,0,0,0,0000000000000000000000000000000000000000
1,0x002C200,1727451026,2024-09-27 15:30:26,10.2,0.0,1998.7,0.0,1988.5,0.0,0,0,0,0,0000000000000000000000000000000000000000
1,0x002C240,1727451026,2024-09-27 15:30:26,10.2,0.1,1998.7,0.0,1988.5,0.0,0,0,0,0,0000000000000000000000000000000000000000
1,0x002C280,1727451027,2024-09-27 15:30:27,10.2,0.1,1998.7,0.0,1988.5,0.0,0,0,0,0,0000000000000000000000000000000000000000
1,0x002C2C0,1727451027,2024-09-27 15:30:27,10.2,0.0,1998.7,0.0,1988.5,0.0,0,0,0,0,0000000000000000000000000000000000000000
1,0x002C300,1727451028,2024-09-27 15:30:28,10.2,0.1,1998.7,0.0,1988.5,0.0,0,0,0,0,0000000000000000000000000000000000000000
1,0x002C340,1727451029,2024-09-27 15:30:29,10.2,0.0,1998.7,0.0,1988.5,0.0,0,0,0,0,0000000000000000000000000000000000000000
1,0x002C380,1727451029,2024-09-27 15:30:29,10.2,0.1,1998.7,0.0,1988.5,0.0,0,0,0,0,0000000000000000000000000000000000000000
1,0x002C3C0,1727451030,2024-09-27 15:30:30,10.2,0.1,1998.7,0.0,1988.5,0.0,0,0,0,0,0000000000000000000000000000000000000000
1,0x002C400,1727451031,2024-09-27 15:30:31,10.2,0.0,1998.7,0.0,1988.5,0.0,0,0,0,0,0000000000000000000000000000000000000000
1,0x002C440,1727451031,2024-09-27 15:30:31,10.2,0.1,1998.7,0.0,1988.5,0.0,0,0,0,0,0000000000000000000000000000000000000000
1,0x002C480,1727451032,2024-09-27 15:30:32,10.2,0.0,1998.7,0.0,1988.5,0.0,0,0,0,0,0000000000000000000000000000000000000000
1,0x002C4C0,1727451032,2024-09-27 15:30:32,10.2,0.1,1998.7,0.0,1988.5,0.0,0,0,0,0,0000000000000000000000000000000000000000
1,0x002C500,1727451034,2024-09-27 15:30:34,10.2,0.0,1998.7,0.0,1988.5,0.0,0,0,0,0,0000000000000000000000000000000000000000
1,0x002C540,1727451034,2024-09-27 15:30:34,10.2,0.1,1998.7,0.0,1988.5,0.0,0,0,0,0,0000000000000000000000000000000000000000
1,0x002C580,1727451035,2024-09-27 15:30:35,10.2,0.0,1998.7,0.0,1988.5,0.0,0,0,0,0,0000000000000000000000000000000000000000
1,0x002C5C0,1727451035,2024-09-27 15:30:35,10.2,0.1,1998.7,0.0,1988.5,0.0,0,0,0,0,0000000000000000000000000000000000000000
1,0x002C600,1727451036,2024-09-27 15:30:36,10.2,0.0,1998.7,0.0,1988.5,0.0,0,0,0,0,0000000000000000000000000000000000000000
1,0x002C640,1727451036,2024-09-27 15:30:36,10.2,0.1,1998.7,0.0,1988.5,0.0,0,0,0,0,0000000000000000000000000000000000000000
1,0x002C680,1727451037,2024-09-27 15:30:37,10.2,0.1,1998.7,0.0,1988.5,0.0,0,0,0,0,0000000000000000000000000000000000000000
1,0x002C6C0,1727451037,2024-09-27 15:30:37,10.2,0.0,1998.7,0.0,1988.5,0.0,0,0,0,0,0000000000000000000000000000000000000000
1,0x002C700,1727451038,2024-09-27 15:30:38,10.2,0.1,1998.7,0.0,1988.5,0.0,0,0,0,0,0000000000000000000000000000000000000000
1,0x002C740,1727451039,2024-09-27 15:30:39,10.2,0.0,1998.7,0.0,1988.5,0.0,0,0,0,0,0000000000000000000000000000000000000000
1,0x002C780,1727451039,2024-09-27 15:30:39,10.2,0.1,1998.7,0.0,1988.5,0.0,0,0,0,0,0000000000000000000000000000000000000000
1,0x002C7C0,1727451040,2024-09-27 15:30:40,10.2,0.1,1998.7,0.0,1988.5,0.0,0,0,0,0,0000000000000000000000000000000000000000
1,0x002C800,1727451040,2024-09-27 15:30:40,10.2,0.1,10.2,0.0,0.0,0.0,0,0,0,0,0000000000000000000000000000000000000000
1,0x002C840,1727451041,2024-09-27 15:30:41,10.2,0.0,1998.7,0.0,1988.5,0.0,0,0,0,0,0000000000000000000000000000000000000000
1,0x002C880,1727451041,2024-09-27 15:30:41,10.2,0.1,1998.7,0.0,1988.5,0.0,0,0,0,0,0000000000000000000000000000000000000000
1,0x002C8C0,1727451042,2024-09-27 15:30:42,10.2,0.0,1998.7,0.0,1988.5,0.0,0,0,0,0,0000000000000000000000000000000000000000
1,0x002C900,1727451042,2024-09-27 15:30:42,10.2,0.1,1998.7,0.0,1988.5,0.0,0,0,0,0,0000000000000000000000000000000000000000
1,0x002C940,1727451043,2024-09-27 15:30:43,10.2,0.0,1998.7,0.0,1988.5,0.0,0,0,0,0,0000000000000000000000000000000000000000
1,0x002C980,1727451044,2024-09-27 15:30:44,10.2,0.1,1998.7,0.0,1988.5,0.0,0,0,0,0,0000000000000000000000000000000000000000
1,0x002C9C0,1727451044,2024-09-27 15:30:44,10.2,0.0,1998.7,0.0,1988.5,0.0,0,0,0,0,0000000000000000000000000000000000000000
1,0x002CA00,1727451045,2024-09-27 15:30:45,10.2,0.1,1998.7,0.0,1988.5,0.0,0,0,0,0,0000000000000000000000000000000000000000
1,0x002CA40,1727451045,2024-09-27 15:30:45,10.2,0.0,1998.7,0.0,1988.5,0.0,0,0,0,0,0000000000000000000000000000000000000000
1,0x002CA80,1727451046,2024-09-27 15:30:46,10.2,0.1,1998.7,0.0,1988.5,0.0,0,0,0,0,0000000000000000000000000000000000000000
1,0x002CAC0,1727451046,2024-09-27 15:30:46,10.2,0.0,1998.7,0.0,1988.5,0.0,0,0,0,0,0000000000000000000000000000000000000000
1,0x002CB00,1727451047,2024-09-27 15:30:47,10.2,0.1,1998.7,0.0,1988.5,0.0,0,0,0,0,0000000000000000000000000000000000000000
1,0x002CB40,1727451047,2024-09-27 15:30:47,10.2,0.0,1998.7,0.0,1988.5,0.0,0,0,0,0,0000000000000000000000000000000000000000
1,0x002CB80,1727451048,2024-09-27 15:30:48,10.2,0.1,1998.7,0.0,1988.5,0.0,0,0,0,0,0000000000000000000000000000000000000000
1,0x002CBC0,1727451049,2024-09-27 15:30:49,10.2,0.0,1998.7,0.0,1988.5,0.0,0,0,0,0,0000000000000000000000000000000000000000
1,0x002CC00,1727451049,2024-09-27 15:30:49,10.2,0.1,1998.7,0.0,1988.5,0.0,0,0,0,0,0000000000000000000000000000000000000000
1,0x002CC40,1727451050,2024-09-27 15:30:50,10.2,0.1,1998.7,0.0,1988.5,0.0,0,0,0,0,0000000000000000000000000000000000000000
1,0x002CC80,1727451050,2024-09-27 15:30:50,10.2,0.0,1998.7,0.0,1988.5,0.0,0,0,0,0,0000000000000000000000000000000000000000
1,0x002CCC0,1727451051,2024-09-27 15:30:51,10.2,0.1,1998.7,0.0,1988.5,0.0,0,0,0,0,0000000000000000000000000000000000000000
1,0x002CD00,1727451051,2024-09-27 15:30:51,10.2,0.0,1998.7,0.0,1988.5,0.0,0,0,0,0,0000000000000000000000000000000000000000
1,0x002CD40,1727451052,2024-09-27 15:30:52,10.2,0.1,1998.7,0.0,1988.5,0.0,0,0,0,0,0000000000000000000000000000000000000000
1,0x002CD80,1727451052,2024-09-27 15:30:52,10.2,0.1,1998.7,0.0,1988.5,0.0,0,0,0,0,0000000000000000000000000000000000000000
1,0x002CDC0,1727451053,2024-09-27 15:30:53,10.2,0.0,1998.7,0.0,1988.5,0.0,0,0,0,0,0000000000000000000000000000000000000000
1,0x002CE00,1727451054,2024-09-27 15:30:54,10.2,0.1,1998.7,0.0,1988.5,0.0,0,0,0,0,0000000000000000000000000000000000000000
1,0x002CE40,1727451054,2024-09-27 15:30:54,10.2,0.0,1998.7,0.0,1988.5,0.0,0,0,0,0,0000000000000000000000000000000000000000
1,0x002CE80,1727451055,2024-09-27 15:30:55,10.2,0.0,1998.7,0.0,1988.5,0.0,0,0,0,0,0000000000000000000000000000000000000000
1,0x002CEC0,1727451055,2024-09-27 15:30:55,10.2,0.1,10.2,0.0,0.0,0.0,0,0,0,0,0000000000000000000000000000000000000000
1,0x002CF00,1727451056,2024-09-27 15:30:56,10.2,0.0,1998.7,0.0,1988.5,0.0,0,0,0,0,0000000000000000000000000000000000000000
1,0x002CF40,1727451056,2024-09-27 15:30:56,10.2,0.1,1998.7,0.0,1988.5,0.0,0,0,0,0,0000000000000000000000000000000000000000
1,0x002CF80,1727451057,2024-09-27 15:30:57,10.2,0.0,1998.7,0.0,1988.5,0.0,0,0,0,0,0000000000000000000000000000000000000000
1,0x002CFC0,1727451057,2024-09-27 15:30:57,10.2,0.1,1998.7,0.0,1988.5,0.0,0,0,0,0,0000000000000000000000000000000000000000
1,0x002D000,1727451058,2024-09-27 15:30:58,10.2,0.0,1998.7,0.0,1988.5,0.0,0,0,0,0,0000000000000000000000000000000000000000
1,0x002D040,1727451059,2024-09-27 15:30:59,10.2,0.1,1998.7,0.0,1988.5,0.0,0,0,0,0,0000000000000000000000000000000000000000
1,0x002D080,1727451059,2024-09-27 15:30:59,10.2,0.1,1998.7,0.0,1988.5,0.0,0,0,0,0,0000000000000000000000000000000000000000
1,0x002D0C0,1727451060,2024-09-27 15:31:00,10.2,0.1,1998.7,0.0,1988.5,0.0,0,0,0,0,0000000000000000000000000000000000000000
1,0x002D100,1727451060,2024-09-27 15:31:00,10.2,0.0,1998.7,0.0,1988.5,0.0,0,0,0,0,0000000000000000000000000000000000000000
1,0x002D140,1727451061,2024-09-27 15:31:01,10.2,0.1,1998.7,0.0,1988.5,0.0,0,0,0,0,0000000000000000000000000000000000000000
1,0x002D180,1727451061,2024-09-27 15:31:01,10.2,0.0,1998.7,0.0,1988.5,0.0,0,0,0,0,0000000000000000000000000000000000000000
1,0x002D1C0,1727451062,2024-09-27 15:31:02,10.2,0.1,1998.7,0.0,1988.5,0.0,0,0,0,0,0000000000000000000000000000000000000000
1,0x002D200,1727451062,2024-09-27 15:31:02,10.2,0.0,1998.7,0.0,1988.5,0.0,0,0,0,0,0000000000000000000000000000000000000000
1,0x002D240,1727451063,2024-09-27 15:31:03,10.2,0.1,1998.7,0.0,1988.5,0.0,0,0,0,0,0000000000000000000000000000000000000000
1,0x002D280,1727451064,2024-09-27 15:31:04,10.2,0.1,1998.7,0.0,1988.5,0.0,0,0,0,0,0000000000000000000000000000000000000000
1,0x002D2C0,1727451064,2024-09-27 15:31:04,10.2,0.0,1998.7,0.0,1988.5,0.0,0,0,0,0,0000000000000000000000000000000000000000
1,0x002D300,1727451065,2024-09-27 15:31:05,10.3,0.1,1998.8,0.0,1988.5,0.0,0,0,0,0,0000000000000000000000000000000000000000
1,0x002D340,1727451065,2024-09-27 15:31:05,10.3,0.0,1998.8,0.0,1988.5,0.0,0,0,0,0,0000000000000000000000000000000000000000
1,0x002D380,1727451066,2024-09-27 15:31:06,10.3,0.1,1998.8,0.0,1988.5,0.0,0,0,0,0,0000000000000000000000000000000000000000
1,0x002D3C0,1727451066,2024-09-27 15:31:06,10.3,0.1,1998.8,0.0,1988.5,0.0,0,0,0,0,0000000000000000000000000000000000000000
1,0x002D400,1727451067,2024-09-27 15:31:07,10.3,0.0,1998.8,0.0,1988.5,0.0,0,0,0,0,0000000000000000000000000000000000000000
1,0x002D440,1727451068,2024-09-27 15:31:08,10.3,0.1,1998.8,0.0,1988.5,0.0,0,0,0,0,0000000000000000000000000000000000000000
1,0x002D480,1727451069,2024-09-27 15:31:09,10.3,0.1,1998.8,0.0,1988.5,0.0,0,0,0,0,0000000000000000000000000000000000000000
1,0x002D4C0,1727451069,2024-09-27 15:31:09,10.3,0.0,1998.8,0.0,1988.5,0.0,0,0,0,0,0000000000000000000000000000000000000000
1,0x002D500,1727451070,2024-09-27 15:31:10,10.3,0.1,1998.8,0.0,1988.5,0.0,0,0,0,0,0000000000000000000000000000000000000000
1,0x002D540,1727451070,2024-09-27 15:31:10,10.3,0.0,1998.8,0.0,1988.5,0.0,0,0,0,0,0000000000000000000000000000000000000000
1,0x002D580,1727451071,2024-09-27 15:31:11,10.3,0.1,1998.8,0.0,1988.5,0.0,0,0,0,0,0000000000000000000000000000000000000000
1,0x002D5C0,1727451071,2024-09-27 15:31:11,10.3,0.1,1998.8,0.0,1988.5,0.0,0,0,0,0,0000000000000000000000000000000000000000
1,0x002D600,1727451072,2024-09-27 15:31:12,10.3,0.0,1998.8,0.0,1988.5,0.0,0,0,0,0,0000000000000000000000000000000000000000
1,0x002D640,1727451072,2024-09-27 15:31:12,10.3,0.1,1998.8,0.0,1988.5,0.0,0,0,0,0,0000000000000000000000000000000000000000
1,0x002D680,1727451073,2024-09-27 15:31:13,10.3,0.1,1998.8,0.0,1988.5,0.0,0,0,0,0,0000000000000000000000000000000000000000
1,0x002D6C0,1727451074,2024-09-27 15:31:14,10.3,0.0,1998.8,0.0,1988.5,0.0,0,0,0,0,0000000000000000000000000000000000000000
1,0x002D700,1727451074,2024-09-27 15:31:14,10.3,0.1,1998.8,0.0,1988.5,0.0,0,0,0,0,0000000000000000000000000000000000000000
1,0x002D740,1727451075,2024-09-27 15:31:15,10.3,0.0,1998.8,0.0,1988.5,0.0,0,0,0,0,0000000000000000000000000000000000000000
1,0x002D780,1727451075,2024-09-27 15:31:15,10.3,0.1,10.3,0.0,0.0,0.0,0,0,0,0,0000000000000000000000000000000000000000
1,0x002D7C0,1727451076,2024-09-27 15:31:16,10.3,0.1,1998.8,0.0,1988.5,0.0,0,0,0,0,0000000000000000000000000000000000000000
1,0x002D800,1727451076,2024-09-27 15:31:16,10.3,0.0,1998.8,0.0,1988.5,0.0,0,0,0,0,0000000000000000000000000000000000000000
1,0x002D840,1727451077,2024-09-27 15:31:17,10.3,0.1,1998.8,0.0,1988.5,0.0,0,0,0,0,0000000000000000000000000000000000000000
1,0x002D880,1727451077,2024-09-27 15:31:17,10.3,0.1,1998.8,0.0,1988.5,0.0,0,0,0,0,0000000000000000000000000000000000000000
1,0x002D8C0,1727451078,2024-09-27 15:31:18,10.3,0.1,1998.8,0.0,1988.5,0.0,0,0,0,0,0000000000000000000000000000000000000000
1,0x002D900,1727451079,2024-09-27 15:31:19,10.3,0.0,1998.8,0.0,1988.5,0.0,0,0,0,0,0000000000000000000000000000000000000000
1,0x002D940,1727451079,2024-09-27 15:31:19,10.3,0.1,1998.8,0.0,1988.5,0.0,0,0,0,0,0000000000000000000000000000000000000000
1,0x002D980,1727451080,2024-09-27 15:31:20,10.3,0.0,1998.8,0.0,1988.5,0.0,0,0,0,0,0000000000000000000000000000000000000000
1,0x002D9C0,1727451080,2024-09-27 15:31:20,10.3,0.1,1998.8,0.0,1988.5,0.0,0,0,0,0,0000000000000000000000000000000000000000
1,0x002DA00,1727451082,2024-09-27 15:31:22,10.3,0.0,1998.8,0.0,1988.5,0.0,0,0,0,0,0000000000000000000000000000000000000000
1,0x002DA40,1727451083,2024-09-27 15:31:23,10.3,0.1,1998.8,0.0,1988.5,0.0,0,0,0,0,0000000000000000000000000000000000000000
1,0x002DA80,1727451083,2024-09-27 15:31:23,10.3,0.1,1998.8,0.0,1988.5,0.0,0,0,0,0,0000000000000000000000000000000000000000
1,0x002DAC0,1727451084,2024-09-27 15:31:24,10.3,0.0,1998.8,0.0,1988.5,0.0,0,0,0,0,0000000000000000000000000000000000000000
1,0x002DB00,1727451084,2024-09-27 15:31:24,10.3,0.1,1998.8,0.0,1988.5,0.0,0,0,0,0,0000000000000000000000000000000000000000
1,0x002DB40,1727451085,2024-09-27 15:31:25,10.3,0.0,1998.8,0.0,1988.5,0.0,0,0,0,0,0000000000000000000000000000000000000000
1,0x002DB80,1727451085,2024-09-27 15:31:25,10.3,0.1,1998.8,0.0,1988.5,0.0,0,0,0,0,0000000000000000000000000000000000000000
1,0x002DBC0,1727451086,2024-09-27 15:31:26,10.3,0.1,1998.8,0.0,1988.5,0.0,0,0,0,0,0000000000000000000000000000000000000000
1,0x002DC00,1727451086,2024-09-27 15:31:26,10.3,0.0,1998.8,0.0,1988.5,0.0,0,0,0,0,0000000000000000000000000000000000000000
1,0x002DC40,1727451087,2024-09-27 15:31:27,10.3,0.1,1998.8,0.0,1988.5,0.0,0,0,0,0,0000000000000000000000000000000000000000
1,0x002DC80,1727451088,2024-09-27 15:31:28,10.3,0.1,1998.8,0.0,1988.5,0.0,0,0,0,0,0000000000000000000000000000000000000000
1,0x002DCC0,1727451088,2024-09-27 15:31:28,10.3,0.0,1998.8,0.0,1988.5,0.0,0,0,0,0,0000000000000000000000000000000000000000
1,0x002DD00,1727451089,2024-09-27 15:31:29,10.3,0.1,1998.8,0.0,1988.5,0.0,0,0,0,0,0000000000000000000000000000000000000000
1,0x002DD40,1727451089,2024-09-27 15:31:29,10.3,0.1,1998.8,0.0,1988.5,0.0,0,0,0,0,0000000000000000000000000000000000000000
1,0x002DD80,1727451090,2024-09-27 15:31:30,10.3,0.1,1998.8,0.0,1988.5,0.0,0,0,0,0,0000000000000000000000000000000000000000
1,0x002DDC0,1727451090,2024-09-27 15:31:30,10.3,0.1,1998.8,0.0,1988.5,0.0,0,0,0,0,0000000000000000000000000000000000000000
1,0x002DE00,1727451091,2024-09-27 15:31:31,10.3,0.0,1998.8,0.0,1988.5,0.0,0,0,0,0,0000000000000000000000000000000000000000
1,0x002DE40,1727451091,2024-09-27 15:31:31,10.3,0.1,1998.8,0.0,1988.5,0.0,0,0,0,0,0000000000000000000000000000000000000000
1,0x002DE80,1727451092,2024-09-27 15:31:32,10.3,0.1,1998.8,0.0,1988.5,0.0,0,0,0,0,0000000000000000000000000000000000000000
1,0x002DEC0,1727451093,2024-09-27 15:31:33,10.3,0.1,1998.8,0.0,1988.5,0.0,0,0,0,0,0000000000000000000000000000000000000000
1,0x002DF00,1727451093,2024-09-27 15:31:33,10.3,0.0,1998.8,0.0,1988.5,0.0,0,0,0,0,0000000000000000000000000000000000000000
1,0x002DF40,1727451094,2024-09-27 15:31:34,10.3,0.1,1998.8,0.0,1988.5,0.0,0,0,0,0,0000000000000000000000000000000000000000
1,0x002DF80,1727451094,2024-09-27 15:31:34,10.3,0.1,1998.8,0.0,1988.5,0.0,0,0,0,0,0000000000000000000000000000000000000000
1,0x002DFC0,1727451095,2024-09-27 15:31:35,10.3,0.1,1998.8,0.0,1988.5,0.0,0,0,0,0,0000000000000000000000000000000000000000
1,0x002E000,1727451096,2024-09-27 15:31:36,10.3,0.0,1998.8,0.0,1988.5,0.0,0,0,0,0,0000000000000000000000000000000000000000
1,0x002E040,1727451096,2024-09-27 15:31:36,10.3,0.1,1998.8,0.0,1988.5,0.0,0,0,0,0,0000000000000000000000000000000000000000
1,0x002E080,1727451097,2024-09-27 15:31:37,10.3,0.1,1998.8,0.0,1988.5,0.0,0,0,0,0,0000000000000000000000000000000000000000
1,0x002E0C0,1727451098,2024-09-27 15:31:38,10.3,0.0,1998.8,0.0,1988.5,0.0,0,0,0,0,0000000000000000000000000000000000000000
1,0x002E100,1727451098,2024-09-27 15:31:38,10.3,0.1,1998.8,0.0,1988.5,0.0,0,0,0,0,0000000000000000000000000000000000000000
1,0x002E140,1727451099,2024-09-27 15:31:39,10.3,0.1,1998.8,0.0,1988.5,0.0,0,0,0,0,0000000000000000000000000000000000000000
1,0x002E180,1727451099,2024-09-27 15:31:39,10.3,0.0,1998.8,0.0,1988.5,0.0,0,0,0,0,0000000000000000000000000000000000000000
1,0x002E1C0,1727451100,2024-09-27 15:31:40,10.3,0.1,1998.8,0.0,1988.5,0.0,0,0,0,0,0000000000000000000000000000000000000000
1,0x002E200,1727451101,2024-09-27 15:31:41,10.3,0.0,1998.8,0.0,1988.5,0.0,0,0,0,0,0000000000000000000000000000000000000000
1,0x002E240,1727451101,2024-09-27 15:31:41,10.3,0.1,1998.8,0.0,1988.5,0.0,0,0,0,0,0000000000000000000000000000000000000000
1,0x002E280,1727451102,2024-09-27 15:31:42,10.3,0.1,1998.8,0.0,1988.5,0.0,0,0,0,0,0000000000000000000000000000000000000000
1,0x002E2C0,1727451103,2024-09-27 15:31:43,10.3,0.0,1998.8,0.0,1988.5,0.0,0,0,0,0,0000000000000000000000000000000000000000
1,0x002E300,1727451103,2024-09-27 15:31:43,10.3,0.1,1998.8,0.0,1988.5,0.0,0,0,0,0,0000000000000000000000000000000000000000
1,0x002E340,1727451104,2024-09-27 15:31:44,10.3,0.1,1998.8,0.0,1988.5,0.0,0,0,0,0,0000000000000000000000000000000000000000
1,0x002E380,1727451104,2024-09-27 15:31:44,10.3,0.1,1998.8,0.0,1988.5,0.0,0,0,0,0,0000000000000000000000000000000000000000
1,0x002E3C0,1727451105,2024-09-27 15:31:45,10.3,0.1,1998.8,0.0,1988.5,0.0,0,0,0,0,0000000000000000000000000000000000000000
1,0x002E400,1727451106,2024-09-27 15:31:46,10.3,0.0,1998.8,0.0,1988.5,0.0,0,0,0,0,0000000000000000000000000000000000000000
1,0x002E440,1727451106,2024-09-27 15:31:46,10.3,0.1,1998.8,0.0,1988.5,0.0,0,0,0,0,0000000000000000000000000000000000000000
1,0x002E480,1727451107,2024-09-27 15:31:47,10.3,0.1,1998.8,0.0,1988.5,0.0,0,0,0,0,0000000000000000000000000000000000000000
1,0x002E4C0,1727451108,2024-09-27 15:31:48,10.3,0.0,1998.8,0.0,1988.5,0.0,0,0,0,0,0000000000000000000000000000000000000000
1,0x002E500,1727451108,2024-09-27 15:31:48,10.3,0.1,1998.8,0.0,1988.5,0.0,0,0,0,0,0000000000000000000000000000000000000000
1,0x002E540,1727451109,2024-09-27 15:31:49,10.3,0.0,1998.8,0.0,1988.5,0.0,0,0,0,0,0000000000000000000000000000000000000000
1,0x002E580,1727451109,2024-09-27 15:31:49,10.3,0.1,1998.8,0.0,1988.5,0.0,0,0,0,0,0000000000000000000000000000000000000000
1,0x002E5C0,1727451110,2024-09-27 15:31:50,10.3,0.0,1998.8,0.0,1988.5,0.0,0,0,0,0,0000000000000000000000000000000000000000
1,0x002E600,1727451110,2024-09-27 15:31:50,10.3,0.1,1998.8,0.0,1988.5,0.0,0,0,0,0,0000000000000000000000000000000000000000
1,0x002E640,1727451111,2024-09-27 15:31:51,10.3,0.0,1998.8,0.0,1988.5,0.0,0,0,0,0,0000000000000000000000000000000000000000
1,0x002E680,1727451111,2024-09-27 15:31:51,10.3,0.1,1998.8,0.0,1988.5,0.0,0,0,0,0,0000000000000000000000000000000000000000
1,0x002E6C0,1727451112,2024-09-27 15:31:52,10.3,0.1,1998.8,0.0,1988.5,0.0,0,0,0,0,0000000000000000000000000000000000000000
1,0x002E700,1727451113,2024-09-27 15:31:53,10.3,0.0,1998.8,0.0,1988.5,0.0,0,0,0,0,0000000000000000000000000000000000000000
1,0x002E740,1727451113,2024-09-27 15:31:53,10.3,0.1,1998.8,0.0,1988.5,0.0,0,0,0,0,0000000000000000000000000000000000000000
1,0x002E780,1727451114,2024-09-27 15:31:54,10.3,0.1,1998.8,0.0,1988.5,0.0,0,0,0,0,0000000000000000000000000000000000000000
1,0x002E7C0,1727451114,2024-09-27 15:31:54,10.3,0.0,1998.8,0.0,1988.5,0.0,0,0,0,0,0000000000000000000000000000000000000000
1,0x002E800,1727451115,2024-09-27 15:31:55,10.3,0.1,1998.8,0.0,1988.5,0.0,0,0,0,0,0000000000000000000000000000000000000000
1,0x002E840,1727451115,2024-09-27 15:31:55,10.3,0.0,1998.8,0.0,1988.5,0.0,0,0,0,0,0000000000000000000000000000000000000000
1,0x002E880,1727451116,2024-09-27 15:31:56,10.3,0.1,1998.8,0.0,1988.5,0.0,0,0,0,0,0000000000000000000000000000000000000000
1,0x002E8C0,1727451116,2024-09-27 15:31:56,10.3,0.1,1998.8,0.0,1988.5,0.0,0,0,0,0,0000000000000000000000000000000000000000
1,0x002E900,1727451117,2024-09-27 15:31:57,10.3,0.0,1998.8,0.0,1988.5,0.0,0,0,0,0,0000000000000000000000000000000000000000
1,0x002E940,1727451118,2024-09-27 15:31:58,10.3,0.1,1998.8,0.0,1988.5,0.0,0,0,0,0,0000000000000000000000000000000000000000
1,0x002E980,1727451118,2024-09-27 15:31:58,10.3,0.1,1998.8,0.0,1988.5,0.0,0,0,0,0,0000000000000000000000000000000000000000
1,0x002E9C0,1727451119,2024-09-27 15:31:59,10.3,0.0,1998.8,0.0,1988.5,0.0,0,0,0,0,0000000000000000000000000000000000000000
1,0x002EA00,1727451119,2024-09-27 15:31:59,10.3,0.1,1998.8,0.0,1988.5,0.0,0,0,0,0,0000000000000000000000000000000000000000
1,0x002EA40,1727451120,2024-09-27 15:32:00,10.3,0.1,1998.8,0.0,1988.5,0.0,0,0,0,0,0000000000000000000000000000000000000000
1,0x002EA80,1727451120,2024-09-27 15:32:00,10.3,0.1,1998.8,0.0,1988.5,0.0,0,0,0,0,0000000000000000000000000000000000000000
1,0x002EAC0,1727451121,2024-09-27 15:32:01,10.3,0.0,1998.8,0.0,1988.5,0.0,0,0,0,0,0000000000000000000000000000000000000000
1,0x002EB00,1727451121,2024-09-27 15:32:01,10.3,0.1,1998.8,0.0,1988.5,0.0,0,0,0,0,0000000000000000000000000000000000000000
1,0x002EB40,1727451122,2024-09-27 15:32:02,10.3,0.0,1998.8,0.0,1988.5,0.0,0,0,0,0,0000000000000000000000000000000000000000
1,0x002EB80,1727451118,2024-09-27 15:31:58,10.3,0.1,1998.8,0.0,1988.5,0.0,0,0,0,0,0000000000000000000000000000000000000000
1,0x002EBC0,1727451118,2024-09-27 15:31:58,10.3,0.1,1998.8,0.0,1988.5,0.0,0,0,0,0,0000000000000000000000000000000000000000
1,0x002EC00,1727451119,2024-09-27 15:31:59,10.3,0.0,1998.8,0.0,1988.5,0.0,0,0,0,0,0000000000000000000000000000000000000000
1,0x002EC40,1727451120,2024-09-27 15:32:00,10.3,0.1,1998.8,0.0,1988.5,0.0,0,0,0,0,0000000000000000000000000000000000000000
1,0x002EC80,1727451120,2024-09-27 15:32:00,10.3,0.0,1998.8,0.0,1988.5,0.0,0,0,0,0,0000000000000000000000000000000000000000
1,0x002ECC0,1727451121,2024-09-27 15:32:01,10.3,0.1,1998.8,0.0,1988.5,0.0,0,0,0,0,0000000000000000000000000000000000000000
1,0x002ED00,1727451121,2024-09-27 15:32:01,10.3,0.0,1998.8,0.0,1988.5,0.0,0,0,0,0,0000000000000000000000000000000000000000
1,0x002ED40,1727451122,2024-09-27 15:32:02,10.3,0.1,1998.8,0.0,1988.5,0.0,0,0,0,0,0000000000000000000000000000000000000000
1,0x002ED80,1727451122,2024-09-27 15:32:02,10.3,0.0,1998.8,0.0,1988.5,0.0,0,0,0,0,0000000000000000000000000000000000000000
1,0x002EDC0,1727451123,2024-09-27 15:32:03,10.3,0.1,1998.8,0.0,1988.5,0.0,0,0,0,0,0000000000000000000000000000000000000000
1,0x002EE00,1727451124,2024-09-27 15:32:04,10.3,0.0,1998.8,0.0,1988.5,0.0,0,0,0,0,0000000000000000000000000000000000000000
1,0x002EE40,1727451125,2024-09-27 15:32:05,10.3,0.1,1998.8,0.0,1988.5,0.0,0,0,0,0,0000000000000000000000000000000000000000
1,0x002EE80,1727451125,2024-09-27 15:32:05,10.3,0.0,1998.8,0.0,1988.5,0.0,0,0,0,0,0000000000000000000000000000000000000000
1,0x002EEC0,1727451126,2024-09-27 15:32:06,10.3,0.1,1998.8,0.0,1988.5,0.0,0,0,0,0,0000000000000000000000000000000000000000
1,0x002EF00,1727451127,2024-09-27 15:32:07,10.3,0.0,1998.8,0.0,1988.5,0.0,0,0,0,0,0000000000000000000000000000000000000000
1,0x002EF40,1727451127,2024-09-27 15:32:07,10.3,0.1,1998.8,0.0,1988.5,0.0,0,0,0,0,0000000000000000000000000000000000000000
1,0x002EF80,1727451128,2024-09-27 15:32:08,10.3,0.0,1998.8,0.0,1988.5,0.0,0,0,0,0,0000000000000000000000000000000000000000
1,0x002EFC0,1727451128,2024-09-27 15:32:08,10.3,0.1,1998.8,0.0,1988.5,0.0,0,0,0,0,0000000000000000000000000000000000000000
1,0x002F000,1727451130,2024-09-27 15:32:10,10.3,0.0,1998.8,0.0,1988.5,0.0,0,0,0,0,0000000000000000000000000000000000000000
1,0x002F040,1727451130,2024-09-27 15:32:10,10.3,0.1,1998.8,0.0,1988.5,0.0,0,0,0,0,0000000000000000000000000000000000000000
1,0x002F080,1727451131,2024-09-27 15:32:11,10.3,0.0,1998.8,0.0,1988.5,0.0,0,0,0,0,0000000000000000000000000000000000000000
1,0x002F0C0,1727451131,2024-09-27 15:32:11,10.3,0.1,1998.8,0.0,1988.5,0.0,0,0,0,0,0000000000000000000000000000000000000000
1,0x002F100,1727451132,2024-09-27 15:32:12,10.3,0.0,1998.8,0.0,1988.5,0.0,0,0,0,0,0000000000000000000000000000000000000000
1,0x002F140,1727451132,2024-09-27 15:32:12,10.3,0.1,1998.8,0.0,1988.5,0.0,0,0,0,0,0000000000000000000000000000000000000000
1,0x002F180,1727451133,2024-09-27 15:32:13,10.3,0.1,1998.8,0.0,1988.5,0.0,0,0,0,0,0000000000000000000000000000000000000000
1,0x002F1C0,1727451133,2024-09-27 15:32:13,10.3,0.0,1998.8,0.0,1988.5,0.0,0,0,0,0,0000000000000000000000000000000000000000
1,0x002F200,1727451134,2024-09-27 15:32:14,10.3,0.1,1998.8,0.0,1988.5,0.0,0,0,0,0,0000000000000000000000000000000000000000
1,0x002F240,1727451135,2024-09-27 15:32:15,10.3,0.1,1998.8,0.0,1988.5,0.0,0,0,0,0,0000000000000000000000000000000000000000
1,0x002F280,1727451135,2024-09-27 15:32:15,10.3,0.1,1998.8,0.0,1988.5,0.0,0,0,0,0,0000000000000000000000000000000000000000
1,0x002F2C0,1727451136,2024-09-27 15:32:16,10.3,0.1,1998.8,0.0,1988.5,0.0,0,0,0,0,0000000000000000000000000000000000000000
1,0x002F300,1727451136,2024-09-27 15:32:16,10.3,0.0,1998.8,0.0,1988.5,0.0,0,0,0,0,0000000000000000000000000000000000000000
1,0x002F340,1727451137,2024-09-27 15:32:17,10.3,0.1,1998.8,0.0,1988.5,0.0,0,0,0,0,0000000000000000000000000000000000000000
1,0x002F380,1727451137,2024-09-27 15:32:17,10.3,0.1,1998.8,0.0,1988.5,0.0,0,0,0,0,0000000000000000000000000000000000000000
1,0x002F3C0,1727451138,2024-09-27 15:32:18,10.3,0.1,1998.8,0.0,1988.5,0.0,0,0,0,0,0000000000000000000000000000000000000000
1,0x002F400,1727451138,2024-09-27 15:32:18,10.3,0.0,1998.8,0.0,1988.5,0.0,0,0,0,0,0000000000000000000000000000000000000000
1,0x002F440,1727451139,2024-09-27 15:32:19,10.3,0.1,1998.8,0.0,1988.5,0.0,0,0,0,0,0000000000000000000000000000000000000000
1,0x002F480,1727451140,2024-09-27 15:32:20,10.3,0.1,1998.8,0.0,1988.5,0.0,0,0,0,0,0000000000000000000000000000000000000000
1,0x002F4C0,1727451140,2024-09-27 15:32:20,10.3,0.1,1998.8,0.0,1988.5,0.0,0,0,0,0,0000000000000000000000000000000000000000
1,0x002F500,1727451141,2024-09-27 15:32:21,10.3,0.0,1998.8,0.0,1988.5,0.0,0,0,0,0,0000000000000000000000000000000000000000
1,0x002F540,1727451142,2024-09-27 15:32:22,10.3,0.1,1998.8,0.0,1988.5,0.0,0,0,0,0,0000000000000000000000000000000000000000
1,0x002F580,1727451142,2024-09-27 15:32:22,10.3,0.1,1998.8,0.0,1988.5,0.0,0,0,0,0,0000000000000000000000000000000000000000
1,0x002F5C0,1727451143,2024-09-27 15:32:23,10.4,0.0,1998.9,0.0,1988.5,0.0,0,0,0,0,0000000000000000000000000000000000000000
1,0x002F600,1727451143,2024-09-27 15:32:23,10.4,0.1,1998.9,0.0,1988.5,0.0,0,0,0,0,0000000000000000000000000000000000000000
1,0x002F640,1727451144,2024-09-27 15:32:24,10.4,0.1,1998.9,0.0,1988.5,0.0,0,0,0,0,0000000000000000000000000000000000000000
1,0x002F680,1727451144,2024-09-27 15:32:24,10.4,0.0,1998.9,0.0,1988.5,0.0,0,0,0,0,0000000000000000000000000000000000000000
1,0x002F6C0,1727451144,2024-09-27 15:32:24,10.4,0.1,1998.9,0.0,1988.5,0.0,0,0,0,0,0000000000000000000000000000000000000000
1,0x002F700,1727451145,2024-09-27 15:32:25,10.4,0.0,1998.9,0.0,1988.5,0.0,0,0,0,0,0000000000000000000000000000000000000000
1,0x002F740,1727451146,2024-09-27 15:32:26,10.4,0.1,1998.9,0.0,1988.5,0.0,0,0,0,0,0000000000000000000000000000000000000000
1,0x002F780,1727451146,2024-09-27 15:32:26,10.4,0.1,1998.9,0.0,1988.5,0.0,0,0,0,0,0000000000000000000000000000000000000000
1,0x002F7C0,1727451147,2024-09-27 15:32:27,10.4,0.0,1998.9,0.0,1988.5,0.0,0,0,0,0,0000000000000000000000000000000000000000
1,0x002F800,1727451147,2024-09-27 15:32:27,10.4,0.1,1998.9,0.0,1988.5,0.0,0,0,0,0,0000000000000000000000000000000000000000
1,0x002F840,1727451148,2024-09-27 15:32:28,10.4,0.1,1998.9,0.0,1988.5,0.0,0,0,0,0,0000000000000000000000000000000000000000
1,0x002F880,1727451148,2024-09-27 15:32:28,10.4,0.0,1998.9,0.0,1988.5,0.0,0,0,0,0,0000000000000000000000000000000000000000
1,0x002F8C0,1727451149,2024-09-27 15:32:29,10.4,0.1,1998.9,0.0,1988.5,0.0,0,0,0,0,0000000000000000000000000000000000000000
1,0x002F900,1727451149,2024-09-27 15:32:29,10.4,0.0,1998.9,0.0,1988.5,0.0,0,0,0,0,0000000000000000000000000000000000000000
1,0x002F940,1727451150,2024-09-27 15:32:30,10.4,0.1,1998.9,0.0,1988.5,0.0,0,0,0,0,0000000000000000000000000000000000000000
1,0x002F980,1727451151,2024-09-27 15:32:31,10.4,0.1,1998.9,0.0,1988.5,0.0,0,0,0,0,0000000000000000000000000000000000000000
1,0x002F9C0,1727451151,2024-09-27 15:32:31,10.4,0.0,1998.9,0.0,1988.5,0.0,0,0,0,0,0000000000000000000000000000000000000000
1,0x002FA00,1727451152,2024-09-27 15:32:32,10.4,0.1,1998.9,0.0,1988.5,0.0,0,0,0,0,0000000000000000000000000000000000000000
1,0x002FA40,1727451152,2024-09-27 15:32:32,10.4,0.1,1998.9,0.0,1988.5,0.0,0,0,0,0,0000000000000000000000000000000000000000
1,0x002FA80,1727451153,2024-09-27 15:32:33,10.4,0.1,1998.9,0.0,1988.5,0.0,0,0,0,0,0000000000000000000000000000000000000000
1,0x002FAC0,1727451153,2024-09-27 15:32:33,10.4,0.0,1998.9,0.0,1988.5,0.0,0,0,0,0,0000000000000000000000000000000000000000
1,0x002FB00,1727451154,2024-09-27 15:32:34,10.4,0.1,1998.9,0.0,1988.5,0.0,0,0,0,0,0000000000000000000000000000000000000000
1,0x002FB40,1727451154,2024-09-27 15:32:34,10.4,0.0,1998.9,0.0,1988.5,0.0,0,0,0,0,0000000000000000000000000000000000000000
1,0x002FB80,1727451155,2024-09-27 15:32:35,10.4,0.1,1998.9,0.0,1988.5,0.0,0,0,0,0,0000000000000000000000000000000000000000
1,0x002FBC0,1727451156,2024-09-27 15:32:36,10.4,0.1,1998.9,0.0,1988.5,0.0,0,0,0,0,0000000000000000000000000000000000000000
1,0x002FC00,1727451156,2024-09-27 15:32:36,10.4,0.0,1998.9,0.0,1988.5,0.0,0,0,0,0,0000000000000000000000000000000000000000
1,0x002FC40,1727451157,2024-09-27 15:32:37,10.4,0.1,1998.9,0.0,1988.5,0.0,0,0,0,0,0000000000000000000000000000000000000000
1,0x002FC80,1727451157,2024-09-27 15:32:37,10.4,0.1,1998.9,0.0,1988.5,0.0,0,0,0,0,0000000000000000000000000000000000000000
1,0x002FCC0,1727451158,2024-09-27 15:32:38,10.4,0.1,1998.9,0.0,1988.5,0.0,0,0,0,0,0000000000000000000000000000000000000000
1,0x002FD00,1727451158,2024-09-27 15:32:38,10.4,0.0,1998.9,0.0,1988.5,0.0,0,0,0,0,0000000000000000000000000000000000000000
1,0x002FD40,1727451159,2024-09-27 15:32:39,10.4,0.1,1998.9,0.0,1988.5,0.0,0,0,0,0,0000000000000000000000000000000000000000
1,0x002FD80,1727451159,2024-09-27 15:32:39,10.4,0.0,1998.9,0.0,1988.5,0.0,0,0,0,0,0000000000000000000000000000000000000000
1,0x002FDC0,1727451160,2024-09-27 15:32:40,10.4,0.1,1998.9,0.0,1988.5,0.0,0,0,0,0,0000000000000000000000000000000000000000
1,0x002FE00,1727451161,2024-09-27 15:32:41,10.4,0.0,1998.9,0.0,1988.5,0.0,0,0,0,0,0000000000000000000000000000000000000000
1,0x002FE40,1727451162,2024-09-27 15:32:42,10.4,0.1,1998.9,0.0,1988.5,0.0,0,0,0,0,0000000000000000000000000000000000000000
1,0x002FE80,1727451162,2024-09-27 15:32:42,10.4,0.1,1998.9,0.0,1988.5,0.0,0,0,0,0,0000000000000000000000000000000000000000
1,0x002FEC0,1727451163,2024-09-27 15:32:43,10.4,0.0,1998.9,0.0,1988.5,0.0,0,0,0,0,0000000000000000000000000000000000000000
1,0x002FF00,1727451163,2024-09-27 15:32:43,10.4,0.1,1998.9,0.0,1988.5,0.0,0,0,0,0,0000000000000000000000000000000000000000
1,0x002FF40,1727451164,2024-09-27 15:32:44,10.4,0.1,1998.9,0.0,1988.5,0.0,0,0,0,0,0000000000000000000000000000000000000000
1,0x002FF80,1727451164,2024-09-27 15:32:44,10.4,0.1,1998.9,0.0,1988.5,0.0,0,0,0,0,0000000000000000000000000000000000000000
1,0x002FFC0,1727451165,2024-09-27 15:32:45,10.4,0.0,1998.9,0.0,1988.5,0.0,0,0,0,0,0000000000000000000000000000000000000000
1,0x0030000,1727451166,2024-09-27 15:32:46,10.4,0.1,1998.9,0.0,1988.5,0.0,0,0,0,0,0000000000000000000000000000000000000000
1,0x0030040,1727451166,2024-09-27 15:32:46,10.4,0.1,1998.9,0.0,1988.5,0.0,0,0,0,0,0000000000000000000000000000000000000000
1,0x0030080,1727451167,2024-09-27 15:32:47,10.4,0.1,1998.9,0.0,1988.5,0.0,0,0,0,0,0000000000000000000000000000000000000000
1,0x00300C0,1727451167,2024-09-27 15:32:47,10.4,0.0,1998.9,0.0,1988.5,0.0,0,0,0,0,0000000000000000000000000000000000000000
1,0x0030100,1727451168,2024-09-27 15:32:48,10.4,0.1,1998.9,0.0,1988.5,0.0,0,0,0,0,0000000000000000000000000000000000000000
1,0x0030140,1727451168,2024-09-27 15:32:48,10.4,0.1,1998.9,0.0,1988.5,0.0,0,0,0,0,0000000000000000000000000000000000000000
1,0x0030180,1727451169,2024-09-27 15:32:49,10.4,0.0,1998.9,0.0,1988.5,0.0,0,0,0,0,0000000000000000000000000000000000000000
1,0x00301C0,1727451169,2024-09-27 15:32:49,10.4,0.1,1998.9,0.0,1988.5,0.0,0,0,0,0,0000000000000000000000000000000000000000
1,0x0030200,1727451170,2024-09-27 15:32:50,10.4,0.1,10.4,0.0,0.0,0.0,0,0,0,0,0000000000000000000000000000000000000000
1,0x0030240,1727451171,2024-09-27 15:32:51,10.4,0.0,1998.9,0.0,1988.5,0.0,0,0,0,0,0000000000000000000000000000000000000000
1,0x0030280,1727451171,2024-09-27 15:32:51,10.4,0.1,1998.9,0.0,1988.5,0.0,0,0,0,0,0000000000000000000000000000000000000000
1,0x00302C0,1727451172,2024-09-27 15:32:52,10.4,0.0,1998.9,0.0,1988.5,0.0,0,0,0,0,0000000000000000000000000000000000000000
1,0x0030300,1727451172,2024-09-27 15:32:52,10.4,0.1,1998.9,0.0,1988.5,0.0,0,0,0,0,0000000000000000000000000000000000000000
1,0x0030340,1727451173,2024-09-27 15:32:53,10.4,0.1,1998.9,0.0,1988.5,0.0,0,0,0,0,0000000000000000000000000000000000000000
1,0x0030380,1727451173,2024-09-27 15:32:53,10.4,0.0,1998.9,0.0,1988.5,0.0,0,0,0,0,0000000000000000000000000000000000000000
1,0x00303C0,1727451174,2024-09-27 15:32:54,10.4,0.1,1998.9,0.0,1988.5,0.0,0,0,0,0,0000000000000000000000000000000000000000
1,0x0030400,1727451174,2024-09-27 15:32:54,10.4,0.0,1998.9,0.0,1988.5,0.0,0,0,0,0,0000000000000000000000000000000000000000
1,0x0030440,1727451175,2024-09-27 15:32:55,10.4,0.1,10.4,0.0,0.0,0.0,0,0,0,0,0000000000000000000000000000000000000000
1,0x0030480,1727451176,2024-09-27 15:32:56,10.4,0.1,1998.9,0.0,1988.5,0.0,0,0,0,0,0000000000000000000000000000000000000000
1,0x00304C0,1727451176,2024-09-27 15:32:56,10.4,0.1,1998.9,0.0,1988.5,0.0,0,0,0,0,0000000000000000000000000000000000000000
1,0x0030500,1727451177,2024-09-27 15:32:57,10.4,0.0,1998.9,0.0,1988.5,0.0,0,0,0,0,0000000000000000000000000000000000000000
1,0x0030540,1727451177,2024-09-27 15:32:57,10.4,0.1,1998.9,0.0,1988.5,0.0,0,0,0,0,0000000000000000000000000000000000000000
1,0x0030580,1727451178,2024-09-27 15:32:58,10.4,0.1,1998.9,0.0,1988.5,0.0,0,0,0,0,0000000000000000000000000000000000000000
1,0x00305C0,1727451178,2024-09-27 15:32:58,10.4,0.1,1998.9,0.0,1988.5,0.0,0,0,0,0,0000000000000000000000000000000000000000
1,0x0030600,1727451179,2024-09-27 15:32:59,10.4,0.0,1998.9,0.0,1988.5,0.0,0,0,0,0,0000000000000000000000000000000000000000
1,0x0030640,1727451179,2024-09-27 15:32:59,10.4,0.0,1998.9,0.0,1988.5,0.0,0,0,0,0,0000000000000000000000000000000000000000
1,0x0030680,1727451180,2024-09-27 15:33:00,10.4,0.1,10.4,0.0,0.0,0.0,0,0,0,0,0000000000000000000000000000000000000000
1,0x00306C0,1727451181,2024-09-27 15:33:01,10.4,0.1,1998.9,0.0,1988.5,0.0,0,0,0,0,0000000000000000000000000000000000000000
1,0x0030700,1727451181,2024-09-27 15:33:01,10.4,0.0,1998.9,0.0,1988.5,0.0,0,0,0,0,0000000000000000000000000000000000000000
1,0x0030740,1727451182,2024-09-27 15:33:02,10.4,0.1,1998.9,0.0,1988.5,0.0,0,0,0,0,0000000000000000000000000000000000000000
1,0x0030780,1727451182,2024-09-27 15:33:02,10.4,0.1,1998.9,0.0,1988.5,0.0,0,0,0,0,0000000000000000000000000000000000000000
1,0x00307C0,1727451183,2024-09-27 15:33:03,10.4,0.0,1998.9,0.0,1988.5,0.0,0,0,0,0,0000000000000000000000000000000000000000
1,0x0030800,1727451183,2024-09-27 15:33:03,10.4,0.1,1998.9,0.0,1988.5,0.0,0,0,0,0,0000000000000000000000000000000000000000
1,0x0030840,1727451184,2024-09-27 15:33:04,10.4,0.1,1998.9,0.0,1988.5,0.0,0,0,0,0,0000000000000000000000000000000000000000
1,0x0030880,1727451184,2024-09-27 15:33:04,10.4,0.0,1998.9,0.0,1988.5,0.0,0,0,0,0,0000000000000000000000000000000000000000
1,0x00308C0,1727451185,2024-09-27 15:33:05,10.4,0.1,10.4,0.0,0.0,0.0,0,0,0,0,0000000000000000000000000000000000000000
1,0x0030900,1727451186,2024-09-27 15:33:06,10.4,0.1,1998.9,0.0,1988.5,0.0,0,0,0,0,0000000000000000000000000000000000000000
1,0x0030940,1727451186,2024-09-27 15:33:06,10.4,0.0,1998.9,0.0,1988.5,0.0,0,0,0,0,0000000000000000000000000000000000000000
1,0x0030980,1727451187,2024-09-27 15:33:07,10.4,0.1,1998.9,0.0,1988.5,0.0,0,0,0,0,0000000000000000000000000000000000000000
1,0x00309C0,1727451187,2024-09-27 15:33:07,10.4,0.1,1998.9,0.0,1988.5,0.0,0,0,0,0,0000000000000000000000000000000000000000
1,0x0030A00,1727451188,2024-09-27 15:33:08,10.4,0.0,1998.9,0.0,1988.5,0.0,0,0,0,0,0000000000000000000000000000000000000000
1,0x0030A40,1727451188,2024-09-27 15:33:08,10.4,0.1,1998.9,0.0,1988.5,0.0,0,0,0,0,0000000000000000000000000000000000000000
1,0x0030A80,1727451189,2024-09-27 15:33:09,10.4,0.1,1998.9,0.0,1988.5,0.0,0,0,0,0,0000000000000000000000000000000000000000
1,0x0030AC0,1727451189,2024-09-27 15:33:09,10.4,0.1,1998.9,0.0,1988.5,0.0,0,0,0,0,0000000000000000000000000000000000000000
1,0x0030B00,1727451190,2024-09-27 15:33:10,10.4,0.0,1998.9,0.0,1988.5,0.0,0,0,0,0,0000000000000000000000000000000000000000
1,0x0030B40,1727451191,2024-09-27 15:33:11,10.4,0.1,1998.9,0.0,1988.5,0.0,0,0,0,0,0000000000000000000000000000000000000000
1,0x0030B80,1727451191,2024-09-27 15:33:11,10.4,0.1,1998.9,0.0,1988.5,0.0,0,0,0,0,0000000000000000000000000000000000000000
1,0x0030BC0,1727451192,2024-09-27 15:33:12,10.4,0.0,1998.9,0.0,1988.5,0.0,0,0,0,0,0000000000000000000000000000000000000000
1,0x0030C00,1727451192,2024-09-27 15:33:12,10.4,0.1,1998.9,0.0,1988.5,0.0,0,0,0,0,0000000000000000000000000000000000000000
1,0x0030C40,1727451193,2024-09-27 15:33:13,10.4,0.0,1998.9,0.0,1988.5,0.0,0,0,0,0,0000000000000000000000000000000000000000
1,0x0030C80,1727451193,2024-09-27 15:33:13,10.4,0.1,1998.9,0.0,1988.5,0.0,0,0,0,0,0000000000000000000000000000000000000000
1,0x0030CC0,1727451194,2024-09-27 15:33:14,10.4,0.1,1998.9,0.0,1988.5,0.0,0,0,0,0,0000000000000000000000000000000000000000
1,0x0030D00,1727451195,2024-09-27 15:33:15,10.4,0.0,1998.9,0.0,1988.5,0.0,0,0,0,0,0000000000000000000000000000000000000000
1,0x0030D40,1727451196,2024-09-27 15:33:16,10.4,0.1,1998.9,0.0,1988.5,0.0,0,0,0,0,0000000000000000000000000000000000000000
1,0x0030D80,1727451196,2024-09-27 15:33:16,10.4,0.0,1998.9,0.0,1988.5,0.0,0,0,0,0,0000000000000000000000000000000000000000
1,0x0030DC0,1727451197,2024-09-27 15:33:17,10.4,0.1,1998.9,0.0,1988.5,0.0,0,0,0,0,0000000000000000000000000000000000000000
1,0x0030E00,1727451198,2024-09-27 15:33:18,10.4,0.0,1998.9,0.0,1988.5,0.0,0,0,0,0,0000000000000000000000000000000000000000
1,0x0030E40,1727451198,2024-09-27 15:33:18,10.4,0.1,1998.9,0.0,1988.5,0.0,0,0,0,0,0000000000000000000000000000000000000000
1,0x0030E80,1727451199,2024-09-27 15:33:19,10.4,0.0,1998.9,0.0,1988.5,0.0,0,0,0,0,0000000000000000000000000000000000000000
1,0x0030EC0,1727451199,2024-09-27 15:33:19,10.4,0.0,1998.9,0.0,1988.5,0.0,0,0,0,0,0000000000000000000000000000000000000000
1,0x0030F00,1727451200,2024-09-27 15:33:20,10.4,0.1,10.4,0.0,0.0,0.0,0,0,0,0,0000000000000000000000000000000000000000
1,0x0030F40,1727451201,2024-09-27 15:33:21,10.4,0.1,1998.9,0.0,1988.5,0.0,0,0,0,0,0000000000000000000000000000000000000000
1,0x0030F80,1727451201,2024-09-27 15:33:21,10.4,0.0,1998.9,0.0,1988.5,0.0,0,0,0,0,0000000000000000000000000000000000000000
1,0x0030FC0,1727451202,2024-09-27 15:33:22,10.4,0.1,1998.9,0.0,1988.5,0.0,0,0,0,0,0000000000000000000000000000000000000000
1,0x0031000,1727451203,2024-09-27 15:33:23,10.4,0.0,1998.9,0.0,1988.5,0.0,0,0,0,0,0000000000000000000000000000000000000000
1,0x0031040,1727451203,2024-09-27 15:33:23,10.4,0.1,1998.9,0.0,1988.5,0.0,0,0,0,0,0000000000000000000000000000000000000000
1,0x0031080,1727451204,2024-09-27 15:33:24,10.4,0.0,1998.9,0.0,1988.5,0.0,0,0,0,0,0000000000000000000000000000000000000000
1,0x00310C0,1727451204,2024-09-27 15:33:24,10.4,0.1,1998.9,0.0,1988.5,0.0,0,0,0,0,0000000000000000000000000000000000000000
1,0x0031100,1727451205,2024-09-27 15:33:25,10.4,0.0,1998.9,0.0,1988.5,0.0,0,0,0,0,0000000000000000000000000000000000000000
1,0x0031140,1727451206,2024-09-27 15:33:26,10.4,0.1,1998.9,0.0,1988.5,0.0,0,0,0,0,0000000000000000000000000000000000000000
1,0x0031180,1727451206,2024-09-27 15:33:26,10.4,0.1,1998.9,0.0,1988.5,0.0,0,0,0,0,0000000000000000000000000000000000000000
1,0x00311C0,1727451207,2024-09-27 15:33:27,10.4,0.0,1998.9,0.0,1988.5,0.0,0,0,0,0,0000000000000000000000000000000000000000
1,0x0031200,1727451207,2024-09-27 15:33:27,10.4,0.1,1998.9,0.0,1988.5,0.0,0,0,0,0,0000000000000000000000000000000000000000
1,0x0031240,1727451208,2024-09-27 15:33:28,10.4,0.0,1998.9,0.0,1988.5,0.0,0,0,0,0,0000000000000000000000000000000000000000
1,0x0031280,1727451208,2024-09-27 15:33:28,10.4,0.1,1998.9,0.0,1988.5,0.0,0,0,0,0,0000000000000000000000000000000000000000
1,0x00312C0,1727451209,2024-09-27 15:33:29,10.4,0.1,1998.9,0.0,1988.5,0.0,0,0,0,0,0000000000000000000000000000000000000000
1,0x0031300,1727451210,2024-09-27 15:33:30,10.4,0.0,1998.9,0.0,1988.5,0.0,0,0,0,0,0000000000000000000000000000000000000000
1,0x0031340,1727451211,2024-09-27 15:33:31,10.4,0.1,1998.9,0.0,1988.5,0.0,0,0,0,0,0000000000000000000000000000000000000000
1,0x0031380,1727451211,2024-09-27 15:33:31,10.4,0.1,1998.9,0.0,1988.5,0.0,0,0,0,0,0000000000000000000000000000000000000000
1,0x00313C0,1727451212,2024-09-27 15:33:32,10.4,0.0,1998.9,0.0,1988.5,0.0,0,0,0,0,0000000000000000000000000000000000000000
1,0x0031400,1727451212,2024-09-27 15:33:32,10.4,0.1,1998.9,0.0,1988.5,0.0,0,0,0,0,0000000000000000000000000000000000000000
1,0x0031440,1727451213,2024-09-27 15:33:33,10.4,0.1,1998.9,0.0,1988.5,0.0,0,0,0,0,0000000000000000000000000000000000000000
1,0x0031480,1727451213,2024-09-27 15:33:33,10.4,0.0,1998.9,0.0,1988.5,0.0,0,0,0,0,0000000000000000000000000000000000000000
1,0x00314C0,1727451214,2024-09-27 15:33:34,10.4,0.1,1998.9,0.0,1988.5,0.0,0,0,0,0,0000000000000000000000000000000000000000
1,0x0031500,1727451216,2024-09-27 15:33:36,10.4,0.0,1998.9,0.0,1988.5,0.0,0,0,0,0,0000000000000000000000000000000000000000
1,0x0031540,1727451216,2024-09-27 15:33:36,10.4,0.1,1998.9,0.0,1988.5,0.0,0,0,0,0,0000000000000000000000000000000000000000
1,0x0031580,1727451217,2024-09-27 15:33:37,10.4,0.1,1998.9,0.0,1988.5,0.0,0,0,0,0,0000000000000000000000000000000000000000
1,0x00315C0,1727451217,2024-09-27 15:33:37,10.4,0.0,1998.9,0.0,1988.5,0.0,0,0,0,0,0000000000000000000000000000000000000000
1,0x0031600,1727451218,2024-09-27 15:33:38,10.4,0.1,1998.9,0.0,1988.5,0.0,0,0,0,0,0000000000000000000000000000000000000000
1,0x0031640,1727451218,2024-09-27 15:33:38,10.4,0.0,1998.9,0.0,1988.5,0.0,0,0,0,0,0000000000000000000000000000000000000000
1,0x0031680,1727451219,2024-09-27 15:33:39,10.4,0.1,1998.9,0.0,1988.5,0.0,0,0,0,0,0000000000000000000000000000000000000000
1,0x00316C0,1727451219,2024-09-27 15:33:39,10.4,0.0,1998.9,0.0,1988.5,0.0,0,0,0,0,0000000000000000000000000000000000000000
1,0x0031700,1727451220,2024-09-27 15:33:40,10.4,0.1,1998.9,0.0,1988.5,0.0,0,0,0,0,0000000000000000000000000000000000000000
1,0x0031740,1727451221,2024-09-27 15:33:41,10.4,0.1,1998.9,0.0,1988.5,0.0,0,0,0,0,0000000000000000000000000000000000000000
1,0x0031780,1727451221,2024-09-27 15:33:41,10.4,0.0,1998.9,0.0,1988.5,0.0,0,0,0,0,0000000000000000000000000000000000000000
1,0x00317C0,1727451222,2024-09-27 15:33:42,10.4,0.1,1998.9,0.0,1988.5,0.0,0,0,0,0,0000000000000000000000000000000000000000
1,0x0031800,1727451223,2024-09-27 15:33:43,10.4,0.0,1998.9,0.0,1988.5,0.0,0,0,0,0,0000000000000000000000000000000000000000
1,0x0031840,1727451223,2024-09-27 15:33:43,10.4,0.1,1998.9,0.0,1988.5,0.0,0,0,0,0,0000000000000000000000000000000000000000
1,0x0031880,1727451224,2024-09-27 15:33:44,10.4,0.1,1998.9,0.0,1988.5,0.0,0,0,0,0,0000000000000000000000000000000000000000
1,0x00318C0,1727451224,2024-09-27 15:33:44,10.4,0.1,1998.9,0.0,1988.5,0.0,0,0,0,0,0000000000000000000000000000000000000000
1,0x0031900,1727451226,2024-09-27 15:33:46,10.4,0.0,1998.9,0.0,1988.5,0.0,0,0,0,0,0000000000000000000000000000000000000000
1,0x0031940,1727451226,2024-09-27 15:33:46,10.5,0.1,1999.0,0.0,1988.5,0.0,0,0,0,0,0000000000000000000000000000000000000000
1,0x0031980,1727451227,2024-09-27 15:33:47,10.5,0.1,1999.0,0.0,1988.5,0.0,0,0,0,0,0000000000000000000000000000000000000000
1,0x00319C0,1727451227,2024-09-27 15:33:47,10.5,0.0,1999.0,0.0,1988.5,0.0,0,0,0,0,0000000000000000000000000000000000000000
1,0x0031A00,1727451228,2024-09-27 15:33:48,10.5,0.1,1999.0,0.0,1988.5,0.0,0,0,0,0,0000000000000000000000000000000000000000
1,0x0031A40,1727451228,2024-09-27 15:33:48,10.5,0.1,1999.0,0.0,1988.5,0.0,0,0,0,0,0000000000000000000000000000000000000000
1,0x0031A80,1727451229,2024-09-27 15:33:49,10.5,0.1,1999.0,0.0,1988.5,0.0,0,0,0,0,0000000000000000000000000000000000000000
1,0x0031AC0,1727451229,2024-09-27 15:33:49,10.5,0.1,1999.0,0.0,1988.5,0.0,0,0,0,0,0000000000000000000000000000000000000000
1,0x0031B00,1727451231,2024-09-27 15:33:51,10.5,0.0,1999.0,0.0,1988.5,0.0,0,0,0,0,0000000000000000000000000000000000000000
1,0x0031B40,1727451231,2024-09-27 15:33:51,10.5,0.1,1999.0,0.0,1988.5,0.0,0,0,0,0,0000000000000000000000000000000000000000
1,0x0031B80,1727451232,2024-09-27 15:33:52,10.5,0.1,1999.0,0.0,1988.5,0.0,0,0,0,0,0000000000000000000000000000000000000000
1,0x0031BC0,1727451232,2024-09-27 15:33:52,10.5,0.0,1999.0,0.0,1988.5,0.0,0,0,0,0,0000000000000000000000000000000000000000
1,0x0031C00,1727451233,2024-09-27 15:33:53,10.5,0.1,1999.0,0.0,1988.5,0.0,0,0,0,0,0000000000000000000000000000000000000000
1,0x0031C40,1727451233,2024-09-27 15:33:53,10.5,0.1,1999.0,0.0,1988.5,0.0,0,0,0,0,0000000000000000000000000000000000000000
1,0x0031C80,1727451234,2024-09-27 15:33:54,10.5,0.0,1999.0,0.0,1988.5,0.0,0,0,0,0,0000000000000000000000000000000000000000
1,0x0031CC0,1727451234,2024-09-27 15:33:54,10.5,0.0,1999.0,0.0,1988.5,0.0,0,0,0,0,0000000000000000000000000000000000000000
1,0x0031D00,1727451235,2024-09-27 15:33:55,10.5,0.1,1999.0,0.0,1988.5,0.0,0,0,0,0,0000000000000000000000000000000000000000
1,0x0031D40,1727451236,2024-09-27 15:33:56,10.5,0.0,1999.0,0.0,1988.5,0.0,0,0,0,0,0000000000000000000000000000000000000000
1,0x0031D80,1727451236,2024-09-27 15:33:56,10.5,0.1,1999.0,0.0,1988.5,0.0,0,0,0,0,0000000000000000000000000000000000000000
1,0x0031DC0,1727451237,2024-09-27 15:33:57,10.5,0.1,1999.0,0.0,1988.5,0.0,0,0,0,0,0000000000000000000000000000000000000000
1,0x0031E00,1727451237,2024-09-27 15:33:57,10.5,0.0,1999.0,0.0,1988.5,0.0,0,0,0,0,0000000000000000000000000000000000000000
1,0x0031E40,1727451238,2024-09-27 15:33:58,10.5,0.1,1999.0,0.0,1988.5,0.0,0,0,0,0,0000000000000000000000000000000000000000
1,0x0031E80,1727451238,2024-09-27 15:33:58,10.5,0.1,1999.0,0.0,1988.5,0.0,0,0,0,0,0000000000000000000000000000000000000000
1,0x0031EC0,1727451239,2024-09-27 15:33:59,10.5,0.0,1999.0,0.0,1988.5,0.0,0,0,0,0,0000000000000000000000000000000000000000
1,0x0031F00,1727451239,2024-09-27 15:33:59,10.5,0.1,1999.0,0.0,1988.5,0.0,0,0,0,0,0000000000000000000000000000000000000000
1,0x0031F40,1727451240,2024-09-27 15:34:00,10.5,0.0,1999.0,0.0,1988.5,0.0,0,0,0,0,0000000000000000000000000000000000000000
1,0x0031F80,1727451241,2024-09-27 15:34:01,10.5,0.1,1999.0,0.0,1988.5,0.0,0,0,0,0,0000000000000000000000000000000000000000
1,0x0031FC0,1727451241,2024-09-27 15:34:01,10.5,0.1,1999.0,0.0,1988.5,0.0,0,0,0,0,0000000000000000000000000000000000000000
1,0x0032000,1727451242,2024-09-27 15:34:02,10.5,0.0,1999.0,0.0,1988.5,0.0,0,0,0,0,0000000000000000000000000000000000000000
1,0x0032040,1727451242,2024-09-27 15:34:02,10.5,0.1,1999.0,0.0,1988.5,0.0,0,0,0,0,0000000000000000000000000000000000000000
1,0x0032080,1727451243,2024-09-27 15:34:03,10.5,0.1,1999.0,0.0,1988.5,0.0,0,0,0,0,0000000000000000000000000000000000000000
1,0x00320C0,1727451243,2024-09-27 15:34:03,10.5,0.0,1999.0,0.0,1988.5,0.0,0,0,0,0,0000000000000000000000000000000000000000
1,0x0032100,1727451244,2024-09-27 15:34:04,10.5,0.1,1999.0,0.0,1988.5,0.0,0,0,0,0,0000000000000000000000000000000000000000
1,0x0032140,1727451244,2024-09-27 15:34:04,10.5,0.0,1999.0,0.0,1988.5,0.0,0,0,0,0,0000000000000000000000000000000000000000
1,0x0032180,1727451245,2024-09-27 15:34:05,10.5,0.1,1999.0,0.0,1988.5,0.0,0,0,0,0,0000000000000000000000000000000000000000
1,0x00321C0,1727451246,2024-09-27 15:34:06,10.5,0.1,1999.0,0.0,1988.5,0.0,0,0,0,0,0000000000000000000000000000000000000000
1,0x0032200,1727451246,2024-09-27 15:34:06,10.5,0.0,1999.0,0.0,1988.5,0.0,0,0,0,0,0000000000000000000000000000000000000000
1,0x0032240,1727451247,2024-09-27 15:34:07,10.5,0.1,1999.0,0.0,1988.5,0.0,0,0,0,0,0000000000000000000000000000000000000000
1,0x0032280,1727451247,2024-09-27 15:34:07,10.5,0.1,1999.0,0.0,1988.5,0.0,0,0,0,0,0000000000000000000000000000000000000000
1,0x00322C0,1727451248,2024-09-27 15:34:08,10.5,0.0,1999.0,0.0,1988.5,0.0,0,0,0,0,0000000000000000000000000000000000000000
1,0x0032300,1727451248,2024-09-27 15:34:08,10.5,0.1,1999.0,0.0,1988.5,0.0,0,0,0,0,0000000000000000000000000000000000000000
1,0x0032340,1727451249,2024-09-27 15:34:09,10.5,0.0,1999.0,0.0,1988.5,0.0,0,0,0,0,0000000000000000000000000000000000000000
1,0x0032380,1727451249,2024-09-27 15:34:09,10.5,0.1,1999.0,0.0,1988.5,0.0,0,0,0,0,0000000000000000000000000000000000000000
1,0x00323C0,1727451250,2024-09-27 15:34:10,10.5,0.0,1999.0,0.0,1988.5,0.0,0,0,0,0,0000000000000000000000000000000000000000
1,0x0032400,1727451251,2024-09-27 15:34:11,10.5,0.1,1999.0,0.0,1988.5,0.0,0,0,0,0,0000000000000000000000000000000000000000
1,0x0032440,1727451251,2024-09-27 15:34:11,10.5,0.1,1999.0,0.0,1988.5,0.0,0,0,0,0,0000000000000000000000000000000000000000
1,0x0032480,1727451252,2024-09-27 15:34:12,10.5,0.1,1999.0,0.0,1988.5,0.0,0,0,0,0,0000000000000000000000000000000000000000
1,0x00324C0,1727451252,2024-09-27 15:34:12,10.5,0.0,1999.0,0.0,1988.5,0.0,0,0,0,0,0000000000000000000000000000000000000000
1,0x0032500,1727451253,2024-09-27 15:34:13,10.5,0.1,1999.0,0.0,1988.5,0.0,0,0,0,0,0000000000000000000000000000000000000000
1,0x0032540,1727451253,2024-09-27 15:34:13,10.5,0.1,1999.0,0.0,1988.5,0.0,0,0,0,0,0000000000000000000000000000000000000000
1,0x0032580,1727451254,2024-09-27 15:34:14,10.5,0.0,1999.0,0.0,1988.5,0.0,0,0,0,0,0000000000000000000000000000000000000000
1,0x00325C0,1727451254,2024-09-27 15:34:14,10.5,0.0,1999.0,0.0,1988.5,0.0,0,0,0,0,0000000000000000000000000000000000000000
1,0x0032600,1727451255,2024-09-27 15:34:15,10.5,0.1,1999.0,0.0,1988.5,0.0,0,0,0,0,0000000000000000000000000000000000000000
1,0x0032640,1727451256,2024-09-27 15:34:16,10.5,0.1,1999.0,0.0,1988.5,0.0,0,0,0,0,0000000000000000000000000000000000000000
1,0x0032680,1727451256,2024-09-27 15:34:16,10.5,0.0,1999.0,0.0,1988.5,0.0,0,0,0,0,0000000000000000000000000000000000000000
1,0x00326C0,1727451257,2024-09-27 15:34:17,10.5,0.1,1999.0,0.0,1988.5,0.0,0,0,0,0,0000000000000000000000000000000000000000
1,0x0032700,1727451257,2024-09-27 15:34:17,10.5,0.0,1999.0,0.0,1988.5,0.0,0,0,0,0,0000000000000000000000000000000000000000
1,0x0032740,1727451258,2024-09-27 15:34:18,10.5,0.1,1999.0,0.0,1988.5,0.0,0,0,0,0,0000000000000000000000000000000000000000
1,0x0032780,1727451258,2024-09-27 15:34:18,10.5,0.1,1999.0,0.0,1988.5,0.0,0,0,0,0,0000000000000000000000000000000000000000
1,0x00327C0,1727451259,2024-09-27 15:34:19,10.5,0.0,1999.0,0.0,1988.5,0.0,0,0,0,0,0000000000000000000000000000000000000000
1,0x0032800,1727451260,2024-09-27 15:34:20,10.5,0.1,1999.0,0.0,1988.5,0.0,0,0,0,0,0000000000000000000000000000000000000000
1,0x0032840,1727451261,2024-09-27 15:34:21,10.5,0.1,1999.0,0.0,1988.5,0.0,0,0,0,0,0000000000000000000000000000000000000000
1,0x0032880,1727451261,2024-09-27 15:34:21,10.5,0.0,1999.0,0.0,1988.5,0.0,0,0,0,0,0000000000000000000000000000000000000000
1,0x00328C0,1727451262,2024-09-27 15:34:22,10.5,0.1,1999.0,0.0,1988.5,0.0,0,0,0,0,0000000000000000000000000000000000000000
1,0x0032900,1727451262,2024-09-27 15:34:22,10.5,0.0,1999.0,0.0,1988.5,0.0,0,0,0,0,0000000000000000000000000000000000000000
1,0x0032940,1727451263,2024-09-27 15:34:23,10.5,0.1,1999.0,0.0,1988.5,0.0,0,0,0,0,0000000000000000000000000000000000000000
1,0x0032980,1727451263,2024-09-27 15:34:23,10.5,0.1,1999.0,0.0,1988.5,0.0,0,0,0,0,0000000000000000000000000000000000000000
1,0x00329C0,1727451264,2024-09-27 15:34:24,10.5,0.0,1999.0,0.0,1988.5,0.0,0,0,0,0,0000000000000000000000000000000000000000
1,0x0032A00,1727451265,2024-09-27 15:34:25,10.5,0.1,1999.0,0.0,1988.5,0.0,0,0,0,0,0000000000000000000000000000000000000000
1,0x0032A40,1727451266,2024-09-27 15:34:26,10.5,0.1,1999.0,0.0,1988.5,0.0,0,0,0,0,0000000000000000000000000000000000000000
1,0x0032A80,1727451266,2024-09-27 15:34:26,10.5,0.0,1999.0,0.0,1988.5,0.0,0,0,0,0,0000000000000000000000000000000000000000
1,0x0032AC0,1727451267,2024-09-27 15:34:27,10.5,0.1,1999.0,0.0,1988.5,0.0,0,0,0,0,0000000000000000000000000000000000000000
1,0x0032B00,1727451267,2024-09-27 15:34:27,10.5,0.0,1999.0,0.0,1988.5,0.0,0,0,0,0,0000000000000000000000000000000000000000
1,0x0032B40,1727451268,2024-09-27 15:34:28,10.5,0.1,1999.0,0.0,1988.5,0.0,0,0,0,0,0000000000000000000000000000000000000000
1,0x0032B80,1727451268,2024-09-27 15:34:28,10.5,0.1,1999.0,0.0,1988.5,0.0,0,0,0,0,0000000000000000000000000000000000000000
1,0x0032BC0,1727451269,2024-09-27 15:34:29,10.5,0.0,1999.0,0.0,1988.5,0.0,0,0,0,0,0000000000000000000000000000000000000000
1,0x0032C00,1727451270,2024-09-27 15:34:30,10.5,0.1,1999.0,0.0,1988.5,0.0,0,0,0,0,0000000000000000000000000000000000000000
1,0x0032C40,1727451271,2024-09-27 15:34:31,10.5,0.1,1999.0,0.0,1988.5,0.0,0,0,0,0,0000000000000000000000000000000000000000
1,0x0032C80,1727451271,2024-09-27 15:34:31,10.5,0.0,1999.0,0.0,1988.5,0.0,0,0,0,0,0000000000000000000000000000000000000000
1,0x0032CC0,1727451272,2024-09-27 15:34:32,10.5,0.1,1999.0,0.0,1988.5,0.0,0,0,0,0,0000000000000000000000000000000000000000
1,0x0032D00,1727451272,2024-09-27 15:34:32,10.5,0.0,1999.0,0.0,1988.5,0.0,0,0,0,0,0000000000000000000000000000000000000000
1,0x0032D40,1727451273,2024-09-27 15:34:33,10.5,0.1,1999.0,0.0,1988.5,0.0,0,0,0,0,0000000000000000000000000000000000000000
1,0x0032D80,1727451273,2024-09-27 15:34:33,10.5,0.1,1999.0,0.0,1988.5,0.0,0,0,0,0,0000000000000000000000000000000000000000
1,0x0032DC0,1727451274,2024-09-27 15:34:34,10.5,0.0,1999.0,0.0,1988.5,0.0,0,0,0,0,0000000000000000000000000000000000000000
1,0x0032E00,1727451275,2024-09-27 15:34:35,10.5,0.1,1999.0,0.0,1988.5,0.0,0,0,0,0,0000000000000000000000000000000000000000
1,0x0032E40,1727451276,2024-09-27 15:34:36,10.5,0.0,1999.0,0.0,1988.5,0.0,0,0,0,0,0000000000000000000000000000000000000000
1,0x0032E80,1727451276,2024-09-27 15:34:36,10.5,0.1,1999.0,0.0,1988.5,0.0,0,0,0,0,0000000000000000000000000000000000000000
1,0x0032EC0,1727451277,2024-09-27 15:34:37,10.5,0.0,1999.0,0.0,1988.5,0.0,0,0,0,0,0000000000000000000000000000000000000000
1,0x0032F00,1727451277,2024-09-27 15:34:37,10.5,0.1,1999.0,0.0,1988.5,0.0,0,0,0,0,0000000000000000000000000000000000000000
1,0x0032F40,1727451278,2024-09-27 15:34:38,10.5,0.1,1999.0,0.0,1988.5,0.0,0,0,0,0,0000000000000000000000000000000000000000
1,0x0032F80,1727451278,2024-09-27 15:34:38,10.5,0.0,1999.0,0.0,1988.5,0.0,0,0,0,0,0000000000000000000000000000000000000000
1,0x0032FC0,1727451279,2024-09-27 15:34:39,10.5,0.1,1999.0,0.0,1988.5,0.0,0,0,0,0,0000000000000000000000000000000000000000
1,0x0033000,1727451281,2024-09-27 15:34:41,10.5,0.0,1999.0,0.0,1988.5,0.0,0,0,0,0,0000000000000000000000000000000000000000
1,0x0033040,1727451282,2024-09-27 15:34:42,10.5,0.1,1999.0,0.0,1988.5,0.0,0,0,0,0,0000000000000000000000000000000000000000
1,0x0033080,1727451282,2024-09-27 15:34:42,10.5,0.1,1999.0,0.0,1988.5,0.0,0,0,0,0,0000000000000000000000000000000000000000
1,0x00330C0,1727451283,2024-09-27 15:34:43,10.5,0.0,1999.0,0.0,1988.5,0.0,0,0,0,0,0000000000000000000000000000000000000000
1,0x0033100,1727451283,2024-09-27 15:34:43,10.5,0.1,1999.0,0.0,1988.5,0.0,0,0,0,0,0000000000000000000000000000000000000000
1,0x0033140,1727451284,2024-09-27 15:34:44,10.5,0.0,1999.0,0.0,1988.5,0.0,0,0,0,0,0000000000000000000000000000000000000000
1,0x0033180,1727451284,2024-09-27 15:34:44,10.5,0.1,1999.0,0.0,1988.5,0.0,0,0,0,0,0000000000000000000000000000000000000000
1,0x00331C0,1727451285,2024-09-27 15:34:45,10.5,0.1,1999.0,0.0,1988.5,0.0,0,0,0,0,0000000000000000000000000000000000000000
1,0x0033200,1727451286,2024-09-27 15:34:46,10.5,0.0,1999.0,0.0,1988.5,0.0,0,0,0,0,0000000000000000000000000000000000000000
1,0x0033240,1727451286,2024-09-27 15:34:46,10.5,0.1,1999.0,0.0,1988.5,0.0,0,0,0,0,0000000000000000000000000000000000000000
1,0x0033280,1727451287,2024-09-27 15:34:47,10.5,0.0,1999.0,0.0,1988.5,0.0,0,0,0,0,0000000000000000000000000000000000000000
1,0x00332C0,1727451288,2024-09-27 15:34:48,10.5,0.1,1999.0,0.0,1988.5,0.0,0,0,0,0,0000000000000000000000000000000000000000
1,0x0033300,1727451289,2024-09-27 15:34:49,10.5,0.0,1999.0,0.0,1988.5,0.0,0,0,0,0,0000000000000000000000000000000000000000
1,0x0033340,1727451289,2024-09-27 15:34:49,10.5,0.1,1999.0,0.0,1988.5,0.0,0,0,0,0,0000000000000000000000000000000000000000
1,0x0033380,1727451290,2024-09-27 15:34:50,10.5,0.0,1999.0,0.0,1988.5,0.0,0,0,0,0,0000000000000000000000000000000000000000
1,0x00333C0,1727451290,2024-09-27 15:34:50,10.5,0.1,1999.0,0.0,1988.5,0.0,0,0,0,0,0000000000000000000000000000000000000000
1,0x0033400,1727451291,2024-09-27 15:34:51,10.5,0.0,1999.0,0.0,1988.5,0.0,0,0,0,0,0000000000000000000000000000000000000000
1,0x0033440,1727451291,2024-09-27 15:34:51,10.5,0.1,1999.0,0.0,1988.5,0.0,0,0,0,0,0000000000000000000000000000000000000000
1,0x0033480,1727451292,2024-09-27 15:34:52,10.5,0.1,1999.0,0.0,1988.5,0.0,0,0,0,0,0000000000000000000000000000000000000000
1,0x00334C0,1727451293,2024-09-27 15:34:53,10.5,10.5,1999.0,0.0,1988.5,0.0,0,0,0,0,0000000000000000000000000000000000000000
1,0x0033500,1727451293,2024-09-27 15:34:53,10.5,0.1,1999.0,0.0,1988.5,0.0,0,0,0,0,0000000000000000000000000000000000000000
1,0x0033540,1727451294,2024-09-27 15:34:54,10.5,0.1,1999.0,0.0,1988.5,0.0,0,0,0,0,0000000000000000000000000000000000000000
1,0x0033580,1727451294,2024-09-27 15:34:54,10.5,0.0,1999.0,0.0,1988.5,0.0,0,0,0,0,0000000000000000000000000000000000000000
1,0x00335C0,1727451295,2024-09-27 15:34:55,10.5,0.1,1999.0,0.0,1988.5,0.0,0,0,0,0,0000000000000000000000000000000000000000
1,0x0033600,1727451295,2024-09-27 15:34:55,10.5,0.0,1999.0,0.0,1988.5,0.0,0,0,0,0,0000000000000000000000000000000000000000
1,0x0033640,1727451296,2024-09-27 15:34:56,10.5,0.1,1999.0,0.0,1988.5,0.0,0,0,0,0,0000000000000000000000000000000000000000
1,0x0033680,1727451296,2024-09-27 15:34:56,10.5,0.1,1999.0,0.0,1988.5,0.0,0,0,0,0,0000000000000000000000000000000000000000
1,0x00336C0,1727451297,2024-09-27 15:34:57,10.5,0.0,1999.0,0.0,1988.5,0.0,0,0,0,0,0000000000000000000000000000000000000000
1,0x0033700,1727451298,2024-09-27 15:34:58,10.5,0.1,1999.0,0.0,1988.5,0.0,0,0,0,0,0000000000000000000000000000000000000000
1,0x0033740,1727451298,2024-09-27 15:34:58,10.5,0.1,1999.0,0.0,1988.5,0.0,0,0,0,0,0000000000000000000000000000000000000000
1,0x0033780,1727451299,2024-09-27 15:34:59,10.5,0.0,1999.0,0.0,1988.5,0.0,0,0,0,0,0000000000000000000000000000000000000000
1,0x00337C0,1727451299,2024-09-27 15:34:59,10.5,0.1,1999.0,0.0,1988.5,0.0,0,0,0,0,0000000000000000000000000000000000000000
1,0x0033800,1727451300,2024-09-27 15:35:00,10.5,0.1,10.5,0.0,0.0,0.0,0,0,0,0,0000000000000000000000000000000000000000
1,0x0033840,1727451301,2024-09-27 15:35:01,10.5,0.0,1999.0,0.0,1988.5,0.0,0,0,0,0,0000000000000000000000000000000000000000
1,0x0033880,1727451301,2024-09-27 15:35:01,10.5,0.1,1999.0,0.0,1988.5,0.0,0,0,0,0,0000000000000000000000000000000000000000
1,0x00338C0,1727451302,2024-09-27 15:35:02,10.5,0.1,1999.0,0.0,1988.5,0.0,0,0,0,0,0000000000000000000000000000000000000000
1,0x0033900,1727451303,2024-09-27 15:35:03,10.5,0.0,1999.0,0.0,1988.5,0.0,0,0,0,0,0000000000000000000000000000000000000000
1,0x0033940,1727451303,2024-09-27 15:35:03,10.5,0.1,1999.0,0.0,1988.5,0.0,0,0,0,0,0000000000000000000000000000000000000000
1,0x0033980,1727451304,2024-09-27 15:35:04,10.5,0.0,1999.0,0.0,1988.5,0.0,0,0,0,0,0000000000000000000000000000000000000000
1,0x00339C0,1727451304,2024-09-27 15:35:04,10.5,0.1,1999.0,0.0,1988.5,0.0,0,0,0,0,0000000000000000000000000000000000000000
1,0x0033A00,1727451305,2024-09-27 15:35:05,10.5,0.0,1999.0,0.0,1988.5,0.0,0,0,0,0,0000000000000000000000000000000000000000
1,0x0033A40,1727451305,2024-09-27 15:35:05,10.5,0.1,10.5,0.0,0.0,0.0,0,0,0,0,0000000000000000000000000000000000000000
1,0x0033A80,1727451306,2024-09-27 15:35:06,10.5,0.1,1999.0,0.0,1988.5,0.0,0,0,0,0,0000000000000000000000000000000000000000
1,0x0033AC0,1727451306,2024-09-27 15:35:06,10.5,0.1,1999.0,0.0,1988.5,0.0,0,0,0,0,0000000000000000000000000000000000000000
1,0x0033B00,1727451307,2024-09-27 15:35:07,10.5,0.0,1999.0,0.0,1988.5,0.0,0,0,0,0,0000000000000000000000000000000000000000
1,0x0033B40,1727451308,2024-09-27 15:35:08,10.5,0.1,1999.0,0.0,1988.5,0.0,0,0,0,0,0000000000000000000000000000000000000000
1,0x0033B80,1727451308,2024-09-27 15:35:08,10.5,0.1,1999.0,0.0,1988.5,0.0,0,0,0,0,0000000000000000000000000000000000000000
1,0x0033BC0,1727451309,2024-09-27 15:35:09,10.5,0.0,1999.0,0.0,1988.5,0.0,0,0,0,0,0000000000000000000000000000000000000000
1,0x0033C00,1727451309,2024-09-27 15:35:09,10.5,0.1,1999.0,0.0,1988.5,0.0,0,0,0,0,0000000000000000000000000000000000000000
1,0x0033C40,1727451310,2024-09-27 15:35:10,10.5,0.1,1999.0,0.0,1988.5,0.0,0,0,0,0,0000000000000000000000000000000000000000
1,0x0033C80,1727451310,2024-09-27 15:35:10,10.5,0.1,10.5,0.0,0.0,0.0,0,0,0,0,0000000000000000000000000000000000000000
1,0x0033CC0,1727451311,2024-09-27 15:35:11,10.5,0.0,1999.0,0.0,1988.5,0.0,0,0,0,0,0000000000000000000000000000000000000000
1,0x0033D00,1727451311,2024-09-27 15:35:11,10.5,0.1,1999.0,0.0,1988.5,0.0,0,0,0,0,0000000000000000000000000000000000000000
1,0x0033D40,1727451312,2024-09-27 15:35:12,10.5,0.1,1999.0,0.0,1988.5,0.0,0,0,0,0,0000000000000000000000000000000000000000
1,0x0033D80,1727451313,2024-09-27 15:35:13,10.5,0.0,1999.0,0.0,1988.5,0.0,0,0,0,0,0000000000000000000000000000000000000000
1,0x0033DC0,1727451313,2024-09-27 15:35:13,10.5,0.1,1999.0,0.0,1988.5,0.0,0,0,0,0,0000000000000000000000000000000000000000
1,0x0033E00,1727451314,2024-09-27 15:35:14,10.6,0.1,1999.1,0.0,1988.5,0.0,0,0,0,0,0000000000000000000000000000000000000000
1,0x0033E40,1727451314,2024-09-27 15:35:14,10.6,0.0,1999.1,0.0,1988.5,0.0,0,0,0,0,0000000000000000000000000000000000000000
1,0x0033E80,1727451315,2024-09-27 15:35:15,10.6,0.1,1999.1,0.0,1988.5,0.0,0,0,0,0,0000000000000000000000000000000000000000
1,0x0033EC0,1727451315,2024-09-27 15:35:15,10.6,0.0,1999.1,0.0,1988.5,0.0,0,0,0,0,0000000000000000000000000000000000000000
1,0x0033F00,1727451316,2024-09-27 15:35:16,10.6,0.1,1999.1,0.0,1988.5,0.0,0,0,0,0,0000000000000000000000000000000000000000
1,0x0033F40,1727451316,2024-09-27 15:35:16,10.6,0.1,1999.1,0.0,1988.5,0.0,0,0,0,0,0000000000000000000000000000000000000000
1,0x0033F80,1727451317,2024-09-27 15:35:17,10.6,0.0,1999.1,0.0,1988.5,0.0,0,0,0,0,0000000000000000000000000000000000000000
1,0x0033FC0,1727451318,2024-09-27 15:35:18,10.6,0.1,1999.1,0.0,1988.5,0.0,0,0,0,0,0000000000000000000000000000000000000000
1,0x0034000,1727451319,2024-09-27 15:35:19,10.6,0.0,1999.1,0.0,1988.5,0.0,0,0,0,0,0000000000000000000000000000000000000000
1,0x0034040,1727451319,2024-09-27 15:35:19,10.6,0.1,1999.1,0.0,1988.5,0.0,0,0,0,0,0000000000000000000000000000000000000000
1,0x0034080,1727451320,2024-09-27 15:35:20,10.6,0.0,1999.1,0.0,1988.5,0.0,0,0,0,0,0000000000000000000000000000000000000000
1,0x00340C0,1727451320,2024-09-27 15:35:20,10.6,0.1,10.6,0.0,0.0,0.0,0,0,0,0,0000000000000000000000000000000000000000
1,0x0034100,1727451321,2024-09-27 15:35:21,10.6,0.1,1999.1,0.0,1988.5,0.0,0,0,0,0,0000000000000000000000000000000000000000
1,0x0034140,1727451321,2024-09-27 15:35:21,10.6,0.0,1999.1,0.0,1988.5,0.0,0,0,0,0,0000000000000000000000000000000000000000
1,0x0034180,1727451322,2024-09-27 15:35:22,10.6,0.1,1999.1,0.0,1988.5,0.0,0,0,0,0,0000000000000000000000000000000000000000
1,0x00341C0,1727451323,2024-09-27 15:35:23,10.6,0.1,1999.1,0.0,1988.5,0.0,0,0,0,0,0000000000000000000000000000000000000000
1,0x0034200,1727451323,2024-09-27 15:35:23,10.6,0.0,1999.1,0.0,1988.5,0.0,0,0,0,0,0000000000000000000000000000000000000000
1,0x0034240,1727451324,2024-09-27 15:35:24,10.6,0.1,1999.1,0.0,1988.5,0.0,0,0,0,0,0000000000000000000000000000000000000000
1,0x0034280,1727451324,2024-09-27 15:35:24,10.6,0.0,1999.1,0.0,1988.5,0.0,0,0,0,0,0000000000000000000000000000000000000000
1,0x00342C0,1727451325,2024-09-27 15:35:25,10.6,0.1,1999.1,0.0,1988.5,0.0,0,0,0,0,0000000000000000000000000000000000000000
1,0x0034300,1727451325,2024-09-27 15:35:25,10.6,0.1,10.6,0.0,0.0,0.0,0,0,0,0,0000000000000000000000000000000000000000
1,0x0034340,1727451326,2024-09-27 15:35:26,10.6,0.0,1999.1,0.0,1988.5,0.0,0,0,0,0,0000000000000000000000000000000000000000
1,0x0034380,1727451326,2024-09-27 15:35:26,10.6,0.1,1999.1,0.0,1988.5,0.0,0,0,0,0,0000000000000000000000000000000000000000
1,0x00343C0,1727451327,2024-09-27 15:35:27,10.6,0.1,1999.1,0.0,1988.5,0.0,0,0,0,0,0000000000000000000000000000000000000000
1,0x0034400,1727451328,2024-09-27 15:35:28,10.6,0.0,1999.1,0.0,1988.5,0.0,0,0,0,0,0000000000000000000000000000000000000000
1,0x0034440,1727451328,2024-09-27 15:35:28,10.6,0.1,1999.1,0.0,1988.5,0.0,0,0,0,0,0000000000000000000000000000000000000000
1,0x0034480,1727451329,2024-09-27 15:35:29,10.6,0.1,1999.1,0.0,1988.5,0.0,0,0,0,0,0000000000000000000000000000000000000000
1,0x00344C0,1727451329,2024-09-27 15:35:29,10.6,0.0,1999.1,0.0,1988.5,0.0,0,0,0,0,0000000000000000000000000000000000000000
1,0x0034500,1727451330,2024-09-27 15:35:30,10.6,0.1,1999.1,0.0,1988.5,0.0,0,0,0,0,0000000000000000000000000000000000000000
1,0x0034540,1727451330,2024-09-27 15:35:30,10.6,0.0,1999.1,0.0,1988.5,0.0,0,0,0,0,0000000000000000000000000000000000000000
1,0x0034580,1727451331,2024-09-27 15:35:31,10.6,0.1,1999.1,0.0,1988.5,0.0,0,0,0,0,0000000000000000000000000000000000000000
1,0x00345C0,1727451331,2024-09-27 15:35:31,10.6,0.0,1999.1,0.0,1988.5,0.0,0,0,0,0,0000000000000000000000000000000000000000
1,0x0034600,1727451332,2024-09-27 15:35:32,10.6,0.1,1999.1,0.0,1988.5,0.0,0,0,0,0,0000000000000000000000000000000000000000
1,0x0034640,1727451333,2024-09-27 15:35:33,10.6,0.1,1999.1,0.0,1988.5,0.0,0,0,0,0,0000000000000000000000000000000000000000
1,0x0034680,1727451333,2024-09-27 15:35:33,10.6,0.0,1999.1,0.0,1988.5,0.0,0,0,0,0,0000000000000000000000000000000000000000
1,0x00346C0,1727451334,2024-09-27 15:35:34,10.6,0.1,1999.1,0.0,1988.5,0.0,0,0,0,0,0000000000000000000000000000000000000000
1,0x0034700,1727451335,2024-09-27 15:35:35,10.6,0.0,1999.1,0.0,1988.5,0.0,0,0,0,0,0000000000000000000000000000000000000000
1,0x0034740,1727451336,2024-09-27 15:35:36,10.6,0.1,1999.1,0.0,1988.5,0.0,0,0,0,0,0000000000000000000000000000000000000000
1,0x0034780,1727451336,2024-09-27 15:35:36,10.6,0.1,1999.1,0.0,1988.5,0.0,0,0,0,0,0000000000000000000000000000000000000000
1,0x00347C0,1727451337,2024-09-27 15:35:37,10.6,0.0,1999.1,0.0,1988.5,0.0,0,0,0,0,0000000000000000000000000000000000000000
1,0x0034800,1727451338,2024-09-27 15:35:38,10.6,0.1,1999.1,0.0,1988.5,0.0,0,0,0,0,0000000000000000000000000000000000000000
1,0x0034840,1727451338,2024-09-27 15:35:38,10.6,0.0,1999.1,0.0,1988.5,0.0,0,0,0,0,0000000000000000000000000000000000000000
1,0x0034880,1727451339,2024-09-27 15:35:39,10.6,0.1,1999.1,0.0,1988.5,0.0,0,0,0,0,0000000000000000000000000000000000000000
1,0x00348C0,1727451339,2024-09-27 15:35:39,10.6,0.1,1999.1,0.0,1988.5,0.0,0,0,0,0,0000000000000000000000000000000000000000
1,0x0034900,1727451341,2024-09-27 15:35:41,10.6,0.0,1999.1,0.0,1988.5,0.0,0,0,0,0,0000000000000000000000000000000000000000
1,0x0034940,1727451341,2024-09-27 15:35:41,10.6,0.1,1999.1,0.0,1988.5,0.0,0,0,0,0,0000000000000000000000000000000000000000
1,0x0034980,1727451342,2024-09-27 15:35:42,10.6,0.1,1999.1,0.0,1988.5,0.0,0,0,0,0,0000000000000000000000000000000000000000
1,0x00349C0,1727451343,2024-09-27 15:35:43,10.6,0.0,1999.1,0.0,1988.5,0.0,0,0,0,0,0000000000000000000000000000000000000000
1,0x0034A00,1727451343,2024-09-27 15:35:43,10.6,0.1,1999.1,0.0,1988.5,0.0,0,0,0,0,0000000000000000000000000000000000000000
1,0x0034A40,1727451344,2024-09-27 15:35:44,10.6,0.1,1999.1,0.0,1988.5,0.0,0,0,0,0,0000000000000000000000000000000000000000
1,0x0034A80,1727451344,2024-09-27 15:35:44,10.6,0.0,1999.1,0.0,1988.5,0.0,0,0,0,0,0000000000000000000000000000000000000000
1,0x0034AC0,1727451345,2024-09-27 15:35:45,10.6,0.0,1999.1,0.0,1988.5,0.0,0,0,0,0,0000000000000000000000000000000000000000
1,0x0034B00,1727451345,2024-09-27 15:35:45,10.6,0.1,1999.1,0.0,1988.5,0.0,0,0,0,0,0000000000000000000000000000000000000000
1,0x0034B40,1727451346,2024-09-27 15:35:46,10.6,0.1,1999.1,0.0,1988.5,0.0,0,0,0,0,0000000000000000000000000000000000000000
1,0x0034B80,1727451346,2024-09-27 15:35:46,10.6,0.0,1999.1,0.0,1988.5,0.0,0,0,0,0,0000000000000000000000000000000000000000
1,0x0034BC0,1727451347,2024-09-27 15:35:47,10.6,0.1,1999.1,0.0,1988.5,0.0,0,0,0,0,0000000000000000000000000000000000000000
1,0x0034C00,1727451348,2024-09-27 15:35:48,10.6,0.0,1999.1,0.0,1988.5,0.0,0,0,0,0,0000000000000000000000000000000000000000
1,0x0034C40,1727451348,2024-09-27 15:35:48,10.6,0.1,1999.1,0.0,1988.5,0.0,0,0,0,0,0000000000000000000000000000000000000000
1,0x0034C80,1727451349,2024-09-27 15:35:49,10.6,0.1,1999.1,0.0,1988.5,0.0,0,0,0,0,0000000000000000000000000000000000000000
1,0x0034CC0,1727451349,2024-09-27 15:35:49,10.6,0.0,1999.1,0.0,1988.5,0.0,0,0,0,0,0000000000000000000000000000000000000000
1,0x0034D00,1727451350,2024-09-27 15:35:50,10.6,0.1,1999.1,0.0,1988.5,0.0,0,0,0,0,0000000000000000000000000000000000000000
1,0x0034D40,1727451351,2024-09-27 15:35:51,10.6,0.1,1999.1,0.0,1988.5,0.0,0,0,0,0,0000000000000000000000000000000000000000
1,0x0034D80,1727451351,2024-09-27 15:35:51,10.6,0.0,1999.1,0.0,1988.5,0.0,0,0,0,0,0000000000000000000000000000000000000000
1,0x0034DC0,1727451352,2024-09-27 15:35:52,10.6,0.1,1999.1,0.0,1988.5,0.0,0,0,0,0,0000000000000000000000000000000000000000
1,0x0034E00,1727451353,2024-09-27 15:35:53,10.6,0.0,1999.1,0.0,1988.5,0.0,0,0,0,0,0000000000000000000000000000000000000000
1,0x0034E40,1727451353,2024-09-27 15:35:53,10.6,0.1,1999.1,0.0,1988.5,0.0,0,0,0,0,0000000000000000000000000000000000000000
1,0x0034E80,1727451354,2024-09-27 15:35:54,10.6,0.0,1999.1,0.0,1988.5,0.0,0,0,0,0,0000000000000000000000000000000000000000
1,0x0034EC0,1727451354,2024-09-27 15:35:54,10.6,0.1,1999.1,0.0,1988.5,0.0,0,0,0,0,0000000000000000000000000000000000000000
1,0x0034F00,1727451355,2024-09-27 15:35:55,10.6,0.0,1999.1,0.0,1988.5,0.0,0,0,0,0,0000000000000000000000000000000000000000
1,0x0034F40,1727451355,2024-09-27 15:35:55,10.6,0.1,1999.1,0.0,1988.5,0.0,0,0,0,0,0000000000000000000000000000000000000000
1,0x0034F80,1727451356,2024-09-27 15:35:56,10.6,0.0,1999.1,0.0,1988.5,0.0,0,0,0,0,0000000000000000000000000000000000000000
1,0x0034FC0,1727451356,2024-09-27 15:35:56,10.6,0.1,1999.1,0.0,1988.5,0.0,0,0,0,0,0000000000000000000000000000000000000000
1,0x0035000,1727451358,2024-09-27 15:35:58,10.6,0.0,1999.1,0.0,1988.5,0.0,0,0,0,0,0000000000000000000000000000000000000000
1,0x0035040,1727451358,2024-09-27 15:35:58,10.6,0.1,1999.1,0.0,1988.5,0.0,0,0,0,0,0000000000000000000000000000000000000000
1,0x0035080,1727451359,2024-09-27 15:35:59,10.6,0.0,1999.1,0.0,1988.5,0.0,0,0,0,0,0000000000000000000000000000000000000000
1,0x00350C0,1727451359,2024-09-27 15:35:59,10.6,0.1,1999.1,0.0,1988.5,0.0,0,0,0,0,0000000000000000000000000000000000000000
1,0x0035100,1727451360,2024-09-27 15:36:00,10.6,0.0,1999.1,0.0,1988.5,0.0,0,0,0,0,0000000000000000000000000000000000000000
1,0x0035140,1727451360,2024-09-27 15:36:00,10.6,0.1,1999.1,0.0,1988.5,0.0,0,0,0,0,0000000000000000000000000000000000000000
1,0x0035180,1727451361,2024-09-27 15:36:01,10.6,0.0,1999.1,0.0,1988.5,0.0,0,0,0,0,0000000000000000000000000000000000000000
1,0x00351C0,1727451361,2024-09-27 15:36:01,10.6,0.1,1999.1,0.0,1988.5,0.0,0,0,0,0,0000000000000000000000000000000000000000
1,0x0035200,1727451363,2024-09-27 15:36:03,10.6,0.0,1999.1,0.0,1988.5,0.0,0,0,0,0,0000000000000000000000000000000000000000
1,0x0035240,1727451363,2024-09-27 15:36:03,10.6,0.1,1999.1,0.0,1988.5,0.0,0,0,0,0,0000000000000000000000000000000000000000
1,0x0035280,1727451364,2024-09-27 15:36:04,10.6,0.0,1999.1,0.0,1988.5,0.0,0,0,0,0,0000000000000000000000000000000000000000
1,0x00352C0,1727451364,2024-09-27 15:36:04,10.6,0.1,1999.1,0.0,1988.5,0.0,0,0,0,0,0000000000000000000000000000000000000000
1,0x0035300,1727451365,2024-09-27 15:36:05,10.6,0.0,1999.1,0.0,1988.5,0.0,0,0,0,0,0000000000000000000000000000000000000000
1,0x0035340,1727451365,2024-09-27 15:36:05,10.6,0.1,1999.1,0.0,1988.5,0.0,0,0,0,0,0000000000000000000000000000000000000000
1,0x0035380,1727451366,2024-09-27 15:36:06,10.6,0.0,1999.1,0.0,1988.5,0.0,0,0,0,0,0000000000000000000000000000000000000000
1,0x00353C0,1727451366,2024-09-27 15:36:06,10.6,0.1,1999.1,0.0,1988.5,0.0,0,0,0,0,0000000000000000000000000000000000000000
1,0x0035400,1727451368,2024-09-27 15:36:08,10.6,0.0,1999.1,0.0,1988.5,0.0,0,0,0,0,0000000000000000000000000000000000000000
1,0x0035440,1727451368,2024-09-27 15:36:08,10.6,0.1,1999.1,0.0,1988.5,0.0,0,0,0,0,0000000000000000000000000000000000000000
1,0x0035480,1727451369,2024-09-27 15:36:09,10.6,0.1,1999.1,0.0,1988.5,0.0,0,0,0,0,0000000000000000000000000000000000000000
1,0x00354C0,1727451369,2024-09-27 15:36:09,10.6,0.0,1999.1,0.0,1988.5,0.0,0,0,0,0,0000000000000000000000000000000000000000
1,0x0035500,1727451370,2024-09-27 15:36:10,10.6,0.1,1999.1,0.0,1988.5,0.0,0,0,0,0,0000000000000000000000000000000000000000
1,0x0035540,1727451370,2024-09-27 15:36:10,10.6,0.0,1999.1,0.0,1988.5,0.0,0,0,0,0,0000000000000000000000000000000000000000
1,0x0035580,1727451371,2024-09-27 15:36:11,10.6,0.1,1999.1,0.0,1988.5,0.0,0,0,0,0,0000000000000000000000000000000000000000
1,0x00355C0,1727451371,2024-09-27 15:36:11,10.6,0.0,1999.1,0.0,1988.5,0.0,0,0,0,0,0000000000000000000000000000000000000000
1,0x0035600,1727451372,2024-09-27 15:36:12,10.6,0.1,1999.1,0.0,1988.5,0.0,0,0,0,0,0000000000000000000000000000000000000000
1,0x0035640,1727451373,2024-09-27 15:36:13,10.6,0.1,1999.1,0.0,1988.5,0.0,0,0,0,0,0000000000000000000000000000000000000000
1,0x0035680,1727451373,2024-09-27 15:36:13,10.6,0.0,1999.1,0.0,1988.5,0.0,0,0,0,0,0000000000000000000000000000000000000000
1,0x00356C0,1727451374,2024-09-27 15:36:14,10.6,0.1,1999.1,0.0,1988.5,0.0,0,0,0,0,0000000000000000000000000000000000000000
1,0x0035700,1727451376,2024-09-27 15:36:16,10.6,0.0,1999.1,0.0,1988.5,0.0,0,0,0,0,0000000000000000000000000000000000000000
1,0x0035740,1727451376,2024-09-27 15:36:16,10.6,0.1,1999.1,0.0,1988.5,0.0,0,0,0,0,0000000000000000000000000000000000000000
1,0x0035780,1727451377,2024-09-27 15:36:17,10.6,0.0,1999.1,0.0,1988.5,0.0,0,0,0,0,0000000000000000000000000000000000000000
1,0x00357C0,1727451378,2024-09-27 15:36:18,10.6,0.1,1999.1,0.0,1988.5,0.0,0,0,0,0,0000000000000000000000000000000000000000
1,0x0035800,1727451379,2024-09-27 15:36:19,10.6,0.0,1999.1,0.0,1988.5,0.0,0,0,0,0,0000000000000000000000000000000000000000
1,0x0035840,1727451379,2024-09-27 15:36:19,10.6,0.1,1999.1,0.0,1988.5,0.0,0,0,0,0,0000000000000000000000000000000000000000
1,0x0035880,1727451380,2024-09-27 15:36:20,10.6,0.0,1999.1,0.0,1988.5,0.0,0,0,0,0,0000000000000000000000000000000000000000
1,0x00358C0,1727451380,2024-09-27 15:36:20,10.6,0.1,1999.1,0.0,1988.5,0.0,0,0,0,0,0000000000000000000000000000000000000000
1,0x0035900,1727451381,2024-09-27 15:36:21,10.6,0.0,1999.1,0.0,1988.5,0.0,0,0,0,0,0000000000000000000000000000000000000000
1,0x0035940,1727451381,2024-09-27 15:36:21,10.6,0.1,1999.1,0.0,1988.5,0.0,0,0,0,0,0000000000000000000000000000000000000000
1,0x0035980,1727451382,2024-09-27 15:36:22,10.6,0.1,1999.1,0.0,1988.5,0.0,0,0,0,0,0000000000000000000000000000000000000000
1,0x00359C0,1727451383,2024-09-27 15:36:23,10.6,0.0,1999.1,0.0,1988.5,0.0,0,0,0,0,0000000000000000000000000000000000000000
1,0x0035A00,1727451383,2024-09-27 15:36:23,10.6,0.1,1999.1,0.0,1988.5,0.0,0,0,0,0,0000000000000000000000000000000000000000
1,0x0035A40,1727451384,2024-09-27 15:36:24,10.6,0.1,1999.1,0.0,1988.5,0.0,0,0,0,0,0000000000000000000000000000000000000000
1,0x0035A80,1727451384,2024-09-27 15:36:24,10.6,0.0,1999.1,0.0,1988.5,0.0,0,0,0,0,0000000000000000000000000000000000000000
1,0x0035AC0,1727451385,2024-09-27 15:36:25,10.6,0.1,1999.1,0.0,1988.5,0.0,0,0,0,0,0000000000000000000000000000000000000000
1,0x0035B00,1727451385,2024-09-27 15:36:25,10.6,0.0,1999.1,0.0,1988.5,0.0,0,0,0,0,0000000000000000000000000000000000000000
1,0x0035B40,1727451386,2024-09-27 15:36:26,10.6,0.1,1999.1,0.0,1988.5,0.0,0,0,0,0,0000000000000000000000000000000000000000
1,0x0035B80,1727451387,2024-09-27 15:36:27,10.6,0.1,1999.1,0.0,1988.5,0.0,0,0,0,0,0000000000000000000000000000000000000000
1,0x0035BC0,1727451387,2024-09-27 15:36:27,10.6,0.0,1999.1,0.0,1988.5,0.0,0,0,0,0,0000000000000000000000000000000000000000
1,0x0035C00,1727451388,2024-09-27 15:36:28,10.6,0.1,1999.1,0.0,1988.5,0.0,0,0,0,0,0000000000000000000000000000000000000000
1,0x0035C40,1727451388,2024-09-27 15:36:28,10.6,0.1,1999.1,0.0,1988.5,0.0,0,0,0,0,0000000000000000000000000000000000000000
1,0x0035C80,1727451389,2024-09-27 15:36:29,10.6,0.0,1999.1,0.0,1988.5,0.0,0,0,0,0,0000000000000000000000000000000000000000
1,0x0035CC0,1727451389,2024-09-27 15:36:29,10.6,0.1,1999.1,0.0,1988.5,0.0,0,0,0,0,0000000000000000000000000000000000000000
1,0x0035D00,1727451390,2024-09-27 15:36:30,10.6,0.0,1999.1,0.0,1988.5,0.0,0,0,0,0,0000000000000000000000000000000000000000
1,0x0035D40,1727451390,2024-09-27 15:36:30,10.6,0.1,1999.1,0.0,1988.5,0.0,0,0,0,0,0000000000000000000000000000000000000000
1,0x0035D80,1727451391,2024-09-27 15:36:31,10.6,0.1,1999.1,0.0,1988.5,0.0,0,0,0,0,0000000000000000000000000000000000000000
1,0x0035DC0,1727451392,2024-09-27 15:36:32,10.6,0.0,1999.1,0.0,1988.5,0.0,0,0,0,0,0000000000000000000000000000000000000000
1,0x0035E00,1727451392,2024-09-27 15:36:32,10.6,0.1,1999.1,0.0,1988.5,0.0,0,0,0,0,0000000000000000000000000000000000000000
1,0x0035E40,1727451393,2024-09-27 15:36:33,10.6,0.0,1999.1,0.0,1988.5,0.0,0,0,0,0,0000000000000000000000000000000000000000
1,0x0035E80,1727451393,2024-09-27 15:36:33,10.6,0.1,1999.1,0.0,1988.5,0.0,0,0,0,0,0000000000000000000000000000000000000000
1,0x0035EC0,1727451394,2024-09-27 15:36:34,10.6,0.0,1999.1,0.0,1988.5,0.0,0,0,0,0,0000000000000000000000000000000000000000
1,0x0035F00,1727451394,2024-09-27 15:36:34,10.6,0.1,1999.1,0.0,1988.5,0.0,0,0,0,0,0000000000000000000000000000000000000000
1,0x0035F40,1727451395,2024-09-27 15:36:35,10.6,0.1,1999.1,0.0,1988.5,0.0,0,0,0,0,0000000000000000000000000000000000000000
1,0x0035F80,1727451396,2024-09-27 15:36:36,10.6,0.0,1999.1,0.0,1988.5,0.0,0,0,0,0,0000000000000000000000000000000000000000
1,0x0035FC0,1727451396,2024-09-27 15:36:36,10.6,0.1,1999.1,0.0,1988.5,0.0,0,0,0,0,0000000000000000000000000000000000000000
1,0x0036000,1727451397,2024-09-27 15:36:37,10.6,0.0,1999.1,0.0,1988.5,0.0,0,0,0,0,0000000000000000000000000000000000000000
1,0x0036040,1727451397,2024-09-27 15:36:37,10.6,0.1,1999.1,0.0,1988.5,0.0,0,0,0,0,0000000000000000000000000000000000000000
1,0x0036080,1727451398,2024-09-27 15:36:38,10.6,0.1,1999.1,0.0,1988.5,0.0,0,0,0,0,0000000000000000000000000000000000000000
1,0x00360C0,1727451398,2024-09-27 15:36:38,10.6,0.0,1999.1,0.0,1988.5,0.0,0,0,0,0,0000000000000000000000000000000000000000
1,0x0036100,1727451399,2024-09-27 15:36:39,10.6,0.1,1999.1,0.0,1988.5,0.0,0,0,0,0,0000000000000000000000000000000000000000
1,0x0036140,1727451399,2024-09-27 15:36:39,10.6,0.0,1999.1,0.0,1988.5,0.0,0,0,0,0,0000000000000000000000000000000000000000
1,0x0036180,1727451400,2024-09-27 15:36:40,10.6,0.1,1999.1,0.0,1988.5,0.0,0,0,0,0,0000000000000000000000000000000000000000
1,0x00361C0,1727451401,2024-09-27 15:36:41,10.7,0.1,1999.2,0.0,1988.5,0.0,0,0,0,0,0000000000000000000000000000000000000000
1,0x0036200,1727451401,2024-09-27 15:36:41,10.7,0.0,1999.2,0.0,1988.5,0.0,0,0,0,0,0000000000000000000000000000000000000000
1,0x0036240,1727451402,2024-09-27 15:36:42,10.7,0.1,1999.2,0.0,1988.5,0.0,0,0,0,0,0000000000000000000000000000000000000000
1,0x0036280,1727451402,2024-09-27 15:36:42,10.7,0.1,1999.2,0.0,1988.5,0.0,0,0,0,0,0000000000000000000000000000000000000000
1,0x00362C0,1727451403,2024-09-27 15:36:43,10.7,0.0,1999.2,0.0,1988.5,0.0,0,0,0,0,0000000000000000000000000000000000000000
1,0x0036300,1727451403,2024-09-27 15:36:43,10.7,0.1,1999.2,0.0,1988.5,0.0,0,0,0,0,0000000000000000000000000000000000000000
1,0x0036340,1727451404,2024-09-27 15:36:44,10.7,0.0,1999.2,0.0,1988.5,0.0,0,0,0,0,0000000000000000000000000000000000000000
1,0x0036380,1727451404,2024-09-27 15:36:44,10.7,0.1,1999.2,0.0,1988.5,0.0,0,0,0,0,0000000000000000000000000000000000000000
1,0x00363C0,1727451405,2024-09-27 15:36:45,10.7,0.0,1999.2,0.0,1988.5,0.0,0,0,0,0,0000000000000000000000000000000000000000
1,0x0036400,1727451406,2024-09-27 15:36:46,10.7,0.1,1999.2,0.0,1988.5,0.0,0,0,0,0,0000000000000000000000000000000000000000
1,0x0036440,1727451406,2024-09-27 15:36:46,10.7,0.1,1999.2,0.0,1988.5,0.0,0,0,0,0,0000000000000000000000000000000000000000
1,0x0036480,1727451407,2024-09-27 15:36:47,10.7,0.0,1999.2,0.0,1988.5,0.0,0,0,0,0,0000000000000000000000000000000000000000
1,0x00364C0,1727451407,2024-09-27 15:36:47,10.7,0.1,1999.2,0.0,1988.5,0.0,0,0,0,0,0000000000000000000000000000000000000000
1,0x0036500,1727451409,2024-09-27 15:36:49,10.7,0.0,1999.2,0.0,1988.5,0.0,0,0,0,0,0000000000000000000000000000000000000000
1,0x0036540,1727451410,2024-09-27 15:36:50,10.7,0.1,1999.2,0.0,1988.5,0.0,0,0,0,0,0000000000000000000000000000000000000000
1,0x0036580,1727451411,2024-09-27 15:36:51,10.7,0.1,1999.2,0.0,1988.5,0.0,0,0,0,0,0000000000000000000000000000000000000000
1,0x00365C0,1727451411,2024-09-27 15:36:51,10.7,0.0,1999.2,0.0,1988.5,0.0,0,0,0,0,0000000000000000000000000000000000000000
1,0x0036600,1727451412,2024-09-27 15:36:52,10.7,0.1,1999.2,0.0,1988.5,0.0,0,0,0,0,0000000000000000000000000000000000000000
1,0x0036640,1727451412,2024-09-27 15:36:52,10.7,0.1,1999.2,0.0,1988.5,0.0,0,0,0,0,0000000000000000000000000000000000000000
1,0x0036680,1727451413,2024-09-27 15:36:53,10.7,0.0,1999.2,0.0,1988.5,0.0,0,0,0,0,0000000000000000000000000000000000000000
1,0x00366C0,1727451413,2024-09-27 15:36:53,10.7,0.1,1999.2,0.0,1988.5,0.0,0,0,0,0,0000000000000000000000000000000000000000
1,0x0036700,1727451414,2024-09-27 15:36:54,10.7,0.0,1999.2,0.0,1988.5,0.0,0,0,0,0,0000000000000000000000000000000000000000
1,0x0036740,1727451414,2024-09-27 15:36:54,10.7,0.1,1999.2,0.0,1988.5,0.0,0,0,0,0,0000000000000000000000000000000000000000
1,0x0036780,1727451415,2024-09-27 15:36:55,10.7,0.0,1999.2,0.0,1988.5,0.0,0,0,0,0,0000000000000000000000000000000000000000
1,0x00367C0,1727451416,2024-09-27 15:36:56,10.7,0.1,1999.2,0.0,1988.5,0.0,0,0,0,0,0000000000000000000000000000000000000000
1,0x0036800,1727451417,2024-09-27 15:36:57,10.7,0.0,1999.2,0.0,1988.5,0.0,0,0,0,0,0000000000000000000000000000000000000000
1,0x0036840,1727451417,2024-09-27 15:36:57,10.7,0.1,1999.2,0.0,1988.5,0.0,0,0,0,0,0000000000000000000000000000000000000000
1,0x0036880,1727451418,2024-09-27 15:36:58,10.7,0.0,1999.2,0.0,1988.5,0.0,0,0,0,0,0000000000000000000000000000000000000000
1,0x00368C0,1727451418,2024-09-27 15:36:58,10.7,0.0,1999.2,0.0,1988.5,0.0,0,0,0,0,0000000000000000000000000000000000000000
1,0x0036900,1727451419,2024-09-27 15:36:59,10.7,0.1,1999.2,0.0,1988.5,0.0,0,0,0,0,0000000000000000000000000000000000000000
1,0x0036940,1727451419,2024-09-27 15:36:59,10.7,0.1,10.7,0.0,0.0,0.0,0,0,0,0,0000000000000000000000000000000000000000
1,0x0036980,1727451420,2024-09-27 15:37:00,10.7,0.0,1999.2,0.0,1988.5,0.0,0,0,0,0,0000000000000000000000000000000000000000
1,0x00369C0,1727451421,2024-09-27 15:37:01,10.7,0.1,1999.2,0.0,1988.5,0.0,0,0,0,0,0000000000000000000000000000000000000000
1,0x0036A00,1727451421,2024-09-27 15:37:01,10.7,0.0,1999.2,0.0,1988.5,0.0,0,0,0,0,0000000000000000000000000000000000000000
1,0x0036A40,1727451422,2024-09-27 15:37:02,10.7,0.1,1999.2,0.0,1988.5,0.0,0,0,0,0,0000000000000000000000000000000000000000
1,0x0036A80,1727451422,2024-09-27 15:37:02,10.7,0.1,1999.2,0.0,1988.5,0.0,0,0,0,0,0000000000000000000000000000000000000000
1,0x0036AC0,1727451423,2024-09-27 15:37:03,10.7,0.0,1999.2,0.0,1988.5,0.0,0,0,0,0,0000000000000000000000000000000000000000
1,0x0036B00,1727451424,2024-09-27 15:37:04,10.7,0.1,1999.2,0.0,1988.5,0.0,0,0,0,0,0000000000000000000000000000000000000000
1,0x0036B40,1727451424,2024-09-27 15:37:04,10.7,0.1,10.7,0.0,0.0,0.0,0,0,0,0,0000000000000000000000000000000000000000
1,0x0036B80,1727451425,2024-09-27 15:37:05,10.7,0.0,1999.2,0.0,1988.5,0.0,0,0,0,0,0000000000000000000000000000000000000000
1,0x0036BC0,1727451426,2024-09-27 15:37:06,10.7,0.1,1999.2,0.0,1988.5,0.0,0,0,0,0,0000000000000000000000000000000000000000
1,0x0036C00,1727451426,2024-09-27 15:37:06,10.7,0.0,1999.2,0.0,1988.5,0.0,0,0,0,0,0000000000000000000000000000000000000000
1,0x0036C40,1727451427,2024-09-27 15:37:07,10.7,0.1,1999.2,0.0,1988.5,0.0,0,0,0,0,0000000000000000000000000000000000000000
1,0x0036C80,1727451427,2024-09-27 15:37:07,10.7,0.1,1999.2,0.0,1988.5,0.0,0,0,0,0,0000000000000000000000000000000000000000
1,0x0036CC0,1727451428,2024-09-27 15:37:08,10.7,0.0,1999.2,0.0,1988.5,0.0,0,0,0,0,0000000000000000000000000000000000000000
1,0x0036D00,1727451429,2024-09-27 15:37:09,10.7,0.1,1999.2,0.0,1988.5,0.0,0,0,0,0,0000000000000000000000000000000000000000
1,0x0036D40,1727451429,2024-09-27 15:37:09,10.7,0.1,10.7,0.0,0.0,0.0,0,0,0,0,0000000000000000000000000000000000000000
1,0x0036D80,1727451430,2024-09-27 15:37:10,10.7,0.0,1999.2,0.0,1988.5,0.0,0,0,0,0,0000000000000000000000000000000000000000
1,0x0036DC0,1727451431,2024-09-27 15:37:11,10.7,0.1,1999.2,0.0,1988.5,0.0,0,0,0,0,0000000000000000000000000000000000000000
1,0x0036E00,1727451431,2024-09-27 15:37:11,10.7,0.0,1999.2,0.0,1988.5,0.0,0,0,0,0,0000000000000000000000000000000000000000
1,0x0036E40,1727451432,2024-09-27 15:37:12,10.7,0.1,1999.2,0.0,1988.5,0.0,0,0,0,0,0000000000000000000000000000000000000000
1,0x0036E80,1727451432,2024-09-27 15:37:12,10.7,0.0,1999.2,0.0,1988.5,0.0,0,0,0,0,0000000000000000000000000000000000000000
1,0x0036EC0,1727451433,2024-09-27 15:37:13,10.7,0.1,1999.2,0.0,1988.5,0.0,0,0,0,0,0000000000000000000000000000000000000000
1,0x0036F00,1727451433,2024-09-27 15:37:13,10.7,0.0,1999.2,0.0,1988.5,0.0,0,0,0,0,0000000000000000000000000000000000000000
1,0x0036F40,1727451434,2024-09-27 15:37:14,10.7,0.1,1999.2,0.0,1988.5,0.0,0,0,0,0,0000000000000000000000000000000000000000
1,0x0036F80,1727451434,2024-09-27 15:37:14,10.7,0.0,1999.2,0.0,1988.5,0.0,0,0,0,0,0000000000000000000000000000000000000000
1,0x0036FC0,1727451435,2024-09-27 15:37:15,10.7,0.1,1999.2,0.0,1988.5,0.0,0,0,0,0,0000000000000000000000000000000000000000
1,0x0037000,1727451436,2024-09-27 15:37:16,10.7,0.0,1999.2,0.0,1988.5,0.0,0,0,0,0,0000000000000000000000000000000000000000
1,0x0037040,1727451436,2024-09-27 15:37:16,10.7,0.1,1999.2,0.0,1988.5,0.0,0,0,0,0,0000000000000000000000000000000000000000
1,0x0037080,1727451437,2024-09-27 15:37:17,10.7,0.0,1999.2,0.0,1988.5,0.0,0,0,0,0,0000000000000000000000000000000000000000
1,0x00370C0,1727451437,2024-09-27 15:37:17,10.7,0.1,1999.2,0.0,1988.5,0.0,0,0,0,0,0000000000000000000000000000000000000000
1,0x0037100,1727451439,2024-09-27 15:37:19,10.7,0.0,1999.2,0.0,1988.5,0.0,0,0,0,0,0000000000000000000000000000000000000000
1,0x0037140,1727451439,2024-09-27 15:37:19,10.7,0.1,10.7,0.0,0.0,0.0,0,0,0,0,0000000000000000000000000000000000000000
1,0x0037180,1727451440,2024-09-27 15:37:20,10.7,0.1,1999.2,0.0,1988.5,0.0,0,0,0,0,0000000000000000000000000000000000000000
1,0x00371C0,1727451441,2024-09-27 15:37:21,10.7,0.0,1999.2,0.0,1988.5,0.0,0,0,0,0,0000000000000000000000000000000000000000
1,0x0037200,1727451441,2024-09-27 15:37:21,10.7,0.1,1999.2,0.0,1988.5,0.0,0,0,0,0,0000000000000000000000000000000000000000
1,0x0037240,1727451442,2024-09-27 15:37:22,10.7,0.0,1999.2,0.0,1988.5,0.0,0,0,0,0,0000000000000000000000000000000000000000
1,0x0037280,1727451442,2024-09-27 15:37:22,10.7,0.1,1999.2,0.0,1988.5,0.0,0,0,0,0,0000000000000000000000000000000000000000
1,0x00372C0,1727451443,2024-09-27 15:37:23,10.7,0.1,1999.2,0.0,1988.5,0.0,0,0,0,0,0000000000000000000000000000000000000000
1,0x0037300,1727451444,2024-09-27 15:37:24,10.7,0.0,1999.2,0.0,1988.5,0.0,0,0,0,0,0000000000000000000000000000000000000000
1,0x0037340,1727451444,2024-09-27 15:37:24,10.7,0.1,10.7,0.0,0.0,0.0,0,0,0,0,0000000000000000000000000000000000000000
1,0x0037380,1727451445,2024-09-27 15:37:25,10.7,0.1,1999.2,0.0,1988.5,0.0,0,0,0,0,0000000000000000000000000000000000000000
1,0x00373C0,1727451446,2024-09-27 15:37:26,10.7,0.0,1999.2,0.0,1988.5,0.0,0,0,0,0,0000000000000000000000000000000000000000
1,0x0037400,1727451446,2024-09-27 15:37:26,10.7,0.1,1999.2,0.0,1988.5,0.0,0,0,0,0,0000000000000000000000000000000000000000
1,0x0037440,1727451447,2024-09-27 15:37:27,10.7,0.0,1999.2,0.0,1988.5,0.0,0,0,0,0,0000000000000000000000000000000000000000
1,0x0037480,1727451447,2024-09-27 15:37:27,10.7,0.1,1999.2,0.0,1988.5,0.0,0,0,0,0,0000000000000000000000000000000000000000
1,0x00374C0,1727451448,2024-09-27 15:37:28,10.7,0.0,1999.2,0.0,1988.5,0.0,0,0,0,0,0000000000000000000000000000000000000000
1,0x0037500,1727451448,2024-09-27 15:37:28,10.7,0.1,1999.2,0.0,1988.5,0.0,0,0,0,0,0000000000000000000000000000000000000000
1,0x0037540,1727451449,2024-09-27 15:37:29,10.7,0.0,1999.2,0.0,1988.5,0.0,0,0,0,0,0000000000000000000000000000000000000000
1,0x0037580,1727451449,2024-09-27 15:37:29,10.7,0.1,10.7,0.0,0.0,0.0,0,0,0,0,0000000000000000000000000000000000000000
1,0x00375C0,1727451450,2024-09-27 15:37:30,10.7,0.1,1999.2,0.0,1988.5,0.0,0,0,0,0,0000000000000000000000000000000000000000
1,0x0037600,1727451451,2024-09-27 15:37:31,10.7,0.0,1999.2,0.0,1988.5,0.0,0,0,0,0,0000000000000000000000000000000000000000
1,0x0037640,1727451451,2024-09-27 15:37:31,10.7,0.1,1999.2,0.0,1988.5,0.0,0,0,0,0,0000000000000000000000000000000000000000
1,0x0037680,1727451452,2024-09-27 15:37:32,10.7,0.1,1999.2,0.0,1988.5,0.0,0,0,0,0,0000000000000000000000000000000000000000
1,0x00376C0,1727451452,2024-09-27 15:37:32,10.7,0.0,1999.2,0.0,1988.5,0.0,0,0,0,0,0000000000000000000000000000000000000000
1,0x0037700,1727451453,2024-09-27 15:37:33,10.7,0.1,1999.2,0.0,1988.5,0.0,0,0,0,0,0000000000000000000000000000000000000000
1,0x0037740,1727451453,2024-09-27 15:37:33,10.7,0.0,1999.2,0.0,1988.5,0.0,0,0,0,0,0000000000000000000000000000000000000000
1,0x0037780,1727451454,2024-09-27 15:37:34,10.7,0.1,1999.2,0.0,1988.5,0.0,0,0,0,0,0000000000000000000000000000000000000000
1,0x00377C0,1727451454,2024-09-27 15:37:34,10.7,0.1,1999.2,0.0,1988.5,0.0,0,0,0,0,0000000000000000000000000000000000000000
1,0x0037800,1727451455,2024-09-27 15:37:35,10.7,0.0,1999.2,0.0,1988.5,0.0,0,0,0,0,0000000000000000000000000000000000000000
1,0x0037840,1727451456,2024-09-27 15:37:36,10.7,0.1,1999.2,0.0,1988.5,0.0,0,0,0,0,0000000000000000000000000000000000000000
1,0x0037880,1727451456,2024-09-27 15:37:36,10.7,0.0,1999.2,0.0,1988.5,0.0,0,0,0,0,0000000000000000000000000000000000000000
1,0x00378C0,1727451457,2024-09-27 15:37:37,10.7,10.7,1999.2,0.0,1988.5,0.0,0,0,0,0,0000000000000000000000000000000000000000
1,0x0037900,1727451457,2024-09-27 15:37:37,10.7,0.1,1999.2,0.0,1988.5,0.0,0,0,0,0,0000000000000000000000000000000000000000
1,0x0037940,1727451458,2024-09-27 15:37:38,10.7,0.0,1999.2,0.0,1988.5,0.0,0,0,0,0,0000000000000000000000000000000000000000
1,0x0037980,1727451458,2024-09-27 15:37:38,10.7,0.1,1999.2,0.0,1988.5,0.0,0,0,0,0,0000000000000000000000000000000000000000
1,0x00379C0,1727451459,2024-09-27 15:37:39,10.7,0.0,1999.2,0.0,1988.5,0.0,0,0,0,0,0000000000000000000000000000000000000000
1,0x0037A00,1727451459,2024-09-27 15:37:39,10.7,0.1,1999.2,0.0,1988.5,0.0,0,0,0,0,0000000000000000000000000000000000000000
1,0x0037A40,1727451460,2024-09-27 15:37:40,10.7,0.0,1999.2,0.0,1988.5,0.0,0,0,0,0,0000000000000000000000000000000000000000
1,0x0037A80,1727451461,2024-09-27 15:37:41,10.7,0.1,1999.2,0.0,1988.5,0.0,0,0,0,0,0000000000000000000000000000000000000000
1,0x0037AC0,1727451461,2024-09-27 15:37:41,10.7,0.1,1999.2,0.0,1988.5,0.0,0,0,0,0,0000000000000000000000000000000000000000
1,0x0037B00,1727451462,2024-09-27 15:37:42,10.7,0.0,1999.2,0.0,1988.5,0.0,0,0,0,0,0000000000000000000000000000000000000000
1,0x0037B40,1727451462,2024-09-27 15:37:42,10.7,0.1,1999.2,0.0,1988.5,0.0,0,0,0,0,0000000000000000000000000000000000000000
1,0x0037B80,1727451463,2024-09-27 15:37:43,10.7,0.1,1999.2,0.0,1988.5,0.0,0,0,0,0,0000000000000000000000000000000000000000
1,0x0037BC0,1727451463,2024-09-27 15:37:43,10.7,0.1,1999.2,0.0,1988.5,0.0,0,0,0,0,0000000000000000000000000000000000000000
1,0x0037C00,1727451464,2024-09-27 15:37:44,10.7,0.0,1999.2,0.0,1988.5,0.0,0,0,0,0,0000000000000000000000000000000000000000
1,0x0037C40,1727451465,2024-09-27 15:37:45,10.7,0.1,1999.2,0.0,1988.5,0.0,0,0,0,0,0000000000000000000000000000000000000000
1,0x0037C80,1727451466,2024-09-27 15:37:46,10.7,0.0,1999.2,0.0,1988.5,0.0,0,0,0,0,0000000000000000000000000000000000000000
1,0x0037CC0,1727451466,2024-09-27 15:37:46,10.7,0.1,1999.2,0.0,1988.5,0.0,0,0,0,0,0000000000000000000000000000000000000000
1,0x0037D00,1727451467,2024-09-27 15:37:47,10.7,0.0,1999.2,0.0,1988.5,0.0,0,0,0,0,0000000000000000000000000000000000000000
1,0x0037D40,1727451468,2024-09-27 15:37:48,10.7,0.1,1999.2,0.0,1988.5,0.0,0,0,0,0,0000000000000000000000000000000000000000
1,0x0037D80,1727451468,2024-09-27 15:37:48,10.7,0.0,1999.2,0.0,1988.5,0.0,0,0,0,0,0000000000000000000000000000000000000000
1,0x0037DC0,1727451469,2024-09-27 15:37:49,10.7,0.1,1999.2,0.0,1988.5,0.0,0,0,0,0,0000000000000000000000000000000000000000
1,0x0037E00,1727451470,2024-09-27 15:37:50,10.7,0.0,1999.2,0.0,1988.5,0.0,0,0,0,0,0000000000000000000000000000000000000000
1,0x0037E40,1727451471,2024-09-27 15:37:51,10.7,0.1,1999.2,0.0,1988.5,0.0,0,0,0,0,0000000000000000000000000000000000000000
1,0x0037E80,1727451471,2024-09-27 15:37:51,10.7,0.1,1999.2,0.0,1988.5,0.0,0,0,0,0,0000000000000000000000000000000000000000
1,0x0037EC0,1727451472,2024-09-27 15:37:52,10.7,0.0,1999.2,0.0,1988.5,0.0,0,0,0,0,0000000000000000000000000000000000000000
1,0x0037F00,1727451472,2024-09-27 15:37:52,10.7,0.1,1999.2,0.0,1988.5,0.0,0,0,0,0,0000000000000000000000000000000000000000
1,0x0037F40,1727451473,2024-09-27 15:37:53,10.7,0.1,1999.2,0.0,1988.5,0.0,0,0,0,0,0000000000000000000000000000000000000000
1,0x0037F80,1727451473,2024-09-27 15:37:53,10.7,0.1,1999.2,0.0,1988.5,0.0,0,0,0,0,0000000000000000000000000000000000000000
1,0x0037FC0,1727451474,2024-09-27 15:37:54,10.7,0.1,1999.2,0.0,1988.5,0.0,0,0,0,0,0000000000000000000000000000000000000000
1,0x0038000,1727451474,2024-09-27 15:37:54,10.7,0.0,1999.2,0.0,1988.5,0.0,0,0,0,0,0000000000000000000000000000000000000000
1,0x0038040,1727451475,2024-09-27 15:37:55,10.7,0.1,1999.2,0.0,1988.5,0.0,0,0,0,0,0000000000000000000000000000000000000000
1,0x0038080,1727451476,2024-09-27 15:37:56,10.7,0.1,1999.2,0.0,1988.5,0.0,0,0,0,0,0000000000000000000000000000000000000000
1,0x00380C0,1727451476,2024-09-27 15:37:56,10.7,0.0,1999.2,0.0,1988.5,0.0,0,0,0,0,0000000000000000000000000000000000000000
1,0x0038100,1727451477,2024-09-27 15:37:57,10.7,0.1,1999.2,0.0,1988.5,0.0,0,0,0,0,0000000000000000000000000000000000000000
1,0x0038140,1727451477,2024-09-27 15:37:57,10.7,0.1,1999.2,0.0,1988.5,0.0,0,0,0,0,0000000000000000000000000000000000000000
1,0x0038180,1727451478,2024-09-27 15:37:58,10.7,0.0,1999.2,0.0,1988.5,0.0,0,0,0,0,0000000000000000000000000000000000000000
1,0x00381C0,1727451478,2024-09-27 15:37:58,10.7,0.1,1999.2,0.0,1988.5,0.0,0,0,0,0,0000000000000000000000000000000000000000
1,0x0038200,1727451479,2024-09-27 15:37:59,10.7,0.0,1999.2,0.0,1988.5,0.0,0,0,0,0,0000000000000000000000000000000000000000
1,0x0038240,1727451479,2024-09-27 15:37:59,10.7,0.1,1999.2,0.0,1988.5,0.0,0,0,0,0,0000000000000000000000000000000000000000
1,0x0038280,1727451480,2024-09-27 15:38:00,10.7,0.1,1999.2,0.0,1988.5,0.0,0,0,0,0,0000000000000000000000000000000000000000
1,0x00382C0,1727451481,2024-09-27 15:38:01,10.7,0.0,1999.2,0.0,1988.5,0.0,0,0,0,0,0000000000000000000000000000000000000000
1,0x0038300,1727451481,2024-09-27 15:38:01,10.7,0.1,1999.2,0.0,1988.5,0.0,0,0,0,0,0000000000000000000000000000000000000000
1,0x0038340,1727451482,2024-09-27 15:38:02,10.7,0.1,1999.2,0.0,1988.5,0.0,0,0,0,0,0000000000000000000000000000000000000000
1,0x0038380,1727451482,2024-09-27 15:38:02,10.7,0.1,1999.2,0.0,1988.5,0.0,0,0,0,0,0000000000000000000000000000000000000000
1,0x00383C0,1727451483,2024-09-27 15:38:03,10.7,0.0,1999.2,0.0,1988.5,0.0,0,0,0,0,0000000000000000000000000000000000000000
1,0x0038400,1727451483,2024-09-27 15:38:03,10.7,0.1,1999.2,0.0,1988.5,0.0,0,0,0,0,0000000000000000000000000000000000000000
1,0x0038440,1727451484,2024-09-27 15:38:04,10.7,0.0,1999.2,0.0,1988.5,0.0,0,0,0,0,0000000000000000000000000000000000000000
1,0x0038480,1727451484,2024-09-27 15:38:04,10.7,0.1,1999.2,0.0,1988.5,0.0,0,0,0,0,0000000000000000000000000000000000000000
1,0x00384C0,1727451485,2024-09-27 15:38:05,10.7,0.1,1999.2,0.0,1988.5,0.0,0,0,0,0,0000000000000000000000000000000000000000
1,0x0038500,1727451486,2024-09-27 15:38:06,10.7,0.0,1999.2,0.0,1988.5,0.0,0,0,0,0,0000000000000000000000000000000000000000
1,0x0038540,1727451486,2024-09-27 15:38:06,10.7,0.1,1999.2,0.0,1988.5,0.0,0,0,0,0,0000000000000000000000000000000000000000
1,0x0038580,1727451487,2024-09-27 15:38:07,10.7,0.1,1999.2,0.0,1988.5,0.0,0,0,0,0,0000000000000000000000000000000000000000
1,0x00385C0,1727451487,2024-09-27 15:38:07,10.7,0.0,1999.2,0.0,1988.5,0.0,0,0,0,0,0000000000000000000000000000000000000000
1,0x0038600,1727451488,2024-09-27 15:38:08,10.8,0.1,1999.3,0.0,1988.5,0.0,0,0,0,0,0000000000000000000000000000000000000000
1,0x0038640,1727451488,2024-09-27 15:38:08,10.8,0.0,1999.3,0.0,1988.5,0.0,0,0,0,0,0000000000000000000000000000000000000000
1,0x0038680,1727451489,2024-09-27 15:38:09,10.8,0.1,1999.3,0.0,1988.5,0.0,0,0,0,0,0000000000000000000000000000000000000000
1,0x00386C0,1727451489,2024-09-27 15:38:09,10.8,0.0,1999.3,0.0,1988.5,0.0,0,0,0,0,0000000000000000000000000000000000000000
1,0x0038700,1727451490,2024-09-27 15:38:10,10.8,0.1,1999.3,0.0,1988.5,0.0,0,0,0,0,0000000000000000000000000000000000000000
1,0x0038740,1727451491,2024-09-27 15:38:11,10.8,0.1,1999.3,0.0,1988.5,0.0,0,0,0,0,0000000000000000000000000000000000000000
1,0x0038780,1727451491,2024-09-27 15:38:11,10.8,0.0,1999.3,0.0,1988.5,0.0,0,0,0,0,0000000000000000000000000000000000000000
1,0x00387C0,1727451492,2024-09-27 15:38:12,10.8,0.1,1999.3,0.0,1988.5,0.0,0,0,0,0,0000000000000000000000000000000000000000
1,0x0038800,1727451493,2024-09-27 15:38:13,10.8,0.0,1999.3,0.0,1988.5,0.0,0,0,0,0,0000000000000000000000000000000000000000
1,0x0038840,1727451493,2024-09-27 15:38:13,10.8,0.1,1999.3,0.0,1988.5,0.0,0,0,0,0,0000000000000000000000000000000000000000
1,0x0038880,1727451494,2024-09-27 15:38:14,10.8,0.1,1999.3,0.0,1988.5,0.0,0,0,0,0,0000000000000000000000000000000000000000
1,0x00388C0,1727451494,2024-09-27 15:38:14,10.8,0.0,1999.3,0.0,1988.5,0.0,0,0,0,0,0000000000000000000000000000000000000000
1,0x0038900,1727451495,2024-09-27 15:38:15,10.8,0.1,1999.3,0.0,1988.5,0.0,0,0,0,0,0000000000000000000000000000000000000000
1,0x0038940,1727451496,2024-09-27 15:38:16,10.8,0.0,1999.3,0.0,1988.5,0.0,0,0,0,0,0000000000000000000000000000000000000000
1,0x0038980,1727451496,2024-09-27 15:38:16,10.8,0.1,1999.3,0.0,1988.5,0.0,0,0,0,0,0000000000000000000000000000000000000000
1,0x00389C0,1727451497,2024-09-27 15:38:17,10.8,0.1,1999.3,0.0,1988.5,0.0,0,0,0,0,0000000000000000000000000000000000000000
1,0x0038A00,1727451497,2024-09-27 15:38:17,10.8,0.0,1999.3,0.0,1988.5,0.0,0,0,0,0,0000000000000000000000000000000000000000
1,0x0038A40,1727451498,2024-09-27 15:38:18,10.8,0.1,1999.3,0.0,1988.5,0.0,0,0,0,0,0000000000000000000000000000000000000000
1,0x0038A80,1727451498,2024-09-27 15:38:18,10.8,0.1,1999.3,0.0,1988.5,0.0,0,0,0,0,0000000000000000000000000000000000000000
1,0x0038AC0,1727451499,2024-09-27 15:38:19,10.8,0.1,1999.3,0.0,1988.5,0.0,0,0,0,0,0000000000000000000000000000000000000000
1,0x0038B00,1727451499,2024-09-27 15:38:19,10.8,0.0,1999.3,0.0,1988.5,0.0,0,0,0,0,0000000000000000000000000000000000000000
1,0x0038B40,1727451500,2024-09-27 15:38:20,10.8,0.1,1999.3,0.0,1988.5,0.0,0,0,0,0,0000000000000000000000000000000000000000
1,0x0038B80,1727451501,2024-09-27 15:38:21,10.8,0.1,1999.3,0.0,1988.5,0.0,0,0,0,0,0000000000000000000000000000000000000000
1,0x0038BC0,1727451501,2024-09-27 15:38:21,10.8,0.0,1999.3,0.0,1988.5,0.0,0,0,0,0,0000000000000000000000000000000000000000
1,0x0038C00,1727451502,2024-09-27 15:38:22,10.8,0.1,1999.3,0.0,1988.5,0.0,0,0,0,0,0000000000000000000000000000000000000000
1,0x0038C40,1727451502,2024-09-27 15:38:22,10.8,0.1,1999.3,0.0,1988.5,0.0,0,0,0,0,0000000000000000000000000000000000000000
1,0x0038C80,1727451503,2024-09-27 15:38:23,10.8,0.1,1999.3,0.0,1988.5,0.0,0,0,0,0,0000000000000000000000000000000000000000
1,0x0038CC0,1727451503,2024-09-27 15:38:23,10.8,0.1,1999.3,0.0,1988.5,0.0,0,0,0,0,0000000000000000000000000000000000000000
1,0x0038D00,1727451504,2024-09-27 15:38:24,10.8,0.0,1999.3,0.0,1988.5,0.0,0,0,0,0,0000000000000000000000000000000000000000
1,0x0038D40,1727451505,2024-09-27 15:38:25,10.8,0.1,1999.3,0.0,1988.5,0.0,0,0,0,0,0000000000000000000000000000000000000000
1,0x0038D80,1727451506,2024-09-27 15:38:26,10.8,0.0,1999.3,0.0,1988.5,0.0,0,0,0,0,0000000000000000000000000000000000000000
1,0x0038DC0,1727451506,2024-09-27 15:38:26,10.8,0.1,1999.3,0.0,1988.5,0.0,0,0,0,0,0000000000000000000000000000000000000000
1,0x0038E00,1727451507,2024-09-27 15:38:27,10.8,0.0,1999.3,0.0,1988.5,0.0,0,0,0,0,0000000000000000000000000000000000000000
1,0x0038E40,1727451508,2024-09-27 15:38:28,10.8,0.1,1999.3,0.0,1988.5,0.0,0,0,0,0,0000000000000000000000000000000000000000
1,0x0038E80,1727451508,2024-09-27 15:38:28,10.8,0.1,1999.3,0.0,1988.5,0.0,0,0,0,0,0000000000000000000000000000000000000000
1,0x0038EC0,1727451509,2024-09-27 15:38:29,10.8,0.1,1999.3,0.0,1988.5,0.0,0,0,0,0,0000000000000000000000000000000000000000
1,0x0038F00,1727709134,2024-09-30 15:12:14,10.8,0.0,1999.3,0.0,1988.5,0.0,0,0,0,0,0000000000000000000000000000000000000000
1,0x0038F40,1727709135,2024-09-30 15:12:15,10.8,0.0,1999.3,0.0,1988.5,0.0,0,0,0,0,0000000000000000000000000000000000000000
1,0x0038F80,1727709135,2024-09-30 15:12:15,10.8,0.0,1999.3,0.0,1988.5,0.0,0,0,0,0,0000000000000000000000000000000000000000
1,0x0038FC0,1727709136,2024-09-30 15:12:16,10.8,0.0,1999.3,0.0,1988.5,0.0,0,0,0,0,0000000000000000000000000000000000000000
1,0x0039000,1727709156,2024-09-30 15:12:36,10.8,0.0,1999.3,0.0,1988.5,1988.5,0,0,0,0,0000000000000000000000000000000000000000
1,0x0039040,1727709157,2024-09-30 15:12:37,10.8,0.0,1999.3,0.0,1988.5,0.0,0,0,0,0,0000000000000000000000000000000000000000
1,0x0039080,1727709157,2024-09-30 15:12:37,10.8,0.0,1999.3,0.0,1988.5,0.0,0,0,0,0,0000000000000000000000000000000000000000
1,0x00390C0,1727709158,2024-09-30 15:12:38,10.8,0.0,1999.3,0.0,1988.5,0.0,0,0,0,0,0000000000000000000000000000000000000000
1,0x0039100,1727709158,2024-09-30 15:12:38,10.8,0.0,1999.3,0.0,1988.5,0.0,0,0,0,0,0000000000000000000000000000000000000000
1,0x0039140,1727709159,2024-09-30 15:12:39,10.8,0.0,1999.3,0.0,1988.5,0.0,0,0,0,0,0000000000000000000000000000000000000000
1,0x0039180,1727709160,2024-09-30 15:12:40,10.8,0.0,1999.3,0.0,1988.5,0.0,0,0,0,0,0000000000000000000000000000000000000000
1,0x00391C0,1727709160,2024-09-30 15:12:40,10.8,0.0,1999.3,0.0,1988.5,0.0,0,0,0,0,0000000000000000000000000000000000000000
1,0x0039200,1727709161,2024-09-30 15:12:41,10.8,0.0,1999.3,0.0,1988.5,1988.5,0,0,0,0,0000000000000000000000000000000000000000
1,0x0039240,1727709162,2024-09-30 15:12:42,10.8,0.0,1999.3,0.0,1988.5,0.0,0,0,0,0,0000000000000000000000000000000000000000
1,0x0039280,1727709162,2024-09-30 15:12:42,10.8,0.0,1999.3,0.0,1988.5,0.0,0,0,0,0,0000000000000000000000000000000000000000
1,0x00392C0,1727709163,2024-09-30 15:12:43,10.8,0.0,1999.3,0.0,1988.5,0.0,0,0,0,0,0000000000000000000000000000000000000000
1,0x0039300,1727709186,2024-09-30 15:13:06,10.8,0.0,1999.3,0.0,1988.5,1988.5,0,0,0,0,0000000000000000000000000000000000000000
1,0x0039340,1727709187,2024-09-30 15:13:07,10.8,0.0,1999.3,0.0,1988.5,0.0,0,0,0,0,0000000000000000000000000000000000000000
1,0x0039380,1727709187,2024-09-30 15:13:07,10.8,0.0,1999.3,0.0,1988.5,0.0,0,0,0,0,0000000000000000000000000000000000000000
1,0x00393C0,1727709188,2024-09-30 15:13:08,10.8,0.0,1999.3,0.0,1988.5,0.0,0,0,0,0,0000000000000000000000000000000000000000
1,0x0039400,1727709188,2024-09-30 15:13:08,10.8,0.0,1999.3,0.0,1988.5,0.0,0,0,0,0,0000000000000000000000000000000000000000
1,0x0039440,1727709189,2024-09-30 15:13:09,10.8,0.0,1999.3,0.0,1988.5,0.0,0,0,0,0,0000000000000000000000000000000000000000
1,0x0039480,1727709190,2024-09-30 15:13:10,10.8,0.0,1999.3,0.0,1988.5,0.0,0,0,0,0,0000000000000000000000000000000000000000
1,0x00394C0,1727709190,2024-09-30 15:13:10,10.8,0.0,1999.3,0.0,1988.5,0.0,0,0,0,0,0000000000000000000000000000000000000000
1,0x0039500,1727709191,2024-09-30 15:13:11,10.8,0.0,1999.3,0.0,1988.5,1988.5,0,0,0,0,0000000000000000000000000000000000000000
1,0x0039540,1727709192,2024-09-30 15:13:12,10.8,0.0,1999.3,0.0,1988.5,0.0,0,0,0,0,0000000000000000000000000000000000000000
1,0x0039580,1727709192,2024-09-30 15:13:12,10.8,0.0,1999.3,0.0,1988.5,0.0,0,0,0,0,0000000000000000000000000000000000000000
1,0x00395C0,1727709193,2024-09-30 15:13:13,10.8,0.0,1999.3,0.0,1988.5,0.0,0,0,0,0,0000000000000000000000000000000000000000
1,0x0039600,1727709213,2024-09-30 15:13:33,10.8,0.0,1999.3,0.0,1988.5,0.0,0,0,0,0,0000000000000000000000000000000000000000
1,0x0039640,1727709214,2024-09-30 15:13:34,10.8,0.0,1999.3,0.0,1988.5,0.0,0,0,0,0,0000000000000000000000000000000000000000
1,0x0039680,1727709215,2024-09-30 15:13:35,10.8,0.0,1999.3,0.0,1988.5,0.0,0,0,0,0,0000000000000000000000000000000000000000
1,0x00396C0,1727709215,2024-09-30 15:13:35,10.8,0.0,1999.3,0.0,1988.5,0.0,0,0,0,0,0000000000000000000000000000000000000000
1,0x0039700,1727709216,2024-09-30 15:13:36,10.8,0.0,1999.3,0.0,1988.5,1988.5,0,0,0,0,0000000000000000000000000000000000000000
1,0x0039740,1727709217,2024-09-30 15:13:37,10.8,0.0,1999.3,0.0,1988.5,0.0,0,0,0,0,0000000000000000000000000000000000000000
1,0x0039780,1727709217,2024-09-30 15:13:37,10.8,0.0,1999.3,0.0,1988.5,0.0,0,0,0,0,0000000000000000000000000000000000000000
1,0x00397C0,1727709218,2024-09-30 15:13:38,10.8,0.0,1999.3,0.0,1988.5,0.0,0,0,0,0,0000000000000000000000000000000000000000
1,0x0039800,1727709218,2024-09-30 15:13:38,10.8,0.0,1999.3,0.0,1988.5,0.0,0,0,0,0,0000000000000000000000000000000000000000
1,0x0039840,1727709219,2024-09-30 15:13:39,10.8,0.0,1999.3,0.0,1988.5,0.0,0,0,0,0,0000000000000000000000000000000000000000
1,0x0039880,1727709220,2024-09-30 15:13:40,10.8,0.0,1999.3,0.0,1988.5,0.0,0,0,0,0,0000000000000000000000000000000000000000
1,0x00398C0,1727709220,2024-09-30 15:13:40,10.8,0.0,1999.3,0.0,1988.5,0.0,0,0,0,0,0000000000000000000000000000000000000000
1,0x0039900,1727709243,2024-09-30 15:14:03,10.8,0.0,1999.3,0.0,1988.5,0.0,0,0,0,0,0000000000000000000000000000000000000000
1,0x0039940,1727709244,2024-09-30 15:14:04,10.8,0.0,1999.3,0.0,1988.5,0.0,0,0,0,0,0000000000000000000000000000000000000000
1,0x0039980,1727709245,2024-09-30 15:14:05,10.8,0.0,1999.3,0.0,1988.5,0.0,0,0,0,0,0000000000000000000000000000000000000000
1,0x00399C0,1727709245,2024-09-30 15:14:05,10.8,0.0,1999.3,0.0,1988.5,0.0,0,0,0,0,0000000000000000000000000000000000000000
1,0x0039A00,1727709246,2024-09-30 15:14:06,10.8,0.0,1999.3,0.0,1988.5,1988.5,0,0,0,0,0000000000000000000000000000000000000000
1,0x0039A40,1727709247,2024-09-30 15:14:07,10.8,0.0,1999.3,0.0,1988.5,0.0,0,0,0,0,0000000000000000000000000000000000000000
1,0x0039A80,1727709247,2024-09-30 15:14:07,10.8,0.0,1999.3,0.0,1988.5,0.0,0,0,0,0,0000000000000000000000000000000000000000
1,0x0039AC0,1727709248,2024-09-30 15:14:08,10.8,0.0,1999.3,0.0,1988.5,0.0,0,0,0,0,0000000000000000000000000000000000000000
1,0x0039B00,1727716733,2024-09-30 17:18:53,10.8,0.0,1999.3,0.0,1988.5,0.0,0,0,0,0,0000000000000000000000000000000000000000
1,0x0039B40,1727716733,2024-09-30 17:18:53,10.8,0.0,1999.3,0.0,1988.5,0.0,0,0,0,0,0000000000000000000000000000000000000000
1,0x0039B80,1727716734,2024-09-30 17:18:54,10.8,0.0,1999.3,0.0,1988.5,0.0,0,0,0,0,0000000000000000000000000000000000000000
1,0x0039BC0,1727716734,2024-09-30 17:18:54,10.8,0.0,1999.3,0.0,1988.5,0.0,0,0,0,0,0000000000000000000000000000000000000000
1,0x0039C00,1727716827,2024-09-30 17:20:27,10.8,0.0,1999.3,0.0,1988.5,0.0,0,0,0,0,0000000000000000000000000000000000000000
1,0x0039C40,1727716828,2024-09-30 17:20:28,10.8,0.0,1999.3,0.0,1988.5,0.0,0,0,0,0,0000000000000000000000000000000000000000
1,0x0039C80,1727716828,2024-09-30 17:20:28,10.8,0.0,1999.3,0.0,1988.5,0.0,0,0,0,0,0000000000000000000000000000000000000000
1,0x0039CC0,1727716829,2024-09-30 17:20:29,10.8,0.0,1999.3,0.0,1988.5,0.0,0,0,0,0,0000000000000000000000000000000000000000
1,0x0039D00,1727716835,2024-09-30 17:20:35,10.8,0.0,1999.3,0.0,1988.5,1988.5,0,0,0,0,0000000000000000000000000000000000000000
1,0x0039D40,1727716836,2024-09-30 17:20:36,10.8,0.0,1999.3,0.0,1988.5,0.0,0,0,0,0,0000000000000000000000000000000000000000
1,0x0039D80,1727716836,2024-09-30 17:20:36,10.8,0.0,1999.3,0.0,1988.5,0.0,0,0,0,0,0000000000000000000000000000000000000000
1,0x0039DC0,1727716837,2024-09-30 17:20:37,10.8,0.0,1999.3,0.0,1988.5,0.0,0,0,0,0,0000000000000000000000000000000000000000
1,0x0039E00,1727716837,2024-09-30 17:20:37,10.8,0.0,1999.3,0.0,1988.5,0.0,0,0,0,0,0000000000000000000000000000000000000000
1,0x0039E40,1727716838,2024-09-30 17:20:38,10.8,0.0,1999.3,0.0,1988.5,0.0,0,0,0,0,0000000000000000000000000000000000000000
1,0x0039E80,1727716838,2024-09-30 17:20:38,10.8,0.0,1999.3,0.0,1988.5,0.0,0,0,0,0,0000000000000000000000000000000000000000
1,0x0039EC0,1727716839,2024-09-30 17:20:39,10.8,0.0,1999.3,0.0,1988.5,0.0,0,0,0,0,0000000000000000000000000000000000000000
1,0x0039F00,1727716840,2024-09-30 17:20:40,10.8,0.0,1999.3,0.0,1988.5,1988.5,0,0,0,0,0000000000000000000000000000000000000000
1,0x0039F40,1727716841,2024-09-30 17:20:41,10.8,0.0,1999.3,0.0,1988.5,0.0,0,0,0,0,0000000000000000000000000000000000000000
1,0x0039F80,1727716841,2024-09-30 17:20:41,10.8,0.0,1999.3,0.0,1988.5,0.0,0,0,0,0,0000000000000000000000000000000000000000
1,0x0039FC0,1727716842,2024-09-30 17:20:42,10.8,0.0,1999.3,0.0,1988.5,0.0,0,0,0,0,0000000000000000000000000000000000000000
1,0x003A000,1727716842,2024-09-30 17:20:42,10.8,0.0,1999.3,0.0,1988.5,0.0,0,0,0,0,0000000000000000000000000000000000000000
1,0x003A040,1727716843,2024-09-30 17:20:43,10.8,0.0,1999.3,0.0,1988.5,0.0,0,0,0,0,0000000000000000000000000000000000000000
1,0x003A080,1727716843,2024-09-30 17:20:43,10.8,0.0,1999.3,0.0,1988.5,0.0,0,0,0,0,0000000000000000000000000000000000000000
1,0x003A0C0,1727716844,2024-09-30 17:20:44,10.8,0.0,1999.3,0.0,1988.5,0.0,0,0,0,0,0000000000000000000000000000000000000000
1,0x003A100,1727716846,2024-09-30 17:20:46,10.8,0.0,1999.3,0.0,1988.5,0.0,0,0,0,0,0000000000000000000000000000000000000000
1,0x003A140,1727716847,2024-09-30 17:20:47,10.8,0.0,1999.3,0.0,1988.5,0.0,0,0,0,0,0000000000000000000000000000000000000000
1,0x003A180,1727716847,2024-09-30 17:20:47,10.8,0.0,1999.3,0.0,1988.5,0.0,0,0,0,0,0000000000000000000000000000000000000000
1,0x003A1C0,1727716848,2024-09-30 17:20:48,10.8,0.0,1999.3,0.0,1988.5,0.0,0,0,0,0,0000000000000000000000000000000000000000
1,0x003A200,1727716851,2024-09-30 17:20:51,10.8,0.0,1999.3,0.0,1988.5,0.0,0,0,0,0,0000000000000000000000000000000000000000
1,0x003A240,1727716852,2024-09-30 17:20:52,10.8,0.0,1999.3,0.0,1988.5,0.0,0,0,0,0,0000000000000000000000000000000000000000
1,0x003A280,1727716852,2024-09-30 17:20:52,10.8,0.0,1999.3,0.0,1988.5,0.0,0,0,0,0,0000000000000000000000000000000000000000
1,0x003A2C0,1727716853,2024-09-30 17:20:53,10.8,0.0,1999.3,0.0,1988.5,0.0,0,0,0,0,0000000000000000000000000000000000000000
1,0x003A300,1727716856,2024-09-30 17:20:56,10.8,0.0,1999.3,0.0,1988.5,0.0,0,0,0,0,0000000000000000000000000000000000000000
1,0x003A340,1727716857,2024-09-30 17:20:57,10.8,0.0,1999.3,0.0,1988.5,0.0,0,0,0,0,0000000000000000000000000000000000000000
1,0x003A380,1727716857,2024-09-30 17:20:57,10.8,0.0,1999.3,0.0,1988.5,0.0,0,0,0,0,0000000000000000000000000000000000000000
1,0x003A3C0,1727716858,2024-09-30 17:20:58,10.8,0.0,1999.3,0.0,1988.5,0.0,0,0,0,0,0000000000000000000000000000000000000000
1,0x003A400,1727716861,2024-09-30 17:21:01,10.8,0.0,1999.3,0.0,1988.5,0.0,0,0,0,0,0000000000000000000000000000000000000000
1,0x003A440,1727716862,2024-09-30 17:21:02,10.8,0.0,1999.3,0.0,1988.5,0.0,0,0,0,0,0000000000000000000000000000000000000000
1,0x003A480,1727716862,2024-09-30 17:21:02,10.8,0.0,1999.3,0.0,1988.5,0.0,0,0,0,0,0000000000000000000000000000000000000000
1,0x003A4C0,1727716863,2024-09-30 17:21:03,10.8,0.0,1999.3,0.0,1988.5,0.0,0,0,0,0,0000000000000000000000000000000000000000
1,0x003A500,1727716865,2024-09-30 17:21:05,10.8,0.0,1999.3,0.0,1988.5,1988.5,0,0,0,0,0000000000000000000000000000000000000000
1,0x003A540,1727716866,2024-09-30 17:21:06,10.8,0.0,1999.3,0.0,1988.5,0.0,0,0,0,0,0000000000000000000000000000000000000000
1,0x003A580,1727716866,2024-09-30 17:21:06,10.8,0.0,1999.3,0.0,1988.5,0.0,0,0,0,0,0000000000000000000000000000000000000000
1,0x003A5C0,1727716867,2024-09-30 17:21:07,10.8,0.0,1999.3,0.0,1988.5,0.0,0,0,0,0,0000000000000000000000000000000000000000
1,0x003A600,1727716868,2024-09-30 17:21:08,10.8,10.8,1999.3,0.0,1988.5,0.0,0,0,0,0,0000000000000000000000000000000000000000
1,0x003A640,1727716869,2024-09-30 17:21:09,10.8,0.0,1999.3,0.0,1988.5,0.0,0,0,0,0,0000000000000000000000000000000000000000
1,0x003A680,1727716870,2024-09-30 17:21:10,10.8,0.0,1999.3,0.0,1988.5,0.0,0,0,0,0,0000000000000000000000000000000000000000
1,0x003A6C0,1727716870,2024-09-30 17:21:10,10.8,0.0,1999.3,0.0,1988.5,1988.5,0,0,0,0,0000000000000000000000000000000000000000
1,0x003A700,1727716871,2024-09-30 17:21:11,10.8,0.0,1999.3,0.0,1988.5,0.0,0,0,0,0,0000000000000000000000000000000000000000
1,0x003A740,1727716871,2024-09-30 17:21:11,10.8,0.0,1999.3,0.0,1988.5,0.0,0,0,0,0,0000000000000000000000000000000000000000
1,0x003A780,1727716872,2024-09-30 17:21:12,10.8,0.0,1999.3,0.0,1988.5,0.0,0,0,0,0,0000000000000000000000000000000000000000
1,0x003A7C0,1727716872,2024-09-30 17:21:12,10.8,0.0,1999.3,0.0,1988.5,0.0,0,0,0,0,0000000000000000000000000000000000000000
1,0x003A800,1727716873,2024-09-30 17:21:13,10.8,10.8,1999.3,0.0,1988.5,0.0,0,0,0,0,0000000000000000000000000000000000000000
1,0x003A840,1727716874,2024-09-30 17:21:14,10.8,0.0,1999.3,0.0,1988.5,0.0,0,0,0,0,0000000000000000000000000000000000000000
1,0x003A880,1727716875,2024-09-30 17:21:15,10.8,0.0,1999.3,0.0,1988.5,0.0,0,0,0,0,0000000000000000000000000000000000000000
1,0x003A8C0,1727716875,2024-09-30 17:21:15,10.8,0.0,1999.3,0.0,1988.5,0.0,0,0,0,0,0000000000000000000000000000000000000000
1,0x003A900,1727716876,2024-09-30 17:21:16,10.8,0.0,1999.3,0.0,1988.5,0.0,0,0,0,0,0000000000000000000000000000000000000000
1,0x003A940,1727716877,2024-09-30 17:21:17,10.8,0.0,1999.3,0.0,1988.5,0.0,0,0,0,0,0000000000000000000000000000000000000000
1,0x003A980,1727716877,2024-09-30 17:21:17,10.8,0.0,1999.3,0.0,1988.5,0.0,0,0,0,0,0000000000000000000000000000000000000000
1,0x003A9C0,1727716878,2024-09-30 17:21:18,10.8,0.0,1999.3,0.0,1988.5,0.0,0,0,0,0,0000000000000000000000000000000000000000
1,0x003AA00,1727716881,2024-09-30 17:21:21,10.8,0.0,1999.3,0.0,1988.5,0.0,0,0,0,0,0000000000000000000000000000000000000000
1,0x003AA40,1727716882,2024-09-30 17:21:22,10.8,0.0,1999.3,0.0,1988.5,0.0,0,0,0,0,0000000000000000000000000000000000000000
1,0x003AA80,1727716882,2024-09-30 17:21:22,10.8,0.0,1999.3,0.0,1988.5,0.0,0,0,0,0,0000000000000000000000000000000000000000
1,0x003AAC0,1727716883,2024-09-30 17:21:23,10.8,0.0,1999.3,0.0,1988.5,0.0,0,0,0,0,0000000000000000000000000000000000000000
1,0x003AB00,1727716886,2024-09-30 17:21:26,10.8,0.0,1999.3,0.0,1988.5,0.0,0,0,0,0,0000000000000000000000000000000000000000
1,0x003AB40,1727716887,2024-09-30 17:21:27,10.8,0.0,1999.3,0.0,1988.5,0.0,0,0,0,0,0000000000000000000000000000000000000000
1,0x003AB80,1727716887,2024-09-30 17:21:27,10.8,0.0,1999.3,0.0,1988.5,0.0,0,0,0,0,0000000000000000000000000000000000000000
1,0x003ABC0,1727716888,2024-09-30 17:21:28,10.8,0.0,1999.3,0.0,1988.5,0.0,0,0,0,0,0000000000000000000000000000000000000000
1,0x003AC00,1727716891,2024-09-30 17:21:31,10.8,0.0,1999.3,0.0,1988.5,0.0,0,0,0,0,0000000000000000000000000000000000000000
1,0x003AC40,1727716892,2024-09-30 17:21:32,10.8,0.0,1999.3,0.0,1988.5,0.0,0,0,0,0,0000000000000000000000000000000000000000
1,0x003AC80,1727716892,2024-09-30 17:21:32,10.8,0.0,1999.3,0.0,1988.5,0.0,0,0,0,0,0000000000000000000000000000000000000000
1,0x003ACC0,1727716893,2024-09-30 17:21:33,10.8,0.0,1999.3,0.0,1988.5,0.0,0,0,0,0,0000000000000000000000000000000000000000
1,0x003AD00,1727716896,2024-09-30 17:21:36,10.8,0.0,1999.3,0.0,1988.5,0.0,0,0,0,0,0000000000000000000000000000000000000000
1,0x003AD40,1727716897,2024-09-30 17:21:37,10.8,0.0,1999.3,0.0,1988.5,0.0,0,0,0,0,0000000000000000000000000000000000000000
1,0x003AD80,1727716897,2024-09-30 17:21:37,10.8,0.0,1999.3,0.0,1988.5,0.0,0,0,0,0,0000000000000000000000000000000000000000
1,0x003ADC0,1727716898,2024-09-30 17:21:38,10.8,0.0,1999.3,0.0,1988.5,0.0,0,0,0,0,0000000000000000000000000000000000000000
1,0x003AE00,1727716901,2024-09-30 17:21:41,10.8,0.0,1999.3,0.0,1988.5,0.0,0,0,0,0,0000000000000000000000000000000000000000
1,0x003AE40,1727716902,2024-09-30 17:21:42,10.8,0.0,1999.3,0.0,1988.5,0.0,0,0,0,0,0000000000000000000000000000000000000000
1,0x003AE80,1727716902,2024-09-30 17:21:42,10.8,0.0,1999.3,0.0,1988.5,0.0,0,0,0,0,0000000000000000000000000000000000000000
1,0x003AEC0,1727716903,2024-09-30 17:21:43,10.8,0.0,1999.3,0.0,1988.5,0.0,0,0,0,0,0000000000000000000000000000000000000000
1,0x003AF00,1727716906,2024-09-30 17:21:46,10.8,0.0,1999.3,0.0,1988.5,0.0,0,0,0,0,0000000000000000000000000000000000000000
1,0x003AF40,1727716907,2024-09-30 17:21:47,10.8,0.0,1999.3,0.0,1988.5,0.0,0,0,0,0,0000000000000000000000000000000000000000
1,0x003AF80,1727716907,2024-09-30 17:21:47,10.8,0.0,1999.3,0.0,1988.5,0.0,0,0,0,0,0000000000000000000000000000000000000000
1,0x003AFC0,1727716908,2024-09-30 17:21:48,10.8,0.0,1999.3,0.0,1988.5,0.0,0,0,0,0,0000000000000000000000000000000000000000
1,0x003B000,1727716911,2024-09-30 17:21:51,10.8,0.0,1999.3,0.0,1988.5,0.0,0,0,0,0,0000000000000000000000000000000000000000
1,0x003B040,1727716912,2024-09-30 17:21:52,10.8,0.0,1999.3,0.0,1988.5,0.0,0,0,0,0,0000000000000000000000000000000000000000
1,0x003B080,1727716912,2024-09-30 17:21:52,10.8,0.0,1999.3,0.0,1988.5,0.0,0,0,0,0,0000000000000000000000000000000000000000
1,0x003B0C0,1727716913,2024-09-30 17:21:53,10.8,0.0,1999.3,0.0,1988.5,0.0,0,0,0,0,0000000000000000000000000000000000000000
1,0x003B100,1727716916,2024-09-30 17:21:56,10.8,0.0,1999.3,0.0,1988.5,0.0,0,0,0,0,0000000000000000000000000000000000000000
1,0x003B140,1727716917,2024-09-30 17:21:57,10.8,0.0,1999.3,0.0,1988.5,0.0,0,0,0,0,0000000000000000000000000000000000000000
1,0x003B180,1727716917,2024-09-30 17:21:57,10.8,0.0,1999.3,0.0,1988.5,0.0,0,0,0,0,0000000000000000000000000000000000000000
1,0x003B1C0,1727716918,2024-09-30 17:21:58,10.8,0.0,1999.3,0.0,1988.5,0.0,0,0,0,0,0000000000000000000000000000000000000000
1,0x003B200,1727716921,2024-09-30 17:22:01,10.8,0.0,1999.3,0.0,1988.5,0.0,0,0,0,0,0000000000000000000000000000000000000000
1,0x003B240,1727716922,2024-09-30 17:22:02,10.8,0.0,1999.3,0.0,1988.5,0.0,0,0,0,0,0000000000000000000000000000000000000000
1,0x003B280,1727716922,2024-09-30 17:22:02,10.8,0.0,1999.3,0.0,1988.5,0.0,0,0,0,0,0000000000000000000000000000000000000000
1,0x003B2C0,1727716923,2024-09-30 17:22:03,10.8,0.0,1999.3,0.0,1988.5,0.0,0,0,0,0,0000000000000000000000000000000000000000
1,0x003B300,1727716926,2024-09-30 17:22:06,10.8,0.0,1999.3,0.0,1988.5,0.0,0,0,0,0,0000000000000000000000000000000000000000
1,0x003B340,1727716927,2024-09-30 17:22:07,10.8,0.0,1999.3,0.0,1988.5,0.0,0,0,0,0,0000000000000000000000000000000000000000
1,0x003B380,1727716927,2024-09-30 17:22:07,10.8,0.0,1999.3,0.0,1988.5,0.0,0,0,0,0,0000000000000000000000000000000000000000
1,0x003B3C0,1727716928,2024-09-30 17:22:08,10.8,0.0,1999.3,0.0,1988.5,0.0,0,0,0,0,0000000000000000000000000000000000000000
1,0x003B400,1727716931,2024-09-30 17:22:11,10.8,0.0,1999.3,0.0,1988.5,0.0,0,0,0,0,0000000000000000000000000000000000000000
1,0x003B440,1727716932,2024-09-30 17:22:12,10.8,0.0,1999.3,0.0,1988.5,0.0,0,0,0,0,0000000000000000000000000000000000000000
1,0x003B480,1727716932,2024-09-30 17:22:12,10.8,0.0,1999.3,0.0,1988.5,0.0,0,0,0,0,0000000000000000000000000000000000000000
1,0x003B4C0,1727716933,2024-09-30 17:22:13,10.8,0.0,1999.3,0.0,1988.5,0.0,0,0,0,0,0000000000000000000000000000000000000000
1,0x003B500,1727716936,2024-09-30 17:22:16,10.8,0.0,1999.3,0.0,1988.5,0.0,0,0,0,0,0000000000000000000000000000000000000000
1,0x003B540,1727716937,2024-09-30 17:22:17,10.8,0.0,1999.3,0.0,1988.5,0.0,0,0,0,0,0000000000000000000000000000000000000000
1,0x003B580,1727716937,2024-09-30 17:22:17,10.8,0.0,1999.3,0.0,1988.5,0.0,0,0,0,0,0000000000000000000000000000000000000000
1,0x003B5C0,1727716938,2024-09-30 17:22:18,10.8,0.0,1999.3,0.0,1988.5,0.0,0,0,0,0,0000000000000000000000000000000000000000
1,0x003B600,1727716941,2024-09-30 17:22:21,10.8,0.0,1999.3,0.0,1988.5,0.0,0,0,0,0,0000000000000000000000000000000000000000
1,0x003B640,1727716942,2024-09-30 17:22:22,10.8,0.0,1999.3,0.0,1988.5,0.0,0,0,0,0,0000000000000000000000000000000000000000
1,0x003B680,1727716942,2024-09-30 17:22:22,10.8,0.0,1999.3,0.0,1988.5,0.0,0,0,0,0,0000000000000000000000000000000000000000
1,0x003B6C0,1727716943,2024-09-30 17:22:23,10.8,0.0,1999.3,0.0,1988.5,0.0,0,0,0,0,0000000000000000000000000000000000000000
1,0x003B700,1727716976,2024-09-30 17:22:56,10.8,0.0,1999.3,0.0,1988.5,0.0,0,0,0,0,0000000000000000000000000000000000000000
1,0x003B740,1727716977,2024-09-30 17:22:57,10.8,0.0,1999.3,0.0,1988.5,0.0,0,0,0,0,0000000000000000000000000000000000000000
1,0x003B780,1727716977,2024-09-30 17:22:57,10.8,0.0,1999.3,0.0,1988.5,0.0,0,0,0,0,0000000000000000000000000000000000000000
1,0x003B7C0,1727716978,2024-09-30 17:22:58,10.8,0.0,1999.3,0.0,1988.5,0.0,0,0,0,0,0000000000000000000000000000000000000000
1,0x003B800,1727716981,2024-09-30 17:23:01,10.8,0.0,1999.3,0.0,1988.5,0.0,0,0,0,0,0000000000000000000000000000000000000000
1,0x003B840,1727716982,2024-09-30 17:23:02,10.8,0.0,1999.3,0.0,1988.5,0.0,0,0,0,0,0000000000000000000000000000000000000000
1,0x003B880,1727716982,2024-09-30 17:23:02,10.8,0.0,1999.3,0.0,1988.5,0.0,0,0,0,0,0000000000000000000000000000000000000000
1,0x003B8C0,1727716983,2024-09-30 17:23:03,10.8,0.0,1999.3,0.0,1988.5,0.0,0,0,0,0,0000000000000000000000000000000000000000
1,0x003B900,1727716983,2024-09-30 17:23:03,10.8,10.8,1999.3,0.0,1988.5,0.0,0,0,0,0,0000000000000000000000000000000000000000
1,0x003B940,1727716984,2024-09-30 17:23:04,10.8,0.0,1999.3,0.0,1988.5,0.0,0,0,0,0,0000000000000000000000000000000000000000
1,0x003B980,1727716985,2024-09-30 17:23:05,10.8,0.0,1999.3,0.0,1988.5,0.0,0,0,0,0,0000000000000000000000000000000000000000
1,0x003B9C0,1727716985,2024-09-30 17:23:05,10.8,0.0,1999.3,0.0,1988.5,0.0,0,0,0,0,0000000000000000000000000000000000000000
1,0x003BA00,1727716986,2024-09-30 17:23:06,10.8,0.0,1999.3,0.0,1988.5,0.0,0,0,0,0,0000000000000000000000000000000000000000
1,0x003BA40,1727716987,2024-09-30 17:23:07,10.8,0.0,1999.3,0.0,1988.5,0.0,0,0,0,0,0000000000000000000000000000000000000000
1,0x003BA80,1727716987,2024-09-30 17:23:07,10.8,0.0,1999.3,0.0,1988.5,0.0,0,0,0,0,0000000000000000000000000000000000000000
1,0x003BAC0,1727716988,2024-09-30 17:23:08,10.8,0.0,1999.3,0.0,1988.5,0.0,0,0,0,0,0000000000000000000000000000000000000000
1,0x003BB00,1727716988,2024-09-30 17:23:08,10.8,10.8,1999.3,0.0,1988.5,0.0,0,0,0,0,0000000000000000000000000000000000000000
1,0x003BB40,1727716989,2024-09-30 17:23:09,10.8,0.0,1999.3,0.0,1988.5,0.0,0,0,0,0,0000000000000000000000000000000000000000
1,0x003BB80,1727716990,2024-09-30 17:23:10,10.8,0.0,1999.3,0.0,1988.5,0.0,0,0,0,0,0000000000000000000000000000000000000000
1,0x003BBC0,1727716990,2024-09-30 17:23:10,10.8,0.0,1999.3,0.0,1988.5,0.0,0,0,0,0,0000000000000000000000000000000000000000
1,0x003BC00,1727716991,2024-09-30 17:23:11,10.8,0.0,1999.3,0.0,1988.5,0.0,0,0,0,0,0000000000000000000000000000000000000000
1,0x003BC40,1727716992,2024-09-30 17:23:12,10.8,0.0,1999.3,0.0,1988.5,0.0,0,0,0,0,0000000000000000000000000000000000000000
1,0x003BC80,1727716992,2024-09-30 17:23:12,10.8,0.0,1999.3,0.0,1988.5,0.0,0,0,0,0,0000000000000000000000000000000000000000
1,0x003BCC0,1727716993,2024-09-30 17:23:13,10.8,0.0,1999.3,0.0,1988.5,0.0,0,0,0,0,0000000000000000000000000000000000000000
1,0x003BD00,1727716993,2024-09-30 17:23:13,10.8,10.8,1999.3,0.0,1988.5,0.0,0,0,0,0,0000000000000000000000000000000000000000
1,0x003BD40,1727716994,2024-09-30 17:23:14,10.8,0.0,1999.3,0.0,1988.5,0.0,0,0,0,0,0000000000000000000000000000000000000000
1,0x003BD80,1727716995,2024-09-30 17:23:15,10.8,0.0,1999.3,0.0,1988.5,0.0,0,0,0,0,0000000000000000000000000000000000000000
1,0x003BDC0,1727716995,2024-09-30 17:23:15,10.8,0.0,1999.3,0.0,1988.5,0.0,0,0,0,0,0000000000000000000000000000000000000000
1,0x003BE00,1727716996,2024-09-30 17:23:16,10.8,0.0,1999.3,0.0,1988.5,0.0,0,0,0,0,0000000000000000000000000000000000000000
1,0x003BE40,1727716997,2024-09-30 17:23:17,10.8,0.0,1999.3,0.0,1988.5,0.0,0,0,0,0,0000000000000000000000000000000000000000
1,0x003BE80,1727716997,2024-09-30 17:23:17,10.8,0.0,1999.3,0.0,1988.5,0.0,0,0,0,0,0000000000000000000000000000000000000000
1,0x003BEC0,1727716998,2024-09-30 17:23:18,10.8,0.0,1999.3,0.0,1988.5,0.0,0,0,0,0,0000000000000000000000000000000000000000
1,0x003BF00,1727716998,2024-09-30 17:23:18,10.8,10.8,1999.3,0.0,1988.5,0.0,0,0,0,0,0000000000000000000000000000000000000000
1,0x003BF40,1727716999,2024-09-30 17:23:19,10.8,0.0,1999.3,0.0,1988.5,0.0,0,0,0,0,0000000000000000000000000000000000000000
1,0x003BF80,1727717000,2024-09-30 17:23:20,10.8,0.0,1999.3,0.0,1988.5,0.0,0,0,0,0,0000000000000000000000000000000000000000
1,0x003BFC0,1727717000,2024-09-30 17:23:20,10.8,0.0,1999.3,0.0,1988.5,0.0,0,0,0,0,0000000000000000000000000000000000000000
1,0x003C000,1727717001,2024-09-30 17:23:21,10.8,0.0,1999.3,0.0,1988.5,0.0,0,0,0,0,0000000000000000000000000000000000000000
1,0x003C040,1727717002,2024-09-30 17:23:22,10.8,0.0,1999.3,0.0,1988.5,0.0,0,0,0,0,0000000000000000000000000000000000000000
1,0x003C080,1727717002,2024-09-30 17:23:22,10.8,0.0,1999.3,0.0,1988.5,0.0,0,0,0,0,0000000000000000000000000000000000000000
1,0x003C0C0,1727717003,2024-09-30 17:23:23,10.8,0.0,1999.3,0.0,1988.5,0.0,0,0,0,0,0000000000000000000000000000000000000000
1,0x003C100,1727717003,2024-09-30 17:23:23,10.8,10.8,1999.3,0.0,1988.5,0.0,0,0,0,0,0000000000000000000000000000000000000000
1,0x003C140,1727717004,2024-09-30 17:23:24,10.8,0.0,1999.3,0.0,1988.5,0.0,0,0,0,0,0000000000000000000000000000000000000000
1,0x003C180,1727717005,2024-09-30 17:23:25,10.8,0.0,1999.3,0.0,1988.5,0.0,0,0,0,0,0000000000000000000000000000000000000000
1,0x003C1C0,1727717005,2024-09-30 17:23:25,10.8,0.0,1999.3,0.0,1988.5,0.0,0,0,0,0,0000000000000000000000000000000000000000
1,0x003C200,1727717006,2024-09-30 17:23:26,10.8,0.0,1999.3,0.0,1988.5,0.0,0,0,0,0,0000000000000000000000000000000000000000
1,0x003C240,1727717007,2024-09-30 17:23:27,10.8,0.0,1999.3,0.0,1988.5,0.0,0,0,0,0,0000000000000000000000000000000000000000
1,0x003C280,1727717007,2024-09-30 17:23:27,10.8,0.0,1999.3,0.0,1988.5,0.0,0,0,0,0,0000000000000000000000000000000000000000
1,0x003C2C0,1727717008,2024-09-30 17:23:28,10.8,0.0,1999.3,0.0,1988.5,0.0,0,0,0,0,0000000000000000000000000000000000000000
1,0x003C300,1727717011,2024-09-30 17:23:31,10.8,0.0,1999.3,0.0,1988.5,0.0,0,0,0,0,0000000000000000000000000000000000000000
1,0x003C340,1727717012,2024-09-30 17:23:32,10.8,0.0,1999.3,0.0,1988.5,0.0,0,0,0,0,0000000000000000000000000000000000000000
1,0x003C380,1727717012,2024-09-30 17:23:32,10.8,0.0,1999.3,0.0,1988.5,0.0,0,0,0,0,0000000000000000000000000000000000000000
1,0x003C3C0,1727717013,2024-09-30 17:23:33,10.8,0.0,1999.3,0.0,1988.5,0.0,0,0,0,0,0000000000000000000000000000000000000000
1,0x003C400,1727717016,2024-09-30 17:23:36,10.8,0.0,1999.3,0.0,1988.5,0.0,0,0,0,0,0000000000000000000000000000000000000000
1,0x003C440,1727717017,2024-09-30 17:23:37,10.8,0.0,1999.3,0.0,1988.5,0.0,0,0,0,0,0000000000000000000000000000000000000000
1,0x003C480,1727717017,2024-09-30 17:23:37,10.8,0.0,1999.3,0.0,1988.5,0.0,0,0,0,0,0000000000000000000000000000000000000000
1,0x003C4C0,1727717018,2024-09-30 17:23:38,10.8,0.0,1999.3,0.0,1988.5,0.0,0,0,0,0,0000000000000000000000000000000000000000
1,0x003C500,1727717021,2024-09-30 17:23:41,10.8,0.0,1999.3,0.0,1988.5,0.0,0,0,0,0,0000000000000000000000000000000000000000
1,0x003C540,1727717022,2024-09-30 17:23:42,10.8,0.0,1999.3,0.0,1988.5,0.0,0,0,0,0,0000000000000000000000000000000000000000
1,0x003C580,1727717022,2024-09-30 17:23:42,10.8,0.0,1999.3,0.0,1988.5,0.0,0,0,0,0,0000000000000000000000000000000000000000
1,0x003C5C0,1727717023,2024-09-30 17:23:43,10.8,0.0,1999.3,0.0,1988.5,0.0,0,0,0,0,0000000000000000000000000000000000000000
1,0x003C600,1727717026,2024-09-30 17:23:46,10.8,0.0,1999.3,0.0,1988.5,0.0,0,0,0,0,0000000000000000000000000000000000000000
1,0x003C640,1727717027,2024-09-30 17:23:47,10.8,0.0,1999.3,0.0,1988.5,0.0,0,0,0,0,0000000000000000000000000000000000000000
1,0x003C680,1727717027,2024-09-30 17:23:47,10.8,0.0,1999.3,0.0,1988.5,0.0,0,0,0,0,0000000000000000000000000000000000000000
1,0x003C6C0,1727717028,2024-09-30 17:23:48,10.8,0.0,1999.3,0.0,1988.5,0.0,0,0,0,0,0000000000000000000000000000000000000000
1,0x003C700,1727717030,2024-09-30 17:23:50,10.8,0.0,1999.3,0.0,1988.5,1988.5,0,0,0,0,0000000000000000000000000000000000000000
1,0x003C740,1727717031,2024-09-30 17:23:51,10.8,0.0,1999.3,0.0,1988.5,0.0,0,0,0,0,0000000000000000000000000000000000000000
1,0x003C780,1727717031,2024-09-30 17:23:51,10.8,0.0,1999.3,0.0,1988.5,0.0,0,0,0,0,0000000000000000000000000000000000000000
1,0x003C7C0,1727717032,2024-09-30 17:23:52,10.8,0.0,1999.3,0.0,1988.5,0.0,0,0,0,0,0000000000000000000000000000000000000000
1,0x003C800,1727717033,2024-09-30 17:23:53,10.8,10.8,1999.3,0.0,1988.5,0.0,0,0,0,0,0000000000000000000000000000000000000000
1,0x003C840,1727717034,2024-09-30 17:23:54,10.8,0.0,1999.3,0.0,1988.5,0.0,0,0,0,0,0000000000000000000000000000000000000000
1,0x003C880,1727717035,2024-09-30 17:23:55,10.8,0.0,1999.3,0.0,1988.5,0.0,0,0,0,0,0000000000000000000000000000000000000000
1,0x003C8C0,1727717035,2024-09-30 17:23:55,10.8,0.0,1999.3,0.0,1988.5,1988.5,0,0,0,0,0000000000000000000000000000000000000000
1,0x003C900,1727717036,2024-09-30 17:23:56,10.8,0.0,1999.3,0.0,1988.5,0.0,0,0,0,0,0000000000000000000000000000000000000000
1,0x003C940,1727717036,2024-09-30 17:23:56,10.8,0.0,1999.3,0.0,1988.5,0.0,0,0,0,0,0000000000000000000000000000000000000000
1,0x003C980,1727717037,2024-09-30 17:23:57,10.8,0.0,1999.3,0.0,1988.5,0.0,0,0,0,0,0000000000000000000000000000000000000000
1,0x003C9C0,1727717037,2024-09-30 17:23:57,10.8,0.0,1999.3,0.0,1988.5,0.0,0,0,0,0,0000000000000000000000000000000000000000
1,0x003CA00,1727717038,2024-09-30 17:23:58,10.8,10.8,1999.3,0.0,1988.5,0.0,0,0,0,0,0000000000000000000000000000000000000000
1,0x003CA40,1727717039,2024-09-30 17:23:59,10.8,0.0,1999.3,0.0,1988.5,0.0,0,0,0,0,0000000000000000000000000000000000000000
1,0x003CA80,1727717040,2024-09-30 17:24:00,10.8,0.0,1999.3,0.0,1988.5,0.0,0,0,0,0,0000000000000000000000000000000000000000
1,0x003CAC0,1727717040,2024-09-30 17:24:00,10.8,0.0,1999.3,0.0,1988.5,1988.5,0,0,0,0,0000000000000000000000000000000000000000
1,0x003CB00,1727717041,2024-09-30 17:24:01,10.8,0.0,1999.3,0.0,1988.5,0.0,0,0,0,0,0000000000000000000000000000000000000000
1,0x003CB40,1727717041,2024-09-30 17:24:01,10.8,0.0,1999.3,0.0,1988.5,0.0,0,0,0,0,0000000000000000000000000000000000000000
1,0x003CB80,1727717042,2024-09-30 17:24:02,10.8,0.0,1999.3,0.0,1988.5,0.0,0,0,0,0,0000000000000000000000000000000000000000
1,0x003CBC0,1727717042,2024-09-30 17:24:02,10.8,0.0,1999.3,0.0,1988.5,0.0,0,0,0,0,0000000000000000000000000000000000000000
1,0x003CC00,1727717043,2024-09-30 17:24:03,10.8,10.8,1999.3,0.0,1988.5,0.0,0,0,0,0,0000000000000000000000000000000000000000
1,0x003CC40,1727717044,2024-09-30 17:24:04,10.8,0.0,1999.3,0.0,1988.5,0.0,0,0,0,0,0000000000000000000000000000000000000000
1,0x003CC80,1727717045,2024-09-30 17:24:05,10.8,0.0,1999.3,0.0,1988.5,0.0,0,0,0,0,0000000000000000000000000000000000000000
1,0x003CCC0,1727717045,2024-09-30 17:24:05,10.8,0.0,1999.3,0.0,1988.5,0.0,0,0,0,0,0000000000000000000000000000000000000000
1,0x003CD00,1727717046,2024-09-30 17:24:06,10.8,0.0,1999.3,0.0,1988.5,0.0,0,0,0,0,0000000000000000000000000000000000000000
1,0x003CD40,1727717047,2024-09-30 17:24:07,10.8,0.0,1999.3,0.0,1988.5,0.0,0,0,0,0,0000000000000000000000000000000000000000
1,0x003CD80,1727717047,2024-09-30 17:24:07,10.8,0.0,1999.3,0.0,1988.5,0.0,0,0,0,0,0000000000000000000000000000000000000000
1,0x003CDC0,1727717048,2024-09-30 17:24:08,10.8,0.0,1999.3,0.0,1988.5,0.0,0,0,0,0,0000000000000000000000000000000000000000
1,0x003CE00,1727717051,2024-09-30 17:24:11,10.8,0.0,1999.3,0.0,1988.5,0.0,0,0,0,0,0000000000000000000000000000000000000000
1,0x003CE40,1727717052,2024-09-30 17:24:12,10.8,0.0,1999.3,0.0,1988.5,0.0,0,0,0,0,0000000000000000000000000000000000000000
1,0x003CE80,1727717052,2024-09-30 17:24:12,10.8,0.0,1999.3,0.0,1988.5,0.0,0,0,0,0,0000000000000000000000000000000000000000
1,0x003CEC0,1727717053,2024-09-30 17:24:13,10.8,0.0,1999.3,0.0,1988.5,0.0,0,0,0,0,0000000000000000000000000000000000000000
1,0x003CF00,1727717056,2024-09-30 17:24:16,10.8,0.0,1999.3,0.0,1988.5,0.0,0,0,0,0,0000000000000000000000000000000000000000
1,0x003CF40,1727717057,2024-09-30 17:24:17,10.8,0.0,1999.3,0.0,1988.5,0.0,0,0,0,0,0000000000000000000000000000000000000000
1,0x003CF80,1727717057,2024-09-30 17:24:17,10.8,0.0,1999.3,0.0,1988.5,0.0,0,0,0,0,0000000000000000000000000000000000000000
1,0x003CFC0,1727717058,2024-09-30 17:24:18,10.8,0.0,1999.3,0.0,1988.5,0.0,0,0,0,0,0000000000000000000000000000000000000000
1,0x003D000,1727717061,2024-09-30 17:24:21,10.8,0.0,1999.3,0.0,1988.5,0.0,0,0,0,0,0000000000000000000000000000000000000000
1,0x003D040,1727717062,2024-09-30 17:24:22,10.8,0.0,1999.3,0.0,1988.5,0.0,0,0,0,0,0000000000000000000000000000000000000000
1,0x003D080,1727717062,2024-09-30 17:24:22,10.8,0.0,1999.3,0.0,1988.5,0.0,0,0,0,0,0000000000000000000000000000000000000000
1,0x003D0C0,1727717063,2024-09-30 17:24:23,10.8,0.0,1999.3,0.0,1988.5,0.0,0,0,0,0,0000000000000000000000000000000000000000
1,0x003D100,1727717066,2024-09-30 17:24:26,10.8,0.0,1999.3,0.0,1988.5,0.0,0,0,0,0,0000000000000000000000000000000000000000
1,0x003D140,1727717067,2024-09-30 17:24:27,10.8,0.0,1999.3,0.0,1988.5,0.0,0,0,0,0,0000000000000000000000000000000000000000
1,0x003D180,1727717067,2024-09-30 17:24:27,10.8,0.0,1999.3,0.0,1988.5,0.0,0,0,0,0,0000000000000000000000000000000000000000
1,0x003D1C0,1727717068,2024-09-30 17:24:28,10.8,0.0,1999.3,0.0,1988.5,0.0,0,0,0,0,0000000000000000000000000000000000000000
1,0x003D200,1727717071,2024-09-30 17:24:31,10.8,0.0,1999.3,0.0,1988.5,0.0,0,0,0,0,0000000000000000000000000000000000000000
1,0x003D240,1727717072,2024-09-30 17:24:32,10.8,0.0,1999.3,0.0,1988.5,0.0,0,0,0,0,0000000000000000000000000000000000000000
1,0x003D280,1727717072,2024-09-30 17:24:32,10.8,0.0,1999.3,0.0,1988.5,0.0,0,0,0,0,0000000000000000000000000000000000000000
1,0x003D2C0,1727717073,2024-09-30 17:24:33,10.8,0.0,1999.3,0.0,1988.5,0.0,0,0,0,0,0000000000000000000000000000000000000000
1,0x003D300,1727717076,2024-09-30 17:24:36,10.8,0.0,1999.3,0.0,1988.5,0.0,0,0,0,0,0000000000000000000000000000000000000000
1,0x003D340,1727717077,2024-09-30 17:24:37,10.8,0.0,1999.3,0.0,1988.5,0.0,0,0,0,0,0000000000000000000000000000000000000000
1,0x003D380,1727717077,2024-09-30 17:24:37,10.8,0.0,1999.3,0.0,1988.5,0.0,0,0,0,0,0000000000000000000000000000000000000000
1,0x003D3C0,1727717078,2024-09-30 17:24:38,10.8,0.0,1999.3,0.0,1988.5,0.0,0,0,0,0,0000000000000000000000000000000000000000
1,0x003D400,1727717081,2024-09-30 17:24:41,10.8,0.0,1999.3,0.0,1988.5,0.0,0,0,0,0,0000000000000000000000000000000000000000
1,0x003D440,1727717082,2024-09-30 17:24:42,10.8,0.0,1999.3,0.0,1988.5,0.0,0,0,0,0,0000000000000000000000000000000000000000
1,0x003D480,1727717082,2024-09-30 17:24:42,10.8,0.0,1999.3,0.0,1988.5,0.0,0,0,0,0,0000000000000000000000000000000000000000
1,0x003D4C0,1727717083,2024-09-30 17:24:43,10.8,0.0,1999.3,0.0,1988.5,0.0,0,0,0,0,0000000000000000000000000000000000000000
1,0x003D500,1727717086,2024-09-30 17:24:46,10.8,0.0,1999.3,0.0,1988.5,0.0,0,0,0,0,0000000000000000000000000000000000000000
1,0x003D540,1727717087,2024-09-30 17:24:47,10.8,0.0,1999.3,0.0,1988.5,0.0,0,0,0,0,0000000000000000000000000000000000000000
1,0x003D580,1727717087,2024-09-30 17:24:47,10.8,0.0,1999.3,0.0,1988.5,0.0,0,0,0,0,0000000000000000000000000000000000000000
1,0x003D5C0,1727717088,2024-09-30 17:24:48,10.8,0.0,1999.3,0.0,1988.5,0.0,0,0,0,0,0000000000000000000000000000000000000000
1,0x003D600,1727717091,2024-09-30 17:24:51,10.8,0.0,1999.3,0.0,1988.5,0.0,0,0,0,0,0000000000000000000000000000000000000000
1,0x003D640,1727717092,2024-09-30 17:24:52,10.8,0.0,1999.3,0.0,1988.5,0.0,0,0,0,0,0000000000000000000000000000000000000000
1,0x003D680,1727717092,2024-09-30 17:24:52,10.8,0.0,1999.3,0.0,1988.5,0.0,0,0,0,0,0000000000000000000000000000000000000000
1,0x003D6C0,1727717093,2024-09-30 17:24:53,10.8,0.0,1999.3,0.0,1988.5,0.0,0,0,0,0,0000000000000000000000000000000000000000
1,0x003D700,1727717096,2024-09-30 17:24:56,10.8,0.0,1999.3,0.0,1988.5,0.0,0,0,0,0,0000000000000000000000000000000000000000
1,0x003D740,1727717097,2024-09-30 17:24:57,10.8,0.0,1999.3,0.0,1988.5,0.0,0,0,0,0,0000000000000000000000000000000000000000
1,0x003D780,1727717097,2024-09-30 17:24:57,10.8,0.0,1999.3,0.0,1988.5,0.0,0,0,0,0,0000000000000000000000000000000000000000
1,0x003D7C0,1727717098,2024-09-30 17:24:58,10.8,0.0,1999.3,0.0,1988.5,0.0,0,0,0,0,0000000000000000000000000000000000000000
1,0x003D800,1727717101,2024-09-30 17:25:01,10.8,0.0,1999.3,0.0,1988.5,0.0,0,0,0,0,0000000000000000000000000000000000000000
1,0x003D840,1727717102,2024-09-30 17:25:02,10.8,0.0,1999.3,0.0,1988.5,0.0,0,0,0,0,0000000000000000000000000000000000000000
1,0x003D880,1727717102,2024-09-30 17:25:02,10.8,0.0,1999.3,0.0,1988.5,0.0,0,0,0,0,0000000000000000000000000000000000000000
1,0x003D8C0,1727717103,2024-09-30 17:25:03,10.8,0.0,1999.3,0.0,1988.5,0.0,0,0,0,0,0000000000000000000000000000000000000000
1,0x003D900,1727717106,2024-09-30 17:25:06,10.8,0.0,1999.3,0.0,1988.5,0.0,0,0,0,0,0000000000000000000000000000000000000000
1,0x003D940,1727717107,2024-09-30 17:25:07,10.8,0.0,1999.3,0.0,1988.5,0.0,0,0,0,0,0000000000000000000000000000000000000000
1,0x003D980,1727717107,2024-09-30 17:25:07,10.8,0.0,1999.3,0.0,1988.5,0.0,0,0,0,0,0000000000000000000000000000000000000000
1,0x003D9C0,1727717108,2024-09-30 17:25:08,10.8,0.0,1999.3,0.0,1988.5,0.0,0,0,0,0,0000000000000000000000000000000000000000
1,0x003DA00,1727717141,2024-09-30 17:25:41,10.8,0.0,1999.3,0.0,1988.5,0.0,0,0,0,0,0000000000000000000000000000000000000000
1,0x003DA40,1727717142,2024-09-30 17:25:42,10.8,0.0,1999.3,0.0,1988.5,0.0,0,0,0,0,0000000000000000000000000000000000000000
1,0x003DA80,1727717142,2024-09-30 17:25:42,10.8,0.0,1999.3,0.0,1988.5,0.0,0,0,0,0,0000000000000000000000000000000000000000
1,0x003DAC0,1727717143,2024-09-30 17:25:43,10.8,0.0,1999.3,0.0,1988.5,0.0,0,0,0,0,0000000000000000000000000000000000000000
1,0x003DB00,1727717146,2024-09-30 17:25:46,10.8,0.0,1999.3,0.0,1988.5,0.0,0,0,0,0,0000000000000000000000000000000000000000
1,0x003DB40,1727717147,2024-09-30 17:25:47,10.8,0.0,1999.3,0.0,1988.5,0.0,0,0,0,0,0000000000000000000000000000000000000000
1,0x003DB80,1727717147,2024-09-30 17:25:47,10.8,0.0,1999.3,0.0,1988.5,0.0,0,0,0,0,0000000000000000000000000000000000000000
1,0x003DBC0,1727717148,2024-09-30 17:25:48,10.8,0.0,1999.3,0.0,1988.5,0.0,0,0,0,0,0000000000000000000000000000000000000000
1,0x003DC00,1727717148,2024-09-30 17:25:48,10.8,10.8,1999.3,0.0,1988.5,0.0,0,0,0,0,0000000000000000000000000000000000000000
1,0x003DC40,1727717149,2024-09-30 17:25:49,10.8,0.0,1999.3,0.0,1988.5,0.0,0,0,0,0,0000000000000000000000000000000000000000
1,0x003DC80,1727717150,2024-09-30 17:25:50,10.8,0.0,1999.3,0.0,1988.5,0.0,0,0,0,0,0000000000000000000000000000000000000000
1,0x003DCC0,1727717150,2024-09-30 17:25:50,10.8,0.0,1999.3,0.0,1988.5,0.0,0,0,0,0,0000000000000000000000000000000000000000
1,0x003DD00,1727717151,2024-09-30 17:25:51,10.8,0.0,1999.3,0.0,1988.5,0.0,0,0,0,0,0000000000000000000000000000000000000000
1,0x003DD40,1727717152,2024-09-30 17:25:52,10.8,0.0,1999.3,0.0,1988.5,0.0,0,0,0,0,0000000000000000000000000000000000000000
1,0x003DD80,1727717152,2024-09-30 17:25:52,10.8,0.0,1999.3,0.0,1988.5,0.0,0,0,0,0,0000000000000000000000000000000000000000
1,0x003DDC0,1727717153,2024-09-30 17:25:53,10.8,0.0,1999.3,0.0,1988.5,0.0,0,0,0,0,0000000000000000000000000000000000000000
1,0x003DE00,1727717153,2024-09-30 17:25:53,10.8,10.8,1999.3,0.0,1988.5,0.0,0,0,0,0,0000000000000000000000000000000000000000
1,0x003DE40,1727717154,2024-09-30 17:25:54,10.8,0.0,1999.3,0.0,1988.5,0.0,0,0,0,0,0000000000000000000000000000000000000000
1,0x003DE80,1727717155,2024-09-30 17:25:55,10.8,0.0,1999.3,0.0,1988.5,0.0,0,0,0,0,0000000000000000000000000000000000000000
1,0x003DEC0,1727717155,2024-09-30 17:25:55,10.8,0.0,1999.3,0.0,1988.5,0.0,0,0,0,0,0000000000000000000000000000000000000000
1,0x003DF00,1727717156,2024-09-30 17:25:56,10.8,0.0,1999.3,0.0,1988.5,0.0,0,0,0,0,0000000000000000000000000000000000000000
1,0x003DF40,1727717157,2024-09-30 17:25:57,10.8,0.0,1999.3,0.0,1988.5,0.0,0,0,0,0,0000000000000000000000000000000000000000
1,0x003DF80,1727717157,2024-09-30 17:25:57,10.8,0.0,1999.3,0.0,1988.5,0.0,0,0,0,0,0000000000000000000000000000000000000000
1,0x003DFC0,1727717158,2024-09-30 17:25:58,10.8,0.0,1999.3,0.0,1988.5,0.0,0,0,0,0,0000000000000000000000000000000000000000
1,0x003E000,1727717158,2024-09-30 17:25:58,10.8,10.8,1999.3,0.0,1988.5,0.0,0,0,0,0,0000000000000000000000000000000000000000
1,0x003E040,1727717159,2024-09-30 17:25:59,10.8,0.0,1999.3,0.0,1988.5,0.0,0,0,0,0,0000000000000000000000000000000000000000
1,0x003E080,1727717160,2024-09-30 17:26:00,10.8,0.0,1999.3,0.0,1988.5,0.0,0,0,0,0,0000000000000000000000000000000000000000
1,0x003E0C0,1727717160,2024-09-30 17:26:00,10.8,0.0,1999.3,0.0,1988.5,0.0,0,0,0,0,0000000000000000000000000000000000000000
1,0x003E100,1727717161,2024-09-30 17:26:01,10.8,0.0,1999.3,0.0,1988.5,0.0,0,0,0,0,0000000000000000000000000000000000000000
1,0x003E140,1727717162,2024-09-30 17:26:02,10.8,0.0,1999.3,0.0,1988.5,0.0,0,0,0,0,0000000000000000000000000000000000000000
1,0x003E180,1727717162,2024-09-30 17:26:02,10.8,0.0,1999.3,0.0,1988.5,0.0,0,0,0,0,0000000000000000000000000000000000000000
1,0x003E1C0,1727717163,2024-09-30 17:26:03,10.8,0.0,1999.3,0.0,1988.5,0.0,0,0,0,0,0000000000000000000000000000000000000000
1,0x003E200,1727717163,2024-09-30 17:26:03,10.8,10.8,1999.3,0.0,1988.5,0.0,0,0,0,0,0000000000000000000000000000000000000000
1,0x003E240,1727717164,2024-09-30 17:26:04,10.8,0.0,1999.3,0.0,1988.5,0.0,0,0,0,0,0000000000000000000000000000000000000000
1,0x003E280,1727717165,2024-09-30 17:26:05,10.8,0.0,1999.3,0.0,1988.5,0.0,0,0,0,0,0000000000000000000000000000000000000000
1,0x003E2C0,1727717165,2024-09-30 17:26:05,10.8,0.0,1999.3,0.0,1988.5,0.0,0,0,0,0,0000000000000000000000000000000000000000
1,0x003E300,1727717166,2024-09-30 17:26:06,10.8,0.0,1999.3,0.0,1988.5,0.0,0,0,0,0,0000000000000000000000000000000000000000
1,0x003E340,1727717167,2024-09-30 17:26:07,10.8,0.0,1999.3,0.0,1988.5,0.0,0,0,0,0,0000000000000000000000000000000000000000
1,0x003E380,1727717167,2024-09-30 17:26:07,10.8,0.0,1999.3,0.0,1988.5,0.0,0,0,0,0,0000000000000000000000000000000000000000
1,0x003E3C0,1727717168,2024-09-30 17:26:08,10.8,0.0,1999.3,0.0,1988.5,0.0,0,0,0,0,0000000000000000000000000000000000000000
1,0x003E400,1727717171,2024-09-30 17:26:11,10.8,0.0,1999.3,0.0,1988.5,0.0,0,0,0,0,0000000000000000000000000000000000000000
1,0x003E440,1727717172,2024-09-30 17:26:12,10.8,0.0,1999.3,0.0,1988.5,0.0,0,0,0,0,0000000000000000000000000000000000000000
1,0x003E480,1727717172,2024-09-30 17:26:12,10.8,0.0,1999.3,0.0,1988.5,0.0,0,0,0,0,0000000000000000000000000000000000000000
1,0x003E4C0,1727717173,2024-09-30 17:26:13,10.8,0.0,1999.3,0.0,1988.5,0.0,0,0,0,0,0000000000000000000000000000000000000000
1,0x003E500,1727717176,2024-09-30 17:26:16,10.8,0.0,1999.3,0.0,1988.5,0.0,0,0,0,0,0000000000000000000000000000000000000000
1,0x003E540,1727717177,2024-09-30 17:26:17,10.8,0.0,1999.3,0.0,1988.5,0.0,0,0,0,0,0000000000000000000000000000000000000000
1,0x003E580,1727717177,2024-09-30 17:26:17,10.8,0.0,1999.3,0.0,1988.5,0.0,0,0,0,0,0000000000000000000000000000000000000000
1,0x003E5C0,1727717178,2024-09-30 17:26:18,10.8,0.0,1999.3,0.0,1988.5,0.0,0,0,0,0,0000000000000000000000000000000000000000
1,0x003E600,1727717181,2024-09-30 17:26:21,10.8,0.0,1999.3,0.0,1988.5,0.0,0,0,0,0,0000000000000000000000000000000000000000
1,0x003E640,1727717182,2024-09-30 17:26:22,10.8,0.0,1999.3,0.0,1988.5,0.0,0,0,0,0,0000000000000000000000000000000000000000
1,0x003E680,1727717182,2024-09-30 17:26:22,10.8,0.0,1999.3,0.0,1988.5,0.0,0,0,0,0,0000000000000000000000000000000000000000
1,0x003E6C0,1727717183,2024-09-30 17:26:23,10.8,0.0,1999.3,0.0,1988.5,0.0,0,0,0,0,0000000000000000000000000000000000000000
1,0x003E700,1727717186,2024-09-30 17:26:26,10.8,0.0,1999.3,0.0,1988.5,0.0,0,0,0,0,0000000000000000000000000000000000000000
1,0x003E740,1727717187,2024-09-30 17:26:27,10.8,0.0,1999.3,0.0,1988.5,0.0,0,0,0,0,0000000000000000000000000000000000000000
1,0x003E780,1727717187,2024-09-30 17:26:27,10.8,0.0,1999.3,0.0,1988.5,0.0,0,0,0,0,0000000000000000000000000000000000000000
1,0x003E7C0,1727717188,2024-09-30 17:26:28,10.8,0.0,1999.3,0.0,1988.5,0.0,0,0,0,0,0000000000000000000000000000000000000000
1,0x003E800,1727717191,2024-09-30 17:26:31,10.8,0.0,1999.3,0.0,1988.5,0.0,0,0,0,0,0000000000000000000000000000000000000000
1,0x003E840,1727717192,2024-09-30 17:26:32,10.8,0.0,1999.3,0.0,1988.5,0.0,0,0,0,0,0000000000000000000000000000000000000000
1,0x003E880,1727717192,2024-09-30 17:26:32,10.8,0.0,1999.3,0.0,1988.5,0.0,0,0,0,0,0000000000000000000000000000000000000000
1,0x003E8C0,1727717193,2024-09-30 17:26:33,10.8,0.0,1999.3,0.0,1988.5,0.0,0,0,0,0,0000000000000000000000000000000000000000
1,0x003E900,1727717195,2024-09-30 17:26:35,10.8,0.0,1999.3,0.0,1988.5,1988.5,0,0,0,0,0000000000000000000000000000000000000000
1,0x003E940,1727717196,2024-09-30 17:26:36,10.8,0.0,1999.3,0.0,1988.5,0.0,0,0,0,0,0000000000000000000000000000000000000000
1,0x003E980,1727717196,2024-09-30 17:26:36,10.8,0.0,1999.3,0.0,1988.5,0.0,0,0,0,0,0000000000000000000000000000000000000000
1,0x003E9C0,1727717197,2024-09-30 17:26:37,10.8,0.0,1999.3,0.0,1988.5,0.0,0,0,0,0,0000000000000000000000000000000000000000
1,0x003EA00,1727717198,2024-09-30 17:26:38,10.8,10.8,1999.3,0.0,1988.5,0.0,0,0,0,0,0000000000000000000000000000000000000000
1,0x003EA40,1727717199,2024-09-30 17:26:39,10.8,0.0,1999.3,0.0,1988.5,0.0,0,0,0,0,0000000000000000000000000000000000000000
1,0x003EA80,1727717200,2024-09-30 17:26:40,10.8,0.0,1999.3,0.0,1988.5,0.0,0,0,0,0,0000000000000000000000000000000000000000
1,0x003EAC0,1727717200,2024-09-30 17:26:40,10.8,0.0,1999.3,0.0,1988.5,1988.5,0,0,0,0,0000000000000000000000000000000000000000
1,0x003EB00,1727717201,2024-09-30 17:26:41,10.8,0.0,1999.3,0.0,1988.5,0.0,0,0,0,0,0000000000000000000000000000000000000000
1,0x003EB40,1727717201,2024-09-30 17:26:41,10.8,0.0,1999.3,0.0,1988.5,0.0,0,0,0,0,0000000000000000000000000000000000000000
1,0x003EB80,1727717202,2024-09-30 17:26:42,10.8,0.0,1999.3,0.0,1988.5,0.0,0,0,0,0,0000000000000000000000000000000000000000
1,0x003EBC0,1727717202,2024-09-30 17:26:42,10.8,0.0,1999.3,0.0,1988.5,0.0,0,0,0,0,0000000000000000000000000000000000000000
1,0x003EC00,1727717203,2024-09-30 17:26:43,10.8,10.8,1999.3,0.0,1988.5,0.0,0,0,0,0,0000000000000000000000000000000000000000
1,0x003EC40,1727717204,2024-09-30 17:26:44,10.8,0.0,1999.3,0.0,1988.5,0.0,0,0,0,0,0000000000000000000000000000000000000000
1,0x003EC80,1727717205,2024-09-30 17:26:45,10.8,0.0,1999.3,0.0,1988.5,0.0,0,0,0,0,0000000000000000000000000000000000000000
1,0x003ECC0,1727717205,2024-09-30 17:26:45,10.8,0.0,1999.3,0.0,1988.5,1988.5,0,0,0,0,0000000000000000000000000000000000000000
1,0x003ED00,1727717206,2024-09-30 17:26:46,10.8,0.0,1999.3,0.0,1988.5,0.0,0,0,0,0,0000000000000000000000000000000000000000
1,0x003ED40,1727717206,2024-09-30 17:26:46,10.8,0.0,1999.3,0.0,1988.5,0.0,0,0,0,0,0000000000000000000000000000000000000000
1,0x003ED80,1727717207,2024-09-30 17:26:47,10.8,0.0,1999.3,0.0,1988.5,0.0,0,0,0,0,0000000000000000000000000000000000000000
1,0x003EDC0,1727717207,2024-09-30 17:26:47,10.8,0.0,1999.3,0.0,1988.5,0.0,0,0,0,0,0000000000000000000000000000000000000000
1,0x003EE00,1727717208,2024-09-30 17:26:48,10.8,10.8,1999.3,0.0,1988.5,0.0,0,0,0,0,0000000000000000000000000000000000000000
1,0x003EE40,1727717209,2024-09-30 17:26:49,10.8,0.0,1999.3,0.0,1988.5,0.0,0,0,0,0,0000000000000000000000000000000000000000
1,0x003EE80,1727717210,2024-09-30 17:26:50,10.8,0.0,1999.3,0.0,1988.5,0.0,0,0,0,0,0000000000000000000000000000000000000000
1,0x003EEC0,1727717210,2024-09-30 17:26:50,10.8,0.0,1999.3,0.0,1988.5,1988.5,0,0,0,0,0000000000000000000000000000000000000000
1,0x003EF00,1727717211,2024-09-30 17:26:51,10.8,0.0,1999.3,0.0,1988.5,0.0,0,0,0,0,0000000000000000000000000000000000000000
1,0x003EF40,1727717211,2024-09-30 17:26:51,10.8,0.0,1999.3,0.0,1988.5,0.0,0,0,0,0,0000000000000000000000000000000000000000
1,0x003EF80,1727717212,2024-09-30 17:26:52,10.8,0.0,1999.3,0.0,1988.5,0.0,0,0,0,0,0000000000000000000000000000000000000000
1,0x003EFC0,1727717212,2024-09-30 17:26:52,10.8,0.0,1999.3,0.0,1988.5,0.0,0,0,0,0,0000000000000000000000000000000000000000
1,0x003F000,1727717213,2024-09-30 17:26:53,10.8,10.8,1999.3,0.0,1988.5,0.0,0,0,0,0,0000000000000000000000000000000000000000
1,0x003F040,1727717214,2024-09-30 17:26:54,10.8,0.0,1999.3,0.0,1988.5,0.0,0,0,0,0,0000000000000000000000000000000000000000
1,0x003F080,1727717215,2024-09-30 17:26:55,10.8,0.0,1999.3,0.0,1988.5,0.0,0,0,0,0,0000000000000000000000000000000000000000
1,0x003F0C0,1727717215,2024-09-30 17:26:55,10.8,0.0,1999.3,0.0,1988.5,0.0,0,0,0,0,0000000000000000000000000000000000000000
1,0x003F100,1727717216,2024-09-30 17:26:56,10.8,0.0,1999.3,0.0,1988.5,0.0,0,0,0,0,0000000000000000000000000000000000000000
1,0x003F140,1727717217,2024-09-30 17:26:57,10.8,0.0,1999.3,0.0,1988.5,0.0,0,0,0,0,0000000000000000000000000000000000000000
1,0x003F180,1727717217,2024-09-30 17:26:57,10.8,0.0,1999.3,0.0,1988.5,0.0,0,0,0,0,0000000000000000000000000000000000000000
1,0x003F1C0,1727717218,2024-09-30 17:26:58,10.8,0.0,1999.3,0.0,1988.5,0.0,0,0,0,0,0000000000000000000000000000000000000000
1,0x003F200,1727717221,2024-09-30 17:27:01,10.8,0.0,1999.3,0.0,1988.5,0.0,0,0,0,0,0000000000000000000000000000000000000000
1,0x003F240,1727717222,2024-09-30 17:27:02,10.8,0.0,1999.3,0.0,1988.5,0.0,0,0,0,0,0000000000000000000000000000000000000000
1,0x003F280,1727717222,2024-09-30 17:27:02,10.8,0.0,1999.3,0.0,1988.5,0.0,0,0,0,0,0000000000000000000000000000000000000000
1,0x003F2C0,1727717223,2024-09-30 17:27:03,10.8,0.0,1999.3,0.0,1988.5,0.0,0,0,0,0,0000000000000000000000000000000000000000
1,0x003F300,1727717226,2024-09-30 17:27:06,10.8,0.0,1999.3,0.0,1988.5,0.0,0,0,0,0,0000000000000000000000000000000000000000
1,0x003F340,1727717227,2024-09-30 17:27:07,10.8,0.0,1999.3,0.0,1988.5,0.0,0,0,0,0,0000000000000000000000000000000000000000
1,0x003F380,1727717227,2024-09-30 17:27:07,10.8,0.0,1999.3,0.0,1988.5,0.0,0,0,0,0,0000000000000000000000000000000000000000
1,0x003F3C0,1727717228,2024-09-30 17:27:08,10.8,0.0,1999.3,0.0,1988.5,0.0,0,0,0,0,0000000000000000000000000000000000000000
1,0x003F400,1727717231,2024-09-30 17:27:11,10.8,0.0,1999.3,0.0,1988.5,0.0,0,0,0,0,0000000000000000000000000000000000000000
1,0x003F440,1727717232,2024-09-30 17:27:12,10.8,0.0,1999.3,0.0,1988.5,0.0,0,0,0,0,0000000000000000000000000000000000000000
1,0x003F480,1727717232,2024-09-30 17:27:12,10.8,0.0,1999.3,0.0,1988.5,0.0,0,0,0,0,0000000000000000000000000000000000000000
1,0x003F4C0,1727717233,2024-09-30 17:27:13,10.8,0.0,1999.3,0.0,1988.5,0.0,0,0,0,0,0000000000000000000000000000000000000000
1,0x003F500,1727717236,2024-09-30 17:27:16,10.8,0.0,1999.3,0.0,1988.5,0.0,0,0,0,0,0000000000000000000000000000000000000000
1,0x003F540,1727717237,2024-09-30 17:27:17,10.8,0.0,1999.3,0.0,1988.5,0.0,0,0,0,0,0000000000000000000000000000000000000000
1,0x003F580,1727717237,2024-09-30 17:27:17,10.8,0.0,1999.3,0.0,1988.5,0.0,0,0,0,0,0000000000000000000000000000000000000000
1,0x003F5C0,1727717238,2024-09-30 17:27:18,10.8,0.0,1999.3,0.0,1988.5,0.0,0,0,0,0,0000000000000000000000000000000000000000
1,0x003F600,1727717241,2024-09-30 17:27:21,10.8,0.0,1999.3,0.0,1988.5,0.0,0,0,0,0,0000000000000000000000000000000000000000
1,0x003F640,1727717242,2024-09-30 17:27:22,10.8,0.0,1999.3,0.0,1988.5,0.0,0,0,0,0,0000000000000000000000000000000000000000
1,0x003F680,1727717242,2024-09-30 17:27:22,10.8,0.0,1999.3,0.0,1988.5,0.0,0,0,0,0,0000000000000000000000000000000000000000
1,0x003F6C0,1727717243,2024-09-30 17:27:23,10.8,0.0,1999.3,0.0,1988.5,0.0,0,0,0,0,0000000000000000000000000000000000000000
1,0x003F700,1727717246,2024-09-30 17:27:26,10.8,0.0,1999.3,0.0,1988.5,0.0,0,0,0,0,0000000000000000000000000000000000000000
1,0x003F740,1727717247,2024-09-30 17:27:27,10.8,0.0,1999.3,0.0,1988.5,0.0,0,0,0,0,0000000000000000000000000000000000000000
1,0x003F780,1727717247,2024-09-30 17:27:27,10.8,0.0,1999.3,0.0,1988.5,0.0,0,0,0,0,0000000000000000000000000000000000000000
1,0x003F7C0,1727717248,2024-09-30 17:27:28,10.8,0.0,1999.3,0.0,1988.5,0.0,0,0,0,0,0000000000000000000000000000000000000000
1,0x003F800,1727717251,2024-09-30 17:27:31,10.8,0.0,1999.3,0.0,1988.5,0.0,0,0,0,0,0000000000000000000000000000000000000000
1,0x003F840,1727717252,2024-09-30 17:27:32,10.8,0.0,1999.3,0.0,1988.5,0.0,0,0,0,0,0000000000000000000000000000000000000000
1,0x003F880,1727717252,2024-09-30 17:27:32,10.8,0.0,1999.3,0.0,1988.5,0.0,0,0,0,0,0000000000000000000000000000000000000000
1,0x003F8C0,1727717253,2024-09-30 17:27:33,10.8,0.0,1999.3,0.0,1988.5,0.0,0,0,0,0,0000000000000000000000000000000000000000
1,0x003F900,1727717256,2024-09-30 17:27:36,10.8,0.0,1999.3,0.0,1988.5,0.0,0,0,0,0,0000000000000000000000000000000000000000
1,0x003F940,1727717257,2024-09-30 17:27:37,10.8,0.0,1999.3,0.0,1988.5,0.0,0,0,0,0,0000000000000000000000000000000000000000
1,0x003F980,1727717257,2024-09-30 17:27:37,10.8,0.0,1999.3,0.0,1988.5,0.0,0,0,0,0,0000000000000000000000000000000000000000
1,0x003F9C0,1727717258,2024-09-30 17:27:38,10.8,0.0,1999.3,0.0,1988.5,0.0,0,0,0,0,0000000000000000000000000000000000000000
1,0x003FA00,1727717261,2024-09-30 17:27:41,10.8,0.0,1999.3,0.0,1988.5,0.0,0,0,0,0,0000000000000000000000000000000000000000
1,0x003FA40,1727717262,2024-09-30 17:27:42,10.8,0.0,1999.3,0.0,1988.5,0.0,0,0,0,0,0000000000000000000000000000000000000000
1,0x003FA80,1727717262,2024-09-30 17:27:42,10.8,0.0,1999.3,0.0,1988.5,0.0,0,0,0,0,0000000000000000000000000000000000000000
1,0x003FAC0,1727717263,2024-09-30 17:27:43,10.8,0.0,1999.3,0.0,1988.5,0.0,0,0,0,0,0000000000000000000000000000000000000000
1,0x003FB00,1727717266,2024-09-30 17:27:46,10.8,0.0,1999.3,0.0,1988.5,0.0,0,0,0,0,0000000000000000000000000000000000000000
1,0x003FB40,1727717267,2024-09-30 17:27:47,10.8,0.0,1999.3,0.0,1988.5,0.0,0,0,0,0,0000000000000000000000000000000000000000
1,0x003FB80,1727717267,2024-09-30 17:27:47,10.8,0.0,1999.3,0.0,1988.5,0.0,0,0,0,0,0000000000000000000000000000000000000000
1,0x003FBC0,1727717268,2024-09-30 17:27:48,10.8,0.0,1999.3,0.0,1988.5,0.0,0,0,0,0,0000000000000000000000000000000000000000
1,0x003FC00,1727717271,2024-09-30 17:27:51,10.8,0.0,1999.3,0.0,1988.5,0.0,0,0,0,0,0000000000000000000000000000000000000000
1,0x003FC40,1727717272,2024-09-30 17:27:52,10.8,0.0,1999.3,0.0,1988.5,0.0,0,0,0,0,0000000000000000000000000000000000000000
1,0x003FC80,1727717272,2024-09-30 17:27:52,10.8,0.0,1999.3,0.0,1988.5,0.0,0,0,0,0,0000000000000000000000000000000000000000
1,0x003FCC0,1727717273,2024-09-30 17:27:53,10.8,0.0,1999.3,0.0,1988.5,0.0,0,0,0,0,0000000000000000000000000000000000000000
1,0x003FD00,1727717296,2024-09-30 17:28:16,10.8,0.0,1999.3,0.0,1988.5,0.0,0,0,0,0,0000000000000000000000000000000000000000
1,0x003FD40,1727717297,2024-09-30 17:28:17,10.8,0.0,1999.3,0.0,1988.5,0.0,0,0,0,0,0000000000000000000000000000000000000000
1,0x003FD80,1727717297,2024-09-30 17:28:17,10.8,0.0,1999.3,0.0,1988.5,0.0,0,0,0,0,0000000000000000000000000000000000000000
1,0x003FDC0,1727717298,2024-09-30 17:28:18,10.8,0.0,1999.3,0.0,1988.5,0.0,0,0,0,0,0000000000000000000000000000000000000000
1,0x003FE00,1727717298,2024-09-30 17:28:18,10.8,10.8,1999.3,0.0,1988.5,0.0,0,0,0,0,0000000000000000000000000000000000000000
1,0x003FE40,1727717299,2024-09-30 17:28:19,10.8,0.0,1999.3,0.0,1988.5,0.0,0,0,0,0,0000000000000000000000000000000000000000
1,0x003FE80,1727717300,2024-09-30 17:28:20,10.8,0.0,1999.3,0.0,1988.5,0.0,0,0,0,0,0000000000000000000000000000000000000000
1,0x003FEC0,1727717300,2024-09-30 17:28:20,10.8,0.0,1999.3,0.0,1988.5,0.0,0,0,0,0,0000000000000000000000000000000000000000
1,0x003FF00,1727717301,2024-09-30 17:28:21,10.8,0.0,1999.3,0.0,1988.5,0.0,0,0,0,0,0000000000000000000000000000000000000000
1,0x003FF40,1727717302,2024-09-30 17:28:22,10.8,0.0,1999.3,0.0,1988.5,0.0,0,0,0,0,0000000000000000000000000000000000000000
1,0x003FF80,1727717302,2024-09-30 17:28:22,10.8,0.0,1999.3,0.0,1988.5,0.0,0,0,0,0,0000000000000000000000000000000000000000
1,0x003FFC0,1727717303,2024-09-30 17:28:23,10.8,0.0,1999.3,0.0,1988.5,0.0,0,0,0,0,0000000000000000000000000000000000000000
1,0x0040000,1727717303,2024-09-30 17:28:23,10.8,10.8,1999.3,0.0,1988.5,0.0,0,0,0,0,0000000000000000000000000000000000000000
1,0x0040040,1727717304,2024-09-30 17:28:24,10.8,0.0,1999.3,0.0,1988.5,0.0,0,0,0,0,0000000000000000000000000000000000000000
1,0x0040080,1727717305,2024-09-30 17:28:25,10.8,0.0,1999.3,0.0,1988.5,0.0,0,0,0,0,0000000000000000000000000000000000000000
1,0x00400C0,1727717305,2024-09-30 17:28:25,10.8,0.0,1999.3,0.0,1988.5,0.0,0,0,0,0,0000000000000000000000000000000000000000
1,0x0040100,1727717306,2024-09-30 17:28:26,10.8,0.0,1999.3,0.0,1988.5,0.0,0,0,0,0,0000000000000000000000000000000000000000
1,0x0040140,1727717307,2024-09-30 17:28:27,10.8,0.0,1999.3,0.0,1988.5,0.0,0,0,0,0,0000000000000000000000000000000000000000
1,0x0040180,1727717307,2024-09-30 17:28:27,10.8,0.0,1999.3,0.0,1988.5,0.0,0,0,0,0,0000000000000000000000000000000000000000
1,0x00401C0,1727717308,2024-09-30 17:28:28,10.8,0.0,1999.3,0.0,1988.5,0.0,0,0,0,0,0000000000000000000000000000000000000000
1,0x0040200,1727717308,2024-09-30 17:28:28,10.8,10.8,1999.3,0.0,1988.5,0.0,0,0,0,0,0000000000000000000000000000000000000000
1,0x0040240,1727717309,2024-09-30 17:28:29,10.8,0.0,1999.3,0.0,1988.5,0.0,0,0,0,0,0000000000000000000000000000000000000000
1,0x0040280,1727717310,2024-09-30 17:28:30,10.8,0.0,1999.3,0.0,1988.5,0.0,0,0,0,0,0000000000000000000000000000000000000000
1,0x00402C0,1727717310,2024-09-30 17:28:30,10.8,0.0,1999.3,0.0,1988.5,0.0,0,0,0,0,0000000000000000000000000000000000000000
1,0x0040300,1727717311,2024-09-30 17:28:31,10.8,0.0,1999.3,0.0,1988.5,0.0,0,0,0,0,0000000000000000000000000000000000000000
1,0x0040340,1727717312,2024-09-30 17:28:32,10.8,0.0,1999.3,0.0,1988.5,0.0,0,0,0,0,0000000000000000000000000000000000000000
1,0x0040380,1727717312,2024-09-30 17:28:32,10.8,0.0,1999.3,0.0,1988.5,0.0,0,0,0,0,0000000000000000000000000000000000000000
1,0x00403C0,1727717313,2024-09-30 17:28:33,10.8,0.0,1999.3,0.0,1988.5,0.0,0,0,0,0,0000000000000000000000000000000000000000
1,0x0040400,1727717313,2024-09-30 17:28:33,10.8,10.8,1999.3,0.0,1988.5,0.0,0,0,0,0,0000000000000000000000000000000000000000
1,0x0040440,1727717314,2024-09-30 17:28:34,10.8,0.0,1999.3,0.0,1988.5,0.0,0,0,0,0,0000000000000000000000000000000000000000
1,0x0040480,1727717315,2024-09-30 17:28:35,10.8,0.0,1999.3,0.0,1988.5,0.0,0,0,0,0,0000000000000000000000000000000000000000
1,0x00404C0,1727717315,2024-09-30 17:28:35,10.8,0.0,1999.3,0.0,1988.5,0.0,0,0,0,0,0000000000000000000000000000000000000000
1,0x0040500,1727717316,2024-09-30 17:28:36,10.8,0.0,1999.3,0.0,1988.5,0.0,0,0,0,0,0000000000000000000000000000000000000000
1,0x0040540,1727717317,2024-09-30 17:28:37,10.8,0.0,1999.3,0.0,1988.5,0.0,0,0,0,0,0000000000000000000000000000000000000000
1,0x0040580,1727717317,2024-09-30 17:28:37,10.8,0.0,1999.3,0.0,1988.5,0.0,0,0,0,0,0000000000000000000000000000000000000000
1,0x00405C0,1727717318,2024-09-30 17:28:38,10.8,0.0,1999.3,0.0,1988.5,0.0,0,0,0,0,0000000000000000000000000000000000000000
1,0x0040600,1727717321,2024-09-30 17:28:41,10.8,0.0,1999.3,0.0,1988.5,0.0,0,0,0,0,0000000000000000000000000000000000000000
1,0x0040640,1727717322,2024-09-30 17:28:42,10.8,0.0,1999.3,0.0,1988.5,0.0,0,0,0,0,0000000000000000000000000000000000000000
1,0x0040680,1727717322,2024-09-30 17:28:42,10.8,0.0,1999.3,0.0,1988.5,0.0,0,0,0,0,0000000000000000000000000000000000000000
1,0x00406C0,1727717323,2024-09-30 17:28:43,10.8,0.0,1999.3,0.0,1988.5,0.0,0,0,0,0,0000000000000000000000000000000000000000
1,0x0040700,1727717323,2024-09-30 17:28:43,10.8,10.8,1999.3,0.0,1988.5,0.0,0,0,0,0,0000000000000000000000000000000000000000
1,0x0040740,1727717324,2024-09-30 17:28:44,10.8,0.0,1999.3,0.0,1988.5,0.0,0,0,0,0,0000000000000000000000000000000000000000
1,0x0040780,1727717325,2024-09-30 17:28:45,10.8,0.0,1999.3,0.0,1988.5,0.0,0,0,0,0,0000000000000000000000000000000000000000
1,0x00407C0,1727717325,2024-09-30 17:28:45,10.8,0.0,1999.3,0.0,1988.5,0.0,0,0,0,0,0000000000000000000000000000000000000000
1,0x0040800,1727717326,2024-09-30 17:28:46,10.8,0.0,1999.3,0.0,1988.5,0.0,0,0,0,0,0000000000000000000000000000000000000000
1,0x0040840,1727717327,2024-09-30 17:28:47,10.8,0.0,1999.3,0.0,1988.5,0.0,0,0,0,0,0000000000000000000000000000000000000000
1,0x0040880,1727717327,2024-09-30 17:28:47,10.8,0.0,1999.3,0.0,1988.5,0.0,0,0,0,0,0000000000000000000000000000000000000000
1,0x00408C0,1727717328,2024-09-30 17:28:48,10.8,0.0,1999.3,0.0,1988.5,0.0,0,0,0,0,0000000000000000000000000000000000000000
1,0x0040900,1727717331,2024-09-30 17:28:51,10.8,0.0,1999.3,0.0,1988.5,0.0,0,0,0,0,0000000000000000000000000000000000000000
1,0x0040940,1727717332,2024-09-30 17:28:52,10.8,0.0,1999.3,0.0,1988.5,0.0,0,0,0,0,0000000000000000000000000000000000000000
1,0x0040980,1727717332,2024-09-30 17:28:52,10.8,0.0,1999.3,0.0,1988.5,0.0,0,0,0,0,0000000000000000000000000000000000000000
1,0x00409C0,1727717333,2024-09-30 17:28:53,10.8,0.0,1999.3,0.0,1988.5,0.0,0,0,0,0,0000000000000000000000000000000000000000
1,0x0040A00,1727717336,2024-09-30 17:28:56,10.8,0.0,1999.3,0.0,1988.5,0.0,0,0,0,0,0000000000000000000000000000000000000000
1,0x0040A40,1727717337,2024-09-30 17:28:57,10.8,0.0,1999.3,0.0,1988.5,0.0,0,0,0,0,0000000000000000000000000000000000000000
1,0x0040A80,1727717337,2024-09-30 17:28:57,10.8,0.0,1999.3,0.0,1988.5,0.0,0,0,0,0,0000000000000000000000000000000000000000
1,0x0040AC0,1727717338,2024-09-30 17:28:58,10.8,0.0,1999.3,0.0,1988.5,0.0,0,0,0,0,0000000000000000000000000000000000000000
1,0x0040B00,1727717341,2024-09-30 17:29:01,10.8,0.0,1999.3,0.0,1988.5,0.0,0,0,0,0,0000000000000000000000000000000000000000
1,0x0040B40,1727717342,2024-09-30 17:29:02,10.8,0.0,1999.3,0.0,1988.5,0.0,0,0,0,0,0000000000000000000000000000000000000000
1,0x0040B80,1727717342,2024-09-30 17:29:02,10.8,0.0,1999.3,0.0,1988.5,0.0,0,0,0,0,0000000000000000000000000000000000000000
1,0x0040BC0,1727717343,2024-09-30 17:29:03,10.8,0.0,1999.3,0.0,1988.5,0.0,0,0,0,0,0000000000000000000000000000000000000000
1,0x0040C00,1727717345,2024-09-30 17:29:05,10.8,0.0,1999.3,0.0,1988.5,1988.5,0,0,0,0,0000000000000000000000000000000000000000
1,0x0040C40,1727717346,2024-09-30 17:29:06,10.8,0.0,1999.3,0.0,1988.5,0.0,0,0,0,0,0000000000000000000000000000000000000000
1,0x0040C80,1727717346,2024-09-30 17:29:06,10.8,0.0,1999.3,0.0,1988.5,0.0,0,0,0,0,0000000000000000000000000000000000000000
1,0x0040CC0,1727717347,2024-09-30 17:29:07,10.8,0.0,1999.3,0.0,1988.5,0.0,0,0,0,0,0000000000000000000000000000000000000000
1,0x0040D00,1727717348,2024-09-30 17:29:08,10.8,10.8,1999.3,0.0,1988.5,0.0,0,0,0,0,0000000000000000000000000000000000000000
1,0x0040D40,1727717349,2024-09-30 17:29:09,10.8,0.0,1999.3,0.0,1988.5,0.0,0,0,0,0,0000000000000000000000000000000000000000
1,0x0040D80,1727717350,2024-09-30 17:29:10,10.8,0.0,1999.3,0.0,1988.5,0.0,0,0,0,0,0000000000000000000000000000000000000000
1,0x0040DC0,1727717350,2024-09-30 17:29:10,10.8,0.0,1999.3,0.0,1988.5,1988.5,0,0,0,0,0000000000000000000000000000000000000000
1,0x0040E00,1727717351,2024-09-30 17:29:11,10.8,0.0,1999.3,0.0,1988.5,0.0,0,0,0,0,0000000000000000000000000000000000000000
1,0x0040E40,1727717351,2024-09-30 17:29:11,10.8,0.0,1999.3,0.0,1988.5,0.0,0,0,0,0,0000000000000000000000000000000000000000
1,0x0040E80,1727717352,2024-09-30 17:29:12,10.8,0.0,1999.3,0.0,1988.5,0.0,0,0,0,0,0000000000000000000000000000000000000000
1,0x0040EC0,1727717352,2024-09-30 17:29:12,10.8,0.0,1999.3,0.0,1988.5,0.0,0,0,0,0,0000000000000000000000000000000000000000
1,0x0040F00,1727717353,2024-09-30 17:29:13,10.8,10.8,1999.3,0.0,1988.5,0.0,0,0,0,0,0000000000000000000000000000000000000000
1,0x0040F40,1727717354,2024-09-30 17:29:14,10.8,0.0,1999.3,0.0,1988.5,0.0,0,0,0,0,0000000000000000000000000000000000000000
1,0x0040F80,1727717355,2024-09-30 17:29:15,10.8,0.0,1999.3,0.0,1988.5,0.0,0,0,0,0,0000000000000000000000000000000000000000
1,0x0040FC0,1727717355,2024-09-30 17:29:15,10.8,0.0,1999.3,0.0,1988.5,1988.5,0,0,0,0,0000000000000000000000000000000000000000
1,0x0041000,1727717356,2024-09-30 17:29:16,10.8,0.0,1999.3,0.0,1988.5,0.0,0,0,0,0,0000000000000000000000000000000000000000
1,0x0041040,1727717356,2024-09-30 17:29:16,10.8,0.0,1999.3,0.0,1988.5,0.0,0,0,0,0,0000000000000000000000000000000000000000
1,0x0041080,1727717357,2024-09-30 17:29:17,10.8,0.0,1999.3,0.0,1988.5,0.0,0,0,0,0,0000000000000000000000000000000000000000
1,0x00410C0,1727717357,2024-09-30 17:29:17,10.8,0.0,1999.3,0.0,1988.5,0.0,0,0,0,0,0000000000000000000000000000000000000000
1,0x0041100,1727717358,2024-09-30 17:29:18,10.8,10.8,1999.3,0.0,1988.5,0.0,0,0,0,0,0000000000000000000000000000000000000000
1,0x0041140,1727717359,2024-09-30 17:29:19,10.8,0.0,1999.3,0.0,1988.5,0.0,0,0,0,0,0000000000000000000000000000000000000000
1,0x0041180,1727717360,2024-09-30 17:29:20,10.8,0.0,1999.3,0.0,1988.5,0.0,0,0,0,0,0000000000000000000000000000000000000000
1,0x00411C0,1727717360,2024-09-30 17:29:20,10.8,0.0,1999.3,0.0,1988.5,0.0,0,0,0,0,0000000000000000000000000000000000000000
1,0x0041200,1727717361,2024-09-30 17:29:21,10.8,0.0,1999.3,0.0,1988.5,0.0,0,0,0,0,0000000000000000000000000000000000000000
1,0x0041240,1727717362,2024-09-30 17:29:22,10.8,0.0,1999.3,0.0,1988.5,0.0,0,0,0,0,0000000000000000000000000000000000000000
1,0x0041280,1727717362,2024-09-30 17:29:22,10.8,0.0,1999.3,0.0,1988.5,0.0,0,0,0,0,0000000000000000000000000000000000000000
1,0x00412C0,1727717363,2024-09-30 17:29:23,10.8,0.0,1999.3,0.0,1988.5,0.0,0,0,0,0,0000000000000000000000000000000000000000
1,0x0041300,1727717365,2024-09-30 17:29:25,10.8,0.0,1999.3,0.0,1988.5,1988.5,0,0,0,0,0000000000000000000000000000000000000000
1,0x0041340,1727717366,2024-09-30 17:29:26,10.8,0.0,1999.3,0.0,1988.5,0.0,0,0,0,0,0000000000000000000000000000000000000000
1,0x0041380,1727717366,2024-09-30 17:29:26,10.8,0.0,1999.3,0.0,1988.5,0.0,0,0,0,0,0000000000000000000000000000000000000000
1,0x00413C0,1727717367,2024-09-30 17:29:27,10.8,0.0,1999.3,0.0,1988.5,0.0,0,0,0,0,0000000000000000000000000000000000000000
1,0x0041400,1727717368,2024-09-30 17:29:28,10.8,10.8,1999.3,0.0,1988.5,0.0,0,0,0,0,0000000000000000000000000000000000000000
1,0x0041440,1727717369,2024-09-30 17:29:29,10.8,0.0,1999.3,0.0,1988.5,0.0,0,0,0,0,0000000000000000000000000000000000000000
1,0x0041480,1727717370,2024-09-30 17:29:30,10.8,0.0,1999.3,0.0,1988.5,0.0,0,0,0,0,0000000000000000000000000000000000000000
1,0x00414C0,1727717370,2024-09-30 17:29:30,10.8,0.0,1999.3,0.0,1988.5,0.0,0,0,0,0,0000000000000000000000000000000000000000
1,0x0041500,1727717371,2024-09-30 17:29:31,10.8,0.0,1999.3,0.0,1988.5,0.0,0,0,0,0,0000000000000000000000000000000000000000
1,0x0041540,1727717372,2024-09-30 17:29:32,10.8,0.0,1999.3,0.0,1988.5,0.0,0,0,0,0,0000000000000000000000000000000000000000
1,0x0041580,1727717372,2024-09-30 17:29:32,10.8,0.0,1999.3,0.0,1988.5,0.0,0,0,0,0,0000000000000000000000000000000000000000
1,0x00415C0,1727717373,2024-09-30 17:29:33,10.8,0.0,1999.3,0.0,1988.5,0.0,0,0,0,0,0000000000000000000000000000000000000000
1,0x0041600,1727717376,2024-09-30 17:29:36,10.8,0.0,1999.3,0.0,1988.5,0.0,0,0,0,0,0000000000000000000000000000000000000000
1,0x0041640,1727717377,2024-09-30 17:29:37,10.8,0.0,1999.3,0.0,1988.5,0.0,0,0,0,0,0000000000000000000000000000000000000000
1,0x0041680,1727717377,2024-09-30 17:29:37,10.8,0.0,1999.3,0.0,1988.5,0.0,0,0,0,0,0000000000000000000000000000000000000000
1,0x00416C0,1727717378,2024-09-30 17:29:38,10.8,0.0,1999.3,0.0,1988.5,0.0,0,0,0,0,0000000000000000000000000000000000000000
1,0x0041700,1727717381,2024-09-30 17:29:41,10.8,0.0,1999.3,0.0,1988.5,0.0,0,0,0,0,0000000000000000000000000000000000000000
1,0x0041740,1727717382,2024-09-30 17:29:42,10.8,0.0,1999.3,0.0,1988.5,0.0,0,0,0,0,0000000000000000000000000000000000000000
1,0x0041780,1727717382,2024-09-30 17:29:42,10.8,0.0,1999.3,0.0,1988.5,0.0,0,0,0,0,0000000000000000000000000000000000000000
1,0x00417C0,1727717383,2024-09-30 17:29:43,10.8,0.0,1999.3,0.0,1988.5,0.0,0,0,0,0,0000000000000000000000000000000000000000
1,0x0041800,1727717386,2024-09-30 17:29:46,10.8,0.0,1999.3,0.0,1988.5,0.0,0,0,0,0,0000000000000000000000000000000000000000
1,0x0041840,1727717387,2024-09-30 17:29:47,10.8,0.0,1999.3,0.0,1988.5,0.0,0,0,0,0,0000000000000000000000000000000000000000
1,0x0041880,1727717387,2024-09-30 17:29:47,10.8,0.0,1999.3,0.0,1988.5,0.0,0,0,0,0,0000000000000000000000000000000000000000
1,0x00418C0,1727717388,2024-09-30 17:29:48,10.8,0.0,1999.3,0.0,1988.5,0.0,0,0,0,0,0000000000000000000000000000000000000000
1,0x0041900,1727717391,2024-09-30 17:29:51,10.8,0.0,1999.3,0.0,1988.5,0.0,0,0,0,0,0000000000000000000000000000000000000000
1,0x0041940,1727717392,2024-09-30 17:29:52,10.8,0.0,1999.3,0.0,1988.5,0.0,0,0,0,0,0000000000000000000000000000000000000000
1,0x0041980,1727717392,2024-09-30 17:29:52,10.8,0.0,1999.3,0.0,1988.5,0.0,0,0,0,0,0000000000000000000000000000000000000000
1,0x00419C0,1727717393,2024-09-30 17:29:53,10.8,0.0,1999.3,0.0,1988.5,0.0,0,0,0,0,0000000000000000000000000000000000000000
1,0x0041A00,1727717396,2024-09-30 17:29:56,10.8,0.0,1999.3,0.0,1988.5,0.0,0,0,0,0,0000000000000000000000000000000000000000
1,0x0041A40,1727717397,2024-09-30 17:29:57,10.8,0.0,1999.3,0.0,1988.5,0.0,0,0,0,0,0000000000000000000000000000000000000000
1,0x0041A80,1727717397,2024-09-30 17:29:57,10.8,0.0,1999.3,0.0,1988.5,0.0,0,0,0,0,0000000000000000000000000000000000000000
1,0x0041AC0,1727717398,2024-09-30 17:29:58,10.8,0.0,1999.3,0.0,1988.5,0.0,0,0,0,0,0000000000000000000000000000000000000000
1,0x0041B00,1727717401,2024-09-30 17:30:01,10.8,0.0,1999.3,0.0,1988.5,0.0,0,0,0,0,0000000000000000000000000000000000000000
1,0x0041B40,1727717402,2024-09-30 17:30:02,10.8,0.0,1999.3,0.0,1988.5,0.0,0,0,0,0,0000000000000000000000000000000000000000
1,0x0041B80,1727717402,2024-09-30 17:30:02,10.8,0.0,1999.3,0.0,1988.5,0.0,0,0,0,0,0000000000000000000000000000000000000000
1,0x0041BC0,1727717403,2024-09-30 17:30:03,10.8,0.0,1999.3,0.0,1988.5,0.0,0,0,0,0,0000000000000000000000000000000000000000
1,0x0041C00,1727717406,2024-09-30 17:30:06,10.8,0.0,1999.3,0.0,1988.5,0.0,0,0,0,0,0000000000000000000000000000000000000000
1,0x0041C40,1727717407,2024-09-30 17:30:07,10.8,0.0,1999.3,0.0,1988.5,0.0,0,0,0,0,0000000000000000000000000000000000000000
1,0x0041C80,1727717407,2024-09-30 17:30:07,10.8,0.0,1999.3,0.0,1988.5,0.0,0,0,0,0,0000000000000000000000000000000000000000
1,0x0041CC0,1727717408,2024-09-30 17:30:08,10.8,0.0,1999.3,0.0,1988.5,0.0,0,0,0,0,0000000000000000000000000000000000000000
1,0x0041D00,1727717411,2024-09-30 17:30:11,10.8,0.0,1999.3,0.0,1988.5,0.0,0,0,0,0,0000000000000000000000000000000000000000
1,0x0041D40,1727717412,2024-09-30 17:30:12,10.8,0.0,1999.3,0.0,1988.5,0.0,0,0,0,0,0000000000000000000000000000000000000000
1,0x0041D80,1727717412,2024-09-30 17:30:12,10.8,0.0,1999.3,0.0,1988.5,0.0,0,0,0,0,0000000000000000000000000000000000000000
1,0x0041DC0,1727717413,2024-09-30 17:30:13,10.8,0.0,1999.3,0.0,1988.5,0.0,0,0,0,0,0000000000000000000000000000000000000000
1,0x0041E00,1727717416,2024-09-30 17:30:16,10.8,0.0,1999.3,0.0,1988.5,0.0,0,0,0,0,0000000000000000000000000000000000000000
1,0x0041E40,1727717417,2024-09-30 17:30:17,10.8,0.0,1999.3,0.0,1988.5,0.0,0,0,0,0,0000000000000000000000000000000000000000
1,0x0041E80,1727717417,2024-09-30 17:30:17,10.8,0.0,1999.3,0.0,1988.5,0.0,0,0,0,0,0000000000000000000000000000000000000000
1,0x0041EC0,1727717418,2024-09-30 17:30:18,10.8,0.0,1999.3,0.0,1988.5,0.0,0,0,0,0,0000000000000000000000000000000000000000
1,0x0041F00,1727717421,2024-09-30 17:30:21,10.8,0.0,1999.3,0.0,1988.5,0.0,0,0,0,0,0000000000000000000000000000000000000000
1,0x0041F40,1727717422,2024-09-30 17:30:22,10.8,0.0,1999.3,0.0,1988.5,0.0,0,0,0,0,0000000000000000000000000000000000000000
1,0x0041F80,1727717422,2024-09-30 17:30:22,10.8,0.0,1999.3,0.0,1988.5,0.0,0,0,0,0,0000000000000000000000000000000000000000
1,0x0041FC0,1727717423,2024-09-30 17:30:23,10.8,0.0,1999.3,0.0,1988.5,0.0,0,0,0,0,0000000000000000000000000000000000000000
1,0x0042000,1727717426,2024-09-30 17:30:26,10.8,0.0,1999.3,0.0,1988.5,0.0,0,0,0,0,0000000000000000000000000000000000000000
1,0x0042040,1727717427,2024-09-30 17:30:27,10.8,0.0,1999.3,0.0,1988.5,0.0,0,0,0,0,0000000000000000000000000000000000000000
1,0x0042080,1727717427,2024-09-30 17:30:27,10.8,0.0,1999.3,0.0,1988.5,0.0,0,0,0,0,0000000000000000000000000000000000000000
1,0x00420C0,1727717428,2024-09-30 17:30:28,10.8,0.0,1999.3,0.0,1988.5,0.0,0,0,0,0,0000000000000000000000000000000000000000
1,0x0042100,1727717456,2024-09-30 17:30:56,10.8,0.0,1999.3,0.0,1988.5,0.0,0,0,0,0,0000000000000000000000000000000000000000
1,0x0042140,1727717457,2024-09-30 17:30:57,10.8,0.0,1999.3,0.0,1988.5,0.0,0,0,0,0,0000000000000000000000000000000000000000
1,0x0042180,1727717457,2024-09-30 17:30:57,10.8,0.0,1999.3,0.0,1988.5,0.0,0,0,0,0,0000000000000000000000000000000000000000
1,0x00421C0,1727717458,2024-09-30 17:30:58,10.8,0.0,1999.3,0.0,1988.5,0.0,0,0,0,0,0000000000000000000000000000000000000000
1,0x0042200,1727717458,2024-09-30 17:30:58,10.8,10.8,1999.3,0.0,1988.5,0.0,0,0,0,0,0000000000000000000000000000000000000000
1,0x0042240,1727717459,2024-09-30 17:30:59,10.8,0.0,1999.3,0.0,1988.5,0.0,0,0,0,0,0000000000000000000000000000000000000000
1,0x0042280,1727717460,2024-09-30 17:31:00,10.8,0.0,1999.3,0.0,1988.5,0.0,0,0,0,0,0000000000000000000000000000000000000000
1,0x00422C0,1727717460,2024-09-30 17:31:00,10.8,0.0,1999.3,0.0,1988.5,0.0,0,0,0,0,0000000000000000000000000000000000000000
1,0x0042300,1727717461,2024-09-30 17:31:01,10.8,0.0,1999.3,0.0,1988.5,0.0,0,0,0,0,0000000000000000000000000000000000000000
1,0x0042340,1727717462,2024-09-30 17:31:02,10.8,0.0,1999.3,0.0,1988.5,0.0,0,0,0,0,0000000000000000000000000000000000000000
1,0x0042380,1727717462,2024-09-30 17:31:02,10.8,0.0,1999.3,0.0,1988.5,0.0,0,0,0,0,0000000000000000000000000000000000000000
1,0x00423C0,1727717463,2024-09-30 17:31:03,10.8,0.0,1999.3,0.0,1988.5,0.0,0,0,0,0,0000000000000000000000000000000000000000
1,0x0042400,1727717463,2024-09-30 17:31:03,10.8,10.8,1999.3,0.0,1988.5,0.0,0,0,0,0,0000000000000000000000000000000000000000
1,0x0042440,1727717464,2024-09-30 17:31:04,10.8,0.0,1999.3,0.0,1988.5,0.0,0,0,0,0,0000000000000000000000000000000000000000
1,0x0042480,1727717465,2024-09-30 17:31:05,10.8,0.0,1999.3,0.0,1988.5,0.0,0,0,0,0,0000000000000000000000000000000000000000
1,0x00424C0,1727717465,2024-09-30 17:31:05,10.8,0.0,1999.3,0.0,1988.5,0.0,0,0,0,0,0000000000000000000000000000000000000000
1,0x0042500,1727717466,2024-09-30 17:31:06,10.8,0.0,1999.3,0.0,1988.5,0.0,0,0,0,0,0000000000000000000000000000000000000000
1,0x0042540,1727717467,2024-09-30 17:31:07,10.8,0.0,1999.3,0.0,1988.5,0.0,0,0,0,0,0000000000000000000000000000000000000000
1,0x0042580,1727717467,2024-09-30 17:31:07,10.8,0.0,1999.3,0.0,1988.5,0.0,0,0,0,0,0000000000000000000000000000000000000000
1,0x00425C0,1727717468,2024-09-30 17:31:08,10.8,0.0,1999.3,0.0,1988.5,0.0,0,0,0,0,0000000000000000000000000000000000000000
1,0x0042600,1727717468,2024-09-30 17:31:08,10.8,10.8,1999.3,0.0,1988.5,0.0,0,0,0,0,0000000000000000000000000000000000000000
1,0x0042640,1727717469,2024-09-30 17:31:09,10.8,0.0,1999.3,0.0,1988.5,0.0,0,0,0,0,0000000000000000000000000000000000000000
1,0x0042680,1727717470,2024-09-30 17:31:10,10.8,0.0,1999.3,0.0,1988.5,0.0,0,0,0,0,0000000000000000000000000000000000000000
1,0x00426C0,1727717470,2024-09-30 17:31:10,10.8,0.0,1999.3,0.0,1988.5,0.0,0,0,0,0,0000000000000000000000000000000000000000
1,0x0042700,1727717471,2024-09-30 17:31:11,10.8,0.0,1999.3,0.0,1988.5,0.0,0,0,0,0,0000000000000000000000000000000000000000
1,0x0042740,1727717472,2024-09-30 17:31:12,10.8,0.0,1999.3,0.0,1988.5,0.0,0,0,0,0,0000000000000000000000000000000000000000
1,0x0042780,1727717472,2024-09-30 17:31:12,10.8,0.0,1999.3,0.0,1988.5,0.0,0,0,0,0,0000000000000000000000000000000000000000
1,0x00427C0,1727717473,2024-09-30 17:31:13,10.8,0.0,1999.3,0.0,1988.5,0.0,0,0,0,0,0000000000000000000000000000000000000000
1,0x0042800,1727717473,2024-09-30 17:31:13,10.8,10.8,1999.3,0.0,1988.5,0.0,0,0,0,0,0000000000000000000000000000000000000000
1,0x0042840,1727717474,2024-09-30 17:31:14,10.8,0.0,1999.3,0.0,1988.5,0.0,0,0,0,0,0000000000000000000000000000000000000000
1,0x0042880,1727717475,2024-09-30 17:31:15,10.8,0.0,1999.3,0.0,1988.5,0.0,0,0,0,0,0000000000000000000000000000000000000000
1,0x00428C0,1727717475,2024-09-30 17:31:15,10.8,0.0,1999.3,0.0,1988.5,0.0,0,0,0,0,0000000000000000000000000000000000000000
1,0x0042900,1727717476,2024-09-30 17:31:16,10.8,0.0,1999.3,0.0,1988.5,0.0,0,0,0,0,0000000000000000000000000000000000000000
1,0x0042940,1727717477,2024-09-30 17:31:17,10.8,0.0,1999.3,0.0,1988.5,0.0,0,0,0,0,0000000000000000000000000000000000000000
1,0x0042980,1727717477,2024-09-30 17:31:17,10.8,0.0,1999.3,0.0,1988.5,0.0,0,0,0,0,0000000000000000000000000000000000000000
1,0x00429C0,1727717478,2024-09-30 17:31:18,10.8,0.0,1999.3,0.0,1988.5,0.0,0,0,0,0,0000000000000000000000000000000000000000
1,0x0042A00,1727717481,2024-09-30 17:31:21,10.8,0.0,1999.3,0.0,1988.5,0.0,0,0,0,0,0000000000000000000000000000000000000000
1,0x0042A40,1727717482,2024-09-30 17:31:22,10.8,0.0,1999.3,0.0,1988.5,0.0,0,0,0,0,0000000000000000000000000000000000000000
1,0x0042A80,1727717482,2024-09-30 17:31:22,10.8,0.0,1999.3,0.0,1988.5,0.0,0,0,0,0,0000000000000000000000000000000000000000
1,0x0042AC0,1727717483,2024-09-30 17:31:23,10.8,0.0,1999.3,0.0,1988.5,0.0,0,0,0,0,0000000000000000000000000000000000000000
1,0x0042B00,1727717486,2024-09-30 17:31:26,10.8,0.0,1999.3,0.0,1988.5,0.0,0,0,0,0,0000000000000000000000000000000000000000
1,0x0042B40,1727717487,2024-09-30 17:31:27,10.8,0.0,1999.3,0.0,1988.5,0.0,0,0,0,0,0000000000000000000000000000000000000000
1,0x0042B80,1727717487,2024-09-30 17:31:27,10.8,0.0,1999.3,0.0,1988.5,0.0,0,0,0,0,0000000000000000000000000000000000000000
1,0x0042BC0,1727717488,2024-09-30 17:31:28,10.8,0.0,1999.3,0.0,1988.5,0.0,0,0,0,0,0000000000000000000000000000000000000000
1,0x0042C00,1727717491,2024-09-30 17:31:31,10.8,0.0,1999.3,0.0,1988.5,0.0,0,0,0,0,0000000000000000000000000000000000000000
1,0x0042C40,1727717492,2024-09-30 17:31:32,10.8,0.0,1999.3,0.0,1988.5,0.0,0,0,0,0,0000000000000000000000000000000000000000
1,0x0042C80,1727717492,2024-09-30 17:31:32,10.8,0.0,1999.3,0.0,1988.5,0.0,0,0,0,0,0000000000000000000000000000000000000000
1,0x0042CC0,1727717493,2024-09-30 17:31:33,10.8,0.0,1999.3,0.0,1988.5,0.0,0,0,0,0,0000000000000000000000000000000000000000
1,0x0042D00,1727717496,2024-09-30 17:31:36,10.8,0.0,1999.3,0.0,1988.5,0.0,0,0,0,0,0000000000000000000000000000000000000000
1,0x0042D40,1727717497,2024-09-30 17:31:37,10.8,0.0,1999.3,0.0,1988.5,0.0,0,0,0,0,0000000000000000000000000000000000000000
1,0x0042D80,1727717497,2024-09-30 17:31:37,10.8,0.0,1999.3,0.0,1988.5,0.0,0,0,0,0,0000000000000000000000000000000000000000
1,0x0042DC0,1727717498,2024-09-30 17:31:38,10.8,0.0,1999.3,0.0,1988.5,0.0,0,0,0,0,0000000000000000000000000000000000000000
1,0x0042E00,1727717501,2024-09-30 17:31:41,10.8,0.0,1999.3,0.0,1988.5,0.0,0,0,0,0,0000000000000000000000000000000000000000
1,0x0042E40,1727717502,2024-09-30 17:31:42,10.8,0.0,1999.3,0.0,1988.5,0.0,0,0,0,0,0000000000000000000000000000000000000000
1,0x0042E80,1727717502,2024-09-30 17:31:42,10.8,0.0,1999.3,0.0,1988.5,0.0,0,0,0,0,0000000000000000000000000000000000000000
1,0x0042EC0,1727717503,2024-09-30 17:31:43,10.8,0.0,1999.3,0.0,1988.5,0.0,0,0,0,0,0000000000000000000000000000000000000000
1,0x0042F00,1727717505,2024-09-30 17:31:45,10.8,0.0,1999.3,0.0,1988.5,1988.5,0,0,0,0,0000000000000000000000000000000000000000
1,0x0042F40,1727717506,2024-09-30 17:31:46,10.8,0.0,1999.3,0.0,1988.5,0.0,0,0,0,0,0000000000000000000000000000000000000000
1,0x0042F80,1727717506,2024-09-30 17:31:46,10.8,0.0,1999.3,0.0,1988.5,0.0,0,0,0,0,0000000000000000000000000000000000000000
1,0x0042FC0,1727717507,2024-09-30 17:31:47,10.8,0.0,1999.3,0.0,1988.5,0.0,0,0,0,0,0000000000000000000000000000000000000000
1,0x0043000,1727717508,2024-09-30 17:31:48,10.8,10.8,1999.3,0.0,1988.5,0.0,0,0,0,0,0000000000000000000000000000000000000000
1,0x0043040,1727717509,2024-09-30 17:31:49,10.8,0.0,1999.3,0.0,1988.5,0.0,0,0,0,0,0000000000000000000000000000000000000000
1,0x0043080,1727717510,2024-09-30 17:31:50,10.8,0.0,1999.3,0.0,1988.5,0.0,0,0,0,0,0000000000000000000000000000000000000000
1,0x00430C0,1727717510,2024-09-30 17:31:50,10.8,0.0,1999.3,0.0,1988.5,1988.5,0,0,0,0,0000000000000000000000000000000000000000
1,0x0043100,1727717511,2024-09-30 17:31:51,10.8,0.0,1999.3,0.0,1988.5,0.0,0,0,0,0,0000000000000000000000000000000000000000
1,0x0043140,1727717511,2024-09-30 17:31:51,10.8,0.0,1999.3,0.0,1988.5,0.0,0,0,0,0,0000000000000000000000000000000000000000
1,0x0043180,1727717512,2024-09-30 17:31:52,10.8,0.0,1999.3,0.0,1988.5,0.0,0,0,0,0,0000000000000000000000000000000000000000
1,0x00431C0,1727717512,2024-09-30 17:31:52,10.8,0.0,1999.3,0.0,1988.5,0.0,0,0,0,0,0000000000000000000000000000000000000000
1,0x0043200,1727717513,2024-09-30 17:31:53,10.8,10.8,1999.3,0.0,1988.5,0.0,0,0,0,0,0000000000000000000000000000000000000000
1,0x0043240,1727717514,2024-09-30 17:31:54,10.8,0.0,1999.3,0.0,1988.5,0.0,0,0,0,0,0000000000000000000000000000000000000000
1,0x0043280,1727717515,2024-09-30 17:31:55,10.8,0.0,1999.3,0.0,1988.5,0.0,0,0,0,0,0000000000000000000000000000000000000000
1,0x00432C0,1727717515,2024-09-30 17:31:55,10.8,0.0,1999.3,0.0,1988.5,1988.5,0,0,0,0,0000000000000000000000000000000000000000
1,0x0043300,1727717516,2024-09-30 17:31:56,10.8,0.0,1999.3,0.0,1988.5,0.0,0,0,0,0,0000000000000000000000000000000000000000
1,0x0043340,1727717516,2024-09-30 17:31:56,10.8,0.0,1999.3,0.0,1988.5,0.0,0,0,0,0,0000000000000000000000000000000000000000
1,0x0043380,1727717517,2024-09-30 17:31:57,10.8,0.0,1999.3,0.0,1988.5,0.0,0,0,0,0,0000000000000000000000000000000000000000
1,0x00433C0,1727717517,2024-09-30 17:31:57,10.8,0.0,1999.3,0.0,1988.5,0.0,0,0,0,0,0000000000000000000000000000000000000000
1,0x0043400,1727717518,2024-09-30 17:31:58,10.8,10.8,1999.3,0.0,1988.5,0.0,0,0,0,0,0000000000000000000000000000000000000000
1,0x0043440,1727717519,2024-09-30 17:31:59,10.8,0.0,1999.3,0.0,1988.5,0.0,0,0,0,0,0000000000000000000000000000000000000000
1,0x0043480,1727717520,2024-09-30 17:32:00,10.8,0.0,1999.3,0.0,1988.5,0.0,0,0,0,0,0000000000000000000000000000000000000000
1,0x00434C0,1727717520,2024-09-30 17:32:00,10.8,0.0,1999.3,0.0,1988.5,0.0,0,0,0,0,0000000000000000000000000000000000000000
1,0x0043500,1727717521,2024-09-30 17:32:01,10.8,0.0,1999.3,0.0,1988.5,0.0,0,0,0,0,0000000000000000000000000000000000000000
1,0x0043540,1727717522,2024-09-30 17:32:02,10.8,0.0,1999.3,0.0,1988.5,0.0,0,0,0,0,0000000000000000000000000000000000000000
1,0x0043580,1727717522,2024-09-30 17:32:02,10.8,0.0,1999.3,0.0,1988.5,0.0,0,0,0,0,0000000000000000000000000000000000000000
1,0x00435C0,1727717523,2024-09-30 17:32:03,10.8,0.0,1999.3,0.0,1988.5,0.0,0,0,0,0,0000000000000000000000000000000000000000
1,0x0043600,1727717526,2024-09-30 17:32:06,10.8,0.0,1999.3,0.0,1988.5,0.0,0,0,0,0,0000000000000000000000000000000000000000
1,0x0043640,1727717527,2024-09-30 17:32:07,10.8,0.0,1999.3,0.0,1988.5,0.0,0,0,0,0,0000000000000000000000000000000000000000
1,0x0043680,1727717527,2024-09-30 17:32:07,10.8,0.0,1999.3,0.0,1988.5,0.0,0,0,0,0,0000000000000000000000000000000000000000
1,0x00436C0,1727717528,2024-09-30 17:32:08,10.8,0.0,1999.3,0.0,1988.5,0.0,0,0,0,0,0000000000000000000000000000000000000000
1,0x0043700,1727717531,2024-09-30 17:32:11,10.8,0.0,1999.3,0.0,1988.5,0.0,0,0,0,0,0000000000000000000000000000000000000000
1,0x0043740,1727717532,2024-09-30 17:32:12,10.8,0.0,1999.3,0.0,1988.5,0.0,0,0,0,0,0000000000000000000000000000000000000000
1,0x0043780,1727717532,2024-09-30 17:32:12,10.8,0.0,1999.3,0.0,1988.5,0.0,0,0,0,0,0000000000000000000000000000000000000000
1,0x00437C0,1727717533,2024-09-30 17:32:13,10.8,0.0,1999.3,0.0,1988.5,0.0,0,0,0,0,0000000000000000000000000000000000000000
1,0x0043800,1727717536,2024-09-30 17:32:16,10.8,0.0,1999.3,0.0,1988.5,0.0,0,0,0,0,0000000000000000000000000000000000000000
1,0x0043840,1727717537,2024-09-30 17:32:17,10.8,0.0,1999.3,0.0,1988.5,0.0,0,0,0,0,0000000000000000000000000000000000000000
1,0x0043880,1727717537,2024-09-30 17:32:17,10.8,0.0,1999.3,0.0,1988.5,0.0,0,0,0,0,0000000000000000000000000000000000000000
1,0x00438C0,1727717538,2024-09-30 17:32:18,10.8,0.0,1999.3,0.0,1988.5,0.0,0,0,0,0,0000000000000000000000000000000000000000
1,0x0043900,1727717541,2024-09-30 17:32:21,10.8,0.0,1999.3,0.0,1988.5,0.0,0,0,0,0,0000000000000000000000000000000000000000
1,0x0043940,1727717542,2024-09-30 17:32:22,10.8,0.0,1999.3,0.0,1988.5,0.0,0,0,0,0,0000000000000000000000000000000000000000
1,0x0043980,1727717542,2024-09-30 17:32:22,10.8,0.0,1999.3,0.0,1988.5,0.0,0,0,0,0,0000000000000000000000000000000000000000
1,0x00439C0,1727717543,2024-09-30 17:32:23,10.8,0.0,1999.3,0.0,1988.5,0.0,0,0,0,0,0000000000000000000000000000000000000000
1,0x0043A00,1727717546,2024-09-30 17:32:26,10.8,0.0,1999.3,0.0,1988.5,0.0,0,0,0,0,0000000000000000000000000000000000000000
1,0x0043A40,1727717547,2024-09-30 17:32:27,10.8,0.0,1999.3,0.0,1988.5,0.0,0,0,0,0,0000000000000000000000000000000000000000
1,0x0043A80,1727717547,2024-09-30 17:32:27,10.8,0.0,1999.3,0.0,1988.5,0.0,0,0,0,0,0000000000000000000000000000000000000000
1,0x0043AC0,1727717548,2024-09-30 17:32:28,10.8,0.0,1999.3,0.0,1988.5,0.0,0,0,0,0,0000000000000000000000000000000000000000
1,0x0043B00,1727717551,2024-09-30 17:32:31,10.8,0.0,1999.3,0.0,1988.5,0.0,0,0,0,0,0000000000000000000000000000000000000000
1,0x0043B40,1727717552,2024-09-30 17:32:32,10.8,0.0,1999.3,0.0,1988.5,0.0,0,0,0,0,0000000000000000000000000000000000000000
1,0x0043B80,1727717552,2024-09-30 17:32:32,10.8,0.0,1999.3,0.0,1988.5,0.0,0,0,0,0,0000000000000000000000000000000000000000
1,0x0043BC0,1727717553,2024-09-30 17:32:33,10.8,0.0,1999.3,0.0,1988.5,0.0,0,0,0,0,0000000000000000000000000000000000000000
1,0x0043C00,1727717556,2024-09-30 17:32:36,10.8,0.0,1999.3,0.0,1988.5,0.0,0,0,0,0,0000000000000000000000000000000000000000
1,0x0043C40,1727717557,2024-09-30 17:32:37,10.8,0.0,1999.3,0.0,1988.5,0.0,0,0,0,0,0000000000000000000000000000000000000000
1,0x0043C80,1727717557,2024-09-30 17:32:37,10.8,0.0,1999.3,0.0,1988.5,0.0,0,0,0,0,0000000000000000000000000000000000000000
1,0x0043CC0,1727717558,2024-09-30 17:32:38,10.8,0.0,1999.3,0.0,1988.5,0.0,0,0,0,0,0000000000000000000000000000000000000000
1,0x0043D00,1727717561,2024-09-30 17:32:41,10.8,0.0,1999.3,0.0,1988.5,0.0,0,0,0,0,0000000000000000000000000000000000000000
1,0x0043D40,1727717562,2024-09-30 17:32:42,10.8,0.0,1999.3,0.0,1988.5,0.0,0,0,0,0,0000000000000000000000000000000000000000
1,0x0043D80,1727717562,2024-09-30 17:32:42,10.8,0.0,1999.3,0.0,1988.5,0.0,0,0,0,0,0000000000000000000000000000000000000000
1,0x0043DC0,1727717563,2024-09-30 17:32:43,10.8,0.0,1999.3,0.0,1988.5,0.0,0,0,0,0,0000000000000000000000000000000000000000
1,0x0043E00,1727717566,2024-09-30 17:32:46,10.8,0.0,1999.3,0.0,1988.5,0.0,0,0,0,0,0000000000000000000000000000000000000000
1,0x0043E40,1727717567,2024-09-30 17:32:47,10.8,0.0,1999.3,0.0,1988.5,0.0,0,0,0,0,0000000000000000000000000000000000000000
1,0x0043E80,1727717567,2024-09-30 17:32:47,10.8,0.0,1999.3,0.0,1988.5,0.0,0,0,0,0,0000000000000000000000000000000000000000
1,0x0043EC0,1727717568,2024-09-30 17:32:48,10.8,0.0,1999.3,0.0,1988.5,0.0,0,0,0,0,0000000000000000000000000000000000000000
1,0x0043F00,1727717571,2024-09-30 17:32:51,10.8,0.0,1999.3,0.0,1988.5,0.0,0,0,0,0,0000000000000000000000000000000000000000
1,0x0043F40,1727717572,2024-09-30 17:32:52,10.8,0.0,1999.3,0.0,1988.5,0.0,0,0,0,0,0000000000000000000000000000000000000000
1,0x0043F80,1727717572,2024-09-30 17:32:52,10.8,0.0,1999.3,0.0,1988.5,0.0,0,0,0,0,0000000000000000000000000000000000000000
1,0x0043FC0,1727717573,2024-09-30 17:32:53,10.8,0.0,1999.3,0.0,1988.5,0.0,0,0,0,0,0000000000000000000000000000000000000000
1,0x0044000,1727717578,2024-09-30 17:32:58,10.8,10.8,1999.3,0.0,1988.5,0.0,0,0,0,0,0000000000000000000000000000000000000000
1,0x0044040,1727717579,2024-09-30 17:32:59,10.8,0.0,1999.3,0.0,1988.5,0.0,0,0,0,0,0000000000000000000000000000000000000000
1,0x0044080,1727717580,2024-09-30 17:33:00,10.8,0.0,1999.3,0.0,1988.5,0.0,0,0,0,0,0000000000000000000000000000000000000000
1,0x00440C0,1727717580,2024-09-30 17:33:00,10.8,0.0,1999.3,0.0,1988.5,0.0,0,0,0,0,0000000000000000000000000000000000000000
1,0x0044100,1727717603,2024-09-30 17:33:23,10.8,10.8,1999.3,0.0,1988.5,0.0,0,0,0,0,0000000000000000000000000000000000000000
1,0x0044140,1727717604,2024-09-30 17:33:24,10.8,0.0,1999.3,0.0,1988.5,0.0,0,0,0,0,0000000000000000000000000000000000000000
1,0x0044180,1727717605,2024-09-30 17:33:25,10.8,0.0,1999.3,0.0,1988.5,0.0,0,0,0,0,0000000000000000000000000000000000000000
1,0x00441C0,1727717605,2024-09-30 17:33:25,10.8,0.0,1999.3,0.0,1988.5,0.0,0,0,0,0,0000000000000000000000000000000000000000
1,0x0044200,1727717606,2024-09-30 17:33:26,10.8,0.0,1999.3,0.0,1988.5,0.0,0,0,0,0,0000000000000000000000000000000000000000
1,0x0044240,1727717607,2024-09-30 17:33:27,10.8,0.0,1999.3,0.0,1988.5,0.0,0,0,0,0,0000000000000000000000000000000000000000
1,0x0044280,1727717607,2024-09-30 17:33:27,10.8,0.0,1999.3,0.0,1988.5,0.0,0,0,0,0,0000000000000000000000000000000000000000
1,0x00442C0,1727717608,2024-09-30 17:33:28,10.8,0.0,1999.3,0.0,1988.5,0.0,0,0,0,0,0000000000000000000000000000000000000000
1,0x0044300,1727717608,2024-09-30 17:33:28,10.8,10.8,1999.3,0.0,1988.5,0.0,0,0,0,0,0000000000000000000000000000000000000000
1,0x0044340,1727717609,2024-09-30 17:33:29,10.8,0.0,1999.3,0.0,1988.5,0.0,0,0,0,0,0000000000000000000000000000000000000000
1,0x0044380,1727717610,2024-09-30 17:33:30,10.8,0.0,1999.3,0.0,1988.5,0.0,0,0,0,0,0000000000000000000000000000000000000000
1,0x00443C0,1727717610,2024-09-30 17:33:30,10.8,0.0,1999.3,0.0,1988.5,0.0,0,0,0,0,0000000000000000000000000000000000000000
1,0x0044400,1727717611,2024-09-30 17:33:31,10.8,0.0,1999.3,0.0,1988.5,0.0,0,0,0,0,0000000000000000000000000000000000000000
1,0x0044440,1727717612,2024-09-30 17:33:32,10.8,0.0,1999.3,0.0,1988.5,0.0,0,0,0,0,0000000000000000000000000000000000000000
1,0x0044480,1727717612,2024-09-30 17:33:32,10.8,0.0,1999.3,0.0,1988.5,0.0,0,0,0,0,0000000000000000000000000000000000000000
1,0x00444C0,1727717613,2024-09-30 17:33:33,10.8,0.0,1999.3,0.0,1988.5,0.0,0,0,0,0,0000000000000000000000000000000000000000
1,0x0044500,1727717613,2024-09-30 17:33:33,10.8,10.8,1999.3,0.0,1988.5,0.0,0,0,0,0,0000000000000000000000000000000000000000
1,0x0044540,1727717614,2024-09-30 17:33:34,10.8,0.0,1999.3,0.0,1988.5,0.0,0,0,0,0,0000000000000000000000000000000000000000
1,0x0044580,1727717615,2024-09-30 17:33:35,10.8,0.0,1999.3,0.0,1988.5,0.0,0,0,0,0,0000000000000000000000000000000000000000
1,0x00445C0,1727717615,2024-09-30 17:33:35,10.8,0.0,1999.3,0.0,1988.5,0.0,0,0,0,0,0000000000000000000000000000000000000000
1,0x0044600,1727717616,2024-09-30 17:33:36,10.8,0.0,1999.3,0.0,1988.5,0.0,0,0,0,0,0000000000000000000000000000000000000000
1,0x0044640,1727717617,2024-09-30 17:33:37,10.8,0.0,1999.3,0.0,1988.5,0.0,0,0,0,0,0000000000000000000000000000000000000000
1,0x0044680,1727717617,2024-09-30 17:33:37,10.8,0.0,1999.3,0.0,1988.5,0.0,0,0,0,0,0000000000000000000000000000000000000000
1,0x00446C0,1727717618,2024-09-30 17:33:38,10.8,0.0,1999.3,0.0,1988.5,0.0,0,0,0,0,0000000000000000000000000000000000000000
1,0x0044700,1727717618,2024-09-30 17:33:38,10.8,10.8,1999.3,0.0,1988.5,0.0,0,0,0,0,0000000000000000000000000000000000000000
1,0x0044740,1727717619,2024-09-30 17:33:39,10.8,0.0,1999.3,0.0,1988.5,0.0,0,0,0,0,0000000000000000000000000000000000000000
1,0x0044780,1727717620,2024-09-30 17:33:40,10.8,0.0,1999.3,0.0,1988.5,0.0,0,0,0,0,0000000000000000000000000000000000000000
1,0x00447C0,1727717620,2024-09-30 17:33:40,10.8,0.0,1999.3,0.0,1988.5,0.0,0,0,0,0,0000000000000000000000000000000000000000
1,0x0044800,1727717621,2024-09-30 17:33:41,10.8,0.0,1999.3,0.0,1988.5,0.0,0,0,0,0,0000000000000000000000000000000000000000
1,0x0044840,1727717622,2024-09-30 17:33:42,10.8,0.0,1999.3,0.0,1988.5,0.0,0,0,0,0,0000000000000000000000000000000000000000
1,0x0044880,1727717622,2024-09-30 17:33:42,10.8,0.0,1999.3,0.0,1988.5,0.0,0,0,0,0,0000000000000000000000000000000000000000
1,0x00448C0,1727717623,2024-09-30 17:33:43,10.8,0.0,1999.3,0.0,1988.5,0.0,0,0,0,0,0000000000000000000000000000000000000000
1,0x0044900,1727717623,2024-09-30 17:33:43,10.8,10.8,1999.3,0.0,1988.5,0.0,0,0,0,0,0000000000000000000000000000000000000000
1,0x0044940,1727717624,2024-09-30 17:33:44,10.8,0.0,1999.3,0.0,1988.5,0.0,0,0,0,0,0000000000000000000000000000000000000000
1,0x0044980,1727717625,2024-09-30 17:33:45,10.8,0.0,1999.3,0.0,1988.5,0.0,0,0,0,0,0000000000000000000000000000000000000000
1,0x00449C0,1727717625,2024-09-30 17:33:45,10.8,0.0,1999.3,0.0,1988.5,0.0,0,0,0,0,0000000000000000000000000000000000000000
1,0x0044A00,1727717626,2024-09-30 17:33:46,10.8,0.0,1999.3,0.0,1988.5,0.0,0,0,0,0,0000000000000000000000000000000000000000
1,0x0044A40,1727717627,2024-09-30 17:33:47,10.8,0.0,1999.3,0.0,1988.5,0.0,0,0,0,0,0000000000000000000000000000000000000000
1,0x0044A80,1727717627,2024-09-30 17:33:47,10.8,0.0,1999.3,0.0,1988.5,0.0,0,0,0,0,0000000000000000000000000000000000000000
1,0x0044AC0,1727717628,2024-09-30 17:33:48,10.8,0.0,1999.3,0.0,1988.5,0.0,0,0,0,0,0000000000000000000000000000000000000000
1,0x0044B00,1727717631,2024-09-30 17:33:51,10.8,0.0,1999.3,0.0,1988.5,0.0,0,0,0,0,0000000000000000000000000000000000000000
1,0x0044B40,1727717632,2024-09-30 17:33:52,10.8,0.0,1999.3,0.0,1988.5,0.0,0,0,0,0,0000000000000000000000000000000000000000
1,0x0044B80,1727717632,2024-09-30 17:33:52,10.8,0.0,1999.3,0.0,1988.5,0.0,0,0,0,0,0000000000000000000000000000000000000000
1,0x0044BC0,1727717633,2024-09-30 17:33:53,10.8,0.0,1999.3,0.0,1988.5,0.0,0,0,0,0,0000000000000000000000000000000000000000
1,0x0044C00,1727717636,2024-09-30 17:33:56,10.8,0.0,1999.3,0.0,1988.5,0.0,0,0,0,0,0000000000000000000000000000000000000000
1,0x0044C40,1727717637,2024-09-30 17:33:57,10.8,0.0,1999.3,0.0,1988.5,0.0,0,0,0,0,0000000000000000000000000000000000000000
1,0x0044C80,1727717637,2024-09-30 17:33:57,10.8,0.0,1999.3,0.0,1988.5,0.0,0,0,0,0,0000000000000000000000000000000000000000
1,0x0044CC0,1727717638,2024-09-30 17:33:58,10.8,0.0,1999.3,0.0,1988.5,0.0,0,0,0,0,0000000000000000000000000000000000000000
1,0x0044D00,1727717641,2024-09-30 17:34:01,10.8,0.0,1999.3,0.0,1988.5,0.0,0,0,0,0,0000000000000000000000000000000000000000
1,0x0044D40,1727717642,2024-09-30 17:34:02,10.8,0.0,1999.3,0.0,1988.5,0.0,0,0,0,0,0000000000000000000000000000000000000000
1,0x0044D80,1727717642,2024-09-30 17:34:02,10.8,0.0,1999.3,0.0,1988.5,0.0,0,0,0,0,0000000000000000000000000000000000000000
1,0x0044DC0,1727717643,2024-09-30 17:34:03,10.8,0.0,1999.3,0.0,1988.5,0.0,0,0,0,0,0000000000000000000000000000000000000000
1,0x0044E00,1727717646,2024-09-30 17:34:06,10.8,0.0,1999.3,0.0,1988.5,0.0,0,0,0,0,0000000000000000000000000000000000000000
1,0x0044E40,1727717647,2024-09-30 17:34:07,10.8,0.0,1999.3,0.0,1988.5,0.0,0,0,0,0,0000000000000000000000000000000000000000
1,0x0044E80,1727717647,2024-09-30 17:34:07,10.8,0.0,1999.3,0.0,1988.5,0.0,0,0,0,0,0000000000000000000000000000000000000000
1,0x0044EC0,1727717648,2024-09-30 17:34:08,10.8,0.0,1999.3,0.0,1988.5,0.0,0,0,0,0,0000000000000000000000000000000000000000
1,0x0044F00,1727717651,2024-09-30 17:34:11,10.8,0.0,1999.3,0.0,1988.5,0.0,0,0,0,0,0000000000000000000000000000000000000000
1,0x0044F40,1727717652,2024-09-30 17:34:12,10.8,0.0,1999.3,0.0,1988.5,0.0,0,0,0,0,0000000000000000000000000000000000000000
1,0x0044F80,1727717652,2024-09-30 17:34:12,10.8,0.0,1999.3,0.0,1988.5,0.0,0,0,0,0,0000000000000000000000000000000000000000
1,0x0044FC0,1727717653,2024-09-30 17:34:13,10.8,0.0,1999.3,0.0,1988.5,0.0,0,0,0,0,0000000000000000000000000000000000000000
1,0x0045000,1727717655,2024-09-30 17:34:15,10.8,0.0,1999.3,0.0,1988.5,1988.5,0,0,0,0,0000000000000000000000000000000000000000
1,0x0045040,1727717656,2024-09-30 17:34:16,10.8,0.0,1999.3,0.0,1988.5,0.0,0,0,0,0,0000000000000000000000000000000000000000
1,0x0045080,1727717656,2024-09-30 17:34:16,10.8,0.0,1999.3,0.0,1988.5,0.0,0,0,0,0,0000000000000000000000000000000000000000
1,0x00450C0,1727717657,2024-09-30 17:34:17,10.8,0.0,1999.3,0.0,1988.5,0.0,0,0,0,0,0000000000000000000000000000000000000000
1,0x0045100,1727717658,2024-09-30 17:34:18,10.8,10.8,1999.3,0.0,1988.5,0.0,0,0,0,0,0000000000000000000000000000000000000000
1,0x0045140,1727717659,2024-09-30 17:34:19,10.8,0.0,1999.3,0.0,1988.5,0.0,0,0,0,0,0000000000000000000000000000000000000000
1,0x0045180,1727717660,2024-09-30 17:34:20,10.8,0.0,1999.3,0.0,1988.5,0.0,0,0,0,0,0000000000000000000000000000000000000000
1,0x00451C0,1727717660,2024-09-30 17:34:20,10.8,0.0,1999.3,0.0,1988.5,1988.5,0,0,0,0,0000000000000000000000000000000000000000
1,0x0045200,1727717661,2024-09-30 17:34:21,10.8,0.0,1999.3,0.0,1988.5,0.0,0,0,0,0,0000000000000000000000000000000000000000
1,0x0045240,1727717661,2024-09-30 17:34:21,10.8,0.0,1999.3,0.0,1988.5,0.0,0,0,0,0,0000000000000000000000000000000000000000
1,0x0045280,1727717662,2024-09-30 17:34:22,10.8,0.0,1999.3,0.0,1988.5,0.0,0,0,0,0,0000000000000000000000000000000000000000
1,0x00452C0,1727717662,2024-09-30 17:34:22,10.8,0.0,1999.3,0.0,1988.5,0.0,0,0,0,0,0000000000000000000000000000000000000000
1,0x0045300,1727717663,2024-09-30 17:34:23,10.8,10.8,1999.3,0.0,1988.5,0.0,0,0,0,0,0000000000000000000000000000000000000000
1,0x0045340,1727717664,2024-09-30 17:34:24,10.8,0.0,1999.3,0.0,1988.5,0.0,0,0,0,0,0000000000000000000000000000000000000000
1,0x0045380,1727717665,2024-09-30 17:34:25,10.8,0.0,1999.3,0.0,1988.5,0.0,0,0,0,0,0000000000000000000000000000000000000000
1,0x00453C0,1727717665,2024-09-30 17:34:25,10.8,0.0,1999.3,0.0,1988.5,1988.5,0,0,0,0,0000000000000000000000000000000000000000
1,0x0045400,1727717666,2024-09-30 17:34:26,10.8,0.0,1999.3,0.0,1988.5,0.0,0,0,0,0,0000000000000000000000000000000000000000
1,0x0045440,1727717666,2024-09-30 17:34:26,10.8,0.0,1999.3,0.0,1988.5,0.0,0,0,0,0,0000000000000000000000000000000000000000
1,0x0045480,1727717667,2024-09-30 17:34:27,10.8,0.0,1999.3,0.0,1988.5,0.0,0,0,0,0,0000000000000000000000000000000000000000
1,0x00454C0,1727717667,2024-09-30 17:34:27,10.8,0.0,1999.3,0.0,1988.5,0.0,0,0,0,0,0000000000000000000000000000000000000000
1,0x0045500,1727717668,2024-09-30 17:34:28,10.8,10.8,1999.3,0.0,1988.5,0.0,0,0,0,0,0000000000000000000000000000000000000000
1,0x0045540,1727717669,2024-09-30 17:34:29,10.8,0.0,1999.3,0.0,1988.5,0.0,0,0,0,0,0000000000000000000000000000000000000000
1,0x0045580,1727717670,2024-09-30 17:34:30,10.8,0.0,1999.3,0.0,1988.5,0.0,0,0,0,0,0000000000000000000000000000000000000000
1,0x00455C0,1727717670,2024-09-30 17:34:30,10.8,0.0,1999.3,0.0,1988.5,1988.5,0,0,0,0,0000000000000000000000000000000000000000
1,0x0045600,1727717671,2024-09-30 17:34:31,10.8,0.0,1999.3,0.0,1988.5,0.0,0,0,0,0,0000000000000000000000000000000000000000
1,0x0045640,1727717671,2024-09-30 17:34:31,10.8,0.0,1999.3,0.0,1988.5,0.0,0,0,0,0,0000000000000000000000000000000000000000
1,0x0045680,1727717672,2024-09-30 17:34:32,10.8,0.0,1999.3,0.0,1988.5,0.0,0,0,0,0,0000000000000000000000000000000000000000
1,0x00456C0,1727717672,2024-09-30 17:34:32,10.8,0.0,1999.3,0.0,1988.5,0.0,0,0,0,0,0000000000000000000000000000000000000000
1,0x0045700,1727717673,2024-09-30 17:34:33,10.8,10.8,1999.3,0.0,1988.5,0.0,0,0,0,0,0000000000000000000000000000000000000000
1,0x0045740,1727717674,2024-09-30 17:34:34,10.8,0.0,1999.3,0.0,1988.5,0.0,0,0,0,0,0000000000000000000000000000000000000000
1,0x0045780,1727717675,2024-09-30 17:34:35,10.8,0.0,1999.3,0.0,1988.5,0.0,0,0,0,0,0000000000000000000000000000000000000000
1,0x00457C0,1727717675,2024-09-30 17:34:35,10.8,0.0,1999.3,0.0,1988.5,0.0,0,0,0,0,0000000000000000000000000000000000000000
1,0x0045800,1727717676,2024-09-30 17:34:36,10.8,0.0,1999.3,0.0,1988.5,0.0,0,0,0,0,0000000000000000000000000000000000000000
1,0x0045840,1727717677,2024-09-30 17:34:37,10.8,0.0,1999.3,0.0,1988.5,0.0,0,0,0,0,0000000000000000000000000000000000000000
1,0x0045880,1727717677,2024-09-30 17:34:37,10.8,0.0,1999.3,0.0,1988.5,0.0,0,0,0,0,0000000000000000000000000000000000000000
1,0x00458C0,1727717678,2024-09-30 17:34:38,10.8,0.0,1999.3,0.0,1988.5,0.0,0,0,0,0,0000000000000000000000000000000000000000
1,0x0045900,1727717681,2024-09-30 17:34:41,10.8,0.0,1999.3,0.0,1988.5,0.0,0,0,0,0,0000000000000000000000000000000000000000
1,0x0045940,1727717682,2024-09-30 17:34:42,10.8,0.0,1999.3,0.0,1988.5,0.0,0,0,0,0,0000000000000000000000000000000000000000
1,0x0045980,1727717682,2024-09-30 17:34:42,10.8,0.0,1999.3,0.0,1988.5,0.0,0,0,0,0,0000000000000000000000000000000000000000
1,0x00459C0,1727717683,2024-09-30 17:34:43,10.8,0.0,1999.3,0.0,1988.5,0.0,0,0,0,0,0000000000000000000000000000000000000000
1,0x0045A00,1727717686,2024-09-30 17:34:46,10.8,0.0,1999.3,0.0,1988.5,0.0,0,0,0,0,0000000000000000000000000000000000000000
1,0x0045A40,1727717687,2024-09-30 17:34:47,10.8,0.0,1999.3,0.0,1988.5,0.0,0,0,0,0,0000000000000000000000000000000000000000
1,0x0045A80,1727717687,2024-09-30 17:34:47,10.8,0.0,1999.3,0.0,1988.5,0.0,0,0,0,0,0000000000000000000000000000000000000000
1,0x0045AC0,1727717688,2024-09-30 17:34:48,10.8,0.0,1999.3,0.0,1988.5,0.0,0,0,0,0,0000000000000000000000000000000000000000
1,0x0045B00,1727717691,2024-09-30 17:34:51,10.8,0.0,1999.3,0.0,1988.5,0.0,0,0,0,0,0000000000000000000000000000000000000000
1,0x0045B40,1727717692,2024-09-30 17:34:52,10.8,0.0,1999.3,0.0,1988.5,0.0,0,0,0,0,0000000000000000000000000000000000000000
1,0x0045B80,1727717692,2024-09-30 17:34:52,10.8,0.0,1999.3,0.0,1988.5,0.0,0,0,0,0,0000000000000000000000000000000000000000
1,0x0045BC0,1727717693,2024-09-30 17:34:53,10.8,0.0,1999.3,0.0,1988.5,0.0,0,0,0,0,0000000000000000000000000000000000000000
1,0x0045C00,1727717696,2024-09-30 17:34:56,10.8,0.0,1999.3,0.0,1988.5,0.0,0,0,0,0,0000000000000000000000000000000000000000
1,0x0045C40,1727717697,2024-09-30 17:34:57,10.8,0.0,1999.3,0.0,1988.5,0.0,0,0,0,0,0000000000000000000000000000000000000000
1,0x0045C80,1727717697,2024-09-30 17:34:57,10.8,0.0,1999.3,0.0,1988.5,0.0,0,0,0,0,0000000000000000000000000000000000000000
1,0x0045CC0,1727717698,2024-09-30 17:34:58,10.8,0.0,1999.3,0.0,1988.5,0.0,0,0,0,0,0000000000000000000000000000000000000000
1,0x0045D00,1727717701,2024-09-30 17:35:01,10.8,0.0,1999.3,0.0,1988.5,0.0,0,0,0,0,0000000000000000000000000000000000000000
1,0x0045D40,1727717702,2024-09-30 17:35:02,10.8,0.0,1999.3,0.0,1988.5,0.0,0,0,0,0,0000000000000000000000000000000000000000
1,0x0045D80,1727717702,2024-09-30 17:35:02,10.8,0.0,1999.3,0.0,1988.5,0.0,0,0,0,0,0000000000000000000000000000000000000000
1,0x0045DC0,1727717703,2024-09-30 17:35:03,10.8,0.0,1999.3,0.0,1988.5,0.0,0,0,0,0,0000000000000000000000000000000000000000
1,0x0045E00,1727717706,2024-09-30 17:35:06,10.8,0.0,1999.3,0.0,1988.5,0.0,0,0,0,0,0000000000000000000000000000000000000000
1,0x0045E40,1727717707,2024-09-30 17:35:07,10.8,0.0,1999.3,0.0,1988.5,0.0,0,0,0,0,0000000000000000000000000000000000000000
1,0x0045E80,1727717707,2024-09-30 17:35:07,10.8,0.0,1999.3,0.0,1988.5,0.0,0,0,0,0,0000000000000000000000000000000000000000
1,0x0045EC0,1727717708,2024-09-30 17:35:08,10.8,0.0,1999.3,0.0,1988.5,0.0,0,0,0,0,0000000000000000000000000000000000000000
1,0x0045F00,1727717711,2024-09-30 17:35:11,10.8,0.0,1999.3,0.0,1988.5,0.0,0,0,0,0,0000000000000000000000000000000000000000
1,0x0045F40,1727717712,2024-09-30 17:35:12,10.8,0.0,1999.3,0.0,1988.5,0.0,0,0,0,0,0000000000000000000000000000000000000000
1,0x0045F80,1727717712,2024-09-30 17:35:12,10.8,0.0,1999.3,0.0,1988.5,0.0,0,0,0,0,0000000000000000000000000000000000000000
1,0x0045FC0,1727717713,2024-09-30 17:35:13,10.8,0.0,1999.3,0.0,1988.5,0.0,0,0,0,0,0000000000000000000000000000000000000000
1,0x0046000,1727717716,2024-09-30 17:35:16,10.8,0.0,1999.3,0.0,1988.5,0.0,0,0,0,0,0000000000000000000000000000000000000000
1,0x0046040,1727717717,2024-09-30 17:35:17,10.8,0.0,1999.3,0.0,1988.5,0.0,0,0,0,0,0000000000000000000000000000000000000000
1,0x0046080,1727717717,2024-09-30 17:35:17,10.8,0.0,1999.3,0.0,1988.5,0.0,0,0,0,0,0000000000000000000000000000000000000000
1,0x00460C0,1727717718,2024-09-30 17:35:18,10.8,0.0,1999.3,0.0,1988.5,0.0,0,0,0,0,0000000000000000000000000000000000000000
1,0x0046100,1727717721,2024-09-30 17:35:21,10.8,0.0,1999.3,0.0,1988.5,0.0,0,0,0,0,0000000000000000000000000000000000000000
1,0x0046140,1727717722,2024-09-30 17:35:22,10.8,0.0,1999.3,0.0,1988.5,0.0,0,0,0,0,0000000000000000000000000000000000000000
1,0x0046180,1727717722,2024-09-30 17:35:22,10.8,0.0,1999.3,0.0,1988.5,0.0,0,0,0,0,0000000000000000000000000000000000000000
1,0x00461C0,1727717723,2024-09-30 17:35:23,10.8,0.0,1999.3,0.0,1988.5,0.0,0,0,0,0,0000000000000000000000000000000000000000
1,0x0046200,1727717726,2024-09-30 17:35:26,10.8,0.0,1999.3,0.0,1988.5,0.0,0,0,0,0,0000000000000000000000000000000000000000
1,0x0046240,1727717727,2024-09-30 17:35:27,10.8,0.0,1999.3,0.0,1988.5,0.0,0,0,0,0,0000000000000000000000000000000000000000
1,0x0046280,1727717727,2024-09-30 17:35:27,10.8,0.0,1999.3,0.0,1988.5,0.0,0,0,0,0,0000000000000000000000000000000000000000
1,0x00462C0,1727717728,2024-09-30 17:35:28,10.8,0.0,1999.3,0.0,1988.5,0.0,0,0,0,0,0000000000000000000000000000000000000000
1,0x0046300,1727717737,2024-09-30 17:35:37,10.8,0.1,1999.3,0.0,1988.5,0.0,0,0,0,0,0000000000000000000000000000000000000000
1,0x0046340,1727717738,2024-09-30 17:35:38,10.8,0.1,1999.3,0.0,1988.5,0.0,0,0,0,0,0000000000000000000000000000000000000000
1,0x0046380,1727717738,2024-09-30 17:35:38,10.8,0.1,1999.3,0.0,1988.5,0.0,0,0,0,0,0000000000000000000000000000000000000000
1,0x00463C0,1727717739,2024-09-30 17:35:39,10.8,0.1,1999.3,0.0,1988.5,0.0,0,0,0,0,0000000000000000000000000000000000000000
1,0x0046400,1727717740,2024-09-30 17:35:40,10.8,0.0,1999.3,0.0,1988.5,0.0,0,0,0,0,0000000000000000000000000000000000000000
1,0x0046440,1727717741,2024-09-30 17:35:41,10.8,0.1,1999.3,0.0,1988.5,0.0,0,0,0,0,0000000000000000000000000000000000000000
1,0x0046480,1727717741,2024-09-30 17:35:41,10.8,0.0,1999.3,0.0,1988.5,0.0,0,0,0,0,0000000000000000000000000000000000000000
1,0x00464C0,1727717742,2024-09-30 17:35:42,10.8,0.1,1999.3,0.0,1988.5,0.0,0,0,0,0,0000000000000000000000000000000000000000
1,0x0046500,1727717743,2024-09-30 17:35:43,10.8,0.0,1999.3,0.0,1988.5,0.0,0,0,0,0,0000000000000000000000000000000000000000
1,0x0046540,1727717743,2024-09-30 17:35:43,10.8,0.1,1999.3,0.0,1988.5,0.0,0,0,0,0,0000000000000000000000000000000000000000
1,0x0046580,1727717744,2024-09-30 17:35:44,10.8,0.0,1999.3,0.0,1988.5,0.0,0,0,0,0,0000000000000000000000000000000000000000
1,0x00465C0,1727717745,2024-09-30 17:35:45,10.8,0.1,1999.3,0.0,1988.5,0.0,0,0,0,0,0000000000000000000000000000000000000000
1,0x0046600,1727717746,2024-09-30 17:35:46,10.8,0.0,1999.3,0.0,1988.5,0.0,0,0,0,0,0000000000000000000000000000000000000000
1,0x0046640,1727717746,2024-09-30 17:35:46,10.8,0.1,1999.3,0.0,1988.5,0.0,0,0,0,0,0000000000000000000000000000000000000000
1,0x0046680,1727717747,2024-09-30 17:35:47,10.8,0.1,1999.3,0.0,1988.5,0.0,0,0,0,0,0000000000000000000000000000000000000000
1,0x00466C0,1727717747,2024-09-30 17:35:47,10.8,0.0,1999.3,0.0,1988.5,0.0,0,0,0,0,0000000000000000000000000000000000000000
1,0x0046700,1727717748,2024-09-30 17:35:48,10.8,0.1,1999.3,0.0,1988.5,0.0,0,0,0,0,0000000000000000000000000000000000000000
1,0x0046740,1727717748,2024-09-30 17:35:48,10.8,0.1,1999.3,0.0,1988.5,0.0,0,0,0,0,0000000000000000000000000000000000000000
1,0x0046780,1727717749,2024-09-30 17:35:49,10.8,0.0,1999.3,0.0,1988.5,0.0,0,0,0,0,0000000000000000000000000000000000000000
1,0x00467C0,1727717750,2024-09-30 17:35:50,10.8,0.1,1999.3,0.0,1988.5,0.0,0,0,0,0,0000000000000000000000000000000000000000
1,0x0046800,1727717750,2024-09-30 17:35:50,10.8,0.0,1999.3,0.0,1988.5,0.0,0,0,0,0,0000000000000000000000000000000000000000
1,0x0046840,1727717751,2024-09-30 17:35:51,10.8,0.1,1999.3,0.0,1988.5,0.0,0,0,0,0,0000000000000000000000000000000000000000
1,0x0046880,1727717751,2024-09-30 17:35:51,10.8,0.1,1999.3,0.0,1988.5,0.0,0,0,0,0,0000000000000000000000000000000000000000
1,0x00468C0,1727717752,2024-09-30 17:35:52,10.8,0.0,1999.3,0.0,1988.5,0.0,0,0,0,0,0000000000000000000000000000000000000000
1,0x0046900,1727717752,2024-09-30 17:35:52,10.8,0.1,1999.3,0.0,1988.5,0.0,0,0,0,0,0000000000000000000000000000000000000000
1,0x0046940,1727717753,2024-09-30 17:35:53,10.8,0.1,1999.3,0.0,1988.5,0.0,0,0,0,0,0000000000000000000000000000000000000000
1,0x0046980,1727717753,2024-09-30 17:35:53,10.8,0.1,1999.3,0.0,1988.5,0.0,0,0,0,0,0000000000000000000000000000000000000000
1,0x00469C0,1727717754,2024-09-30 17:35:54,10.8,0.1,1999.3,0.0,1988.5,0.0,0,0,0,0,0000000000000000000000000000000000000000
1,0x0046A00,1727717755,2024-09-30 17:35:55,10.8,0.0,1999.3,0.0,1988.5,0.0,0,0,0,0,0000000000000000000000000000000000000000
1,0x0046A40,1727717755,2024-09-30 17:35:55,10.8,0.1,1999.3,0.0,1988.5,0.0,0,0,0,0,0000000000000000000000000000000000000000
1,0x0046A80,1727717756,2024-09-30 17:35:56,10.8,0.0,1999.3,0.0,1988.5,0.0,0,0,0,0,0000000000000000000000000000000000000000
1,0x0046AC0,1727717756,2024-09-30 17:35:56,10.8,0.1,10.8,0.0,0.0,0.0,0,0,0,0,0000000000000000000000000000000000000000
1,0x0046B00,1727717757,2024-09-30 17:35:57,10.8,0.1,1999.3,0.0,1988.5,0.0,0,0,0,0,0000000000000000000000000000000000000000
1,0x0046B40,1727717757,2024-09-30 17:35:57,10.8,0.0,1999.3,0.0,1988.5,0.0,0,0,0,0,0000000000000000000000000000000000000000
1,0x0046B80,1727717758,2024-09-30 17:35:58,10.8,0.1,1999.3,0.0,1988.5,0.0,0,0,0,0,0000000000000000000000000000000000000000
1,0x0046BC0,1727717758,2024-09-30 17:35:58,10.8,0.1,1999.3,0.0,1988.5,0.0,0,0,0,0,0000000000000000000000000000000000000000
1,0x0046C00,1727717760,2024-09-30 17:36:00,10.8,0.0,1999.3,0.0,1988.5,0.0,0,0,0,0,0000000000000000000000000000000000000000
1,0x0046C40,1727717761,2024-09-30 17:36:01,10.8,0.1,1999.3,0.0,1988.5,0.0,0,0,0,0,0000000000000000000000000000000000000000
1,0x0046C80,1727717761,2024-09-30 17:36:01,10.8,0.1,10.8,0.0,0.0,0.0,0,0,0,0,0000000000000000000000000000000000000000
1,0x0046CC0,1727717762,2024-09-30 17:36:02,10.8,0.0,1999.3,0.0,1988.5,0.0,0,0,0,0,0000000000000000000000000000000000000000
1,0x0046D00,1727717762,2024-09-30 17:36:02,10.8,0.1,1999.3,0.0,1988.5,0.0,0,0,0,0,0000000000000000000000000000000000000000
1,0x0046D40,1727717763,2024-09-30 17:36:03,10.8,0.1,1999.3,0.0,1988.5,0.0,0,0,0,0,0000000000000000000000000000000000000000
1,0x0046D80,1727717763,2024-09-30 17:36:03,10.8,10.8,1999.3,0.0,1988.5,0.0,0,0,0,0,0000000000000000000000000000000000000000
1,0x0046DC0,1727717764,2024-09-30 17:36:04,10.8,0.1,1999.3,0.0,1988.5,0.0,0,0,0,0,0000000000000000000000000000000000000000
1,0x0046E00,1727717765,2024-09-30 17:36:05,10.8,0.0,1999.3,0.0,1988.5,0.0,0,0,0,0,0000000000000000000000000000000000000000
1,0x0046E40,1727717765,2024-09-30 17:36:05,10.8,0.1,1999.3,0.0,1988.5,0.0,0,0,0,0,0000000000000000000000000000000000000000
1,0x0046E80,1727717766,2024-09-30 17:36:06,10.8,0.1,1999.3,0.0,1988.5,0.0,0,0,0,0,0000000000000000000000000000000000000000
1,0x0046EC0,1727717766,2024-09-30 17:36:06,10.8,0.1,10.8,0.0,0.0,0.0,0,0,0,0,0000000000000000000000000000000000000000
1,0x0046F00,1727717767,2024-09-30 17:36:07,10.8,0.0,1999.3,0.0,1988.5,0.0,0,0,0,0,0000000000000000000000000000000000000000
1,0x0046F40,1727717767,2024-09-30 17:36:07,10.8,0.1,1999.3,0.0,1988.5,0.0,0,0,0,0,0000000000000000000000000000000000000000
1,0x0046F80,1727717768,2024-09-30 17:36:08,10.8,0.1,1999.3,0.0,1988.5,0.0,0,0,0,0,0000000000000000000000000000000000000000
1,0x0046FC0,1727717768,2024-09-30 17:36:08,10.8,10.8,1999.3,0.0,1988.5,0.0,0,0,0,0,0000000000000000000000000000000000000000
1,0x0047000,1727717769,2024-09-30 17:36:09,10.8,0.1,1999.3,0.0,1988.5,0.0,0,0,0,0,0000000000000000000000000000000000000000
1,0x0047040,1727717770,2024-09-30 17:36:10,10.8,0.1,1999.3,0.0,1988.5,0.0,0,0,0,0,0000000000000000000000000000000000000000
1,0x0047080,1727717770,2024-09-30 17:36:10,10.8,0.1,1999.3,0.0,1988.5,0.0,0,0,0,0,0000000000000000000000000000000000000000
1,0x00470C0,1727717771,2024-09-30 17:36:11,10.8,0.0,1999.3,0.0,1988.5,0.0,0,0,0,0,0000000000000000000000000000000000000000
1,0x0047100,1727717771,2024-09-30 17:36:11,10.8,0.1,10.8,0.0,0.0,0.0,0,0,0,0,0000000000000000000000000000000000000000
1,0x0047140,1727717772,2024-09-30 17:36:12,10.8,0.1,1999.3,0.0,1988.5,0.0,0,0,0,0,0000000000000000000000000000000000000000
1,0x0047180,1727717772,2024-09-30 17:36:12,10.8,0.0,1999.3,0.0,1988.5,0.0,0,0,0,0,0000000000000000000000000000000000000000
1,0x00471C0,1727717773,2024-09-30 17:36:13,10.8,0.1,1999.3,0.0,1988.5,0.0,0,0,0,0,0000000000000000000000000000000000000000
1,0x0047200,1727717773,2024-09-30 17:36:13,10.8,10.8,1999.3,0.0,1988.5,0.0,0,0,0,0,0000000000000000000000000000000000000000
1,0x0047240,1727717774,2024-09-30 17:36:14,10.8,0.1,1999.3,0.0,1988.5,0.0,0,0,0,0,0000000000000000000000000000000000000000
1,0x0047280,1727717775,2024-09-30 17:36:15,10.8,0.0,1999.3,0.0,1988.5,0.0,0,0,0,0,0000000000000000000000000000000000000000
1,0x00472C0,1727717775,2024-09-30 17:36:15,10.8,0.1,1999.3,0.0,1988.5,0.0,0,0,0,0,0000000000000000000000000000000000000000
1,0x0047300,1727717776,2024-09-30 17:36:16,10.8,0.0,1999.3,0.0,1988.5,0.0,0,0,0,0,0000000000000000000000000000000000000000
1,0x0047340,1727717777,2024-09-30 17:36:17,10.9,0.1,1999.4,0.0,1988.5,0.0,0,0,0,0,0000000000000000000000000000000000000000
1,0x0047380,1727717777,2024-09-30 17:36:17,10.9,0.1,1999.4,0.0,1988.5,0.0,0,0,0,0,0000000000000000000000000000000000000000
1,0x00473C0,1727717778,2024-09-30 17:36:18,10.9,0.1,1999.4,0.0,1988.5,0.0,0,0,0,0,0000000000000000000000000000000000000000
1,0x0047400,1727717778,2024-09-30 17:36:18,10.9,0.0,1999.4,0.0,1988.5,0.0,0,0,0,0,0000000000000000000000000000000000000000
1,0x0047440,1727717779,2024-09-30 17:36:19,10.9,0.1,1999.4,0.0,1988.5,0.0,0,0,0,0,0000000000000000000000000000000000000000
1,0x0047480,1727717780,2024-09-30 17:36:20,10.9,0.0,1999.4,0.0,1988.5,0.0,0,0,0,0,0000000000000000000000000000000000000000
1,0x00474C0,1727717780,2024-09-30 17:36:20,10.9,0.1,1999.4,0.0,1988.5,0.0,0,0,0,0,0000000000000000000000000000000000000000
1,0x0047500,1727717781,2024-09-30 17:36:21,10.9,0.1,10.9,0.0,0.0,0.0,0,0,0,0,0000000000000000000000000000000000000000
1,0x0047540,1727717782,2024-09-30 17:36:22,10.9,0.0,1999.4,0.0,1988.5,0.0,0,0,0,0,0000000000000000000000000000000000000000
1,0x0047580,1727717782,2024-09-30 17:36:22,10.9,0.1,1999.4,0.0,1988.5,0.0,0,0,0,0,0000000000000000000000000000000000000000
1,0x00475C0,1727717783,2024-09-30 17:36:23,10.9,0.1,1999.4,0.0,1988.5,0.0,0,0,0,0,0000000000000000000000000000000000000000
1,0x0047600,1727717783,2024-09-30 17:36:23,10.9,0.0,1999.4,0.0,1988.5,0.0,0,0,0,0,0000000000000000000000000000000000000000
1,0x0047640,1727717784,2024-09-30 17:36:24,10.9,0.1,1999.4,0.0,1988.5,0.0,0,0,0,0,0000000000000000000000000000000000000000
1,0x0047680,1727717785,2024-09-30 17:36:25,10.9,0.0,1999.4,0.0,1988.5,0.0,0,0,0,0,0000000000000000000000000000000000000000
1,0x00476C0,1727717785,2024-09-30 17:36:25,10.9,0.1,1999.4,0.0,1988.5,0.0,0,0,0,0,0000000000000000000000000000000000000000
1,0x0047700,1727717786,2024-09-30 17:36:26,10.9,0.0,1999.4,0.0,1988.5,0.0,0,0,0,0,0000000000000000000000000000000000000000
1,0x0047740,1727717787,2024-09-30 17:36:27,10.9,0.1,1999.4,0.0,1988.5,0.0,0,0,0,0,0000000000000000000000000000000000000000
1,0x0047780,1727717787,2024-09-30 17:36:27,10.9,0.1,1999.4,0.0,1988.5,0.0,0,0,0,0,0000000000000000000000000000000000000000
1,0x00477C0,1727717788,2024-09-30 17:36:28,10.9,0.0,1999.4,0.0,1988.5,0.0,0,0,0,0,0000000000000000000000000000000000000000
1,0x0047800,1727717788,2024-09-30 17:36:28,10.9,0.1,1999.4,0.0,1988.5,0.0,0,0,0,0,0000000000000000000000000000000000000000
1,0x0047840,1727717789,2024-09-30 17:36:29,10.9,0.0,1999.4,0.0,1988.5,0.0,0,0,0,0,0000000000000000000000000000000000000000
1,0x0047880,1727717790,2024-09-30 17:36:30,10.9,0.1,1999.4,0.0,1988.5,0.0,0,0,0,0,0000000000000000000000000000000000000000
1,0x00478C0,1727717790,2024-09-30 17:36:30,10.9,0.1,1999.4,0.0,1988.5,0.0,0,0,0,0,0000000000000000000000000000000000000000
1,0x0047900,1727717791,2024-09-30 17:36:31,10.9,0.0,1999.4,0.0,1988.5,0.0,0,0,0,0,0000000000000000000000000000000000000000
1,0x0047940,1727717791,2024-09-30 17:36:31,10.9,0.1,10.9,0.0,0.0,0.0,0,0,0,0,0000000000000000000000000000000000000000
1,0x0047980,1727717792,2024-09-30 17:36:32,10.9,0.1,1999.4,0.0,1988.5,0.0,0,0,0,0,0000000000000000000000000000000000000000
1,0x00479C0,1727717792,2024-09-30 17:36:32,10.9,0.0,1999.4,0.0,1988.5,0.0,0,0,0,0,0000000000000000000000000000000000000000
1,0x0047A00,1727717793,2024-09-30 17:36:33,10.9,0.1,1999.4,0.0,1988.5,0.0,0,0,0,0,0000000000000000000000000000000000000000
1,0x0047A40,1727717793,2024-09-30 17:36:33,10.9,0.1,1999.4,0.0,1988.5,0.0,0,0,0,0,0000000000000000000000000000000000000000
1,0x0047A80,1727717794,2024-09-30 17:36:34,10.9,0.1,1999.4,0.0,1988.5,0.0,0,0,0,0,0000000000000000000000000000000000000000
1,0x0047AC0,1727717795,2024-09-30 17:36:35,10.9,0.1,1999.4,0.0,1988.5,0.0,0,0,0,0,0000000000000000000000000000000000000000
1,0x0047B00,1727717795,2024-09-30 17:36:35,10.9,0.0,1999.4,0.0,1988.5,0.0,0,0,0,0,0000000000000000000000000000000000000000
1,0x0047B40,1727717796,2024-09-30 17:36:36,10.9,0.1,1999.4,0.0,1988.5,0.0,0,0,0,0,0000000000000000000000000000000000000000
1,0x0047B80,1727717796,2024-09-30 17:36:36,10.9,0.1,10.9,0.0,0.0,0.0,0,0,0,0,0000000000000000000000000000000000000000
1,0x0047BC0,1727717797,2024-09-30 17:36:37,10.9,0.0,1999.4,0.0,1988.5,0.0,0,0,0,0,0000000000000000000000000000000000000000
1,0x0047C00,1727717797,2024-09-30 17:36:37,10.9,0.1,1999.4,0.0,1988.5,0.0,0,0,0,0,0000000000000000000000000000000000000000
1,0x0047C40,1727717798,2024-09-30 17:36:38,10.9,0.0,1999.4,0.0,1988.5,0.0,0,0,0,0,0000000000000000000000000000000000000000
1,0x0047C80,1727717798,2024-09-30 17:36:38,10.9,0.1,1999.4,0.0,1988.5,0.0,0,0,0,0,0000000000000000000000000000000000000000
1,0x0047CC0,1727717799,2024-09-30 17:36:39,10.9,0.1,1999.4,0.0,1988.5,0.0,0,0,0,0,0000000000000000000000000000000000000000
1,0x0047D00,1727717800,2024-09-30 17:36:40,10.9,0.0,1999.4,0.0,1988.5,0.0,0,0,0,0,0000000000000000000000000000000000000000
1,0x0047D40,1727717801,2024-09-30 17:36:41,10.9,0.1,1999.4,0.0,1988.5,0.0,0,0,0,0,0000000000000000000000000000000000000000
1,0x0047D80,1727717801,2024-09-30 17:36:41,10.9,0.0,1999.4,0.0,1988.5,0.0,0,0,0,0,0000000000000000000000000000000000000000
1,0x0047DC0,1727717802,2024-09-30 17:36:42,10.9,0.1,1999.4,0.0,1988.5,0.0,0,0,0,0,0000000000000000000000000000000000000000
1,0x0047E00,1727717802,2024-09-30 17:36:42,10.9,0.0,1999.4,0.0,1988.5,0.0,0,0,0,0,0000000000000000000000000000000000000000
1,0x0047E40,1727717803,2024-09-30 17:36:43,10.9,0.1,1999.4,0.0,1988.5,0.0,0,0,0,0,0000000000000000000000000000000000000000
1,0x0047E80,1727717803,2024-09-30 17:36:43,10.9,0.1,1999.4,0.0,1988.5,0.0,0,0,0,0,0000000000000000000000000000000000000000
1,0x0047EC0,1727717804,2024-09-30 17:36:44,10.9,0.1,1999.4,0.0,1988.5,0.0,0,0,0,0,0000000000000000000000000000000000000000
1,0x0047F00,1727717805,2024-09-30 17:36:45,10.9,0.0,1999.4,0.0,1988.5,1988.5,0,0,0,0,0000000000000000000000000000000000000000
1,0x0047F40,1727717806,2024-09-30 17:36:46,10.9,0.1,1999.4,0.0,1988.5,0.0,0,0,0,0,0000000000000000000000000000000000000000
1,0x0047F80,1727717806,2024-09-30 17:36:46,10.9,0.0,1999.4,0.0,1988.5,0.0,0,0,0,0,0000000000000000000000000000000000000000
1,0x0047FC0,1727717807,2024-09-30 17:36:47,10.9,0.1,1999.4,0.0,1988.5,0.0,0,0,0,0,0000000000000000000000000000000000000000
1,0x0048000,1727717808,2024-09-30 17:36:48,10.9,0.0,1999.4,0.0,1988.5,0.0,0,0,0,0,0000000000000000000000000000000000000000
1,0x0048040,1727717808,2024-09-30 17:36:48,10.9,10.9,1999.4,0.0,1988.5,0.0,0,0,0,0,0000000000000000000000000000000000000000
1,0x0048080,1727717809,2024-09-30 17:36:49,10.9,0.1,1999.4,0.0,1988.5,0.0,0,0,0,0,0000000000000000000000000000000000000000
1,0x00480C0,1727717810,2024-09-30 17:36:50,10.9,0.0,1999.4,0.0,1988.5,0.0,0,0,0,0,0000000000000000000000000000000000000000
1,0x0048100,1727717810,2024-09-30 17:36:50,10.9,0.1,1999.4,0.0,1988.5,1988.5,0,0,0,0,0000000000000000000000000000000000000000
1,0x0048140,1727717811,2024-09-30 17:36:51,10.9,0.1,1999.4,0.0,1988.5,0.0,0,0,0,0,0000000000000000000000000000000000000000
1,0x0048180,1727717811,2024-09-30 17:36:51,10.9,0.0,1999.4,0.0,1988.5,0.0,0,0,0,0,0000000000000000000000000000000000000000
1,0x00481C0,1727717812,2024-09-30 17:36:52,10.9,0.1,1999.4,0.0,1988.5,0.0,0,0,0,0,0000000000000000000000000000000000000000
1,0x0048200,1727717812,2024-09-30 17:36:52,10.9,0.0,1999.4,0.0,1988.5,0.0,0,0,0,0,0000000000000000000000000000000000000000
1,0x0048240,1727717813,2024-09-30 17:36:53,10.9,0.1,1999.4,0.0,1988.5,0.0,0,0,0,0,0000000000000000000000000000000000000000
1,0x0048280,1727717813,2024-09-30 17:36:53,10.9,10.9,1999.4,0.0,1988.5,0.0,0,0,0,0,0000000000000000000000000000000000000000
1,0x00482C0,1727717814,2024-09-30 17:36:54,10.9,0.0,1999.4,0.0,1988.5,0.0,0,0,0,0,0000000000000000000000000000000000000000
1,0x0048300,1727717815,2024-09-30 17:36:55,10.9,0.1,1999.4,0.0,1988.5,0.0,0,0,0,0,0000000000000000000000000000000000000000
1,0x0048340,1727717815,2024-09-30 17:36:55,10.9,0.0,1999.4,0.0,1988.5,1988.5,0,0,0,0,0000000000000000000000000000000000000000
1,0x0048380,1727717816,2024-09-30 17:36:56,10.9,0.1,1999.4,0.0,1988.5,0.0,0,0,0,0,0000000000000000000000000000000000000000
1,0x00483C0,1727717816,2024-09-30 17:36:56,10.9,0.0,1999.4,0.0,1988.5,0.0,0,0,0,0,0000000000000000000000000000000000000000
1,0x0048400,1727717817,2024-09-30 17:36:57,10.9,0.1,1999.4,0.0,1988.5,0.0,0,0,0,0,0000000000000000000000000000000000000000
1,0x0048440,1727717817,2024-09-30 17:36:57,10.9,0.1,1999.4,0.0,1988.5,0.0,0,0,0,0,0000000000000000000000000000000000000000
1,0x0048480,1727717818,2024-09-30 17:36:58,10.9,0.0,1999.4,0.0,1988.5,0.0,0,0,0,0,0000000000000000000000000000000000000000
1,0x00484C0,1727717818,2024-09-30 17:36:58,10.9,10.9,1999.4,0.0,1988.5,0.0,0,0,0,0,0000000000000000000000000000000000000000
1,0x0048500,1727717819,2024-09-30 17:36:59,10.9,0.0,1999.4,0.0,1988.5,0.0,0,0,0,0,0000000000000000000000000000000000000000
1,0x0048540,1727717820,2024-09-30 17:37:00,10.9,0.1,1999.4,0.0,1988.5,0.0,0,0,0,0,0000000000000000000000000000000000000000
1,0x0048580,1727717820,2024-09-30 17:37:00,10.9,0.1,1999.4,0.0,1988.5,0.0,0,0,0,0,0000000000000000000000000000000000000000
1,0x00485C0,1727717821,2024-09-30 17:37:01,10.9,0.0,1999.4,0.0,1988.5,0.0,0,0,0,0,0000000000000000000000000000000000000000
1,0x0048600,1727717821,2024-09-30 17:37:01,10.9,0.1,10.9,0.0,0.0,0.0,0,0,0,0,0000000000000000000000000000000000000000
1,0x0048640,1727717822,2024-09-30 17:37:02,10.9,0.1,1999.4,0.0,1988.5,0.0,0,0,0,0,0000000000000000000000000000000000000000
1,0x0048680,1727717822,2024-09-30 17:37:02,10.9,0.0,1999.4,0.0,1988.5,0.0,0,0,0,0,0000000000000000000000000000000000000000
1,0x00486C0,1727717823,2024-09-30 17:37:03,10.9,0.1,1999.4,0.0,1988.5,0.0,0,0,0,0,0000000000000000000000000000000000000000
1,0x0048700,1727717825,2024-09-30 17:37:05,10.9,0.0,1999.4,0.0,1988.5,0.0,0,0,0,0,0000000000000000000000000000000000000000
1,0x0048740,1727717825,2024-09-30 17:37:05,10.9,0.1,1999.4,0.0,1988.5,1988.5,0,0,0,0,0000000000000000000000000000000000000000
1,0x0048780,1727717826,2024-09-30 17:37:06,10.9,0.1,1999.4,0.0,1988.5,0.0,0,0,0,0,0000000000000000000000000000000000000000
1,0x00487C0,1727717826,2024-09-30 17:37:06,10.9,0.0,1999.4,0.0,1988.5,0.0,0,0,0,0,0000000000000000000000000000000000000000
1,0x0048800,1727717827,2024-09-30 17:37:07,10.9,0.1,1999.4,0.0,1988.5,0.0,0,0,0,0,0000000000000000000000000000000000000000
1,0x0048840,1727717827,2024-09-30 17:37:07,10.9,0.1,1999.4,0.0,1988.5,0.0,0,0,0,0,0000000000000000000000000000000000000000
1,0x0048880,1727717828,2024-09-30 17:37:08,10.9,0.0,1999.4,0.0,1988.5,0.0,0,0,0,0,0000000000000000000000000000000000000000
1,0x00488C0,1727717828,2024-09-30 17:37:08,10.9,10.9,1999.4,0.0,1988.5,0.0,0,0,0,0,0000000000000000000000000000000000000000
1,0x0048900,1727717829,2024-09-30 17:37:09,10.9,0.0,1999.4,0.0,1988.5,0.0,0,0,0,0,0000000000000000000000000000000000000000
1,0x0048940,1727717830,2024-09-30 17:37:10,10.9,0.1,1999.4,0.0,1988.5,0.0,0,0,0,0,0000000000000000000000000000000000000000
1,0x0048980,1727717830,2024-09-30 17:37:10,10.9,0.1,1999.4,0.0,1988.5,0.0,0,0,0,0,0000000000000000000000000000000000000000
1,0x00489C0,1727717831,2024-09-30 17:37:11,10.9,0.0,1999.4,0.0,1988.5,0.0,0,0,0,0,0000000000000000000000000000000000000000
1,0x0048A00,1727717831,2024-09-30 17:37:11,10.9,0.1,10.9,0.0,0.0,0.0,0,0,0,0,0000000000000000000000000000000000000000
1,0x0048A40,1727717832,2024-09-30 17:37:12,10.9,0.1,1999.4,0.0,1988.5,0.0,0,0,0,0,0000000000000000000000000000000000000000
1,0x0048A80,1727717832,2024-09-30 17:37:12,10.9,0.0,1999.4,0.0,1988.5,0.0,0,0,0,0,0000000000000000000000000000000000000000
1,0x0048AC0,1727717833,2024-09-30 17:37:13,10.9,0.1,1999.4,0.0,1988.5,0.0,0,0,0,0,0000000000000000000000000000000000000000
1,0x0048B00,1727717834,2024-09-30 17:37:14,10.9,0.0,1999.4,0.0,1988.5,0.0,0,0,0,0,0000000000000000000000000000000000000000
1,0x0048B40,1727717835,2024-09-30 17:37:15,10.9,0.1,1999.4,0.0,1988.5,0.0,0,0,0,0,0000000000000000000000000000000000000000
1,0x0048B80,1727717835,2024-09-30 17:37:15,10.9,0.1,1999.4,0.0,1988.5,0.0,0,0,0,0,0000000000000000000000000000000000000000
1,0x0048BC0,1727717836,2024-09-30 17:37:16,10.9,0.0,1999.4,0.0,1988.5,0.0,0,0,0,0,0000000000000000000000000000000000000000
1,0x0048C00,1727717836,2024-09-30 17:37:16,10.9,0.1,10.9,0.0,0.0,0.0,0,0,0,0,0000000000000000000000000000000000000000
1,0x0048C40,1727717837,2024-09-30 17:37:17,10.9,0.1,1999.4,0.0,1988.5,0.0,0,0,0,0,0000000000000000000000000000000000000000
1,0x0048C80,1727717837,2024-09-30 17:37:17,10.9,0.0,1999.4,0.0,1988.5,0.0,0,0,0,0,0000000000000000000000000000000000000000
1,0x0048CC0,1727717838,2024-09-30 17:37:18,10.9,0.1,1999.4,0.0,1988.5,0.0,0,0,0,0,0000000000000000000000000000000000000000
1,0x0048D00,1727717840,2024-09-30 17:37:20,10.9,0.0,1999.4,0.0,1988.5,0.0,0,0,0,0,0000000000000000000000000000000000000000
1,0x0048D40,1727717841,2024-09-30 17:37:21,10.9,0.1,1999.4,0.0,1988.5,0.0,0,0,0,0,0000000000000000000000000000000000000000
1,0x0048D80,1727717841,2024-09-30 17:37:21,10.9,0.1,10.9,0.0,0.0,0.0,0,0,0,0,0000000000000000000000000000000000000000
1,0x0048DC0,1727717842,2024-09-30 17:37:22,10.9,0.0,1999.4,0.0,1988.5,0.0,0,0,0,0,0000000000000000000000000000000000000000
1,0x0048E00,1727717842,2024-09-30 17:37:22,10.9,0.1,1999.4,0.0,1988.5,0.0,0,0,0,0,0000000000000000000000000000000000000000
1,0x0048E40,1727717843,2024-09-30 17:37:23,10.9,0.1,1999.4,0.0,1988.5,0.0,0,0,0,0,0000000000000000000000000000000000000000
1,0x0048E80,1727717843,2024-09-30 17:37:23,10.9,0.0,1999.4,0.0,1988.5,0.0,0,0,0,0,0000000000000000000000000000000000000000
1,0x0048EC0,1727717844,2024-09-30 17:37:24,10.9,0.1,1999.4,0.0,1988.5,0.0,0,0,0,0,0000000000000000000000000000000000000000
1,0x0048F00,1727717845,2024-09-30 17:37:25,10.9,0.0,1999.4,0.0,1988.5,0.0,0,0,0,0,0000000000000000000000000000000000000000
1,0x0048F40,1727717846,2024-09-30 17:37:26,10.9,0.1,1999.4,0.0,1988.5,0.0,0,0,0,0,0000000000000000000000000000000000000000
1,0x0048F80,1727717846,2024-09-30 17:37:26,10.9,0.1,10.9,0.0,0.0,0.0,0,0,0,0,0000000000000000000000000000000000000000
1,0x0048FC0,1727717847,2024-09-30 17:37:27,10.9,0.1,1999.4,0.0,1988.5,0.0,0,0,0,0,0000000000000000000000000000000000000000
1,0x0049000,1727717847,2024-09-30 17:37:27,10.9,0.0,1999.4,0.0,1988.5,0.0,0,0,0,0,0000000000000000000000000000000000000000
1,0x0049040,1727717848,2024-09-30 17:37:28,10.9,0.1,1999.4,0.0,1988.5,0.0,0,0,0,0,0000000000000000000000000000000000000000
1,0x0049080,1727717848,2024-09-30 17:37:28,10.9,0.0,1999.4,0.0,1988.5,0.0,0,0,0,0,0000000000000000000000000000000000000000
1,0x00490C0,1727717849,2024-09-30 17:37:29,10.9,0.1,1999.4,0.0,1988.5,0.0,0,0,0,0,0000000000000000000000000000000000000000
1,0x0049100,1727717851,2024-09-30 17:37:31,10.9,0.0,1999.4,0.0,1988.5,0.0,0,0,0,0,0000000000000000000000000000000000000000
1,0x0049140,1727717851,2024-09-30 17:37:31,10.9,0.1,10.9,0.0,0.0,0.0,0,0,0,0,0000000000000000000000000000000000000000
1,0x0049180,1727717852,2024-09-30 17:37:32,10.9,0.1,1999.4,0.0,1988.5,0.0,0,0,0,0,0000000000000000000000000000000000000000
1,0x00491C0,1727717852,2024-09-30 17:37:32,10.9,0.0,1999.4,0.0,1988.5,0.0,0,0,0,0,0000000000000000000000000000000000000000
1,0x0049200,1727717853,2024-09-30 17:37:33,10.9,0.1,1999.4,0.0,1988.5,0.0,0,0,0,0,0000000000000000000000000000000000000000
1,0x0049240,1727717853,2024-09-30 17:37:33,10.9,0.1,1999.4,0.0,1988.5,0.0,0,0,0,0,0000000000000000000000000000000000000000
1,0x0049280,1727717854,2024-09-30 17:37:34,10.9,0.0,1999.4,0.0,1988.5,0.0,0,0,0,0,0000000000000000000000000000000000000000
1,0x00492C0,1727717855,2024-09-30 17:37:35,10.9,0.1,1999.4,0.0,1988.5,0.0,0,0,0,0,0000000000000000000000000000000000000000
1,0x0049300,1727717856,2024-09-30 17:37:36,10.9,0.0,1999.4,0.0,1988.5,0.0,0,0,0,0,0000000000000000000000000000000000000000
1,0x0049340,1727717856,2024-09-30 17:37:36,10.9,0.1,10.9,0.0,0.0,0.0,0,0,0,0,0000000000000000000000000000000000000000
1,0x0049380,1727717857,2024-09-30 17:37:37,10.9,0.1,1999.4,0.0,1988.5,0.0,0,0,0,0,0000000000000000000000000000000000000000
1,0x00493C0,1727717857,2024-09-30 17:37:37,10.9,0.1,1999.4,0.0,1988.5,0.0,0,0,0,0,0000000000000000000000000000000000000000
1,0x0049400,1727717858,2024-09-30 17:37:38,10.9,0.0,1999.4,0.0,1988.5,0.0,0,0,0,0,0000000000000000000000000000000000000000
1,0x0049440,1727717858,2024-09-30 17:37:38,10.9,0.1,1999.4,0.0,1988.5,0.0,0,0,0,0,0000000000000000000000000000000000000000
1,0x0049480,1727717859,2024-09-30 17:37:39,10.9,0.0,1999.4,0.0,1988.5,0.0,0,0,0,0,0000000000000000000000000000000000000000
1,0x00494C0,1727717860,2024-09-30 17:37:40,10.9,0.1,1999.4,0.0,1988.5,0.0,0,0,0,0,0000000000000000000000000000000000000000
1,0x0049500,1727717861,2024-09-30 17:37:41,11.0,0.0,1999.5,0.0,1988.5,0.0,0,0,0,0,0000000000000000000000000000000000000000
1,0x0049540,1727717861,2024-09-30 17:37:41,11.0,0.1,11.0,0.0,0.0,0.0,0,0,0,0,0000000000000000000000000000000000000000
1,0x0049580,1727717862,2024-09-30 17:37:42,11.0,0.1,1999.5,0.0,1988.5,0.0,0,0,0,0,0000000000000000000000000000000000000000
1,0x00495C0,1727717862,2024-09-30 17:37:42,11.0,0.1,1999.5,0.0,1988.5,0.0,0,0,0,0,0000000000000000000000000000000000000000
1,0x0049600,1727717863,2024-09-30 17:37:43,11.0,0.0,1999.5,0.0,1988.5,0.0,0,0,0,0,0000000000000000000000000000000000000000
1,0x0049640,1727717863,2024-09-30 17:37:43,11.0,0.1,1999.5,0.0,1988.5,0.0,0,0,0,0,0000000000000000000000000000000000000000
1,0x0049680,1727717864,2024-09-30 17:37:44,11.0,0.0,1999.5,0.0,1988.5,0.0,0,0,0,0,0000000000000000000000000000000000000000
1,0x00496C0,1727717865,2024-09-30 17:37:45,11.0,0.1,1999.5,0.0,1988.5,0.0,0,0,0,0,0000000000000000000000000000000000000000
1,0x0049700,1727717866,2024-09-30 17:37:46,11.0,0.0,1999.5,0.0,1988.5,0.0,0,0,0,0,0000000000000000000000000000000000000000
1,0x0049740,1727717867,2024-09-30 17:37:47,11.0,0.1,1999.5,0.0,1988.5,0.0,0,0,0,0,0000000000000000000000000000000000000000
1,0x0049780,1727717867,2024-09-30 17:37:47,11.0,0.1,1999.5,0.0,1988.5,0.0,0,0,0,0,0000000000000000000000000000000000000000
1,0x00497C0,1727717868,2024-09-30 17:37:48,11.0,0.0,1999.5,0.0,1988.5,0.0,0,0,0,0,0000000000000000000000000000000000000000
1,0x0049800,1727717868,2024-09-30 17:37:48,11.0,0.1,1999.5,0.0,1988.5,0.0,0,0,0,0,0000000000000000000000000000000000000000
1,0x0049840,1727717869,2024-09-30 17:37:49,11.0,0.1,1999.5,0.0,1988.5,0.0,0,0,0,0,0000000000000000000000000000000000000000
1,0x0049880,1727717870,2024-09-30 17:37:50,11.0,0.0,1999.5,0.0,1988.5,0.0,0,0,0,0,0000000000000000000000000000000000000000
1,0x00498C0,1727717870,2024-09-30 17:37:50,11.0,0.1,1999.5,0.0,1988.5,0.0,0,0,0,0,0000000000000000000000000000000000000000
1,0x0049900,1727717871,2024-09-30 17:37:51,11.0,0.0,1999.5,0.0,1988.5,0.0,0,0,0,0,0000000000000000000000000000000000000000
1,0x0049940,1727717871,2024-09-30 17:37:51,11.0,0.1,11.0,0.0,0.0,0.0,0,0,0,0,0000000000000000000000000000000000000000
1,0x0049980,1727717872,2024-09-30 17:37:52,11.0,0.1,1999.5,0.0,1988.5,0.0,0,0,0,0,0000000000000000000000000000000000000000
1,0x00499C0,1727717872,2024-09-30 17:37:52,11.0,0.0,1999.5,0.0,1988.5,0.0,0,0,0,0,0000000000000000000000000000000000000000
1,0x0049A00,1727717873,2024-09-30 17:37:53,11.0,0.1,1999.5,0.0,1988.5,0.0,0,0,0,0,0000000000000000000000000000000000000000
1,0x0049A40,1727717873,2024-09-30 17:37:53,11.0,0.0,1999.5,0.0,1988.5,0.0,0,0,0,0,0000000000000000000000000000000000000000
1,0x0049A80,1727717874,2024-09-30 17:37:54,11.0,0.1,1999.5,0.0,1988.5,0.0,0,0,0,0,0000000000000000000000000000000000000000
1,0x0049AC0,1727717875,2024-09-30 17:37:55,11.0,0.1,1999.5,0.0,1988.5,0.0,0,0,0,0,0000000000000000000000000000000000000000
1,0x0049B00,1727717876,2024-09-30 17:37:56,11.0,0.0,1999.5,0.0,1988.5,0.0,0,0,0,0,0000000000000000000000000000000000000000
1,0x0049B40,1727717876,2024-09-30 17:37:56,11.0,0.1,11.0,0.0,0.0,0.0,0,0,0,0,0000000000000000000000000000000000000000
1,0x0049B80,1727717877,2024-09-30 17:37:57,11.0,0.1,1999.5,0.0,1988.5,0.0,0,0,0,0,0000000000000000000000000000000000000000
1,0x0049BC0,1727717877,2024-09-30 17:37:57,11.0,0.0,1999.5,0.0,1988.5,0.0,0,0,0,0,0000000000000000000000000000000000000000
1,0x0049C00,1727717878,2024-09-30 17:37:58,11.0,0.1,1999.5,0.0,1988.5,0.0,0,0,0,0,0000000000000000000000000000000000000000
1,0x0049C40,1727717878,2024-09-30 17:37:58,11.0,0.0,1999.5,0.0,1988.5,0.0,0,0,0,0,0000000000000000000000000000000000000000
1,0x0049C80,1727717879,2024-09-30 17:37:59,11.0,0.1,1999.5,0.0,1988.5,0.0,0,0,0,0,0000000000000000000000000000000000000000
1,0x0049CC0,1727717880,2024-09-30 17:38:00,11.0,0.1,1999.5,0.0,1988.5,0.0,0,0,0,0,0000000000000000000000000000000000000000
1,0x0049D00,1727717880,2024-09-30 17:38:00,11.0,0.0,1999.5,0.0,1988.5,0.0,0,0,0,0,0000000000000000000000000000000000000000
1,0x0049D40,1727717881,2024-09-30 17:38:01,11.0,0.1,1999.5,0.0,1988.5,0.0,0,0,0,0,0000000000000000000000000000000000000000
1,0x0049D80,1727717881,2024-09-30 17:38:01,11.0,0.1,11.0,0.0,0.0,0.0,0,0,0,0,0000000000000000000000000000000000000000
1,0x0049DC0,1727717882,2024-09-30 17:38:02,11.0,0.0,1999.5,0.0,1988.5,0.0,0,0,0,0,0000000000000000000000000000000000000000
1,0x0049E00,1727717882,2024-09-30 17:38:02,11.0,0.1,1999.5,0.0,1988.5,0.0,0,0,0,0,0000000000000000000000000000000000000000
1,0x0049E40,1727717883,2024-09-30 17:38:03,11.0,0.0,1999.5,0.0,1988.5,0.0,0,0,0,0,0000000000000000000000000000000000000000
1,0x0049E80,1727717883,2024-09-30 17:38:03,11.0,0.1,1999.5,0.0,1988.5,0.0,0,0,0,0,0000000000000000000000000000000000000000
1,0x0049EC0,1727717884,2024-09-30 17:38:04,11.0,0.0,1999.5,0.0,1988.5,0.0,0,0,0,0,0000000000000000000000000000000000000000
1,0x0049F00,1727717885,2024-09-30 17:38:05,11.0,0.1,1999.5,0.0,1988.5,0.0,0,0,0,0,0000000000000000000000000000000000000000
1,0x0049F40,1727717885,2024-09-30 17:38:05,11.0,0.1,1999.5,0.0,1988.5,0.0,0,0,0,0,0000000000000000000000000000000000000000
1,0x0049F80,1727717886,2024-09-30 17:38:06,11.0,0.0,1999.5,0.0,1988.5,0.0,0,0,0,0,0000000000000000000000000000000000000000
1,0x0049FC0,1727717886,2024-09-30 17:38:06,11.0,0.1,1999.5,0.0,1988.5,0.0,0,0,0,0,0000000000000000000000000000000000000000
1,0x004A000,1727717887,2024-09-30 17:38:07,11.0,0.0,1999.5,0.0,1988.5,0.0,0,0,0,0,0000000000000000000000000000000000000000
1,0x004A040,1727717887,2024-09-30 17:38:07,11.0,0.1,1999.5,0.0,1988.5,0.0,0,0,0,0,0000000000000000000000000000000000000000
1,0x004A080,1727717888,2024-09-30 17:38:08,11.0,0.1,1999.5,0.0,1988.5,0.0,0,0,0,0,0000000000000000000000000000000000000000
1,0x004A0C0,1727717888,2024-09-30 17:38:08,11.0,0.1,1999.5,0.0,1988.5,0.0,0,0,0,0,0000000000000000000000000000000000000000
1,0x004A100,1727717889,2024-09-30 17:38:09,11.0,0.0,1999.5,0.0,1988.5,0.0,0,0,0,0,0000000000000000000000000000000000000000
1,0x004A140,1727717890,2024-09-30 17:38:10,11.0,0.1,1999.5,0.0,1988.5,0.0,0,0,0,0,0000000000000000000000000000000000000000
1,0x004A180,1727717890,2024-09-30 17:38:10,11.0,0.1,1999.5,0.0,1988.5,0.0,0,0,0,0,0000000000000000000000000000000000000000
1,0x004A1C0,1727717891,2024-09-30 17:38:11,11.0,0.0,1999.5,0.0,1988.5,0.0,0,0,0,0,0000000000000000000000000000000000000000
1,0x004A200,1727717891,2024-09-30 17:38:11,11.0,0.1,1999.5,0.0,1988.5,0.0,0,0,0,0,0000000000000000000000000000000000000000
1,0x004A240,1727717892,2024-09-30 17:38:12,11.0,0.1,1999.5,0.0,1988.5,0.0,0,0,0,0,0000000000000000000000000000000000000000
1,0x004A280,1727717892,2024-09-30 17:38:12,11.0,0.0,1999.5,0.0,1988.5,0.0,0,0,0,0,0000000000000000000000000000000000000000
1,0x004A2C0,1727717893,2024-09-30 17:38:13,11.0,0.1,1999.5,0.0,1988.5,0.0,0,0,0,0,0000000000000000000000000000000000000000
1,0x004A300,1727717893,2024-09-30 17:38:13,11.0,0.0,1999.5,0.0,1988.5,0.0,0,0,0,0,0000000000000000000000000000000000000000
1,0x004A340,1727717894,2024-09-30 17:38:14,11.0,0.1,1999.5,0.0,1988.5,0.0,0,0,0,0,0000000000000000000000000000000000000000
1,0x004A380,1727717895,2024-09-30 17:38:15,11.0,0.1,1999.5,0.0,1988.5,0.0,0,0,0,0,0000000000000000000000000000000000000000
1,0x004A3C0,1727717877,2024-09-30 17:37:57,11.0,0.0,1999.5,0.0,1988.5,0.0,0,0,0,0,0000000000000000000000000000000000000000
1,0x004A400,1727717877,2024-09-30 17:37:57,11.0,0.1,1999.5,0.0,1988.5,0.0,0,0,0,0,0000000000000000000000000000000000000000
1,0x004A440,1727717878,2024-09-30 17:37:58,11.0,0.0,1999.5,0.0,1988.5,0.0,0,0,0,0,0000000000000000000000000000000000000000
1,0x004A480,1727717878,2024-09-30 17:37:58,11.0,0.1,1999.5,0.0,1988.5,0.0,0,0,0,0,0000000000000000000000000000000000000000
1,0x004A4C0,1727717879,2024-09-30 17:37:59,11.0,0.1,1999.5,0.0,1988.5,0.0,0,0,0,0,0000000000000000000000000000000000000000
1,0x004A500,1727717880,2024-09-30 17:38:00,11.0,0.0,1999.5,0.0,1988.5,0.0,0,0,0,0,0000000000000000000000000000000000000000
1,0x004A540,1727717880,2024-09-30 17:38:00,11.0,0.1,1999.5,0.0,1988.5,0.0,0,0,0,0,0000000000000000000000000000000000000000
1,0x004A580,1727717881,2024-09-30 17:38:01,11.0,0.0,1999.5,0.0,1988.5,0.0,0,0,0,0,0000000000000000000000000000000000000000
1,0x004A5C0,1727717881,2024-09-30 17:38:01,11.0,0.1,1999.5,0.0,1988.5,0.0,0,0,0,0,0000000000000000000000000000000000000000
1,0x004A600,1727717882,2024-09-30 17:38:02,11.0,0.0,1999.5,0.0,1988.5,0.0,0,0,0,0,0000000000000000000000000000000000000000
1,0x004A640,1727717883,2024-09-30 17:38:03,11.0,0.1,1999.5,0.0,1988.5,0.0,0,0,0,0,0000000000000000000000000000000000000000
1,0x004A680,1727717883,2024-09-30 17:38:03,11.0,0.0,1999.5,0.0,1988.5,0.0,0,0,0,0,0000000000000000000000000000000000000000
1,0x004A6C0,1727717884,2024-09-30 17:38:04,11.0,0.1,1999.5,0.0,1988.5,0.0,0,0,0,0,0000000000000000000000000000000000000000
1,0x004A700,1727717886,2024-09-30 17:38:06,11.0,0.0,1999.5,0.0,1988.5,0.0,0,0,0,0,0000000000000000000000000000000000000000
1,0x004A740,1727717887,2024-09-30 17:38:07,11.0,0.1,1999.5,0.0,1988.5,0.0,0,0,0,0,0000000000000000000000000000000000000000
1,0x004A780,1727717887,2024-09-30 17:38:07,11.0,0.1,1999.5,0.0,1988.5,0.0,0,0,0,0,0000000000000000000000000000000000000000
1,0x004A7C0,1727717888,2024-09-30 17:38:08,11.0,0.0,1999.5,0.0,1988.5,0.0,0,0,0,0,0000000000000000000000000000000000000000
1,0x004A800,1727717888,2024-09-30 17:38:08,11.0,0.1,1999.5,0.0,1988.5,0.0,0,0,0,0,0000000000000000000000000000000000000000
1,0x004A840,1727717889,2024-09-30 17:38:09,11.0,0.1,1999.5,0.0,1988.5,0.0,0,0,0,0,0000000000000000000000000000000000000000
1,0x004A880,1727717890,2024-09-30 17:38:10,11.0,0.0,1999.5,0.0,1988.5,0.0,0,0,0,0,0000000000000000000000000000000000000000
1,0x004A8C0,1727717890,2024-09-30 17:38:10,11.0,11.0,1999.5,0.0,1988.5,0.0,0,0,0,0,0000000000000000000000000000000000000000
1,0x004A900,1727717891,2024-09-30 17:38:11,11.0,0.0,1999.5,0.0,1988.5,0.0,0,0,0,0,0000000000000000000000000000000000000000
1,0x004A940,1727717891,2024-09-30 17:38:11,11.0,0.1,1999.5,0.0,1988.5,0.0,0,0,0,0,0000000000000000000000000000000000000000
1,0x004A980,1727717892,2024-09-30 17:38:12,11.0,0.1,1999.5,0.0,1988.5,0.0,0,0,0,0,0000000000000000000000000000000000000000
1,0x004A9C0,1727717892,2024-09-30 17:38:12,11.0,0.0,1999.5,0.0,1988.5,0.0,0,0,0,0,0000000000000000000000000000000000000000
1,0x004AA00,1727717893,2024-09-30 17:38:13,11.0,0.1,11.0,0.0,0.0,0.0,0,0,0,0,0000000000000000000000000000000000000000
1,0x004AA40,1727717893,2024-09-30 17:38:13,11.0,0.1,1999.5,0.0,1988.5,0.0,0,0,0,0,0000000000000000000000000000000000000000
1,0x004AA80,1727717894,2024-09-30 17:38:14,11.0,0.0,1999.5,0.0,1988.5,0.0,0,0,0,0,0000000000000000000000000000000000000000
1,0x004AAC0,1727717895,2024-09-30 17:38:15,11.0,0.1,1999.5,0.0,1988.5,0.0,0,0,0,0,0000000000000000000000000000000000000000
1,0x004AB00,1727717895,2024-09-30 17:38:15,11.0,11.0,1999.5,0.0,1988.5,0.0,0,0,0,0,0000000000000000000000000000000000000000
1,0x004AB40,1727717896,2024-09-30 17:38:16,11.0,0.1,1999.5,0.0,1988.5,0.0,0,0,0,0,0000000000000000000000000000000000000000
1,0x004AB80,1727717896,2024-09-30 17:38:16,11.0,0.1,1999.5,0.0,1988.5,0.0,0,0,0,0,0000000000000000000000000000000000000000
1,0x004ABC0,1727717897,2024-09-30 17:38:17,11.0,0.0,1999.5,0.0,1988.5,0.0,0,0,0,0,0000000000000000000000000000000000000000
1,0x004AC00,1727717897,2024-09-30 17:38:17,11.0,0.1,1999.5,0.0,1988.5,0.0,0,0,0,0,0000000000000000000000000000000000000000
1,0x004AC40,1727717898,2024-09-30 17:38:18,11.0,0.1,11.0,0.0,0.0,0.0,0,0,0,0,0000000000000000000000000000000000000000
1,0x004AC80,1727717898,2024-09-30 17:38:18,11.0,0.1,1999.5,0.0,1988.5,0.0,0,0,0,0,0000000000000000000000000000000000000000
1,0x004ACC0,1727717899,2024-09-30 17:38:19,11.0,0.0,1999.5,0.0,1988.5,0.0,0,0,0,0,0000000000000000000000000000000000000000
1,0x004AD00,1727717900,2024-09-30 17:38:20,11.0,0.1,1999.5,0.0,1988.5,0.0,0,0,0,0,0000000000000000000000000000000000000000
1,0x004AD40,1727717901,2024-09-30 17:38:21,11.0,0.0,1999.5,0.0,1988.5,0.0,0,0,0,0,0000000000000000000000000000000000000000
1,0x004AD80,1727717901,2024-09-30 17:38:21,11.0,0.1,1999.5,0.0,1988.5,0.0,0,0,0,0,0000000000000000000000000000000000000000
1,0x004ADC0,1727717902,2024-09-30 17:38:22,11.0,0.1,11.0,0.0,0.0,0.0,0,0,0,0,0000000000000000000000000000000000000000
1,0x004AE00,1727717902,2024-09-30 17:38:22,11.0,0.0,1999.5,0.0,1988.5,0.0,0,0,0,0,0000000000000000000000000000000000000000
1,0x004AE40,1727717903,2024-09-30 17:38:23,11.0,0.1,1999.5,0.0,1988.5,0.0,0,0,0,0,0000000000000000000000000000000000000000
1,0x004AE80,1727717904,2024-09-30 17:38:24,11.0,0.1,1999.5,0.0,1988.5,0.0,0,0,0,0,0000000000000000000000000000000000000000
1,0x004AEC0,1727717904,2024-09-30 17:38:24,11.0,11.0,1999.5,0.0,1988.5,0.0,0,0,0,0,0000000000000000000000000000000000000000
1,0x004AF00,1727717905,2024-09-30 17:38:25,11.0,0.1,1999.5,0.0,1988.5,0.0,0,0,0,0,0000000000000000000000000000000000000000
1,0x004AF40,1727717905,2024-09-30 17:38:25,11.0,0.0,1999.5,0.0,1988.5,0.0,0,0,0,0,0000000000000000000000000000000000000000
1,0x004AF80,1727717906,2024-09-30 17:38:26,11.0,0.1,1999.5,0.0,1988.5,0.0,0,0,0,0,0000000000000000000000000000000000000000
1,0x004AFC0,1727717906,2024-09-30 17:38:26,11.0,0.1,1999.5,0.0,1988.5,0.0,0,0,0,0,0000000000000000000000000000000000000000
1,0x004B000,1727717907,2024-09-30 17:38:27,11.0,0.0,1999.5,0.0,1988.5,0.0,0,0,0,0,0000000000000000000000000000000000000000
1,0x004B040,1727717907,2024-09-30 17:38:27,11.0,0.1,1999.5,0.0,1988.5,0.0,0,0,0,0,0000000000000000000000000000000000000000
1,0x004B080,1727717908,2024-09-30 17:38:28,11.0,0.1,1999.5,0.0,1988.5,0.0,0,0,0,0,0000000000000000000000000000000000000000
1,0x004B0C0,1727717909,2024-09-30 17:38:29,11.0,0.0,1999.5,0.0,1988.5,0.0,0,0,0,0,0000000000000000000000000000000000000000
1,0x004B100,1727717909,2024-09-30 17:38:29,11.0,11.0,1999.5,0.0,1988.5,0.0,0,0,0,0,0000000000000000000000000000000000000000
1,0x004B140,1727717910,2024-09-30 17:38:30,11.0,0.1,1999.5,0.0,1988.5,0.0,0,0,0,0,0000000000000000000000000000000000000000
1,0x004B180,1727717910,2024-09-30 17:38:30,11.0,0.0,1999.5,0.0,1988.5,0.0,0,0,0,0,0000000000000000000000000000000000000000
1,0x004B1C0,1727717911,2024-09-30 17:38:31,11.0,0.1,1999.5,0.0,1988.5,0.0,0,0,0,0,0000000000000000000000000000000000000000
1,0x004B200,1727717912,2024-09-30 17:38:32,11.0,0.0,1999.5,0.0,1988.5,0.0,0,0,0,0,0000000000000000000000000000000000000000
1,0x004B240,1727717912,2024-09-30 17:38:32,11.0,0.1,1999.5,0.0,1988.5,0.0,0,0,0,0,0000000000000000000000000000000000000000
1,0x004B280,1727717913,2024-09-30 17:38:33,11.0,0.1,1999.5,0.0,1988.5,0.0,0,0,0,0,0000000000000000000000000000000000000000
1,0x004B2C0,1727717914,2024-09-30 17:38:34,11.0,0.1,1999.5,0.0,1988.5,0.0,0,0,0,0,0000000000000000000000000000000000000000
1,0x004B300,1727717914,2024-09-30 17:38:34,11.0,11.0,1999.5,0.0,1988.5,0.0,0,0,0,0,0000000000000000000000000000000000000000
1,0x004B340,1727717915,2024-09-30 17:38:35,11.0,0.1,1999.5,0.0,1988.5,0.0,0,0,0,0,0000000000000000000000000000000000000000
1,0x004B380,1727717915,2024-09-30 17:38:35,11.0,0.0,1999.5,0.0,1988.5,0.0,0,0,0,0,0000000000000000000000000000000000000000
1,0x004B3C0,1727717916,2024-09-30 17:38:36,11.0,0.1,1999.5,0.0,1988.5,0.0,0,0,0,0,0000000000000000000000000000000000000000
1,0x004B400,1727717917,2024-09-30 17:38:37,11.0,0.0,1999.5,0.0,1988.5,0.0,0,0,0,0,0000000000000000000000000000000000000000
1,0x004B440,1727717920,2024-09-30 17:38:40,0.1,3.2,1999.6,0.0,1999.5,0.0,0,0,0,0,0000000000000000000000000000000000000000
1,0x004B480,1727717921,2024-09-30 17:38:41,0.2,12.5,1999.7,0.0,1999.5,0.0,0,0,0,0,0000000000000000000000000000000000000000
1,0x004B4C0,1727717921,2024-09-30 17:38:41,0.3,17.5,1999.8,0.0,1999.5,0.0,0,0,0,0,0000000000000000000000000000000000000000
1,0x004B500,1727717922,2024-09-30 17:38:42,0.5,21.2,0.5,0.0,0.0,0.0,0,0,0,0,0000000000000000000000000000000000000000
1,0x004B540,1727717922,2024-09-30 17:38:42,0.7,21.5,2000.2,0.0,1999.5,0.0,0,0,0,0,0000000000000000000000000000000000000000
1,0x004B580,1727717923,2024-09-30 17:38:43,0.9,21.7,2000.4,0.0,1999.5,0.0,0,0,0,0,0000000000000000000000000000000000000000
1,0x004B5C0,1727717924,2024-09-30 17:38:44,1.1,21.6,2000.6,0.0,1999.5,0.0,0,0,0,0,0000000000000000000000000000000000000000
1,0x004B600,1727717924,2024-09-30 17:38:44,1.3,21.7,2000.8,0.0,1999.5,0.0,0,0,0,0,0000000000000000000000000000000000000000
1,0x004B640,1727717925,2024-09-30 17:38:45,1.5,21.9,2001.0,0.0,1999.5,0.0,0,0,0,0,0000000000000000000000000000000000000000
1,0x004B680,1727717925,2024-09-30 17:38:45,1.8,21.8,2001.3,0.0,1999.5,0.0,0,0,0,0,0000000000000000000000000000000000000000
1,0x004B6C0,1727717926,2024-09-30 17:38:46,2.0,21.9,2001.5,0.0,1999.5,0.0,0,0,0,0,0000000000000000000000000000000000000000
1,0x004B700,1727717926,2024-09-30 17:38:46,2.2,21.9,2001.7,0.0,1999.5,0.0,0,0,0,0,0000000000000000000000000000000000000000
1,0x004B740,1727717927,2024-09-30 17:38:47,2.4,22.0,2001.9,0.0,1999.5,0.0,0,0,0,0,0000000000000000000000000000000000000000
1,0x004B780,1727717927,2024-09-30 17:38:47,2.6,21.9,2002.1,0.0,1999.5,0.0,0,0,0,0,0000000000000000000000000000000000000000
1,0x004B7C0,1727717928,2024-09-30 17:38:48,2.8,22.0,2002.3,0.0,1999.5,0.0,0,0,0,0,0000000000000000000000000000000000000000
1,0x004B800,1727717929,2024-09-30 17:38:49,3.0,21.9,2002.5,0.0,1999.5,0.0,0,0,0,0,0000000000000000000000000000000000000000
1,0x004B840,1727717929,2024-09-30 17:38:49,3.2,3.2,2002.7,0.0,1999.5,0.0,0,0,0,0,0000000000000000000000000000000000000000
1,0x004B880,1727717930,2024-09-30 17:38:50,3.4,22.2,2002.9,0.0,1999.5,0.0,0,0,0,0,0000000000000000000000000000000000000000
1,0x004B8C0,1727717930,2024-09-30 17:38:50,3.6,22.0,2003.1,0.0,1999.5,0.0,0,0,0,0,0000000000000000000000000000000000000000
1,0x004B900,1727717931,2024-09-30 17:38:51,3.8,22.3,2003.3,0.0,1999.5,0.0,0,0,0,0,0000000000000000000000000000000000000000
1,0x004B940,1727717931,2024-09-30 17:38:51,4.0,21.9,2003.5,0.0,1999.5,0.0,0,0,0,0,0000000000000000000000000000000000000000
1,0x004B980,1727717932,2024-09-30 17:38:52,4.2,22.4,4.2,0.0,0.0,0.0,0,0,0,0,0000000000000000000000000000000000000000
1,0x004B9C0,1727717932,2024-09-30 17:38:52,4.4,22.0,2003.9,0.0,1999.5,0.0,0,0,0,0,0000000000000000000000000000000000000000
1,0x004BA00,1727717933,2024-09-30 17:38:53,4.6,22.3,2004.1,0.0,1999.5,0.0,0,0,0,0,0000000000000000000000000000000000000000
1,0x004BA40,1727717934,2024-09-30 17:38:54,4.8,22.0,2004.3,0.0,1999.5,0.0,0,0,0,0,0000000000000000000000000000000000000000
1,0x004BA80,1727717934,2024-09-30 17:38:54,5.0,22.0,2004.5,0.0,1999.5,0.0,0,0,0,0,0000000000000000000000000000000000000000
1,0x004BAC0,1727717935,2024-09-30 17:38:55,5.2,22.3,2004.7,0.0,1999.5,0.0,0,0,0,0,0000000000000000000000000000000000000000
1,0x004BB00,1727717935,2024-09-30 17:38:55,5.4,22.0,2004.9,0.0,1999.5,0.0,0,0,0,0,0000000000000000000000000000000000000000
1,0x004BB40,1727717936,2024-09-30 17:38:56,5.7,22.3,2005.2,0.0,1999.5,1999.5,0,0,0,0,0000000000000000000000000000000000000000
1,0x004BB80,1727717936,2024-09-30 17:38:56,5.8,22.0,2005.3,0.0,1999.5,0.0,0,0,0,0,0000000000000000000000000000000000000000
1,0x004BBC0,1727717937,2024-09-30 17:38:57,6.0,22.4,2005.5,0.0,1999.5,0.0,0,0,0,0,0000000000000000000000000000000000000000
1,0x004BC00,1727717937,2024-09-30 17:38:57,6.3,22.2,2005.8,0.0,1999.5,0.0,0,0,0,0,0000000000000000000000000000000000000000
1,0x004BC40,1727717938,2024-09-30 17:38:58,6.5,22.3,2006.0,0.0,1999.5,0.0,0,0,0,0,0000000000000000000000000000000000000000
1,0x004BC80,1727717939,2024-09-30 17:38:59,6.7,22.3,2006.2,0.0,1999.5,0.0,0,0,0,0,0000000000000000000000000000000000000000
1,0x004BCC0,1727717939,2024-09-30 17:38:59,6.9,22.3,2006.4,0.0,1999.5,0.0,0,0,0,0,0000000000000000000000000000000000000000
1,0x004BD00,1727717940,2024-09-30 17:39:00,7.1,22.5,2006.6,0.0,1999.5,0.0,0,0,0,0,0000000000000000000000000000000000000000
1,0x004BD40,1727717940,2024-09-30 17:39:00,7.3,22.3,2006.8,0.0,1999.5,0.0,0,0,0,0,0000000000000000000000000000000000000000
1,0x004BD80,1727717941,2024-09-30 17:39:01,7.5,22.5,2007.0,0.0,1999.5,1999.5,0,0,0,0,0000000000000000000000000000000000000000
1,0x004BDC0,1727717941,2024-09-30 17:39:01,7.7,22.4,2007.2,0.0,1999.5,0.0,0,0,0,0,0000000000000000000000000000000000000000
1,0x004BE00,1727717942,2024-09-30 17:39:02,7.9,22.5,2007.4,0.0,1999.5,0.0,0,0,0,0,0000000000000000000000000000000000000000
1,0x004BE40,1727717942,2024-09-30 17:39:02,8.1,22.5,2007.6,0.0,1999.5,0.0,0,0,0,0,0000000000000000000000000000000000000000
1,0x004BE80,1727717943,2024-09-30 17:39:03,8.3,22.5,2007.8,0.0,1999.5,0.0,0,0,0,0,0000000000000000000000000000000000000000
1,0x004BEC0,1727717944,2024-09-30 17:39:04,8.5,22.4,2008.0,0.0,1999.5,0.0,0,0,0,0,0000000000000000000000000000000000000000
1,0x004BF00,1727717944,2024-09-30 17:39:04,8.7,8.8,2008.2,0.0,1999.5,0.0,0,0,0,0,0000000000000000000000000000000000000000
1,0x004BF40,1727717945,2024-09-30 17:39:05,8.9,22.5,2008.4,0.0,1999.5,0.0,0,0,0,0,0000000000000000000000000000000000000000
1,0x004BF80,1727717945,2024-09-30 17:39:05,9.2,22.6,2008.7,0.0,1999.5,0.0,0,0,0,0,0000000000000000000000000000000000000000
1,0x004BFC0,1727717946,2024-09-30 17:39:06,9.4,22.4,2008.9,0.0,1999.5,1999.5,0,0,0,0,0000000000000000000000000000000000000000
1,0x004C000,1727717946,2024-09-30 17:39:06,9.6,22.6,2009.1,0.0,1999.5,0.0,0,0,0,0,0000000000000000000000000000000000000000
1,0x004C040,1727717947,2024-09-30 17:39:07,9.8,22.5,2009.3,0.0,1999.5,0.0,0,0,0,0,0000000000000000000000000000000000000000
1,0x004C080,1727717947,2024-09-30 17:39:07,10.0,22.6,2009.5,0.0,1999.5,0.0,0,0,0,0,0000000000000000000000000000000000000000
1,0x004C0C0,1727717948,2024-09-30 17:39:08,10.2,22.5,2009.7,0.0,1999.5,0.0,0,0,0,0,0000000000000000000000000000000000000000
1,0x004C100,1727717949,2024-09-30 17:39:09,10.4,22.6,2009.9,0.0,1999.5,0.0,0,0,0,0,0000000000000000000000000000000000000000
1,0x004C140,1727717949,2024-09-30 17:39:09,10.6,10.6,2010.1,0.0,1999.5,0.0,0,0,0,0,0000000000000000000000000000000000000000
1,0x004C180,1727717950,2024-09-30 17:39:10,10.8,22.6,2010.3,0.0,1999.5,0.0,0,0,0,0,0000000000000000000000000000000000000000
1,0x004C1C0,1727717950,2024-09-30 17:39:10,11.1,22.6,2010.6,0.0,1999.5,0.0,0,0,0,0,0000000000000000000000000000000000000000
1,0x004C200,1727717951,2024-09-30 17:39:11,11.3,22.5,2010.8,0.0,1999.5,0.0,0,0,0,0,0000000000000000000000000000000000000000
1,0x004C240,1727717951,2024-09-30 17:39:11,11.5,22.7,2011.0,0.0,1999.5,0.0,0,0,0,0,0000000000000000000000000000000000000000
1,0x004C280,1727717952,2024-09-30 17:39:12,11.7,22.5,11.7,0.0,0.0,0.0,0,0,0,0,0000000000000000000000000000000000000000
1,0x004C2C0,1727717952,2024-09-30 17:39:12,11.9,22.6,2011.4,0.0,1999.5,0.0,0,0,0,0,0000000000000000000000000000000000000000
1,0x004C300,1727717953,2024-09-30 17:39:13,12.1,22.5,2011.6,0.0,1999.5,0.0,0,0,0,0,0000000000000000000000000000000000000000
1,0x004C340,1727717954,2024-09-30 17:39:14,12.3,22.7,2011.8,0.0,1999.5,0.0,0,0,0,0,0000000000000000000000000000000000000000
1,0x004C380,1727717954,2024-09-30 17:39:14,12.5,22.7,2012.0,0.0,1999.5,0.0,0,0,0,0,0000000000000000000000000000000000000000
1,0x004C3C0,1727717955,2024-09-30 17:39:15,12.7,22.5,2012.2,0.0,1999.5,0.0,0,0,0,0,0000000000000000000000000000000000000000
1,0x004C400,1727717955,2024-09-30 17:39:15,12.9,22.7,2012.4,0.0,1999.5,0.0,0,0,0,0,0000000000000000000000000000000000000000
1,0x004C440,1727717956,2024-09-30 17:39:16,13.1,22.6,2012.6,0.0,1999.5,0.0,0,0,0,0,0000000000000000000000000000000000000000
1,0x004C480,1727717956,2024-09-30 17:39:16,13.3,22.6,2012.8,0.0,1999.5,0.0,0,0,0,0,0000000000000000000000000000000000000000
1,0x004C4C0,1727717957,2024-09-30 17:39:17,13.5,22.6,13.5,0.0,0.0,0.0,0,0,0,0,0000000000000000000000000000000000000000
1,0x004C500,1727717957,2024-09-30 17:39:17,13.7,22.7,2013.2,0.0,1999.5,0.0,0,0,0,0,0000000000000000000000000000000000000000
1,0x004C540,1727717958,2024-09-30 17:39:18,14.0,22.6,2013.5,0.0,1999.5,0.0,0,0,0,0,0000000000000000000000000000000000000000
1,0x004C580,1727717959,2024-09-30 17:39:19,14.2,22.6,2013.7,0.0,1999.5,0.0,0,0,0,0,0000000000000000000000000000000000000000
1,0x004C5C0,1727717959,2024-09-30 17:39:19,14.4,22.6,2013.9,0.0,1999.5,0.0,0,0,0,0,0000000000000000000000000000000000000000
1,0x004C600,1727717960,2024-09-30 17:39:20,14.6,22.6,2014.1,0.0,1999.5,0.0,0,0,0,0,0000000000000000000000000000000000000000
1,0x004C640,1727717960,2024-09-30 17:39:20,14.8,22.6,2014.3,0.0,1999.5,0.0,0,0,0,0,0000000000000000000000000000000000000000
1,0x004C680,1727717961,2024-09-30 17:39:21,15.0,22.7,2014.5,0.0,1999.5,0.0,0,0,0,0,0000000000000000000000000000000000000000
1,0x004C6C0,1727717961,2024-09-30 17:39:21,15.2,22.7,2014.7,0.0,1999.5,0.0,0,0,0,0,0000000000000000000000000000000000000000
1,0x004C700,1727717962,2024-09-30 17:39:22,15.4,22.7,15.4,0.0,0.0,0.0,0,0,0,0,0000000000000000000000000000000000000000
1,0x004C740,1727717962,2024-09-30 17:39:22,15.6,22.6,2015.1,0.0,1999.5,0.0,0,0,0,0,0000000000000000000000000000000000000000
1,0x004C780,1727717963,2024-09-30 17:39:23,15.8,22.7,2015.3,0.0,1999.5,0.0,0,0,0,0,0000000000000000000000000000000000000000
1,0x004C7C0,1727717964,2024-09-30 17:39:24,16.1,22.7,2015.6,0.0,1999.5,0.0,0,0,0,0,0000000000000000000000000000000000000000
1,0x004C800,1727717964,2024-09-30 17:39:24,16.3,22.6,2015.8,0.0,1999.5,0.0,0,0,0,0,0000000000000000000000000000000000000000
1,0x004C840,1727717965,2024-09-30 17:39:25,16.5,22.8,2016.0,0.0,1999.5,0.0,0,0,0,0,0000000000000000000000000000000000000000
1,0x004C880,1727717965,2024-09-30 17:39:25,16.7,22.5,2016.2,0.0,1999.5,0.0,0,0,0,0,0000000000000000000000000000000000000000
1,0x004C8C0,1727717966,2024-09-30 17:39:26,16.9,22.8,2016.4,0.0,1999.5,0.0,0,0,0,0,0000000000000000000000000000000000000000
1,0x004C900,1727717966,2024-09-30 17:39:26,17.1,22.6,2016.6,0.0,1999.5,0.0,0,0,0,0,0000000000000000000000000000000000000000
1,0x004C940,1727717967,2024-09-30 17:39:27,17.3,22.7,17.3,0.0,0.0,0.0,0,0,0,0,0000000000000000000000000000000000000000
1,0x004C980,1727717967,2024-09-30 17:39:27,17.5,22.6,2017.0,0.0,1999.5,0.0,0,0,0,0,0000000000000000000000000000000000000000
1,0x004C9C0,1727717968,2024-09-30 17:39:28,17.7,22.8,2017.2,0.0,1999.5,0.0,0,0,0,0,0000000000000000000000000000000000000000
1,0x004CA00,1727717969,2024-09-30 17:39:29,18.0,22.7,2017.5,0.0,1999.5,0.0,0,0,0,0,0000000000000000000000000000000000000000
1,0x004CA40,1727717969,2024-09-30 17:39:29,18.2,22.7,2017.7,0.0,1999.5,0.0,0,0,0,0,0000000000000000000000000000000000000000
1,0x004CA80,1727717970,2024-09-30 17:39:30,18.4,22.8,2017.9,0.0,1999.5,0.0,0,0,0,0,0000000000000000000000000000000000000000
1,0x004CAC0,1727717970,2024-09-30 17:39:30,18.6,22.7,2018.1,0.0,1999.5,0.0,0,0,0,0,0000000000000000000000000000000000000000
1,0x004CB00,1727717971,2024-09-30 17:39:31,18.8,22.8,2018.3,0.0,1999.5,0.0,0,0,0,0,0000000000000000000000000000000000000000
1,0x004CB40,1727717971,2024-09-30 17:39:31,19.0,22.7,2018.5,0.0,1999.5,0.0,0,0,0,0,0000000000000000000000000000000000000000
1,0x004CB80,1727717972,2024-09-30 17:39:32,19.2,22.8,19.2,0.0,0.0,0.0,0,0,0,0,0000000000000000000000000000000000000000
1,0x004CBC0,1727717972,2024-09-30 17:39:32,19.4,22.8,2018.9,0.0,1999.5,0.0,0,0,0,0,0000000000000000000000000000000000000000
1,0x004CC00,1727717973,2024-09-30 17:39:33,19.6,22.7,2019.1,0.0,1999.5,0.0,0,0,0,0,0000000000000000000000000000000000000000
1,0x004CC40,1727717974,2024-09-30 17:39:34,19.8,22.9,2019.3,0.0,1999.5,0.0,0,0,0,0,0000000000000000000000000000000000000000
1,0x004CC80,1727717974,2024-09-30 17:39:34,20.1,22.8,2019.6,0.0,1999.5,0.0,0,0,0,0,0000000000000000000000000000000000000000
1,0x004CCC0,1727717975,2024-09-30 17:39:35,20.3,22.9,2019.8,0.0,1999.5,0.0,0,0,0,0,0000000000000000000000000000000000000000
1,0x004CD00,1727717975,2024-09-30 17:39:35,20.5,22.9,2020.0,0.0,1999.5,0.0,0,0,0,0,0000000000000000000000000000000000000000
1,0x004CD40,1727717976,2024-09-30 17:39:36,20.7,22.7,2020.2,0.0,1999.5,0.0,0,0,0,0,0000000000000000000000000000000000000000
1,0x004CD80,1727717976,2024-09-30 17:39:36,20.9,23.0,2020.4,0.0,1999.5,0.0,0,0,0,0,0000000000000000000000000000000000000000
1,0x004CDC0,1727717977,2024-09-30 17:39:37,21.1,22.7,21.1,0.0,0.0,0.0,0,0,0,0,0000000000000000000000000000000000000000
1,0x004CE00,1727717977,2024-09-30 17:39:37,21.3,22.9,2020.8,0.0,1999.5,0.0,0,0,0,0,0000000000000000000000000000000000000000
1,0x004CE40,1727717978,2024-09-30 17:39:38,21.5,22.7,2021.0,0.0,1999.5,0.0,0,0,0,0,0000000000000000000000000000000000000000
1,0x004CE80,1727717979,2024-09-30 17:39:39,21.8,22.9,2021.3,0.0,1999.5,0.0,0,0,0,0,0000000000000000000000000000000000000000
1,0x004CEC0,1727717979,2024-09-30 17:39:39,22.0,22.8,2021.5,0.0,1999.5,0.0,0,0,0,0,0000000000000000000000000000000000000000
1,0x004CF00,1727717980,2024-09-30 17:39:40,22.2,22.9,2021.7,0.0,1999.5,0.0,0,0,0,0,0000000000000000000000000000000000000000
1,0x004CF40,1727717980,2024-09-30 17:39:40,22.4,22.9,2021.9,0.0,1999.5,0.0,0,0,0,0,0000000000000000000000000000000000000000
1,0x004CF80,1727717981,2024-09-30 17:39:41,22.6,22.8,2022.1,0.0,1999.5,0.0,0,0,0,0,0000000000000000000000000000000000000000
1,0x004CFC0,1727717981,2024-09-30 17:39:41,22.8,22.9,2022.3,0.0,1999.5,0.0,0,0,0,0,0000000000000000000000000000000000000000
1,0x004D000,1727717982,2024-09-30 17:39:42,23.0,22.8,23.0,0.0,0.0,0.0,0,0,0,0,0000000000000000000000000000000000000000
1,0x004D040,1727717982,2024-09-30 17:39:42,23.2,22.9,2022.7,0.0,1999.5,0.0,0,0,0,0,0000000000000000000000000000000000000000
1,0x004D080,1727717983,2024-09-30 17:39:43,23.4,22.8,2022.9,0.0,1999.5,0.0,0,0,0,0,0000000000000000000000000000000000000000
1,0x004D0C0,1727717984,2024-09-30 17:39:44,23.7,22.9,2023.2,0.0,1999.5,0.0,0,0,0,0,0000000000000000000000000000000000000000
1,0x004D100,1727717984,2024-09-30 17:39:44,23.9,22.9,2023.4,0.0,1999.5,0.0,0,0,0,0,0000000000000000000000000000000000000000
1,0x004D140,1727717985,2024-09-30 17:39:45,24.1,22.9,2023.6,0.0,1999.5,0.0,0,0,0,0,0000000000000000000000000000000000000000
1,0x004D180,1727717985,2024-09-30 17:39:45,24.3,22.9,2023.8,0.0,1999.5,0.0,0,0,0,0,0000000000000000000000000000000000000000
1,0x004D1C0,1727717986,2024-09-30 17:39:46,24.5,23.1,2024.0,0.0,1999.5,0.0,0,0,0,0,0000000000000000000000000000000000000000
1,0x004D200,1727717986,2024-09-30 17:39:46,24.7,22.8,2024.2,0.0,1999.5,0.0,0,0,0,0,0000000000000000000000000000000000000000
1,0x004D240,1727717987,2024-09-30 17:39:47,24.9,23.0,24.9,0.0,0.0,0.0,0,0,0,0,0000000000000000000000000000000000000000
1,0x004D280,1727717987,2024-09-30 17:39:47,25.1,22.8,2024.6,0.0,1999.5,0.0,0,0,0,0,0000000000000000000000000000000000000000
1,0x004D2C0,1727717988,2024-09-30 17:39:48,25.3,23.0,2024.8,0.0,1999.5,0.0,0,0,0,0,0000000000000000000000000000000000000000
1,0x004D300,1727717989,2024-09-30 17:39:49,25.6,22.8,2025.1,0.0,1999.5,0.0,0,0,0,0,0000000000000000000000000000000000000000
1,0x004D340,1727717989,2024-09-30 17:39:49,25.8,22.9,2025.3,0.0,1999.5,0.0,0,0,0,0,0000000000000000000000000000000000000000
1,0x004D380,1727717990,2024-09-30 17:39:50,26.0,23.0,2025.5,0.0,1999.5,0.0,0,0,0,0,0000000000000000000000000000000000000000
1,0x004D3C0,1727717990,2024-09-30 17:39:50,26.2,22.8,2025.7,0.0,1999.5,0.0,0,0,0,0,0000000000000000000000000000000000000000
1,0x004D400,1727717991,2024-09-30 17:39:51,26.4,23.0,2025.9,0.0,1999.5,0.0,0,0,0,0,0000000000000000000000000000000000000000
1,0x004D440,1727717991,2024-09-30 17:39:51,26.6,22.9,2026.1,0.0,1999.5,0.0,0,0,0,0,0000000000000000000000000000000000000000
1,0x004D480,1727717992,2024-09-30 17:39:52,26.8,22.8,26.8,0.0,0.0,0.0,0,0,0,0,0000000000000000000000000000000000000000
1,0x004D4C0,1727717992,2024-09-30 17:39:52,27.1,23.0,2026.6,0.0,1999.5,0.0,0,0,0,0,0000000000000000000000000000000000000000
1,0x004D500,1727717993,2024-09-30 17:39:53,27.3,22.9,2026.8,0.0,1999.5,0.0,0,0,0,0,0000000000000000000000000000000000000000
1,0x004D540,1727717994,2024-09-30 17:39:54,27.5,22.9,2027.0,0.0,1999.5,0.0,0,0,0,0,0000000000000000000000000000000000000000
1,0x004D580,1727717994,2024-09-30 17:39:54,27.7,22.9,2027.2,0.0,1999.5,0.0,0,0,0,0,0000000000000000000000000000000000000000
1,0x004D5C0,1727717995,2024-09-30 17:39:55,27.9,23.0,2027.4,0.0,1999.5,0.0,0,0,0,0,0000000000000000000000000000000000000000
1,0x004D600,1727717995,2024-09-30 17:39:55,28.1,23.0,2027.6,0.0,1999.5,0.0,0,0,0,0,0000000000000000000000000000000000000000
1,0x004D640,1727717996,2024-09-30 17:39:56,28.3,23.0,2027.8,0.0,1999.5,0.0,0,0,0,0,0000000000000000000000000000000000000000
1,0x004D680,1727717996,2024-09-30 17:39:56,28.6,23.0,2028.1,0.0,1999.5,0.0,0,0,0,0,0000000000000000000000000000000000000000
1,0x004D6C0,1727717997,2024-09-30 17:39:57,28.8,22.9,28.8,0.0,0.0,0.0,0,0,0,0,0000000000000000000000000000000000000000
1,0x004D700,1727717997,2024-09-30 17:39:57,29.0,23.0,2028.5,0.0,1999.5,0.0,0,0,0,0,0000000000000000000000000000000000000000
1,0x004D740,1727717998,2024-09-30 17:39:58,29.2,22.8,2028.7,0.0,1999.5,0.0,0,0,0,0,0000000000000000000000000000000000000000
1,0x004D780,1727717999,2024-09-30 17:39:59,29.4,23.0,2028.9,0.0,1999.5,0.0,0,0,0,0,0000000000000000000000000000000000000000
1,0x004D7C0,1727717999,2024-09-30 17:39:59,29.6,23.0,2029.1,0.0,1999.5,0.0,0,0,0,0,0000000000000000000000000000000000000000
1,0x004D800,1727718000,2024-09-30 17:40:00,29.8,22.9,2029.3,0.0,1999.5,0.0,0,0,0,0,0000000000000000000000000000000000000000
1,0x004D840,1727718000,2024-09-30 17:40:00,30.1,23.0,2029.6,0.0,1999.5,0.0,0,0,0,0,0000000000000000000000000000000000000000
1,0x004D880,1727718001,2024-09-30 17:40:01,30.3,22.9,2029.8,0.0,1999.5,0.0,0,0,0,0,0000000000000000000000000000000000000000
1,0x004D8C0,1727718001,2024-09-30 17:40:01,30.5,22.9,2030.0,0.0,1999.5,0.0,0,0,0,0,0000000000000000000000000000000000000000
1,0x004D900,1727718002,2024-09-30 17:40:02,30.7,23.0,30.7,0.0,0.0,0.0,0,0,0,0,0000000000000000000000000000000000000000
1,0x004D940,1727718002,2024-09-30 17:40:02,30.9,22.9,2030.4,0.0,1999.5,0.0,0,0,0,0,0000000000000000000000000000000000000000
1,0x004D980,1727718003,2024-09-30 17:40:03,31.1,23.0,2030.6,0.0,1999.5,0.0,0,0,0,0,0000000000000000000000000000000000000000
1,0x004D9C0,1727718004,2024-09-30 17:40:04,31.3,23.0,2030.8,0.0,1999.5,0.0,0,0,0,0,0000000000000000000000000000000000000000
1,0x004DA00,1727718004,2024-09-30 17:40:04,31.5,22.9,2031.0,0.0,1999.5,0.0,0,0,0,0,0000000000000000000000000000000000000000
1,0x004DA40,1727718005,2024-09-30 17:40:05,31.7,23.1,2031.2,0.0,1999.5,0.0,0,0,0,0,0000000000000000000000000000000000000000
1,0x004DA80,1727718005,2024-09-30 17:40:05,32.0,22.9,2031.5,0.0,1999.5,0.0,0,0,0,0,0000000000000000000000000000000000000000
1,0x004DAC0,1727718006,2024-09-30 17:40:06,32.2,23.1,2031.7,0.0,1999.5,0.0,0,0,0,0,0000000000000000000000000000000000000000
1,0x004DB00,1727718006,2024-09-30 17:40:06,32.4,22.9,2031.9,0.0,1999.5,0.0,0,0,0,0,0000000000000000000000000000000000000000
1,0x004DB40,1727718007,2024-09-30 17:40:07,32.6,23.0,2032.1,0.0,1999.5,0.0,0,0,0,0,0000000000000000000000000000000000000000
1,0x004DB80,1727718007,2024-09-30 17:40:07,32.8,22.8,2032.3,0.0,1999.5,0.0,0,0,0,0,0000000000000000000000000000000000000000
1,0x004DBC0,1727718008,2024-09-30 17:40:08,33.0,23.0,2032.5,0.0,1999.5,0.0,0,0,0,0,0000000000000000000000000000000000000000
1,0x004DC00,1727718009,2024-09-30 17:40:09,33.2,22.9,2032.7,0.0,1999.5,0.0,0,0,0,0,0000000000000000000000000000000000000000
1,0x004DC40,1727718009,2024-09-30 17:40:09,33.4,22.9,2032.9,0.0,1999.5,0.0,0,0,0,0,0000000000000000000000000000000000000000
1,0x004DC80,1727718010,2024-09-30 17:40:10,33.7,23.0,2033.2,0.0,1999.5,0.0,0,0,0,0,0000000000000000000000000000000000000000
1,0x004DCC0,1727718010,2024-09-30 17:40:10,33.9,23.0,2033.4,0.0,1999.5,0.0,0,0,0,0,0000000000000000000000000000000000000000
1,0x004DD00,1727718011,2024-09-30 17:40:11,34.1,23.0,2033.6,0.0,1999.5,0.0,0,0,0,0,0000000000000000000000000000000000000000
1,0x004DD40,1727718011,2024-09-30 17:40:11,34.3,23.0,2033.8,0.0,1999.5,0.0,0,0,0,0,0000000000000000000000000000000000000000
1,0x004DD80,1727718012,2024-09-30 17:40:12,34.5,22.9,2034.0,0.0,1999.5,0.0,0,0,0,0,0000000000000000000000000000000000000000
1,0x004DDC0,1727718012,2024-09-30 17:40:12,34.7,23.0,2034.2,0.0,1999.5,0.0,0,0,0,0,0000000000000000000000000000000000000000
1,0x004DE00,1727718013,2024-09-30 17:40:13,34.9,23.0,2034.4,0.0,1999.5,0.0,0,0,0,0,0000000000000000000000000000000000000000
1,0x004DE40,1727718014,2024-09-30 17:40:14,35.1,23.1,2034.6,0.0,1999.5,0.0,0,0,0,0,0000000000000000000000000000000000000000
1,0x004DE80,1727718014,2024-09-30 17:40:14,35.4,23.1,2034.9,0.0,1999.5,0.0,0,0,0,0,0000000000000000000000000000000000000000
1,0x004DEC0,1727718015,2024-09-30 17:40:15,35.6,22.9,2035.1,0.0,1999.5,0.0,0,0,0,0,0000000000000000000000000000000000000000
1,0x004DF00,1727718015,2024-09-30 17:40:15,35.8,23.1,2035.3,0.0,1999.5,0.0,0,0,0,0,0000000000000000000000000000000000000000
1,0x004DF40,1727718016,2024-09-30 17:40:16,36.0,22.8,2035.5,0.0,1999.5,0.0,0,0,0,0,0000000000000000000000000000000000000000
1,0x004DF80,1727718016,2024-09-30 17:40:16,36.2,23.1,2035.7,0.0,1999.5,0.0,0,0,0,0,0000000000000000000000000000000000000000
1,0x004DFC0,1727718017,2024-09-30 17:40:17,36.4,22.9,2035.9,0.0,1999.5,0.0,0,0,0,0,0000000000000000000000000000000000000000
1,0x004E000,1727718017,2024-09-30 17:40:17,36.7,23.0,2036.2,0.0,1999.5,0.0,0,0,0,0,0000000000000000000000000000000000000000
1,0x004E040,1727718018,2024-09-30 17:40:18,36.9,22.9,2036.4,0.0,1999.5,0.0,0,0,0,0,0000000000000000000000000000000000000000
1,0x004E080,1727718019,2024-09-30 17:40:19,37.1,23.1,2036.6,0.0,1999.5,0.0,0,0,0,0,0000000000000000000000000000000000000000
1,0x004E0C0,1727718019,2024-09-30 17:40:19,37.3,23.0,2036.8,0.0,1999.5,0.0,0,0,0,0,0000000000000000000000000000000000000000
1,0x004E100,1727718020,2024-09-30 17:40:20,37.5,23.0,2037.0,0.0,1999.5,0.0,0,0,0,0,0000000000000000000000000000000000000000
1,0x004E140,1727718020,2024-09-30 17:40:20,37.7,23.0,2037.2,0.0,1999.5,0.0,0,0,0,0,0000000000000000000000000000000000000000
1,0x004E180,1727718021,2024-09-30 17:40:21,37.9,23.0,2037.4,0.0,1999.5,0.0,0,0,0,0,0000000000000000000000000000000000000000
1,0x004E1C0,1727718021,2024-09-30 17:40:21,38.1,22.9,2037.6,0.0,1999.5,0.0,0,0,0,0,0000000000000000000000000000000000000000
1,0x004E200,1727718022,2024-09-30 17:40:22,38.3,23.1,2037.8,0.0,1999.5,0.0,0,0,0,0,0000000000000000000000000000000000000000
1,0x004E240,1727718022,2024-09-30 17:40:22,38.6,23.0,2038.1,0.0,1999.5,0.0,0,0,0,0,0000000000000000000000000000000000000000
1,0x004E280,1727718023,2024-09-30 17:40:23,38.8,23.1,2038.3,0.0,1999.5,0.0,0,0,0,0,0000000000000000000000000000000000000000
1,0x004E2C0,1727718024,2024-09-30 17:40:24,39.0,23.0,2038.5,0.0,1999.5,0.0,0,0,0,0,0000000000000000000000000000000000000000
1,0x004E300,1727718024,2024-09-30 17:40:24,39.2,22.9,2038.7,0.0,1999.5,0.0,0,0,0,0,0000000000000000000000000000000000000000
1,0x004E340,1727718025,2024-09-30 17:40:25,39.4,23.1,2038.9,0.0,1999.5,0.0,0,0,0,0,0000000000000000000000000000000000000000
1,0x004E380,1727718025,2024-09-30 17:40:25,39.6,22.9,2039.1,0.0,1999.5,0.0,0,0,0,0,0000000000000000000000000000000000000000
1,0x004E3C0,1727718026,2024-09-30 17:40:26,39.9,23.1,2039.4,0.0,1999.5,0.0,0,0,0,0,0000000000000000000000000000000000000000
1,0x004E400,1727718026,2024-09-30 17:40:26,40.1,23.0,2039.6,0.0,1999.5,0.0,0,0,0,0,0000000000000000000000000000000000000000
1,0x004E440,1727718027,2024-09-30 17:40:27,40.3,23.0,2039.8,0.0,1999.5,0.0,0,0,0,0,0000000000000000000000000000000000000000
1,0x004E480,1727718027,2024-09-30 17:40:27,40.5,23.0,2040.0,0.0,1999.5,0.0,0,0,0,0,0000000000000000000000000000000000000000
1,0x004E4C0,1727718028,2024-09-30 17:40:28,40.7,23.1,2040.2,0.0,1999.5,0.0,0,0,0,0,0000000000000000000000000000000000000000
1,0x004E500,1727718029,2024-09-30 17:40:29,40.9,23.0,2040.4,0.0,1999.5,0.0,0,0,0,0,0000000000000000000000000000000000000000
1,0x004E540,1727718029,2024-09-30 17:40:29,41.1,23.0,2040.6,0.0,1999.5,0.0,0,0,0,0,0000000000000000000000000000000000000000
1,0x004E580,1727718030,2024-09-30 17:40:30,41.3,23.0,2040.8,0.0,1999.5,0.0,0,0,0,0,0000000000000000000000000000000000000000
1,0x004E5C0,1727718030,2024-09-30 17:40:30,41.6,23.0,2041.1,0.0,1999.5,0.0,0,0,0,0,0000000000000000000000000000000000000000
1,0x004E600,1727718031,2024-09-30 17:40:31,41.8,23.0,2041.3,0.0,1999.5,0.0,0,0,0,0,0000000000000000000000000000000000000000
1,0x004E640,1727718031,2024-09-30 17:40:31,42.0,23.1,2041.5,0.0,1999.5,0.0,0,0,0,0,0000000000000000000000000000000000000000
1,0x004E680,1727718032,2024-09-30 17:40:32,42.2,23.0,2041.7,0.0,1999.5,0.0,0,0,0,0,0000000000000000000000000000000000000000
1,0x004E6C0,1727718032,2024-09-30 17:40:32,42.4,23.1,2041.9,0.0,1999.5,0.0,0,0,0,0,0000000000000000000000000000000000000000
1,0x004E700,1727718033,2024-09-30 17:40:33,42.6,23.0,2042.1,0.0,1999.5,0.0,0,0,0,0,0000000000000000000000000000000000000000
1,0x004E740,1727718034,2024-09-30 17:40:34,42.8,23.2,2042.3,0.0,1999.5,0.0,0,0,0,0,0000000000000000000000000000000000000000
1,0x004E780,1727718034,2024-09-30 17:40:34,43.0,23.1,2042.5,0.0,1999.5,0.0,0,0,0,0,0000000000000000000000000000000000000000
1,0x004E7C0,1727718035,2024-09-30 17:40:35,43.3,22.9,2042.8,0.0,1999.5,0.0,0,0,0,0,0000000000000000000000000000000000000000
1,0x004E800,1727718035,2024-09-30 17:40:35,43.5,23.1,2043.0,0.0,1999.5,0.0,0,0,0,0,0000000000000000000000000000000000000000
1,0x004E840,1727718036,2024-09-30 17:40:36,43.7,23.0,2043.2,0.0,1999.5,0.0,0,0,0,0,0000000000000000000000000000000000000000
1,0x004E880,1727718036,2024-09-30 17:40:36,43.9,23.1,2043.4,0.0,1999.5,0.0,0,0,0,0,0000000000000000000000000000000000000000
1,0x004E8C0,1727718037,2024-09-30 17:40:37,44.1,23.0,44.1,0.0,0.0,0.0,0,0,0,0,0000000000000000000000000000000000000000
1,0x004E900,1727718037,2024-09-30 17:40:37,44.3,23.1,2043.8,0.0,1999.5,0.0,0,0,0,0,0000000000000000000000000000000000000000
1,0x004E940,1727718038,2024-09-30 17:40:38,44.5,23.0,2044.0,0.0,1999.5,0.0,0,0,0,0,0000000000000000000000000000000000000000
1,0x004E980,1727718039,2024-09-30 17:40:39,44.8,22.9,2044.3,0.0,1999.5,0.0,0,0,0,0,0000000000000000000000000000000000000000
1,0x004E9C0,1727718039,2024-09-30 17:40:39,45.0,45.0,2044.5,0.0,1999.5,0.0,0,0,0,0,0000000000000000000000000000000000000000
1,0x004EA00,1727718040,2024-09-30 17:40:40,45.2,23.0,2044.7,0.0,1999.5,0.0,0,0,0,0,0000000000000000000000000000000000000000
1,0x004EA40,1727718040,2024-09-30 17:40:40,45.4,23.1,2044.9,0.0,1999.5,0.0,0,0,0,0,0000000000000000000000000000000000000000
1,0x004EA80,1727718041,2024-09-30 17:40:41,45.6,23.1,2045.1,0.0,1999.5,0.0,0,0,0,0,0000000000000000000000000000000000000000
1,0x004EAC0,1727718041,2024-09-30 17:40:41,45.8,23.0,2045.3,0.0,1999.5,0.0,0,0,0,0,0000000000000000000000000000000000000000
1,0x004EB00,1727718042,2024-09-30 17:40:42,46.0,23.1,46.0,0.0,0.0,0.0,0,0,0,0,0000000000000000000000000000000000000000
1,0x004EB40,1727718042,2024-09-30 17:40:42,46.2,23.0,2045.7,0.0,1999.5,0.0,0,0,0,0,0000000000000000000000000000000000000000
1,0x004EB80,1727718043,2024-09-30 17:40:43,46.4,23.1,2045.9,0.0,1999.5,0.0,0,0,0,0,0000000000000000000000000000000000000000
1,0x004EBC0,1727718044,2024-09-30 17:40:44,46.7,22.9,2046.2,0.0,1999.5,0.0,0,0,0,0,0000000000000000000000000000000000000000
1,0x004EC00,1727718044,2024-09-30 17:40:44,46.9,46.9,2046.4,0.0,1999.5,0.0,0,0,0,0,0000000000000000000000000000000000000000
1,0x004EC40,1727718045,2024-09-30 17:40:45,47.1,19.2,2046.6,0.0,1999.5,0.0,0,0,0,0,0000000000000000000000000000000000000000
1,0x004EC80,1727718045,2024-09-30 17:40:45,47.2,10.5,2046.7,0.0,1999.5,0.0,0,0,0,0,0000000000000000000000000000000000000000
1,0x004ECC0,1727718046,2024-09-30 17:40:46,47.3,9.9,2046.8,0.0,1999.5,0.0,0,0,0,0,0000000000000000000000000000000000000000
1,0x004ED00,1727718046,2024-09-30 17:40:46,47.3,8.9,2046.8,0.0,1999.5,0.0,0,0,0,0,0000000000000000000000000000000000000000
1,0x004ED40,1727718047,2024-09-30 17:40:47,47.4,9.6,47.4,0.0,0.0,0.0,0,0,0,0,0000000000000000000000000000000000000000
1,0x004ED80,1727718047,2024-09-30 17:40:47,47.5,9.4,2047.0,0.0,1999.5,0.0,0,0,0,0,0000000000000000000000000000000000000000
1,0x004EDC0,1727718048,2024-09-30 17:40:48,47.6,9.4,2047.1,0.0,1999.5,0.0,0,0,0,0,0000000000000000000000000000000000000000
1,0x004EE00,1727718049,2024-09-30 17:40:49,47.7,9.4,2047.2,0.0,1999.5,0.0,0,0,0,0,0000000000000000000000000000000000000000
1,0x004EE40,1727718049,2024-09-30 17:40:49,47.8,47.8,2047.3,0.0,1999.5,0.0,0,0,0,0,0000000000000000000000000000000000000000
1,0x004EE80,1727718050,2024-09-30 17:40:50,47.9,9.3,2047.4,0.0,1999.5,0.0,0,0,0,0,0000000000000000000000000000000000000000
1,0x004EEC0,1727718050,2024-09-30 17:40:50,48.0,9.5,2047.5,0.0,1999.5,0.0,0,0,0,0,0000000000000000000000000000000000000000
1,0x004EF00,1727718051,2024-09-30 17:40:51,48.0,9.4,2047.5,0.0,1999.5,0.0,0,0,0,0,0000000000000000000000000000000000000000
1,0x004EF40,1727718051,2024-09-30 17:40:51,48.1,9.5,2047.6,0.0,1999.5,0.0,0,0,0,0,0000000000000000000000000000000000000000
1,0x004EF80,1727718052,2024-09-30 17:40:52,48.2,9.4,48.2,0.0,0.0,0.0,0,0,0,0,0000000000000000000000000000000000000000
1,0x004EFC0,1727718052,2024-09-30 17:40:52,48.3,9.3,2047.8,0.0,1999.5,0.0,0,0,0,0,0000000000000000000000000000000000000000
1,0x004F000,1727718053,2024-09-30 17:40:53,48.4,9.6,2047.9,0.0,1999.5,0.0,0,0,0,0,0000000000000000000000000000000000000000
1,0x004F040,1727718054,2024-09-30 17:40:54,48.5,9.4,2048.0,0.0,1999.5,0.0,0,0,0,0,0000000000000000000000000000000000000000
1,0x004F080,1727718054,2024-09-30 17:40:54,48.6,48.6,2048.1,0.0,1999.5,0.0,0,0,0,0,0000000000000000000000000000000000000000
1,0x004F0C0,1727718055,2024-09-30 17:40:55,48.6,9.4,2048.1,0.0,1999.5,0.0,0,0,0,0,0000000000000000000000000000000000000000
1,0x004F100,1727718055,2024-09-30 17:40:55,48.7,9.4,2048.2,0.0,1999.5,0.0,0,0,0,0,0000000000000000000000000000000000000000
1,0x004F140,1727718056,2024-09-30 17:40:56,48.8,9.5,2048.3,0.0,1999.5,0.0,0,0,0,0,0000000000000000000000000000000000000000
1,0x004F180,1727718056,2024-09-30 17:40:56,48.9,9.5,2048.4,0.0,1999.5,0.0,0,0,0,0,0000000000000000000000000000000000000000
1,0x004F1C0,1727718057,2024-09-30 17:40:57,49.0,9.4,49.0,0.0,0.0,0.0,0,0,0,0,0000000000000000000000000000000000000000
1,0x004F200,1727718057,2024-09-30 17:40:57,49.1,9.5,2048.6,0.0,1999.5,0.0,0,0,0,0,0000000000000000000000000000000000000000
1,0x004F240,1727718058,2024-09-30 17:40:58,49.2,9.4,2048.7,0.0,1999.5,0.0,0,0,0,0,0000000000000000000000000000000000000000
1,0x004F280,1727718059,2024-09-30 17:40:59,49.3,9.4,2048.8,0.0,1999.5,0.0,0,0,0,0,0000000000000000000000000000000000000000
1,0x004F2C0,1727718059,2024-09-30 17:40:59,49.3,49.3,2048.8,0.0,1999.5,0.0,0,0,0,0,0000000000000000000000000000000000000000
1,0x004F300,1727718060,2024-09-30 17:41:00,49.4,9.4,2048.9,0.0,1999.5,0.0,0,0,0,0,0000000000000000000000000000000000000000
1,0x004F340,1727718060,2024-09-30 17:41:00,49.5,9.5,2049.0,0.0,1999.5,0.0,0,0,0,0,0000000000000000000000000000000000000000
1,0x004F380,1727718061,2024-09-30 17:41:01,49.6,9.6,2049.1,0.0,1999.5,0.0,0,0,0,0,0000000000000000000000000000000000000000
1,0x004F3C0,1727718061,2024-09-30 17:41:01,49.7,9.3,2049.2,0.0,1999.5,0.0,0,0,0,0,0000000000000000000000000000000000000000
1,0x004F400,1727718062,2024-09-30 17:41:02,49.8,9.4,49.8,0.0,0.0,0.0,0,0,0,0,0000000000000000000000000000000000000000
1,0x004F440,1727718062,2024-09-30 17:41:02,49.9,9.4,2049.4,0.0,1999.5,0.0,0,0,0,0,0000000000000000000000000000000000000000
1,0x004F480,1727718063,2024-09-30 17:41:03,49.9,9.4,2049.4,0.0,1999.5,0.0,0,0,0,0,0000000000000000000000000000000000000000
1,0x004F4C0,1727718064,2024-09-30 17:41:04,50.0,9.5,2049.5,0.0,1999.5,0.0,0,0,0,0,0000000000000000000000000000000000000000
1,0x004F500,1727718064,2024-09-30 17:41:04,50.0,0.1,2049.5,0.0,1999.5,0.0,0,0,0,0,0000000000000000000000000000000000000000
1,0x004F540,1727718065,2024-09-30 17:41:05,50.0,0.1,2049.5,0.0,1999.5,0.0,0,0,0,0,0000000000000000000000000000000000000000
1,0x004F580,1727718065,2024-09-30 17:41:05,50.0,0.0,2049.5,0.0,1999.5,0.0,0,0,0,0,0000000000000000000000000000000000000000
1,0x004F5C0,1727718066,2024-09-30 17:41:06,50.0,0.1,2049.5,0.0,1999.5,0.0,0,0,0,0,0000000000000000000000000000000000000000
1,0x004F600,1727718067,2024-09-30 17:41:07,50.0,0.1,50.0,0.0,0.0,0.0,0,0,0,0,0000000000000000000000000000000000000000
1,0x004F640,1727718067,2024-09-30 17:41:07,50.0,0.1,2049.5,0.0,1999.5,0.0,0,0,0,0,0000000000000000000000000000000000000000
1,0x004F680,1727718068,2024-09-30 17:41:08,50.0,0.1,2049.5,0.0,1999.5,0.0,0,0,0,0,0000000000000000000000000000000000000000
1,0x004F6C0,1727718069,2024-09-30 17:41:09,50.0,0.0,2049.5,0.0,1999.5,0.0,0,0,0,0,0000000000000000000000000000000000000000
1,0x004F700,1727718069,2024-09-30 17:41:09,50.0,0.1,2049.5,0.0,1999.5,0.0,0,0,0,0,0000000000000000000000000000000000000000
1,0x004F740,1727718070,2024-09-30 17:41:10,50.0,0.0,2049.5,0.0,1999.5,0.0,0,0,0,0,0000000000000000000000000000000000000000
1,0x004F780,1727718070,2024-09-30 17:41:10,50.0,0.1,2049.5,0.0,1999.5,0.0,0,0,0,0,0000000000000000000000000000000000000000
1,0x004F7C0,1727718071,2024-09-30 17:41:11,50.0,0.1,2049.5,0.0,1999.5,0.0,0,0,0,0,0000000000000000000000000000000000000000
1,0x004F800,1727718072,2024-09-30 17:41:12,50.0,0.0,2049.5,0.0,1999.5,0.0,0,0,0,0,0000000000000000000000000000000000000000
1,0x004F840,1727718072,2024-09-30 17:41:12,50.0,0.1,2049.5,0.0,1999.5,0.0,0,0,0,0,0000000000000000000000000000000000000000
1,0x004F880,1727718073,2024-09-30 17:41:13,50.0,0.1,2049.5,0.0,1999.5,0.0,0,0,0,0,0000000000000000000000000000000000000000
1,0x004F8C0,1727718074,2024-09-30 17:41:14,50.0,0.0,2049.5,0.0,1999.5,0.0,0,0,0,0,0000000000000000000000000000000000000000
1,0x004F900,1727718074,2024-09-30 17:41:14,50.0,0.1,2049.5,0.0,1999.5,0.0,0,0,0,0,0000000000000000000000000000000000000000
1,0x004F940,1727718075,2024-09-30 17:41:15,50.0,0.0,2049.5,0.0,1999.5,0.0,0,0,0,0,0000000000000000000000000000000000000000
1,0x004F980,1727718075,2024-09-30 17:41:15,50.0,0.1,2049.5,0.0,1999.5,0.0,0,0,0,0,0000000000000000000000000000000000000000
1,0x004F9C0,1727718076,2024-09-30 17:41:16,50.0,0.1,2049.5,0.0,1999.5,0.0,0,0,0,0,0000000000000000000000000000000000000000
1,0x004FA00,1727718076,2024-09-30 17:41:16,50.0,0.0,2049.5,0.0,1999.5,0.0,0,0,0,0,0000000000000000000000000000000000000000
1,0x004FA40,1727718077,2024-09-30 17:41:17,50.0,0.1,50.0,0.0,0.0,0.0,0,0,0,0,0000000000000000000000000000000000000000
1,0x004FA80,1727718077,2024-09-30 17:41:17,50.0,0.1,2049.5,0.0,1999.5,0.0,0,0,0,0,0000000000000000000000000000000000000000
1,0x004FAC0,1727718078,2024-09-30 17:41:18,50.0,0.1,2049.5,0.0,1999.5,0.0,0,0,0,0,0000000000000000000000000000000000000000
1,0x004FB00,1727718079,2024-09-30 17:41:19,50.0,0.0,2049.5,0.0,1999.5,0.0,0,0,0,0,0000000000000000000000000000000000000000
1,0x004FB40,1727718079,2024-09-30 17:41:19,50.0,0.1,2049.5,0.0,1999.5,0.0,0,0,0,0,0000000000000000000000000000000000000000
1,0x004FB80,1727718080,2024-09-30 17:41:20,50.0,0.0,2049.5,0.0,1999.5,0.0,0,0,0,0,0000000000000000000000000000000000000000
1,0x004FBC0,1727718080,2024-09-30 17:41:20,50.0,0.1,2049.5,0.0,1999.5,0.0,0,0,0,0,0000000000000000000000000000000000000000
1,0x004FC00,1727718081,2024-09-30 17:41:21,50.0,0.0,2049.5,0.0,1999.5,0.0,0,0,0,0,0000000000000000000000000000000000000000
1,0x004FC40,1727718082,2024-09-30 17:41:22,50.0,0.1,50.0,0.0,0.0,0.0,0,0,0,0,0000000000000000000000000000000000000000
1,0x004FC80,1727718082,2024-09-30 17:41:22,50.0,0.1,2049.5,0.0,1999.5,0.0,0,0,0,0,0000000000000000000000000000000000000000
1,0x004FCC0,1727718083,2024-09-30 17:41:23,50.0,0.0,2049.5,0.0,1999.5,0.0,0,0,0,0,0000000000000000000000000000000000000000
1,0x004FD00,1727718084,2024-09-30 17:41:24,50.0,0.1,2049.5,0.0,1999.5,0.0,0,0,0,0,0000000000000000000000000000000000000000
1,0x004FD40,1727718084,2024-09-30 17:41:24,50.0,0.0,2049.5,0.0,1999.5,0.0,0,0,0,0,0000000000000000000000000000000000000000
1,0x004FD80,1727718085,2024-09-30 17:41:25,50.0,0.1,2049.5,0.0,1999.5,0.0,0,0,0,0,0000000000000000000000000000000000000000
1,0x004FDC0,1727718085,2024-09-30 17:41:25,50.1,0.1,2049.6,0.0,1999.5,0.0,0,0,0,0,0000000000000000000000000000000000000000
1,0x004FE00,1727718086,2024-09-30 17:41:26,50.1,0.0,2049.6,0.0,1999.5,1999.5,0,0,0,0,0000000000000000000000000000000000000000
1,0x004FE40,1727718086,2024-09-30 17:41:26,50.1,0.1,2049.6,0.0,1999.5,0.0,0,0,0,0,0000000000000000000000000000000000000000
1,0x004FE80,1727718087,2024-09-30 17:41:27,50.1,0.1,2049.6,0.0,1999.5,0.0,0,0,0,0,0000000000000000000000000000000000000000
1,0x004FEC0,1727718087,2024-09-30 17:41:27,50.1,0.0,2049.6,0.0,1999.5,0.0,0,0,0,0,0000000000000000000000000000000000000000
1,0x004FF00,1727718088,2024-09-30 17:41:28,50.1,0.1,2049.6,0.0,1999.5,0.0,0,0,0,0,0000000000000000000000000000000000000000
1,0x004FF40,1727718089,2024-09-30 17:41:29,50.1,0.0,2049.6,0.0,1999.5,0.0,0,0,0,0,0000000000000000000000000000000000000000
1,0x004FF80,1727718089,2024-09-30 17:41:29,50.1,50.1,2049.6,0.0,1999.5,0.0,0,0,0,0,0000000000000000000000000000000000000000
1,0x004FFC0,1727718090,2024-09-30 17:41:30,50.1,0.0,2049.6,0.0,1999.5,0.0,0,0,0,0,0000000000000000000000000000000000000000
1,0x0050000,1727718090,2024-09-30 17:41:30,50.1,0.1,2049.6,0.0,1999.5,0.0,0,0,0,0,0000000000000000000000000000000000000000
1,0x0050040,1727718091,2024-09-30 17:41:31,50.1,0.1,2049.6,0.0,1999.5,1999.5,0,0,0,0,0000000000000000000000000000000000000000
1,0x0050080,1727718091,2024-09-30 17:41:31,50.1,0.1,2049.6,0.0,1999.5,0.0,0,0,0,0,0000000000000000000000000000000000000000
1,0x00500C0,1727718092,2024-09-30 17:41:32,50.1,0.0,2049.6,0.0,1999.5,0.0,0,0,0,0,0000000000000000000000000000000000000000
1,0x0050100,1727718092,2024-09-30 17:41:32,50.1,0.1,2049.6,0.0,1999.5,0.0,0,0,0,0,0000000000000000000000000000000000000000
1,0x0050140,1727718093,2024-09-30 17:41:33,50.1,0.1,2049.6,0.0,1999.5,0.0,0,0,0,0,0000000000000000000000000000000000000000
1,0x0050180,1727718094,2024-09-30 17:41:34,50.1,0.0,2049.6,0.0,1999.5,0.0,0,0,0,0,0000000000000000000000000000000000000000
1,0x00501C0,1727718094,2024-09-30 17:41:34,50.1,50.1,2049.6,0.0,1999.5,0.0,0,0,0,0,0000000000000000000000000000000000000000
1,0x0050200,1727718095,2024-09-30 17:41:35,50.1,0.0,2049.6,0.0,1999.5,0.0,0,0,0,0,0000000000000000000000000000000000000000
1,0x0050240,1727718095,2024-09-30 17:41:35,50.1,0.1,2049.6,0.0,1999.5,0.0,0,0,0,0,0000000000000000000000000000000000000000
1,0x0050280,1727718096,2024-09-30 17:41:36,50.1,0.0,2049.6,0.0,1999.5,0.0,0,0,0,0,0000000000000000000000000000000000000000
1,0x00502C0,1727718096,2024-09-30 17:41:36,50.1,0.1,2049.6,0.0,1999.5,0.0,0,0,0,0,0000000000000000000000000000000000000000
1,0x0050300,1727718097,2024-09-30 17:41:37,50.1,0.1,50.1,0.0,0.0,0.0,0,0,0,0,0000000000000000000000000000000000000000
1,0x0050340,1727718097,2024-09-30 17:41:37,50.1,0.0,2049.6,0.0,1999.5,0.0,0,0,0,0,0000000000000000000000000000000000000000
1,0x0050380,1727718098,2024-09-30 17:41:38,50.1,0.1,2049.6,0.0,1999.5,0.0,0,0,0,0,0000000000000000000000000000000000000000
1,0x00503C0,1727718099,2024-09-30 17:41:39,50.1,0.1,2049.6,0.0,1999.5,0.0,0,0,0,0,0000000000000000000000000000000000000000
1,0x0050400,1727718101,2024-09-30 17:41:41,50.1,0.0,2049.6,0.0,1999.5,0.0,0,0,0,0,0000000000000000000000000000000000000000
1,0x0050440,1727718101,2024-09-30 17:41:41,50.1,0.1,2049.6,0.0,1999.5,0.0,0,0,0,0,0000000000000000000000000000000000000000
1,0x0050480,1727718102,2024-09-30 17:41:42,50.1,0.1,50.1,0.0,0.0,0.0,0,0,0,0,0000000000000000000000000000000000000000
1,0x00504C0,1727718102,2024-09-30 17:41:42,50.1,0.0,2049.6,0.0,1999.5,0.0,0,0,0,0,0000000000000000000000000000000000000000
1,0x0050500,1727718103,2024-09-30 17:41:43,50.1,0.1,2049.6,0.0,1999.5,0.0,0,0,0,0,0000000000000000000000000000000000000000
1,0x0050540,1727718104,2024-09-30 17:41:44,50.1,0.1,2049.6,0.0,1999.5,0.0,0,0,0,0,0000000000000000000000000000000000000000
1,0x0050580,1727718104,2024-09-30 17:41:44,50.1,0.0,2049.6,0.0,1999.5,0.0,0,0,0,0,0000000000000000000000000000000000000000
1,0x00505C0,1727718105,2024-09-30 17:41:45,50.1,0.1,2049.6,0.0,1999.5,0.0,0,0,0,0,0000000000000000000000000000000000000000
1,0x0050600,1727718106,2024-09-30 17:41:46,50.1,0.0,2049.6,0.0,1999.5,0.0,0,0,0,0,0000000000000000000000000000000000000000
1,0x0050640,1727718106,2024-09-30 17:41:46,50.1,0.1,2049.6,0.0,1999.5,0.0,0,0,0,0,0000000000000000000000000000000000000000
1,0x0050680,1727718107,2024-09-30 17:41:47,50.1,0.1,50.1,0.0,0.0,0.0,0,0,0,0,0000000000000000000000000000000000000000
1,0x00506C0,1727718107,2024-09-30 17:41:47,50.1,0.0,2049.6,0.0,1999.5,0.0,0,0,0,0,0000000000000000000000000000000000000000
1,0x0050700,1727718108,2024-09-30 17:41:48,50.1,0.1,2049.6,0.0,1999.5,0.0,0,0,0,0,0000000000000000000000000000000000000000
1,0x0050740,1727718109,2024-09-30 17:41:49,50.1,0.1,2049.6,0.0,1999.5,0.0,0,0,0,0,0000000000000000000000000000000000000000
1,0x0050780,1727718109,2024-09-30 17:41:49,50.1,0.0,2049.6,0.0,1999.5,0.0,0,0,0,0,0000000000000000000000000000000000000000
1,0x00507C0,1727718110,2024-09-30 17:41:50,50.1,0.1,2049.6,0.0,1999.5,0.0,0,0,0,0,0000000000000000000000000000000000000000
1,0x0050800,1727718111,2024-09-30 17:41:51,50.1,0.0,2049.6,0.0,1999.5,0.0,0,0,0,0,0000000000000000000000000000000000000000
1,0x0050840,1727718111,2024-09-30 17:41:51,50.1,0.1,2049.6,0.0,1999.5,0.0,0,0,0,0,0000000000000000000000000000000000000000
1,0x0050880,1727718112,2024-09-30 17:41:52,50.1,0.1,50.1,0.0,0.0,0.0,0,0,0,0,0000000000000000000000000000000000000000
1,0x00508C0,1727718112,2024-09-30 17:41:52,50.1,0.0,2049.6,0.0,1999.5,0.0,0,0,0,0,0000000000000000000000000000000000000000
1,0x0050900,1727718113,2024-09-30 17:41:53,50.1,0.1,2049.6,0.0,1999.5,0.0,0,0,0,0,0000000000000000000000000000000000000000
1,0x0050940,1727718113,2024-09-30 17:41:53,50.1,0.1,2049.6,0.0,1999.5,0.0,0,0,0,0,0000000000000000000000000000000000000000
1,0x0050980,1727718114,2024-09-30 17:41:54,50.1,0.0,2049.6,0.0,1999.5,0.0,0,0,0,0,0000000000000000000000000000000000000000
1,0x00509C0,1727718114,2024-09-30 17:41:54,50.1,0.1,2049.6,0.0,1999.5,0.0,0,0,0,0,0000000000000000000000000000000000000000
1,0x0050A00,1727718116,2024-09-30 17:41:56,50.1,0.0,2049.6,0.0,1999.5,0.0,0,0,0,0,0000000000000000000000000000000000000000
1,0x0050A40,1727718116,2024-09-30 17:41:56,50.1,0.1,50.1,0.0,0.0,0.0,0,0,0,0,0000000000000000000000000000000000000000
1,0x0050A80,1727718117,2024-09-30 17:41:57,50.1,0.1,2049.6,0.0,1999.5,0.0,0,0,0,0,0000000000000000000000000000000000000000
1,0x0050AC0,1727718118,2024-09-30 17:41:58,50.1,0.0,2049.6,0.0,1999.5,0.0,0,0,0,0,0000000000000000000000000000000000000000
1,0x0050B00,1727718118,2024-09-30 17:41:58,50.1,0.1,2049.6,0.0,1999.5,0.0,0,0,0,0,0000000000000000000000000000000000000000
1,0x0050B40,1727718119,2024-09-30 17:41:59,50.1,0.1,2049.6,0.0,1999.5,0.0,0,0,0,0,0000000000000000000000000000000000000000
1,0x0050B80,1727718119,2024-09-30 17:41:59,50.1,0.0,2049.6,0.0,1999.5,0.0,0,0,0,0,0000000000000000000000000000000000000000
1,0x0050BC0,1727718120,2024-09-30 17:42:00,50.1,0.1,2049.6,0.0,1999.5,0.0,0,0,0,0,0000000000000000000000000000000000000000
1,0x0050C00,1727718121,2024-09-30 17:42:01,50.1,0.0,2049.6,0.0,1999.5,0.0,0,0,0,0,0000000000000000000000000000000000000000
1,0x0050C40,1727718122,2024-09-30 17:42:02,50.1,0.1,2049.6,0.0,1999.5,0.0,0,0,0,0,0000000000000000000000000000000000000000
1,0x0050C80,1727718123,2024-09-30 17:42:03,50.1,0.1,2049.6,0.0,1999.5,0.0,0,0,0,0,0000000000000000000000000000000000000000
1,0x0050CC0,1727718123,2024-09-30 17:42:03,50.1,0.0,2049.6,0.0,1999.5,0.0,0,0,0,0,0000000000000000000000000000000000000000
1,0x0050D00,1727718124,2024-09-30 17:42:04,50.1,0.1,2049.6,0.0,1999.5,0.0,0,0,0,0,0000000000000000000000000000000000000000
1,0x0050D40,1727718124,2024-09-30 17:42:04,50.1,0.1,2049.6,0.0,1999.5,0.0,0,0,0,0,0000000000000000000000000000000000000000
1,0x0050D80,1727718125,2024-09-30 17:42:05,50.1,0.0,2049.6,0.0,1999.5,0.0,0,0,0,0,0000000000000000000000000000000000000000
1,0x0050DC0,1727718125,2024-09-30 17:42:05,50.1,0.1,2049.6,0.0,1999.5,0.0,0,0,0,0,0000000000000000000000000000000000000000
1,0x0050E00,1727718126,2024-09-30 17:42:06,50.1,0.0,2049.6,0.0,1999.5,0.0,0,0,0,0,0000000000000000000000000000000000000000
1,0x0050E40,1727718127,2024-09-30 17:42:07,50.1,0.1,2049.6,0.0,1999.5,0.0,0,0,0,0,0000000000000000000000000000000000000000
1,0x0050E80,1727718128,2024-09-30 17:42:08,50.1,0.1,2049.6,0.0,1999.5,0.0,0,0,0,0,0000000000000000000000000000000000000000
1,0x0050EC0,1727718128,2024-09-30 17:42:08,50.1,0.1,2049.6,0.0,1999.5,0.0,0,0,0,0,0000000000000000000000000000000000000000
1,0x0050F00,1727718130,2024-09-30 17:42:10,50.1,0.0,2049.6,0.0,1999.5,0.0,0,0,0,0,0000000000000000000000000000000000000000
1,0x0050F40,1727718130,2024-09-30 17:42:10,50.1,0.1,2049.6,0.0,1999.5,0.0,0,0,0,0,0000000000000000000000000000000000000000
1,0x0050F80,1727718131,2024-09-30 17:42:11,50.1,0.1,2049.6,0.0,1999.5,0.0,0,0,0,0,0000000000000000000000000000000000000000
1,0x0050FC0,1727718131,2024-09-30 17:42:11,50.1,0.1,50.1,0.0,0.0,0.0,0,0,0,0,0000000000000000000000000000000000000000
1,0x0051000,1727718132,2024-09-30 17:42:12,50.1,0.0,2049.6,0.0,1999.5,0.0,0,0,0,0,0000000000000000000000000000000000000000
1,0x0051040,1727718133,2024-09-30 17:42:13,50.1,0.1,2049.6,0.0,1999.5,0.0,0,0,0,0,0000000000000000000000000000000000000000
1,0x0051080,1727718133,2024-09-30 17:42:13,50.1,0.1,2049.6,0.0,1999.5,0.0,0,0,0,0,0000000000000000000000000000000000000000
1,0x00510C0,1727718134,2024-09-30 17:42:14,50.1,0.0,2049.6,0.0,1999.5,0.0,0,0,0,0,0000000000000000000000000000000000000000
1,0x0051100,1727718134,2024-09-30 17:42:14,50.1,0.1,2049.6,0.0,1999.5,0.0,0,0,0,0,0000000000000000000000000000000000000000
1,0x0051140,1727718135,2024-09-30 17:42:15,50.1,0.1,2049.6,0.0,1999.5,0.0,0,0,0,0,0000000000000000000000000000000000000000
1,0x0051180,1727718135,2024-09-30 17:42:15,50.1,0.0,2049.6,0.0,1999.5,0.0,0,0,0,0,0000000000000000000000000000000000000000
1,0x00511C0,1727718136,2024-09-30 17:42:16,50.1,0.1,2049.6,0.0,1999.5,0.0,0,0,0,0,0000000000000000000000000000000000000000
1,0x0051200,1727718136,2024-09-30 17:42:16,50.1,0.1,50.1,0.0,0.0,0.0,0,0,0,0,0000000000000000000000000000000000000000
1,0x0051240,1727718137,2024-09-30 17:42:17,50.1,0.1,2049.6,0.0,1999.5,0.0,0,0,0,0,0000000000000000000000000000000000000000
1,0x0051280,1727718138,2024-09-30 17:42:18,50.1,0.0,2049.6,0.0,1999.5,0.0,0,0,0,0,0000000000000000000000000000000000000000
1,0x00512C0,1727718138,2024-09-30 17:42:18,50.1,0.1,2049.6,0.0,1999.5,0.0,0,0,0,0,0000000000000000000000000000000000000000
1,0x0051300,1727718139,2024-09-30 17:42:19,50.1,0.0,2049.6,0.0,1999.5,0.0,0,0,0,0,0000000000000000000000000000000000000000
1,0x0051340,1727718139,2024-09-30 17:42:19,50.1,0.1,2049.6,0.0,1999.5,0.0,0,0,0,0,0000000000000000000000000000000000000000
1,0x0051380,1727718140,2024-09-30 17:42:20,50.1,0.1,2049.6,0.0,1999.5,0.0,0,0,0,0,0000000000000000000000000000000000000000
1,0x00513C0,1727718140,2024-09-30 17:42:20,50.1,0.0,2049.6,0.0,1999.5,0.0,0,0,0,0,0000000000000000000000000000000000000000
1,0x0051400,1727718141,2024-09-30 17:42:21,50.1,0.1,2049.6,0.0,1999.5,0.0,0,0,0,0,0000000000000000000000000000000000000000
1,0x0051440,1727718141,2024-09-30 17:42:21,50.1,0.1,50.1,0.0,0.0,0.0,0,0,0,0,0000000000000000000000000000000000000000
1,0x0051480,1727718142,2024-09-30 17:42:22,50.1,0.0,2049.6,0.0,1999.5,0.0,0,0,0,0,0000000000000000000000000000000000000000
1,0x00514C0,1727718143,2024-09-30 17:42:23,50.1,0.1,2049.6,0.0,1999.5,0.0,0,0,0,0,0000000000000000000000000000000000000000
1,0x0051500,1727718145,2024-09-30 17:42:25,50.1,0.0,2049.6,0.0,1999.5,0.0,0,0,0,0,0000000000000000000000000000000000000000
1,0x0051540,1727718145,2024-09-30 17:42:25,50.1,0.1,2049.6,0.0,1999.5,0.0,0,0,0,0,0000000000000000000000000000000000000000
1,0x0051580,1727718146,2024-09-30 17:42:26,50.1,0.1,2049.6,0.0,1999.5,0.0,0,0,0,0,0000000000000000000000000000000000000000
1,0x00515C0,1727718146,2024-09-30 17:42:26,50.1,0.0,2049.6,0.0,1999.5,0.0,0,0,0,0,0000000000000000000000000000000000000000
1,0x0051600,1727718147,2024-09-30 17:42:27,50.1,0.1,2049.6,0.0,1999.5,0.0,0,0,0,0,0000000000000000000000000000000000000000
1,0x0051640,1727718148,2024-09-30 17:42:28,50.1,0.1,2049.6,0.0,1999.5,0.0,0,0,0,0,0000000000000000000000000000000000000000
1,0x0051680,1727718148,2024-09-30 17:42:28,50.1,0.0,2049.6,0.0,1999.5,0.0,0,0,0,0,0000000000000000000000000000000000000000
1,0x00516C0,1727718149,2024-09-30 17:42:29,50.1,0.1,2049.6,0.0,1999.5,0.0,0,0,0,0,0000000000000000000000000000000000000000
1,0x0051700,1727718149,2024-09-30 17:42:29,50.1,0.0,2049.6,0.0,1999.5,0.0,0,0,0,0,0000000000000000000000000000000000000000
1,0x0051740,1727718150,2024-09-30 17:42:30,50.1,0.1,2049.6,0.0,1999.5,0.0,0,0,0,0,0000000000000000000000000000000000000000
1,0x0051780,1727718150,2024-09-30 17:42:30,50.1,0.1,2049.6,0.0,1999.5,0.0,0,0,0,0,0000000000000000000000000000000000000000
1,0x00517C0,1727718151,2024-09-30 17:42:31,50.1,0.0,2049.6,0.0,1999.5,0.0,0,0,0,0,0000000000000000000000000000000000000000
1,0x0051800,1727718151,2024-09-30 17:42:31,50.1,0.1,50.1,0.0,0.0,0.0,0,0,0,0,0000000000000000000000000000000000000000
1,0x0051840,1727718152,2024-09-30 17:42:32,50.1,0.1,2049.6,0.0,1999.5,0.0,0,0,0,0,0000000000000000000000000000000000000000
1,0x0051880,1727718153,2024-09-30 17:42:33,50.1,0.0,2049.6,0.0,1999.5,0.0,0,0,0,0,0000000000000000000000000000000000000000
1,0x00518C0,1727718153,2024-09-30 17:42:33,50.1,0.1,2049.6,0.0,1999.5,0.0,0,0,0,0,0000000000000000000000000000000000000000
1,0x0051900,1727718155,2024-09-30 17:42:35,50.1,0.0,2049.6,0.0,1999.5,0.0,0,0,0,0,0000000000000000000000000000000000000000
1,0x0051940,1727718155,2024-09-30 17:42:35,50.1,0.1,2049.6,0.0,1999.5,0.0,0,0,0,0,0000000000000000000000000000000000000000
1,0x0051980,1727718156,2024-09-30 17:42:36,50.1,0.0,2049.6,0.0,1999.5,0.0,0,0,0,0,0000000000000000000000000000000000000000
1,0x00519C0,1727718156,2024-09-30 17:42:36,50.1,0.1,2049.6,0.0,1999.5,0.0,0,0,0,0,0000000000000000000000000000000000000000
1,0x0051A00,1727718158,2024-09-30 17:42:38,50.1,0.0,2049.6,0.0,1999.5,0.0,0,0,0,0,0000000000000000000000000000000000000000
1,0x0051A40,1727718158,2024-09-30 17:42:38,50.1,0.1,2049.6,0.0,1999.5,0.0,0,0,0,0,0000000000000000000000000000000000000000
1,0x0051A80,1727718159,2024-09-30 17:42:39,50.1,50.1,2049.6,0.0,1999.5,0.0,0,0,0,0,0000000000000000000000000000000000000000
1,0x0051AC0,1727718159,2024-09-30 17:42:39,50.1,0.1,2049.6,0.0,1999.5,0.0,0,0,0,0,0000000000000000000000000000000000000000
1,0x0051B00,1727718160,2024-09-30 17:42:40,50.1,0.0,2049.6,0.0,1999.5,0.0,0,0,0,0,0000000000000000000000000000000000000000
1,0x0051B40,1727718160,2024-09-30 17:42:40,50.1,0.1,2049.6,0.0,1999.5,0.0,0,0,0,0,0000000000000000000000000000000000000000
1,0x0051B80,1727718161,2024-09-30 17:42:41,50.1,0.1,2049.6,0.0,1999.5,0.0,0,0,0,0,0000000000000000000000000000000000000000
1,0x0051BC0,1727718161,2024-09-30 17:42:41,50.1,0.0,2049.6,0.0,1999.5,0.0,0,0,0,0,0000000000000000000000000000000000000000
1,0x0051C00,1727718162,2024-09-30 17:42:42,50.1,0.1,2049.6,0.0,1999.5,0.0,0,0,0,0,0000000000000000000000000000000000000000
1,0x0051C40,1727718163,2024-09-30 17:42:43,50.1,0.0,2049.6,0.0,1999.5,0.0,0,0,0,0,0000000000000000000000000000000000000000
1,0x0051C80,1727718163,2024-09-30 17:42:43,50.1,0.1,2049.6,0.0,1999.5,0.0,0,0,0,0,0000000000000000000000000000000000000000
1,0x0051CC0,1727718164,2024-09-30 17:42:44,50.1,0.0,2049.6,0.0,1999.5,0.0,0,0,0,0,0000000000000000000000000000000000000000
1,0x0051D00,1727718164,2024-09-30 17:42:44,50.1,0.1,2049.6,0.0,1999.5,0.0,0,0,0,0,0000000000000000000000000000000000000000
1,0x0051D40,1727718165,2024-09-30 17:42:45,50.1,0.1,2049.6,0.0,1999.5,0.0,0,0,0,0,0000000000000000000000000000000000000000
1,0x0051D80,1727718165,2024-09-30 17:42:45,50.1,0.0,2049.6,0.0,1999.5,0.0,0,0,0,0,0000000000000000000000000000000000000000
1,0x0051DC0,1727718166,2024-09-30 17:42:46,50.2,0.1,2049.7,0.0,1999.5,0.0,0,0,0,0,0000000000000000000000000000000000000000
1,0x0051E00,1727718167,2024-09-30 17:42:47,50.2,0.0,2049.7,0.0,1999.5,0.0,0,0,0,0,0000000000000000000000000000000000000000
1,0x0051E40,1727718168,2024-09-30 17:42:48,50.2,0.1,2049.7,0.0,1999.5,0.0,0,0,0,0,0000000000000000000000000000000000000000
1,0x0051E80,1727718168,2024-09-30 17:42:48,50.2,0.0,2049.7,0.0,1999.5,0.0,0,0,0,0,0000000000000000000000000000000000000000
1,0x0051EC0,1727718169,2024-09-30 17:42:49,50.2,0.1,2049.7,0.0,1999.5,0.0,0,0,0,0,0000000000000000000000000000000000000000
1,0x0051F00,1727718169,2024-09-30 17:42:49,50.2,0.0,2049.7,0.0,1999.5,0.0,0,0,0,0,0000000000000000000000000000000000000000
1,0x0051F40,1727718170,2024-09-30 17:42:50,50.2,0.1,2049.7,0.0,1999.5,0.0,0,0,0,0,0000000000000000000000000000000000000000
1,0x0051F80,1727718170,2024-09-30 17:42:50,50.2,0.1,2049.7,0.0,1999.5,0.0,0,0,0,0,0000000000000000000000000000000000000000
1,0x0051FC0,1727718171,2024-09-30 17:42:51,50.2,0.0,2049.7,0.0,1999.5,0.0,0,0,0,0,0000000000000000000000000000000000000000
1,0x0052000,1727718171,2024-09-30 17:42:51,50.2,0.1,2049.7,0.0,1999.5,0.0,0,0,0,0,0000000000000000000000000000000000000000
1,0x0052040,1727718172,2024-09-30 17:42:52,50.2,0.0,2049.7,0.0,1999.5,0.0,0,0,0,0,0000000000000000000000000000000000000000
1,0x0052080,1727718173,2024-09-30 17:42:53,50.2,0.1,2049.7,0.0,1999.5,0.0,0,0,0,0,0000000000000000000000000000000000000000
1,0x00520C0,1727718173,2024-09-30 17:42:53,50.2,0.1,2049.7,0.0,1999.5,0.0,0,0,0,0,0000000000000000000000000000000000000000
1,0x0052100,1727718175,2024-09-30 17:42:55,50.2,0.0,2049.7,0.0,1999.5,0.0,0,0,0,0,0000000000000000000000000000000000000000
1,0x0052140,1727718175,2024-09-30 17:42:55,50.2,0.1,2049.7,0.0,1999.5,0.0,0,0,0,0,0000000000000000000000000000000000000000
1,0x0052180,1727718176,2024-09-30 17:42:56,50.2,0.1,2049.7,0.0,1999.5,0.0,0,0,0,0,0000000000000000000000000000000000000000
1,0x00521C0,1727718176,2024-09-30 17:42:56,50.2,0.0,2049.7,0.0,1999.5,0.0,0,0,0,0,0000000000000000000000000000000000000000
1,0x0052200,1727718177,2024-09-30 17:42:57,50.2,0.1,2049.7,0.0,1999.5,0.0,0,0,0,0,0000000000000000000000000000000000000000
1,0x0052240,1727718178,2024-09-30 17:42:58,50.2,0.1,2049.7,0.0,1999.5,0.0,0,0,0,0,0000000000000000000000000000000000000000
1,0x0052280,1727718178,2024-09-30 17:42:58,50.2,0.0,2049.7,0.0,1999.5,0.0,0,0,0,0,0000000000000000000000000000000000000000
1,0x00522C0,1727718179,2024-09-30 17:42:59,50.2,0.1,2049.7,0.0,1999.5,0.0,0,0,0,0,0000000000000000000000000000000000000000
1,0x0052300,1727718179,2024-09-30 17:42:59,50.2,0.0,2049.7,0.0,1999.5,0.0,0,0,0,0,0000000000000000000000000000000000000000
1,0x0052340,1727718180,2024-09-30 17:43:00,50.2,0.1,2049.7,0.0,1999.5,0.0,0,0,0,0,0000000000000000000000000000000000000000
1,0x0052380,1727718180,2024-09-30 17:43:00,50.2,0.1,2049.7,0.0,1999.5,0.0,0,0,0,0,0000000000000000000000000000000000000000
1,0x00523C0,1727718181,2024-09-30 17:43:01,50.2,0.0,2049.7,0.0,1999.5,0.0,0,0,0,0,0000000000000000000000000000000000000000
1,0x0052400,1727718181,2024-09-30 17:43:01,50.2,0.1,2049.7,0.0,1999.5,0.0,0,0,0,0,0000000000000000000000000000000000000000
1,0x0052440,1727718182,2024-09-30 17:43:02,50.2,0.0,2049.7,0.0,1999.5,0.0,0,0,0,0,0000000000000000000000000000000000000000
1,0x0052480,1727718183,2024-09-30 17:43:03,50.2,0.1,2049.7,0.0,1999.5,0.0,0,0,0,0,0000000000000000000000000000000000000000
1,0x00524C0,1727718183,2024-09-30 17:43:03,50.2,0.1,2049.7,0.0,1999.5,0.0,0,0,0,0,0000000000000000000000000000000000000000
1,0x0052500,1727718185,2024-09-30 17:43:05,50.2,0.0,2049.7,0.0,1999.5,0.0,0,0,0,0,0000000000000000000000000000000000000000
1,0x0052540,1727718185,2024-09-30 17:43:05,50.2,0.1,2049.7,0.0,1999.5,0.0,0,0,0,0,0000000000000000000000000000000000000000
1,0x0052580,1727718186,2024-09-30 17:43:06,50.2,0.1,2049.7,0.0,1999.5,0.0,0,0,0,0,0000000000000000000000000000000000000000
1,0x00525C0,1727718186,2024-09-30 17:43:06,50.2,0.1,2049.7,0.0,1999.5,0.0,0,0,0,0,0000000000000000000000000000000000000000
1,0x0052600,1727718187,2024-09-30 17:43:07,50.2,0.0,2049.7,0.0,1999.5,0.0,0,0,0,0,0000000000000000000000000000000000000000
1,0x0052640,1727718188,2024-09-30 17:43:08,50.2,0.1,2049.7,0.0,1999.5,0.0,0,0,0,0,0000000000000000000000000000000000000000
1,0x0052680,1727718188,2024-09-30 17:43:08,50.2,0.1,2049.7,0.0,1999.5,0.0,0,0,0,0,0000000000000000000000000000000000000000
1,0x00526C0,1727718189,2024-09-30 17:43:09,50.2,50.2,2049.7,0.0,1999.5,0.0,0,0,0,0,0000000000000000000000000000000000000000
1,0x0052700,1727718190,2024-09-30 17:43:10,50.2,0.1,2049.7,0.0,1999.5,0.0,0,0,0,0,0000000000000000000000000000000000000000
1,0x0052740,1727718190,2024-09-30 17:43:10,50.2,0.0,2049.7,0.0,1999.5,0.0,0,0,0,0,0000000000000000000000000000000000000000
1,0x0052780,1727718191,2024-09-30 17:43:11,50.2,0.1,2049.7,0.0,1999.5,0.0,0,0,0,0,0000000000000000000000000000000000000000
1,0x00527C0,1727718191,2024-09-30 17:43:11,50.2,0.1,2049.7,0.0,1999.5,0.0,0,0,0,0,0000000000000000000000000000000000000000
1,0x0052800,1727718192,2024-09-30 17:43:12,50.2,0.0,2049.7,0.0,1999.5,0.0,0,0,0,0,0000000000000000000000000000000000000000
1,0x0052840,1727718192,2024-09-30 17:43:12,50.2,0.1,2049.7,0.0,1999.5,0.0,0,0,0,0,0000000000000000000000000000000000000000
1,0x0052880,1727718193,2024-09-30 17:43:13,50.2,0.1,2049.7,0.0,1999.5,0.0,0,0,0,0,0000000000000000000000000000000000000000
1,0x00528C0,1727718193,2024-09-30 17:43:13,50.2,0.0,2049.7,0.0,1999.5,0.0,0,0,0,0,0000000000000000000000000000000000000000
1,0x0052900,1727718194,2024-09-30 17:43:14,50.2,50.2,2049.7,0.0,1999.5,0.0,0,0,0,0,0000000000000000000000000000000000000000
1,0x0052940,1727718195,2024-09-30 17:43:15,50.2,0.0,2049.7,0.0,1999.5,0.0,0,0,0,0,0000000000000000000000000000000000000000
1,0x0052980,1727718195,2024-09-30 17:43:15,50.2,0.1,2049.7,0.0,1999.5,0.0,0,0,0,0,0000000000000000000000000000000000000000
1,0x00529C0,1727718196,2024-09-30 17:43:16,50.2,0.1,2049.7,0.0,1999.5,0.0,0,0,0,0,0000000000000000000000000000000000000000
1,0x0052A00,1727718196,2024-09-30 17:43:16,50.2,0.0,2049.7,0.0,1999.5,0.0,0,0,0,0,0000000000000000000000000000000000000000
1,0x0052A40,1727718197,2024-09-30 17:43:17,50.2,0.1,50.2,0.0,0.0,0.0,0,0,0,0,0000000000000000000000000000000000000000
1,0x0052A80,1727718197,2024-09-30 17:43:17,50.2,0.1,2049.7,0.0,1999.5,0.0,0,0,0,0,0000000000000000000000000000000000000000
1,0x0052AC0,1727718198,2024-09-30 17:43:18,50.2,0.0,2049.7,0.0,1999.5,0.0,0,0,0,0,0000000000000000000000000000000000000000
1,0x0052B00,1727718198,2024-09-30 17:43:18,50.2,0.1,2049.7,0.0,1999.5,0.0,0,0,0,0,0000000000000000000000000000000000000000
1,0x0052B40,1727718199,2024-09-30 17:43:19,50.2,50.2,2049.7,0.0,1999.5,0.0,0,0,0,0,0000000000000000000000000000000000000000
1,0x0052B80,1727718200,2024-09-30 17:43:20,50.2,0.1,2049.7,0.0,1999.5,0.0,0,0,0,0,0000000000000000000000000000000000000000
1,0x0052BC0,1727718200,2024-09-30 17:43:20,50.2,0.1,2049.7,0.0,1999.5,0.0,0,0,0,0,0000000000000000000000000000000000000000
1,0x0052C00,1727718201,2024-09-30 17:43:21,50.2,0.0,2049.7,0.0,1999.5,0.0,0,0,0,0,0000000000000000000000000000000000000000
1,0x0052C40,1727718202,2024-09-30 17:43:22,50.2,0.1,50.2,0.0,0.0,0.0,0,0,0,0,0000000000000000000000000000000000000000
1,0x0052C80,1727718202,2024-09-30 17:43:22,50.2,0.1,2049.7,0.0,1999.5,0.0,0,0,0,0,0000000000000000000000000000000000000000
1,0x0052CC0,1727718203,2024-09-30 17:43:23,50.2,0.0,2049.7,0.0,1999.5,0.0,0,0,0,0,0000000000000000000000000000000000000000
1,0x0052D00,1727718203,2024-09-30 17:43:23,50.2,0.1,2049.7,0.0,1999.5,0.0,0,0,0,0,0000000000000000000000000000000000000000
1,0x0052D40,1727718204,2024-09-30 17:43:24,50.2,50.2,2049.7,0.0,1999.5,0.0,0,0,0,0,0000000000000000000000000000000000000000
1,0x0052D80,1727718205,2024-09-30 17:43:25,50.2,0.1,2049.7,0.0,1999.5,0.0,0,0,0,0,0000000000000000000000000000000000000000
1,0x0052DC0,1727718205,2024-09-30 17:43:25,50.2,0.1,2049.7,0.0,1999.5,0.0,0,0,0,0,0000000000000000000000000000000000000000
1,0x0052E00,1727718206,2024-09-30 17:43:26,50.2,0.0,2049.7,0.0,1999.5,0.0,0,0,0,0,0000000000000000000000000000000000000000
1,0x0052E40,1727718206,2024-09-30 17:43:26,50.2,0.1,2049.7,0.0,1999.5,0.0,0,0,0,0,0000000000000000000000000000000000000000
1,0x0052E80,1727718207,2024-09-30 17:43:27,50.2,0.1,50.2,0.0,0.0,0.0,0,0,0,0,0000000000000000000000000000000000000000
1,0x0052EC0,1727718207,2024-09-30 17:43:27,50.2,0.0,2049.7,0.0,1999.5,0.0,0,0,0,0,0000000000000000000000000000000000000000
1,0x0052F00,1727718208,2024-09-30 17:43:28,50.2,0.1,2049.7,0.0,1999.5,0.0,0,0,0,0,0000000000000000000000000000000000000000
1,0x0052F40,1727718208,2024-09-30 17:43:28,50.2,0.1,2049.7,0.0,1999.5,0.0,0,0,0,0,0000000000000000000000000000000000000000
1,0x0052F80,1727718209,2024-09-30 17:43:29,50.2,0.0,2049.7,0.0,1999.5,0.0,0,0,0,0,0000000000000000000000000000000000000000
1,0x0052FC0,1727718210,2024-09-30 17:43:30,50.2,0.1,2049.7,0.0,1999.5,0.0,0,0,0,0,0000000000000000000000000000000000000000
1,0x0053000,1727718211,2024-09-30 17:43:31,50.2,0.0,2049.7,0.0,1999.5,0.0,0,0,0,0,0000000000000000000000000000000000000000
1,0x0053040,1727718211,2024-09-30 17:43:31,50.2,0.1,2049.7,0.0,1999.5,0.0,0,0,0,0,0000000000000000000000000000000000000000
1,0x0053080,1727718212,2024-09-30 17:43:32,50.2,0.1,50.2,0.0,0.0,0.0,0,0,0,0,0000000000000000000000000000000000000000
1,0x00530C0,1727718212,2024-09-30 17:43:32,50.2,0.1,2049.7,0.0,1999.5,0.0,0,0,0,0,0000000000000000000000000000000000000000
1,0x0053100,1727718213,2024-09-30 17:43:33,50.2,0.0,2049.7,0.0,1999.5,0.0,0,0,0,0,0000000000000000000000000000000000000000
1,0x0053140,1727718213,2024-09-30 17:43:33,50.2,0.1,2049.7,0.0,1999.5,0.0,0,0,0,0,0000000000000000000000000000000000000000
1,0x0053180,1727718214,2024-09-30 17:43:34,50.2,0.0,2049.7,0.0,1999.5,0.0,0,0,0,0,0000000000000000000000000000000000000000
1,0x00531C0,1727718215,2024-09-30 17:43:35,50.2,0.1,2049.7,0.0,1999.5,0.0,0,0,0,0,0000000000000000000000000000000000000000
1,0x0053200,1727718216,2024-09-30 17:43:36,50.2,0.0,2049.7,0.0,1999.5,0.0,0,0,0,0,0000000000000000000000000000000000000000
1,0x0053240,1727718216,2024-09-30 17:43:36,50.2,0.1,2049.7,0.0,1999.5,0.0,0,0,0,0,0000000000000000000000000000000000000000
1,0x0053280,1727718217,2024-09-30 17:43:37,50.2,0.1,50.2,0.0,0.0,0.0,0,0,0,0,0000000000000000000000000000000000000000
1,0x00532C0,1727718217,2024-09-30 17:43:37,50.2,0.0,2049.7,0.0,1999.5,0.0,0,0,0,0,0000000000000000000000000000000000000000
1,0x0053300,1727718218,2024-09-30 17:43:38,50.2,0.1,2049.7,0.0,1999.5,0.0,0,0,0,0,0000000000000000000000000000000000000000
1,0x0053340,1727718218,2024-09-30 17:43:38,50.2,0.0,2049.7,0.0,1999.5,0.0,0,0,0,0,0000000000000000000000000000000000000000
1,0x0053380,1727718219,2024-09-30 17:43:39,50.2,0.1,2049.7,0.0,1999.5,0.0,0,0,0,0,0000000000000000000000000000000000000000
1,0x00533C0,1727718220,2024-09-30 17:43:40,50.2,0.0,2049.7,0.0,1999.5,0.0,0,0,0,0,0000000000000000000000000000000000000000
1,0x0053400,1727718220,2024-09-30 17:43:40,50.2,0.1,2049.7,0.0,1999.5,0.0,0,0,0,0,0000000000000000000000000000000000000000
1,0x0053440,1727718221,2024-09-30 17:43:41,50.2,0.0,2049.7,0.0,1999.5,0.0,0,0,0,0,0000000000000000000000000000000000000000
1,0x0053480,1727718221,2024-09-30 17:43:41,50.2,0.1,2049.7,0.0,1999.5,0.0,0,0,0,0,0000000000000000000000000000000000000000
1,0x00534C0,1727718222,2024-09-30 17:43:42,50.2,0.1,50.2,0.0,0.0,0.0,0,0,0,0,0000000000000000000000000000000000000000
1,0x0053500,1727718222,2024-09-30 17:43:42,50.2,0.0,2049.7,0.0,1999.5,0.0,0,0,0,0,0000000000000000000000000000000000000000
1,0x0053540,1727718223,2024-09-30 17:43:43,50.2,0.1,2049.7,0.0,1999.5,0.0,0,0,0,0,0000000000000000000000000000000000000000
1,0x0053580,1727718223,2024-09-30 17:43:43,50.2,0.1,2049.7,0.0,1999.5,0.0,0,0,0,0,0000000000000000000000000000000000000000
1,0x00535C0,1727718224,2024-09-30 17:43:44,50.2,0.1,2049.7,0.0,1999.5,0.0,0,0,0,0,0000000000000000000000000000000000000000
1,0x0053600,1727718225,2024-09-30 17:43:45,50.2,0.0,2049.7,0.0,1999.5,0.0,0,0,0,0,0000000000000000000000000000000000000000
1,0x0053640,1727718226,2024-09-30 17:43:46,50.2,0.1,2049.7,0.0,1999.5,0.0,0,0,0,0,0000000000000000000000000000000000000000
1,0x0053680,1727718226,2024-09-30 17:43:46,50.2,0.0,2049.7,0.0,1999.5,0.0,0,0,0,0,0000000000000000000000000000000000000000
1,0x00536C0,1727718227,2024-09-30 17:43:47,50.2,0.1,50.2,0.0,0.0,0.0,0,0,0,0,0000000000000000000000000000000000000000
1,0x0053700,1727718227,2024-09-30 17:43:47,50.2,0.1,2049.7,0.0,1999.5,0.0,0,0,0,0,0000000000000000000000000000000000000000
1,0x0053740,1727718228,2024-09-30 17:43:48,50.2,0.0,2049.7,0.0,1999.5,0.0,0,0,0,0,0000000000000000000000000000000000000000
1,0x0053780,1727718228,2024-09-30 17:43:48,50.2,0.1,2049.7,0.0,1999.5,0.0,0,0,0,0,0000000000000000000000000000000000000000
1,0x00537C0,1727718229,2024-09-30 17:43:49,50.2,0.0,2049.7,0.0,1999.5,0.0,0,0,0,0,0000000000000000000000000000000000000000
1,0x0053800,1727718230,2024-09-30 17:43:50,50.2,0.1,2049.7,0.0,1999.5,0.0,0,0,0,0,0000000000000000000000000000000000000000
1,0x0053840,1727718230,2024-09-30 17:43:50,50.2,0.0,2049.7,0.0,1999.5,0.0,0,0,0,0,0000000000000000000000000000000000000000
1,0x0053880,1727718231,2024-09-30 17:43:51,50.2,0.1,2049.7,0.0,1999.5,0.0,0,0,0,0,0000000000000000000000000000000000000000
1,0x00538C0,1727718231,2024-09-30 17:43:51,50.2,0.1,2049.7,0.0,1999.5,0.0,0,0,0,0,0000000000000000000000000000000000000000
1,0x0053900,1727718232,2024-09-30 17:43:52,50.2,0.0,2049.7,0.0,1999.5,0.0,0,0,0,0,0000000000000000000000000000000000000000
1,0x0053940,1727718232,2024-09-30 17:43:52,50.2,0.1,2049.7,0.0,1999.5,0.0,0,0,0,0,0000000000000000000000000000000000000000
1,0x0053980,1727718233,2024-09-30 17:43:53,50.2,0.0,2049.7,0.0,1999.5,0.0,0,0,0,0,0000000000000000000000000000000000000000
1,0x00539C0,1727718233,2024-09-30 17:43:53,50.2,0.1,2049.7,0.0,1999.5,0.0,0,0,0,0,0000000000000000000000000000000000000000
1,0x0053A00,1727718234,2024-09-30 17:43:54,50.2,0.0,2049.7,0.0,1999.5,0.0,0,0,0,0,0000000000000000000000000000000000000000
1,0x0053A40,1727718235,2024-09-30 17:43:55,50.2,0.1,2049.7,0.0,1999.5,0.0,0,0,0,0,0000000000000000000000000000000000000000
1,0x0053A80,1727718235,2024-09-30 17:43:55,50.2,0.0,2049.7,0.0,1999.5,0.0,0,0,0,0,0000000000000000000000000000000000000000
1,0x0053AC0,1727718236,2024-09-30 17:43:56,50.2,0.1,2049.7,0.0,1999.5,1999.5,0,0,0,0,0000000000000000000000000000000000000000
1,0x0053B00,1727718236,2024-09-30 17:43:56,50.2,0.0,2049.7,0.0,1999.5,0.0,0,0,0,0,0000000000000000000000000000000000000000
1,0x0053B40,1727718237,2024-09-30 17:43:57,50.2,0.1,2049.7,0.0,1999.5,0.0,0,0,0,0,0000000000000000000000000000000000000000
1,0x0053B80,1727718237,2024-09-30 17:43:57,50.2,0.1,2049.7,0.0,1999.5,0.0,0,0,0,0,0000000000000000000000000000000000000000
1,0x0053BC0,1727718238,2024-09-30 17:43:58,50.2,0.0,2049.7,0.0,1999.5,0.0,0,0,0,0,0000000000000000000000000000000000000000
1,0x0053C00,1727718238,2024-09-30 17:43:58,50.2,0.1,2049.7,0.0,1999.5,0.0,0,0,0,0,0000000000000000000000000000000000000000
1,0x0053C40,1727718239,2024-09-30 17:43:59,50.2,50.2,2049.7,0.0,1999.5,0.0,0,0,0,0,0000000000000000000000000000000000000000
1,0x0053C80,1727718240,2024-09-30 17:44:00,50.2,0.1,2049.7,0.0,1999.5,0.0,0,0,0,0,0000000000000000000000000000000000000000
1,0x0053CC0,1727718240,2024-09-30 17:44:00,50.2,0.0,2049.7,0.0,1999.5,0.0,0,0,0,0,0000000000000000000000000000000000000000
1,0x0053D00,1727718241,2024-09-30 17:44:01,50.2,0.1,2049.7,0.0,1999.5,1999.5,0,0,0,0,0000000000000000000000000000000000000000
1,0x0053D40,1727718241,2024-09-30 17:44:01,50.2,0.1,2049.7,0.0,1999.5,0.0,0,0,0,0,0000000000000000000000000000000000000000
1,0x0053D80,1727718242,2024-09-30 17:44:02,50.2,0.0,2049.7,0.0,1999.5,0.0,0,0,0,0,0000000000000000000000000000000000000000
1,0x0053DC0,1727718242,2024-09-30 17:44:02,50.2,0.1,2049.7,0.0,1999.5,0.0,0,0,0,0,0000000000000000000000000000000000000000
1,0x0053E00,1727718243,2024-09-30 17:44:03,50.2,0.0,2049.7,0.0,1999.5,0.0,0,0,0,0,0000000000000000000000000000000000000000
1,0x0053E40,1727718244,2024-09-30 17:44:04,50.2,50.2,2049.7,0.0,1999.5,0.0,0,0,0,0,0000000000000000000000000000000000000000
1,0x0053E80,1727718245,2024-09-30 17:44:05,50.2,0.1,2049.7,0.0,1999.5,0.0,0,0,0,0,0000000000000000000000000000000000000000
1,0x0053EC0,1727718245,2024-09-30 17:44:05,50.2,0.1,2049.7,0.0,1999.5,0.0,0,0,0,0,0000000000000000000000000000000000000000
1,0x0053F00,1727718246,2024-09-30 17:44:06,50.2,0.0,2049.7,0.0,1999.5,1999.5,0,0,0,0,0000000000000000000000000000000000000000
1,0x0053F40,1727718246,2024-09-30 17:44:06,50.2,0.1,2049.7,0.0,1999.5,0.0,0,0,0,0,0000000000000000000000000000000000000000
1,0x0053F80,1727718247,2024-09-30 17:44:07,50.2,0.0,2049.7,0.0,1999.5,0.0,0,0,0,0,0000000000000000000000000000000000000000
1,0x0053FC0,1727718247,2024-09-30 17:44:07,50.2,0.1,2049.7,0.0,1999.5,0.0,0,0,0,0,0000000000000000000000000000000000000000
1,0x0054000,1727718248,2024-09-30 17:44:08,50.2,0.0,2049.7,0.0,1999.5,0.0,0,0,0,0,0000000000000000000000000000000000000000
1,0x0054040,1727718249,2024-09-30 17:44:09,50.2,50.2,2049.7,0.0,1999.5,0.0,0,0,0,0,0000000000000000000000000000000000000000
1,0x0054080,1727718250,2024-09-30 17:44:10,50.2,0.1,2049.7,0.0,1999.5,0.0,0,0,0,0,0000000000000000000000000000000000000000
1,0x00540C0,1727718250,2024-09-30 17:44:10,50.2,0.1,2049.7,0.0,1999.5,0.0,0,0,0,0,0000000000000000000000000000000000000000
1,0x0054100,1727718251,2024-09-30 17:44:11,50.3,0.0,2049.8,0.0,1999.5,0.0,0,0,0,0,0000000000000000000000000000000000000000
1,0x0054140,1727718251,2024-09-30 17:44:11,50.3,0.1,2049.8,0.0,1999.5,0.0,0,0,0,0,0000000000000000000000000000000000000000
1,0x0054180,1727718252,2024-09-30 17:44:12,50.3,0.1,50.3,0.0,0.0,0.0,0,0,0,0,0000000000000000000000000000000000000000
1,0x00541C0,1727718252,2024-09-30 17:44:12,50.3,0.0,2049.8,0.0,1999.5,0.0,0,0,0,0,0000000000000000000000000000000000000000
1,0x0054200,1727718253,2024-09-30 17:44:13,50.3,0.1,2049.8,0.0,1999.5,0.0,0,0,0,0,0000000000000000000000000000000000000000
1,0x0054240,1727718253,2024-09-30 17:44:13,50.3,0.1,2049.8,0.0,1999.5,0.0,0,0,0,0,0000000000000000000000000000000000000000
1,0x0054280,1727718254,2024-09-30 17:44:14,50.3,0.1,2049.8,0.0,1999.5,0.0,0,0,0,0,0000000000000000000000000000000000000000
1,0x00542C0,1727718255,2024-09-30 17:44:15,50.3,0.1,2049.8,0.0,1999.5,0.0,0,0,0,0,0000000000000000000000000000000000000000
1,0x0054300,1727718255,2024-09-30 17:44:15,50.3,0.0,2049.8,0.0,1999.5,0.0,0,0,0,0,0000000000000000000000000000000000000000
1,0x0054340,1727718256,2024-09-30 17:44:16,50.3,0.1,2049.8,0.0,1999.5,0.0,0,0,0,0,0000000000000000000000000000000000000000
1,0x0054380,1727718256,2024-09-30 17:44:16,50.3,0.1,2049.8,0.0,1999.5,0.0,0,0,0,0,0000000000000000000000000000000000000000
1,0x00543C0,1727718257,2024-09-30 17:44:17,50.3,0.0,2049.8,0.0,1999.5,0.0,0,0,0,0,0000000000000000000000000000000000000000
1,0x0054400,1727718257,2024-09-30 17:44:17,50.3,0.1,2049.8,0.0,1999.5,0.0,0,0,0,0,0000000000000000000000000000000000000000
1,0x0054440,1727718258,2024-09-30 17:44:18,50.3,0.1,2049.8,0.0,1999.5,0.0,0,0,0,0,0000000000000000000000000000000000000000
1,0x0054480,1727718258,2024-09-30 17:44:18,50.3,0.0,2049.8,0.0,1999.5,0.0,0,0,0,0,0000000000000000000000000000000000000000
1,0x00544C0,1727718259,2024-09-30 17:44:19,50.3,0.1,2049.8,0.0,1999.5,0.0,0,0,0,0,0000000000000000000000000000000000000000
1,0x0054500,1727718260,2024-09-30 17:44:20,50.3,0.0,2049.8,0.0,1999.5,0.0,0,0,0,0,0000000000000000000000000000000000000000
1,0x0054540,1727718260,2024-09-30 17:44:20,50.3,0.1,2049.8,0.0,1999.5,0.0,0,0,0,0,0000000000000000000000000000000000000000
1,0x0054580,1727718261,2024-09-30 17:44:21,50.3,0.0,2049.8,0.0,1999.5,0.0,0,0,0,0,0000000000000000000000000000000000000000
1,0x00545C0,1727718261,2024-09-30 17:44:21,50.3,0.1,2049.8,0.0,1999.5,0.0,0,0,0,0,0000000000000000000000000000000000000000
1,0x0054600,1727718262,2024-09-30 17:44:22,50.3,0.1,50.3,0.0,0.0,0.0,0,0,0,0,0000000000000000000000000000000000000000
1,0x0054640,1727718262,2024-09-30 17:44:22,50.3,0.0,2049.8,0.0,1999.5,0.0,0,0,0,0,0000000000000000000000000000000000000000
1,0x0054680,1727718263,2024-09-30 17:44:23,50.3,0.1,2049.8,0.0,1999.5,0.0,0,0,0,0,0000000000000000000000000000000000000000
1,0x00546C0,1727718264,2024-09-30 17:44:24,50.3,0.0,2049.8,0.0,1999.5,0.0,0,0,0,0,0000000000000000000000000000000000000000
1,0x0054700,1727718264,2024-09-30 17:44:24,50.3,0.1,2049.8,0.0,1999.5,0.0,0,0,0,0,0000000000000000000000000000000000000000
1,0x0054740,1727718265,2024-09-30 17:44:25,50.3,0.1,50.3,0.0,0.0,0.0,0,0,0,0,0000000000000000000000000000000000000000
1,0x0054780,1727718265,2024-09-30 17:44:25,50.3,0.0,2049.8,0.0,1999.5,0.0,0,0,0,0,0000000000000000000000000000000000000000
1,0x00547C0,1727718266,2024-09-30 17:44:26,50.3,0.1,2049.8,0.0,1999.5,0.0,0,0,0,0,0000000000000000000000000000000000000000
1,0x0054800,1727718268,2024-09-30 17:44:28,50.3,0.0,2049.8,0.0,1999.5,0.0,0,0,0,0,0000000000000000000000000000000000000000
1,0x0054840,1727718269,2024-09-30 17:44:29,50.3,0.1,2049.8,0.0,1999.5,0.0,0,0,0,0,0000000000000000000000000000000000000000
1,0x0054880,1727718269,2024-09-30 17:44:29,50.3,0.1,2049.8,0.0,1999.5,0.0,0,0,0,0,0000000000000000000000000000000000000000
1,0x00548C0,1727718270,2024-09-30 17:44:30,50.3,0.0,2049.8,0.0,1999.5,0.0,0,0,0,0,0000000000000000000000000000000000000000
1,0x0054900,1727718270,2024-09-30 17:44:30,50.3,0.1,2049.8,0.0,1999.5,0.0,0,0,0,0,0000000000000000000000000000000000000000
1,0x0054940,1727718271,2024-09-30 17:44:31,50.3,0.1,2049.8,0.0,1999.5,0.0,0,0,0,0,0000000000000000000000000000000000000000
1,0x0054980,1727718271,2024-09-30 17:44:31,50.3,0.0,2049.8,0.0,1999.5,0.0,0,0,0,0,0000000000000000000000000000000000000000
1,0x00549C0,1727718272,2024-09-30 17:44:32,50.3,0.1,2049.8,0.0,1999.5,0.0,0,0,0,0,0000000000000000000000000000000000000000
1,0x0054A00,1727718273,2024-09-30 17:44:33,50.3,0.0,2049.8,0.0,1999.5,0.0,0,0,0,0,0000000000000000000000000000000000000000
1,0x0054A40,1727718273,2024-09-30 17:44:33,50.3,0.1,2049.8,0.0,1999.5,0.0,0,0,0,0,0000000000000000000000000000000000000000
1,0x0054A80,1727718274,2024-09-30 17:44:34,50.3,0.1,2049.8,0.0,1999.5,0.0,0,0,0,0,0000000000000000000000000000000000000000
1,0x0054AC0,1727718274,2024-09-30 17:44:34,50.3,0.0,2049.8,0.0,1999.5,0.0,0,0,0,0,0000000000000000000000000000000000000000
1,0x0054B00,1727718275,2024-09-30 17:44:35,50.3,0.1,50.3,0.0,0.0,0.0,0,0,0,0,0000000000000000000000000000000000000000
1,0x0054B40,1727718275,2024-09-30 17:44:35,50.3,0.1,2049.8,0.0,1999.5,0.0,0,0,0,0,0000000000000000000000000000000000000000
1,0x0054B80,1727718276,2024-09-30 17:44:36,50.3,0.0,2049.8,0.0,1999.5,0.0,0,0,0,0,0000000000000000000000000000000000000000
1,0x0054BC0,1727718276,2024-09-30 17:44:36,50.3,0.1,2049.8,0.0,1999.5,0.0,0,0,0,0,0000000000000000000000000000000000000000
1,0x0054C00,1727718277,2024-09-30 17:44:37,50.3,0.0,2049.8,0.0,1999.5,0.0,0,0,0,0,0000000000000000000000000000000000000000
1,0x0054C40,1727718284,2024-09-30 17:44:44,50.3,0.1,2049.8,0.0,1999.5,0.0,0,0,0,0,0000000000000000000000000000000000000000
1,0x0054C80,1727718285,2024-09-30 17:44:45,50.3,0.1,2049.8,0.0,1999.5,0.0,0,0,0,0,0000000000000000000000000000000000000000
1,0x0054CC0,1727718285,2024-09-30 17:44:45,50.3,0.1,2049.8,0.0,1999.5,0.0,0,0,0,0,0000000000000000000000000000000000000000
1,0x0054D00,1727718286,2024-09-30 17:44:46,50.3,0.1,50.3,0.0,0.0,0.0,0,0,0,0,0000000000000000000000000000000000000000
1,0x0054D40,1727718286,2024-09-30 17:44:46,50.3,0.0,2049.8,0.0,1999.5,0.0,0,0,0,0,0000000000000000000000000000000000000000
1,0x0054D80,1727718287,2024-09-30 17:44:47,50.3,0.1,2049.8,0.0,1999.5,0.0,0,0,0,0,0000000000000000000000000000000000000000
1,0x0054DC0,1727718287,2024-09-30 17:44:47,50.3,0.1,2049.8,0.0,1999.5,0.0,0,0,0,0,0000000000000000000000000000000000000000
1,0x0054E00,1727718289,2024-09-30 17:44:49,50.3,0.0,2049.8,0.0,1999.5,0.0,0,0,0,0,0000000000000000000000000000000000000000
1,0x0054E40,1727718289,2024-09-30 17:44:49,50.3,0.1,2049.8,0.0,1999.5,0.0,0,0,0,0,0000000000000000000000000000000000000000
1,0x0054E80,1727718290,2024-09-30 17:44:50,50.3,0.1,2049.8,0.0,1999.5,0.0,0,0,0,0,0000000000000000000000000000000000000000
1,0x0054EC0,1727718290,2024-09-30 17:44:50,50.3,0.0,2049.8,0.0,1999.5,0.0,0,0,0,0,0000000000000000000000000000000000000000
1,0x0054F00,1727718291,2024-09-30 17:44:51,50.3,0.1,2049.8,0.0,1999.5,0.0,0,0,0,0,0000000000000000000000000000000000000000
1,0x0054F40,1727718291,2024-09-30 17:44:51,50.3,0.1,2049.8,0.0,1999.5,0.0,0,0,0,0,0000000000000000000000000000000000000000
1,0x0054F80,1727718292,2024-09-30 17:44:52,50.3,0.0,2049.8,0.0,1999.5,0.0,0,0,0,0,0000000000000000000000000000000000000000
1,0x0054FC0,1727718292,2024-09-30 17:44:52,50.3,0.1,2049.8,0.0,1999.5,0.0,0,0,0,0,0000000000000000000000000000000000000000
1,0x0055000,1727718294,2024-09-30 17:44:54,50.3,0.0,2049.8,0.0,1999.5,0.0,0,0,0,0,0000000000000000000000000000000000000000
1,0x0055040,1727718294,2024-09-30 17:44:54,50.3,0.1,2049.8,0.0,1999.5,0.0,0,0,0,0,0000000000000000000000000000000000000000
1,0x0055080,1727718295,2024-09-30 17:44:55,50.3,0.1,2049.8,0.0,1999.5,0.0,0,0,0,0,0000000000000000000000000000000000000000
1,0x00550C0,1727718295,2024-09-30 17:44:55,50.3,0.0,2049.8,0.0,1999.5,0.0,0,0,0,0,0000000000000000000000000000000000000000
1,0x0055100,1727718296,2024-09-30 17:44:56,50.3,0.1,2049.8,0.0,1999.5,0.0,0,0,0,0,0000000000000000000000000000000000000000
1,0x0055140,1727718297,2024-09-30 17:44:57,50.3,0.1,2049.8,0.0,1999.5,0.0,0,0,0,0,0000000000000000000000000000000000000000
1,0x0055180,1727718298,2024-09-30 17:44:58,50.3,0.0,2049.8,0.0,1999.5,0.0,0,0,0,0,0000000000000000000000000000000000000000
1,0x00551C0,1727718298,2024-09-30 17:44:58,50.3,0.1,2049.8,0.0,1999.5,0.0,0,0,0,0,0000000000000000000000000000000000000000
1,0x0055200,1727718299,2024-09-30 17:44:59,50.3,0.0,2049.8,0.0,1999.5,0.0,0,0,0,0,0000000000000000000000000000000000000000
1,0x0055240,1727718300,2024-09-30 17:45:00,50.3,0.1,2049.8,0.0,1999.5,0.0,0,0,0,0,0000000000000000000000000000000000000000
1,0x0055280,1727718300,2024-09-30 17:45:00,50.3,0.1,2049.8,0.0,1999.5,0.0,0,0,0,0,0000000000000000000000000000000000000000
1,0x00552C0,1727718301,2024-09-30 17:45:01,50.3,0.1,2049.8,0.0,1999.5,0.0,0,0,0,0,0000000000000000000000000000000000000000
1,0x0055300,1727718302,2024-09-30 17:45:02,50.3,0.0,2049.8,0.0,1999.5,0.0,0,0,0,0,0000000000000000000000000000000000000000
1,0x0055340,1727718303,2024-09-30 17:45:03,50.3,0.1,2049.8,0.0,1999.5,0.0,0,0,0,0,0000000000000000000000000000000000000000
1,0x0055380,1727718303,2024-09-30 17:45:03,50.3,0.1,2049.8,0.0,1999.5,0.0,0,0,0,0,0000000000000000000000000000000000000000
1,0x00553C0,1727718304,2024-09-30 17:45:04,50.3,0.0,2049.8,0.0,1999.5,0.0,0,0,0,0,0000000000000000000000000000000000000000
1,0x0055400,1727718304,2024-09-30 17:45:04,50.3,0.1,2049.8,0.0,1999.5,0.0,0,0,0,0,0000000000000000000000000000000000000000
1,0x0055440,1727718305,2024-09-30 17:45:05,50.3,0.1,2049.8,0.0,1999.5,0.0,0,0,0,0,0000000000000000000000000000000000000000
1,0x0055480,1727718305,2024-09-30 17:45:05,50.3,0.0,2049.8,0.0,1999.5,0.0,0,0,0,0,0000000000000000000000000000000000000000
1,0x00554C0,1727718306,2024-09-30 17:45:06,50.3,0.0,2049.8,0.0,1999.5,0.0,0,0,0,0,0000000000000000000000000000000000000000
1,0x0055500,1727718307,2024-09-30 17:45:07,50.3,0.1,2049.8,0.0,1999.5,0.0,0,0,0,0,0000000000000000000000000000000000000000
1,0x0055540,1727718307,2024-09-30 17:45:07,50.3,0.0,2049.8,0.0,1999.5,0.0,0,0,0,0,0000000000000000000000000000000000000000
1,0x0055580,1727718308,2024-09-30 17:45:08,50.3,0.1,2049.8,0.0,1999.5,0.0,0,0,0,0,0000000000000000000000000000000000000000
1,0x00555C0,1727718308,2024-09-30 17:45:08,50.3,0.1,2049.8,0.0,1999.5,0.0,0,0,0,0,0000000000000000000000000000000000000000
1,0x0055600,1727718309,2024-09-30 17:45:09,50.3,0.0,2049.8,0.0,1999.5,0.0,0,0,0,0,0000000000000000000000000000000000000000
1,0x0055640,1727718309,2024-09-30 17:45:09,50.3,0.1,2049.8,0.0,1999.5,0.0,0,0,0,0,0000000000000000000000000000000000000000
1,0x0055680,1727718310,2024-09-30 17:45:10,50.3,0.0,2049.8,0.0,1999.5,0.0,0,0,0,0,0000000000000000000000000000000000000000
1,0x00556C0,1727718310,2024-09-30 17:45:10,50.3,0.1,2049.8,0.0,1999.5,0.0,0,0,0,0,0000000000000000000000000000000000000000
1,0x0055700,1727718314,2024-09-30 17:45:14,0.0,0.0,2049.8,0.0,2049.8,0.0,0,0,0,0,0000000000000000000000000000000000000000
1,0x0055740,1727718315,2024-09-30 17:45:15,0.1,9.7,2049.9,0.0,2049.8,0.0,0,0,0,0,0000000000000000000000000000000000000000
1,0x0055780,1727718315,2024-09-30 17:45:15,0.3,14.0,2050.1,0.0,2049.8,0.0,0,0,0,0,0000000000000000000000000000000000000000
1,0x00557C0,1727718316,2024-09-30 17:45:16,0.5,20.6,0.5,0.0,0.0,0.0,0,0,0,0,0000000000000000000000000000000000000000
1,0x0055800,1727718316,2024-09-30 17:45:16,0.6,21.3,2050.4,0.0,2049.8,0.0,0,0,0,0,0000000000000000000000000000000000000000
1,0x0055840,1727718317,2024-09-30 17:45:17,0.8,22.0,2050.6,0.0,2049.8,0.0,0,0,0,0,0000000000000000000000000000000000000000
1,0x0055880,1727718317,2024-09-30 17:45:17,1.1,21.6,2050.9,0.0,2049.8,0.0,0,0,0,0,0000000000000000000000000000000000000000
1,0x00558C0,1727718318,2024-09-30 17:45:18,1.3,21.7,2051.1,0.0,2049.8,0.0,0,0,0,0,0000000000000000000000000000000000000000
1,0x0055900,1727718319,2024-09-30 17:45:19,1.5,22.2,2051.3,0.0,2049.8,0.0,0,0,0,0,0000000000000000000000000000000000000000
1,0x0055940,1727718319,2024-09-30 17:45:19,1.7,21.8,2051.5,0.0,2049.8,0.0,0,0,0,0,0000000000000000000000000000000000000000
1,0x0055980,1727718320,2024-09-30 17:45:20,1.9,22.2,2051.7,0.0,2049.8,0.0,0,0,0,0,0000000000000000000000000000000000000000
1,0x00559C0,1727718320,2024-09-30 17:45:20,2.1,22.0,2051.9,0.0,2049.8,0.0,0,0,0,0,0000000000000000000000000000000000000000
1,0x0055A00,1727718321,2024-09-30 17:45:21,2.3,22.3,2.3,0.0,0.0,0.0,0,0,0,0,0000000000000000000000000000000000000000
1,0x0055A40,1727718321,2024-09-30 17:45:21,2.5,22.0,2052.3,0.0,2049.8,0.0,0,0,0,0,0000000000000000000000000000000000000000
1,0x0055A80,1727718322,2024-09-30 17:45:22,2.7,22.4,2052.5,0.0,2049.8,0.0,0,0,0,0,0000000000000000000000000000000000000000
1,0x0055AC0,1727718322,2024-09-30 17:45:22,2.9,22.2,2052.7,0.0,2049.8,0.0,0,0,0,0,0000000000000000000000000000000000000000
1,0x0055B00,1727718323,2024-09-30 17:45:23,3.1,3.1,2052.9,0.0,2049.8,0.0,0,0,0,0,0000000000000000000000000000000000000000
1,0x0055B40,1727718324,2024-09-30 17:45:24,3.3,22.4,2053.1,0.0,2049.8,0.0,0,0,0,0,0000000000000000000000000000000000000000
1,0x0055B80,1727718324,2024-09-30 17:45:24,3.5,22.3,2053.3,0.0,2049.8,0.0,0,0,0,0,0000000000000000000000000000000000000000
1,0x0055BC0,1727718325,2024-09-30 17:45:25,3.7,22.5,2053.5,0.0,2049.8,0.0,0,0,0,0,0000000000000000000000000000000000000000
1,0x0055C00,1727718325,2024-09-30 17:45:25,3.9,22.2,2053.7,0.0,2049.8,0.0,0,0,0,0,0000000000000000000000000000000000000000
1,0x0055C40,1727718326,2024-09-30 17:45:26,4.1,22.5,4.1,0.0,0.0,0.0,0,0,0,0,0000000000000000000000000000000000000000
1,0x0055C80,1727718326,2024-09-30 17:45:26,4.3,22.4,2054.1,0.0,2049.8,0.0,0,0,0,0,0000000000000000000000000000000000000000
1,0x0055CC0,1727718327,2024-09-30 17:45:27,4.5,22.4,2054.3,0.0,2049.8,0.0,0,0,0,0,0000000000000000000000000000000000000000
1,0x0055D00,1727718328,2024-09-30 17:45:28,4.8,22.4,2054.6,0.0,2049.8,0.0,0,0,0,0,0000000000000000000000000000000000000000
1,0x0055D40,1727718328,2024-09-30 17:45:28,5.0,22.4,2054.8,0.0,2049.8,0.0,0,0,0,0,0000000000000000000000000000000000000000
1,0x0055D80,1727718329,2024-09-30 17:45:29,5.2,22.5,2055.0,0.0,2049.8,0.0,0,0,0,0,0000000000000000000000000000000000000000
1,0x0055DC0,1727718329,2024-09-30 17:45:29,5.4,22.5,2055.2,0.0,2049.8,0.0,0,0,0,0,0000000000000000000000000000000000000000
1,0x0055E00,1727718330,2024-09-30 17:45:30,5.6,22.4,2055.4,0.0,2049.8,0.0,0,0,0,0,0000000000000000000000000000000000000000
1,0x0055E40,1727718330,2024-09-30 17:45:30,5.8,22.5,2055.6,0.0,2049.8,0.0,0,0,0,0,0000000000000000000000000000000000000000
1,0x0055E80,1727718331,2024-09-30 17:45:31,6.0,22.5,6.0,0.0,0.0,0.0,0,0,0,0,0000000000000000000000000000000000000000
1,0x0055EC0,1727718331,2024-09-30 17:45:31,6.2,22.6,2056.0,0.0,2049.8,0.0,0,0,0,0,0000000000000000000000000000000000000000
1,0x0055F00,1727718332,2024-09-30 17:45:32,6.4,22.6,2056.2,0.0,2049.8,0.0,0,0,0,0,0000000000000000000000000000000000000000
1,0x0055F40,1727718332,2024-09-30 17:45:32,6.6,22.6,2056.4,0.0,2049.8,0.0,0,0,0,0,0000000000000000000000000000000000000000
1,0x0055F80,1727718333,2024-09-30 17:45:33,6.8,6.9,2056.6,0.0,2049.8,0.0,0,0,0,0,0000000000000000000000000000000000000000
1,0x0055FC0,1727718334,2024-09-30 17:45:34,7.0,22.6,2056.8,0.0,2049.8,0.0,0,0,0,0,0000000000000000000000000000000000000000
1,0x0056000,1727718334,2024-09-30 17:45:34,7.3,22.9,2057.1,0.0,2049.8,0.0,0,0,0,0,0000000000000000000000000000000000000000
1,0x0056040,1727718335,2024-09-30 17:45:35,7.5,22.6,2057.3,0.0,2049.8,0.0,0,0,0,0,0000000000000000000000000000000000000000
1,0x0056080,1727718335,2024-09-30 17:45:35,7.7,22.8,2057.5,0.0,2049.8,0.0,0,0,0,0,0000000000000000000000000000000000000000
1,0x00560C0,1727718336,2024-09-30 17:45:36,7.9,22.6,7.9,0.0,0.0,0.0,0,0,0,0,0000000000000000000000000000000000000000
1,0x0056100,1727718336,2024-09-30 17:45:36,8.1,22.9,2057.9,0.0,2049.8,0.0,0,0,0,0,0000000000000000000000000000000000000000
1,0x0056140,1727718337,2024-09-30 17:45:37,8.3,22.6,2058.1,0.0,2049.8,0.0,0,0,0,0,0000000000000000000000000000000000000000
1,0x0056180,1727718337,2024-09-30 17:45:37,8.5,22.8,2058.3,0.0,2049.8,0.0,0,0,0,0,0000000000000000000000000000000000000000
1,0x00561C0,1727718338,2024-09-30 17:45:38,8.7,8.8,2058.5,0.0,2049.8,0.0,0,0,0,0,0000000000000000000000000000000000000000
1,0x0056200,1727718339,2024-09-30 17:45:39,8.9,22.7,2058.7,0.0,2049.8,0.0,0,0,0,0,0000000000000000000000000000000000000000
1,0x0056240,1727718339,2024-09-30 17:45:39,9.2,22.9,2059.0,0.0,2049.8,0.0,0,0,0,0,0000000000000000000000000000000000000000
1,0x0056280,1727718340,2024-09-30 17:45:40,9.4,22.8,2059.2,0.0,2049.8,0.0,0,0,0,0,0000000000000000000000000000000000000000
1,0x00562C0,1727718340,2024-09-30 17:45:40,9.6,22.8,2059.4,0.0,2049.8,0.0,0,0,0,0,0000000000000000000000000000000000000000
1,0x0056300,1727718341,2024-09-30 17:45:41,9.8,22.8,9.8,0.0,0.0,0.0,0,0,0,0,0000000000000000000000000000000000000000
1,0x0056340,1727718341,2024-09-30 17:45:41,10.0,22.8,2059.8,0.0,2049.8,0.0,0,0,0,0,0000000000000000000000000000000000000000
1,0x0056380,1727718342,2024-09-30 17:45:42,10.2,22.8,2060.0,0.0,2049.8,0.0,0,0,0,0,0000000000000000000000000000000000000000
1,0x00563C0,1727718342,2024-09-30 17:45:42,10.4,22.8,2060.2,0.0,2049.8,0.0,0,0,0,0,0000000000000000000000000000000000000000
1,0x0056400,1727718343,2024-09-30 17:45:43,10.6,10.7,2060.4,0.0,2049.8,0.0,0,0,0,0,0000000000000000000000000000000000000000
1,0x0056440,1727718344,2024-09-30 17:45:44,10.8,22.9,2060.6,0.0,2049.8,0.0,0,0,0,0,0000000000000000000000000000000000000000
1,0x0056480,1727718344,2024-09-30 17:45:44,11.1,22.8,2060.9,0.0,2049.8,0.0,0,0,0,0,0000000000000000000000000000000000000000
1,0x00564C0,1727718345,2024-09-30 17:45:45,11.3,22.9,2061.1,0.0,2049.8,0.0,0,0,0,0,0000000000000000000000000000000000000000
1,0x0056500,1727718345,2024-09-30 17:45:45,11.5,22.8,2061.3,0.0,2049.8,0.0,0,0,0,0,0000000000000000000000000000000000000000
1,0x0056540,1727718346,2024-09-30 17:45:46,11.7,23.0,11.7,0.0,0.0,0.0,0,0,0,0,0000000000000000000000000000000000000000
1,0x0056580,1727718346,2024-09-30 17:45:46,11.9,22.8,2061.7,0.0,2049.8,0.0,0,0,0,0,0000000000000000000000000000000000000000
1,0x00565C0,1727718347,2024-09-30 17:45:47,12.1,23.0,2061.9,0.0,2049.8,0.0,0,0,0,0,0000000000000000000000000000000000000000
1,0x0056600,1727718347,2024-09-30 17:45:47,12.3,22.7,2062.1,0.0,2049.8,0.0,0,0,0,0,0000000000000000000000000000000000000000
1,0x0056640,1727718348,2024-09-30 17:45:48,12.5,22.7,2062.3,0.0,2049.8,0.0,0,0,0,0,0000000000000000000000000000000000000000
1,0x0056680,1727718349,2024-09-30 17:45:49,12.8,23.0,2062.6,0.0,2049.8,0.0,0,0,0,0,0000000000000000000000000000000000000000
1,0x00566C0,1727718349,2024-09-30 17:45:49,13.0,22.8,2062.8,0.0,2049.8,0.0,0,0,0,0,0000000000000000000000000000000000000000
1,0x0056700,1727718350,2024-09-30 17:45:50,13.2,23.0,2063.0,0.0,2049.8,0.0,0,0,0,0,0000000000000000000000000000000000000000
1,0x0056740,1727718350,2024-09-30 17:45:50,13.4,22.9,2063.2,0.0,2049.8,0.0,0,0,0,0,0000000000000000000000000000000000000000
1,0x0056780,1727718351,2024-09-30 17:45:51,13.6,22.9,13.6,0.0,0.0,0.0,0,0,0,0,0000000000000000000000000000000000000000
1,0x00567C0,1727718351,2024-09-30 17:45:51,13.8,22.9,2063.6,0.0,2049.8,0.0,0,0,0,0,0000000000000000000000000000000000000000
1,0x0056800,1727718352,2024-09-30 17:45:52,14.0,22.9,2063.8,0.0,2049.8,0.0,0,0,0,0,0000000000000000000000000000000000000000
1,0x0056840,1727718352,2024-09-30 17:45:52,14.3,22.9,2064.1,0.0,2049.8,0.0,0,0,0,0,0000000000000000000000000000000000000000
1,0x0056880,1727718353,2024-09-30 17:45:53,14.5,22.9,2064.3,0.0,2049.8,0.0,0,0,0,0,0000000000000000000000000000000000000000
1,0x00568C0,1727718354,2024-09-30 17:45:54,14.7,23.0,2064.5,0.0,2049.8,0.0,0,0,0,0,0000000000000000000000000000000000000000
1,0x0056900,1727718354,2024-09-30 17:45:54,14.9,23.0,2064.7,0.0,2049.8,0.0,0,0,0,0,0000000000000000000000000000000000000000
1,0x0056940,1727718355,2024-09-30 17:45:55,15.1,23.0,2064.9,0.0,2049.8,0.0,0,0,0,0,0000000000000000000000000000000000000000
1,0x0056980,1727718355,2024-09-30 17:45:55,15.3,23.1,2065.1,0.0,2049.8,0.0,0,0,0,0,0000000000000000000000000000000000000000
1,0x00569C0,1727718356,2024-09-30 17:45:56,15.5,22.9,15.5,0.0,0.0,0.0,0,0,0,0,0000000000000000000000000000000000000000
1,0x0056A00,1727718356,2024-09-30 17:45:56,15.7,23.2,2065.5,0.0,2049.8,0.0,0,0,0,0,0000000000000000000000000000000000000000
1,0x0056A40,1727718357,2024-09-30 17:45:57,15.9,22.8,2065.7,0.0,2049.8,0.0,0,0,0,0,0000000000000000000000000000000000000000
1,0x0056A80,1727718357,2024-09-30 17:45:57,16.2,23.1,2066.0,0.0,2049.8,0.0,0,0,0,0,0000000000000000000000000000000000000000
1,0x0056AC0,1727718358,2024-09-30 17:45:58,16.4,23.1,2066.2,0.0,2049.8,0.0,0,0,0,0,0000000000000000000000000000000000000000
1,0x0056B00,1727718359,2024-09-30 17:45:59,16.6,23.0,2066.4,0.0,2049.8,0.0,0,0,0,0,0000000000000000000000000000000000000000
1,0x0056B40,1727718359,2024-09-30 17:45:59,16.8,23.1,2066.6,0.0,2049.8,0.0,0,0,0,0,0000000000000000000000000000000000000000
1,0x0056B80,1727718360,2024-09-30 17:46:00,17.0,23.0,2066.8,0.0,2049.8,0.0,0,0,0,0,0000000000000000000000000000000000000000
1,0x0056BC0,1727718360,2024-09-30 17:46:00,17.2,23.1,2067.0,0.0,2049.8,0.0,0,0,0,0,0000000000000000000000000000000000000000
1,0x0056C00,1727718361,2024-09-30 17:46:01,17.5,23.0,17.5,0.0,0.0,0.0,0,0,0,0,0000000000000000000000000000000000000000
1,0x0056C40,1727718361,2024-09-30 17:46:01,17.7,23.0,2067.5,0.0,2049.8,0.0,0,0,0,0,0000000000000000000000000000000000000000
1,0x0056C80,1727718362,2024-09-30 17:46:02,17.9,23.0,2067.7,0.0,2049.8,0.0,0,0,0,0,0000000000000000000000000000000000000000
1,0x0056CC0,1727718362,2024-09-30 17:46:02,18.1,23.0,2067.9,0.0,2049.8,0.0,0,0,0,0,0000000000000000000000000000000000000000
1,0x0056D00,1727718363,2024-09-30 17:46:03,18.3,23.1,2068.1,0.0,2049.8,0.0,0,0,0,0,0000000000000000000000000000000000000000
1,0x0056D40,1727718364,2024-09-30 17:46:04,18.5,23.2,2068.3,0.0,2049.8,0.0,0,0,0,0,0000000000000000000000000000000000000000
1,0x0056D80,1727718364,2024-09-30 17:46:04,18.8,23.0,2068.6,0.0,2049.8,0.0,0,0,0,0,0000000000000000000000000000000000000000
1,0x0056DC0,1727718365,2024-09-30 17:46:05,19.0,23.2,2068.8,0.0,2049.8,2049.8,0,0,0,0,0000000000000000000000000000000000000000
1,0x0056E00,1727718365,2024-09-30 17:46:05,19.2,23.0,2069.0,0.0,2049.8,0.0,0,0,0,0,0000000000000000000000000000000000000000
1,0x0056E40,1727718366,2024-09-30 17:46:06,19.4,23.1,2069.2,0.0,2049.8,0.0,0,0,0,0,0000000000000000000000000000000000000000
1,0x0056E80,1727718366,2024-09-30 17:46:06,19.6,23.0,2069.4,0.0,2049.8,0.0,0,0,0,0,0000000000000000000000000000000000000000
1,0x0056EC0,1727718367,2024-09-30 17:46:07,19.8,23.2,2069.6,0.0,2049.8,0.0,0,0,0,0,0000000000000000000000000000000000000000
1,0x0056F00,1727718367,2024-09-30 17:46:07,20.0,23.0,2069.8,0.0,2049.8,0.0,0,0,0,0,0000000000000000000000000000000000000000
1,0x0056F40,1727718368,2024-09-30 17:46:08,20.2,20.3,2070.0,0.0,2049.8,0.0,0,0,0,0,0000000000000000000000000000000000000000
1,0x0056F80,1727718369,2024-09-30 17:46:09,20.4,23.2,2070.2,0.0,2049.8,0.0,0,0,0,0,0000000000000000000000000000000000000000
1,0x0056FC0,1727718369,2024-09-30 17:46:09,20.7,23.0,2070.5,0.0,2049.8,0.0,0,0,0,0,0000000000000000000000000000000000000000
1,0x0057000,1727718370,2024-09-30 17:46:10,20.9,23.1,2070.7,0.0,2049.8,2049.8,0,0,0,0,0000000000000000000000000000000000000000
1,0x0057040,1727718370,2024-09-30 17:46:10,21.1,23.1,2070.9,0.0,2049.8,0.0,0,0,0,0,0000000000000000000000000000000000000000
1,0x0057080,1727718371,2024-09-30 17:46:11,21.3,23.1,2071.1,0.0,2049.8,0.0,0,0,0,0,0000000000000000000000000000000000000000
1,0x00570C0,1727718371,2024-09-30 17:46:11,21.5,23.1,2071.3,0.0,2049.8,0.0,0,0,0,0,0000000000000000000000000000000000000000
1,0x0057100,1727718372,2024-09-30 17:46:12,21.7,23.1,2071.5,0.0,2049.8,0.0,0,0,0,0,0000000000000000000000000000000000000000
1,0x0057140,1727718372,2024-09-30 17:46:12,22.0,23.4,2071.8,0.0,2049.8,0.0,0,0,0,0,0000000000000000000000000000000000000000
1,0x0057180,1727718373,2024-09-30 17:46:13,22.2,22.2,2072.0,0.0,2049.8,0.0,0,0,0,0,0000000000000000000000000000000000000000
1,0x00571C0,1727718374,2024-09-30 17:46:14,22.4,23.0,2072.2,0.0,2049.8,0.0,0,0,0,0,0000000000000000000000000000000000000000
1,0x0057200,1727718374,2024-09-30 17:46:14,22.6,23.2,2072.4,0.0,2049.8,0.0,0,0,0,0,0000000000000000000000000000000000000000
1,0x0057240,1727718375,2024-09-30 17:46:15,22.8,23.0,2072.6,0.0,2049.8,2049.8,0,0,0,0,0000000000000000000000000000000000000000
1,0x0057280,1727718375,2024-09-30 17:46:15,23.0,23.2,2072.8,0.0,2049.8,0.0,0,0,0,0,0000000000000000000000000000000000000000
1,0x00572C0,1727718376,2024-09-30 17:46:16,23.2,23.1,2073.0,0.0,2049.8,0.0,0,0,0,0,0000000000000000000000000000000000000000
1,0x0057300,1727718376,2024-09-30 17:46:16,23.5,23.2,2073.3,0.0,2049.8,0.0,0,0,0,0,0000000000000000000000000000000000000000
1,0x0057340,1727718377,2024-09-30 17:46:17,23.7,23.2,2073.5,0.0,2049.8,0.0,0,0,0,0,0000000000000000000000000000000000000000
1,0x0057380,1727718377,2024-09-30 17:46:17,23.9,23.1,2073.7,0.0,2049.8,0.0,0,0,0,0,0000000000000000000000000000000000000000
1,0x00573C0,1727718378,2024-09-30 17:46:18,24.1,24.1,2073.9,0.0,2049.8,0.0,0,0,0,0,0000000000000000000000000000000000000000
1,0x0057400,1727718379,2024-09-30 17:46:19,24.3,23.2,2074.1,0.0,2049.8,0.0,0,0,0,0,0000000000000000000000000000000000000000
1,0x0057440,1727718379,2024-09-30 17:46:19,24.5,23.2,2074.3,0.0,2049.8,0.0,0,0,0,0,0000000000000000000000000000000000000000
1,0x0057480,1727718380,2024-09-30 17:46:20,24.8,23.2,2074.6,0.0,2049.8,0.0,0,0,0,0,0000000000000000000000000000000000000000
1,0x00574C0,1727718380,2024-09-30 17:46:20,25.0,23.1,2074.8,0.0,2049.8,0.0,0,0,0,0,0000000000000000000000000000000000000000
1,0x0057500,1727718381,2024-09-30 17:46:21,25.2,23.4,25.2,0.0,0.0,0.0,0,0,0,0,0000000000000000000000000000000000000000
1,0x0057540,1727718381,2024-09-30 17:46:21,25.4,23.1,2075.2,0.0,2049.8,0.0,0,0,0,0,0000000000000000000000000000000000000000
1,0x0057580,1727718382,2024-09-30 17:46:22,25.6,23.2,2075.4,0.0,2049.8,0.0,0,0,0,0,0000000000000000000000000000000000000000
1,0x00575C0,1727718382,2024-09-30 17:46:22,25.8,23.0,2075.6,0.0,2049.8,0.0,0,0,0,0,0000000000000000000000000000000000000000
1,0x0057600,1727718383,2024-09-30 17:46:23,26.0,23.1,2075.8,0.0,2049.8,0.0,0,0,0,0,0000000000000000000000000000000000000000
1,0x0057640,1727718384,2024-09-30 17:46:24,26.2,23.4,2076.0,0.0,2049.8,0.0,0,0,0,0,0000000000000000000000000000000000000000
1,0x0057680,1727718384,2024-09-30 17:46:24,26.5,23.1,2076.3,0.0,2049.8,0.0,0,0,0,0,0000000000000000000000000000000000000000
1,0x00576C0,1727718385,2024-09-30 17:46:25,26.7,23.2,2076.5,0.0,2049.8,0.0,0,0,0,0,0000000000000000000000000000000000000000
1,0x0057700,1727718385,2024-09-30 17:46:25,26.9,23.1,2076.7,0.0,2049.8,0.0,0,0,0,0,0000000000000000000000000000000000000000
1,0x0057740,1727718386,2024-09-30 17:46:26,27.1,23.2,27.1,0.0,0.0,0.0,0,0,0,0,0000000000000000000000000000000000000000
1,0x0057780,1727718386,2024-09-30 17:46:26,27.3,23.1,2077.1,0.0,2049.8,0.0,0,0,0,0,0000000000000000000000000000000000000000
1,0x00577C0,1727718387,2024-09-30 17:46:27,27.5,23.2,2077.3,0.0,2049.8,0.0,0,0,0,0,0000000000000000000000000000000000000000
1,0x0057800,1727718387,2024-09-30 17:46:27,27.7,23.2,2077.5,0.0,2049.8,0.0,0,0,0,0,0000000000000000000000000000000000000000
1,0x0057840,1727718388,2024-09-30 17:46:28,28.0,23.4,2077.8,0.0,2049.8,0.0,0,0,0,0,0000000000000000000000000000000000000000
1,0x0057880,1727718389,2024-09-30 17:46:29,28.2,23.1,2078.0,0.0,2049.8,0.0,0,0,0,0,0000000000000000000000000000000000000000
1,0x00578C0,1727718389,2024-09-30 17:46:29,28.4,23.4,2078.2,0.0,2049.8,0.0,0,0,0,0,0000000000000000000000000000000000000000
1,0x0057900,1727718390,2024-09-30 17:46:30,28.6,23.0,2078.4,0.0,2049.8,0.0,0,0,0,0,0000000000000000000000000000000000000000
1,0x0057940,1727718390,2024-09-30 17:46:30,28.8,23.4,2078.6,0.0,2049.8,0.0,0,0,0,0,0000000000000000000000000000000000000000
1,0x0057980,1727718391,2024-09-30 17:46:31,29.0,23.1,29.0,0.0,0.0,0.0,0,0,0,0,0000000000000000000000000000000000000000
1,0x00579C0,1727718391,2024-09-30 17:46:31,29.2,23.2,2079.0,0.0,2049.8,0.0,0,0,0,0,0000000000000000000000000000000000000000
1,0x0057A00,1727718392,2024-09-30 17:46:32,29.5,23.2,2079.3,0.0,2049.8,0.0,0,0,0,0,0000000000000000000000000000000000000000
1,0x0057A40,1727718392,2024-09-30 17:46:32,29.7,23.2,2079.5,0.0,2049.8,0.0,0,0,0,0,0000000000000000000000000000000000000000
1,0x0057A80,1727718393,2024-09-30 17:46:33,29.9,23.2,2079.7,0.0,2049.8,0.0,0,0,0,0,0000000000000000000000000000000000000000
1,0x0057AC0,1727718394,2024-09-30 17:46:34,30.1,23.2,2079.9,0.0,2049.8,0.0,0,0,0,0,0000000000000000000000000000000000000000
1,0x0057B00,1727718394,2024-09-30 17:46:34,30.4,23.1,2080.2,0.0,2049.8,0.0,0,0,0,0,0000000000000000000000000000000000000000
1,0x0057B40,1727718395,2024-09-30 17:46:35,30.6,23.4,2080.4,0.0,2049.8,0.0,0,0,0,0,0000000000000000000000000000000000000000
1,0x0057B80,1727718395,2024-09-30 17:46:35,30.8,23.2,2080.6,0.0,2049.8,0.0,0,0,0,0,0000000000000000000000000000000000000000
1,0x0057BC0,1727718396,2024-09-30 17:46:36,31.0,23.2,31.0,0.0,0.0,0.0,0,0,0,0,0000000000000000000000000000000000000000
1,0x0057C00,1727718396,2024-09-30 17:46:36,31.2,23.4,2081.0,0.0,2049.8,0.0,0,0,0,0,0000000000000000000000000000000000000000
1,0x0057C40,1727718397,2024-09-30 17:46:37,31.4,23.4,2081.2,0.0,2049.8,0.0,0,0,0,0,0000000000000000000000000000000000000000
1,0x0057C80,1727718397,2024-09-30 17:46:37,31.6,23.0,2081.4,0.0,2049.8,0.0,0,0,0,0,0000000000000000000000000000000000000000
1,0x0057CC0,1727718398,2024-09-30 17:46:38,31.8,23.1,2081.6,0.0,2049.8,0.0,0,0,0,0,0000000000000000000000000000000000000000
1,0x0057D00,1727718399,2024-09-30 17:46:39,32.0,23.2,2081.8,0.0,2049.8,0.0,0,0,0,0,0000000000000000000000000000000000000000
1,0x0057D40,1727718399,2024-09-30 17:46:39,32.3,23.2,2082.1,0.0,2049.8,0.0,0,0,0,0,0000000000000000000000000000000000000000
1,0x0057D80,1727718400,2024-09-30 17:46:40,32.5,23.4,2082.3,0.0,2049.8,0.0,0,0,0,0,0000000000000000000000000000000000000000
1,0x0057DC0,1727718400,2024-09-30 17:46:40,32.7,23.2,2082.5,0.0,2049.8,0.0,0,0,0,0,0000000000000000000000000000000000000000
1,0x0057E00,1727718401,2024-09-30 17:46:41,32.9,23.1,32.9,0.0,0.0,0.0,0,0,0,0,0000000000000000000000000000000000000000
1,0x0057E40,1727718401,2024-09-30 17:46:41,33.1,23.2,2082.9,0.0,2049.8,0.0,0,0,0,0,0000000000000000000000000000000000000000
1,0x0057E80,1727718402,2024-09-30 17:46:42,33.3,23.1,2083.1,0.0,2049.8,0.0,0,0,0,0,0000000000000000000000000000000000000000
1,0x0057EC0,1727718402,2024-09-30 17:46:42,33.6,23.4,2083.4,0.0,2049.8,0.0,0,0,0,0,0000000000000000000000000000000000000000
1,0x0057F00,1727718403,2024-09-30 17:46:43,33.8,23.2,2083.6,0.0,2049.8,0.0,0,0,0,0,0000000000000000000000000000000000000000
1,0x0057F40,1727718404,2024-09-30 17:46:44,34.0,23.4,2083.8,0.0,2049.8,0.0,0,0,0,0,0000000000000000000000000000000000000000
1,0x0057F80,1727718404,2024-09-30 17:46:44,34.2,23.4,2084.0,0.0,2049.8,0.0,0,0,0,0,0000000000000000000000000000000000000000
1,0x0057FC0,1727718405,2024-09-30 17:46:45,34.4,23.1,2084.2,0.0,2049.8,0.0,0,0,0,0,0000000000000000000000000000000000000000
1,0x0058000,1727718405,2024-09-30 17:46:45,34.6,23.4,2084.4,0.0,2049.8,0.0,0,0,0,0,0000000000000000000000000000000000000000
1,0x0058040,1727718406,2024-09-30 17:46:46,34.9,23.1,34.9,0.0,0.0,0.0,0,0,0,0,0000000000000000000000000000000000000000
1,0x0058080,1727718406,2024-09-30 17:46:46,35.1,23.2,2084.9,0.0,2049.8,0.0,0,0,0,0,0000000000000000000000000000000000000000
1,0x00580C0,1727718407,2024-09-30 17:46:47,35.3,23.2,2085.1,0.0,2049.8,0.0,0,0,0,0,0000000000000000000000000000000000000000
1,0x0058100,1727718407,2024-09-30 17:46:47,35.5,23.2,2085.3,0.0,2049.8,0.0,0,0,0,0,0000000000000000000000000000000000000000
1,0x0058140,1727718408,2024-09-30 17:46:48,35.7,23.2,2085.5,0.0,2049.8,0.0,0,0,0,0,0000000000000000000000000000000000000000
1,0x0058180,1727718409,2024-09-30 17:46:49,35.9,23.2,2085.7,0.0,2049.8,0.0,0,0,0,0,0000000000000000000000000000000000000000
1,0x00581C0,1727718409,2024-09-30 17:46:49,36.2,23.2,2086.0,0.0,2049.8,0.0,0,0,0,0,0000000000000000000000000000000000000000
1,0x0058200,1727718410,2024-09-30 17:46:50,36.4,23.2,2086.2,0.0,2049.8,0.0,0,0,0,0,0000000000000000000000000000000000000000
1,0x0058240,1727718410,2024-09-30 17:46:50,36.6,23.2,2086.4,0.0,2049.8,0.0,0,0,0,0,0000000000000000000000000000000000000000
1,0x0058280,1727718411,2024-09-30 17:46:51,36.8,23.4,36.8,0.0,0.0,0.0,0,0,0,0,0000000000000000000000000000000000000000
1,0x00582C0,1727718411,2024-09-30 17:46:51,37.0,23.4,2086.8,0.0,2049.8,0.0,0,0,0,0,0000000000000000000000000000000000000000
1,0x0058300,1727718412,2024-09-30 17:46:52,37.2,23.4,2087.0,0.0,2049.8,0.0,0,0,0,0,0000000000000000000000000000000000000000
1,0x0058340,1727718412,2024-09-30 17:46:52,37.4,23.1,2087.2,0.0,2049.8,0.0,0,0,0,0,0000000000000000000000000000000000000000
1,0x0058380,1727718413,2024-09-30 17:46:53,37.6,23.1,2087.4,0.0,2049.8,0.0,0,0,0,0,0000000000000000000000000000000000000000
1,0x00583C0,1727718414,2024-09-30 17:46:54,37.9,23.4,2087.7,0.0,2049.8,0.0,0,0,0,0,0000000000000000000000000000000000000000
1,0x0058400,1727718414,2024-09-30 17:46:54,38.1,23.2,2087.9,0.0,2049.8,0.0,0,0,0,0,0000000000000000000000000000000000000000
1,0x0058440,1727718415,2024-09-30 17:46:55,38.3,23.4,2088.1,0.0,2049.8,0.0,0,0,0,0,0000000000000000000000000000000000000000
1,0x0058480,1727718415,2024-09-30 17:46:55,38.5,23.2,2088.3,0.0,2049.8,0.0,0,0,0,0,0000000000000000000000000000000000000000
1,0x00584C0,1727718416,2024-09-30 17:46:56,38.7,23.2,38.7,0.0,0.0,0.0,0,0,0,0,0000000000000000000000000000000000000000
1,0x0058500,1727718416,2024-09-30 17:46:56,38.9,23.2,2088.7,0.0,2049.8,0.0,0,0,0,0,0000000000000000000000000000000000000000
1,0x0058540,1727718417,2024-09-30 17:46:57,39.1,23.1,2088.9,0.0,2049.8,0.0,0,0,0,0,0000000000000000000000000000000000000000
1,0x0058580,1727718417,2024-09-30 17:46:57,39.4,23.4,2089.2,0.0,2049.8,0.0,0,0,0,0,0000000000000000000000000000000000000000
1,0x00585C0,1727718418,2024-09-30 17:46:58,39.6,23.4,2089.4,0.0,2049.8,0.0,0,0,0,0,0000000000000000000000000000000000000000
1,0x0058600,1727718419,2024-09-30 17:46:59,39.8,23.2,2089.6,0.0,2049.8,0.0,0,0,0,0,0000000000000000000000000000000000000000
1,0x0058640,1727718419,2024-09-30 17:46:59,40.0,23.5,2089.8,0.0,2049.8,0.0,0,0,0,0,0000000000000000000000000000000000000000
1,0x0058680,1727718420,2024-09-30 17:47:00,40.2,23.1,2090.0,0.0,2049.8,0.0,0,0,0,0,0000000000000000000000000000000000000000
1,0x00586C0,1727718420,2024-09-30 17:47:00,40.5,23.4,2090.3,0.0,2049.8,0.0,0,0,0,0,0000000000000000000000000000000000000000
1,0x0058700,1727718421,2024-09-30 17:47:01,40.7,23.1,40.7,0.0,0.0,0.0,0,0,0,0,0000000000000000000000000000000000000000
1,0x0058740,1727718421,2024-09-30 17:47:01,40.9,23.4,2090.7,0.0,2049.8,0.0,0,0,0,0,0000000000000000000000000000000000000000
1,0x0058780,1727718422,2024-09-30 17:47:02,41.1,23.1,2090.9,0.0,2049.8,0.0,0,0,0,0,0000000000000000000000000000000000000000
1,0x00587C0,1727718422,2024-09-30 17:47:02,41.3,23.4,2091.1,0.0,2049.8,0.0,0,0,0,0,0000000000000000000000000000000000000000
1,0x0058800,1727718423,2024-09-30 17:47:03,41.5,23.4,2091.3,0.0,2049.8,0.0,0,0,0,0,0000000000000000000000000000000000000000
1,0x0058840,1727718424,2024-09-30 17:47:04,41.7,23.2,2091.5,0.0,2049.8,0.0,0,0,0,0,0000000000000000000000000000000000000000
1,0x0058880,1727718424,2024-09-30 17:47:04,42.0,23.2,2091.8,0.0,2049.8,0.0,0,0,0,0,0000000000000000000000000000000000000000
1,0x00588C0,1727718425,2024-09-30 17:47:05,42.2,23.2,2092.0,0.0,2049.8,0.0,0,0,0,0,0000000000000000000000000000000000000000
1,0x0058900,1727718425,2024-09-30 17:47:05,42.4,23.2,2092.2,0.0,2049.8,0.0,0,0,0,0,0000000000000000000000000000000000000000
1,0x0058940,1727718426,2024-09-30 17:47:06,42.6,23.4,42.6,0.0,0.0,0.0,0,0,0,0,0000000000000000000000000000000000000000
1,0x0058980,1727718426,2024-09-30 17:47:06,42.8,23.2,2092.6,0.0,2049.8,0.0,0,0,0,0,0000000000000000000000000000000000000000
1,0x00589C0,1727718427,2024-09-30 17:47:07,43.0,23.5,2092.8,0.0,2049.8,0.0,0,0,0,0,0000000000000000000000000000000000000000
1,0x0058A00,1727718427,2024-09-30 17:47:07,43.3,23.1,2093.1,0.0,2049.8,0.0,0,0,0,0,0000000000000000000000000000000000000000
1,0x0058A40,1727718428,2024-09-30 17:47:08,43.5,23.0,2093.3,0.0,2049.8,0.0,0,0,0,0,0000000000000000000000000000000000000000
1,0x0058A80,1727718429,2024-09-30 17:47:09,43.7,23.4,2093.5,0.0,2049.8,0.0,0,0,0,0,0000000000000000000000000000000000000000
1,0x0058AC0,1727718429,2024-09-30 17:47:09,43.9,23.2,2093.7,0.0,2049.8,0.0,0,0,0,0,0000000000000000000000000000000000000000
1,0x0058B00,1727718430,2024-09-30 17:47:10,44.1,23.4,2093.9,0.0,2049.8,0.0,0,0,0,0,0000000000000000000000000000000000000000
1,0x0058B40,1727718430,2024-09-30 17:47:10,44.3,23.2,2094.1,0.0,2049.8,0.0,0,0,0,0,0000000000000000000000000000000000000000
1,0x0058B80,1727718431,2024-09-30 17:47:11,44.5,23.2,2094.3,0.0,2049.8,0.0,0,0,0,0,0000000000000000000000000000000000000000
1,0x0058BC0,1727718431,2024-09-30 17:47:11,44.8,23.2,2094.6,0.0,2049.8,0.0,0,0,0,0,0000000000000000000000000000000000000000
1,0x0058C00,1727718432,2024-09-30 17:47:12,45.0,23.2,2094.8,0.0,2049.8,0.0,0,0,0,0,0000000000000000000000000000000000000000
1,0x0058C40,1727718433,2024-09-30 17:47:13,45.2,23.2,2095.0,0.0,2049.8,0.0,0,0,0,0,0000000000000000000000000000000000000000
1,0x0058C80,1727718433,2024-09-30 17:47:13,45.4,23.4,2095.2,0.0,2049.8,0.0,0,0,0,0,0000000000000000000000000000000000000000
1,0x0058CC0,1727718434,2024-09-30 17:47:14,45.6,23.2,2095.4,0.0,2049.8,0.0,0,0,0,0,0000000000000000000000000000000000000000
1,0x0058D00,1727718434,2024-09-30 17:47:14,45.9,23.5,2095.7,0.0,2049.8,0.0,0,0,0,0,0000000000000000000000000000000000000000
1,0x0058D40,1727718435,2024-09-30 17:47:15,46.1,23.1,2095.9,0.0,2049.8,0.0,0,0,0,0,0000000000000000000000000000000000000000
1,0x0058D80,1727718435,2024-09-30 17:47:15,46.3,23.5,2096.1,0.0,2049.8,0.0,0,0,0,0,0000000000000000000000000000000000000000
1,0x0058DC0,1727718436,2024-09-30 17:47:16,46.5,23.1,2096.3,0.0,2049.8,0.0,0,0,0,0,0000000000000000000000000000000000000000
1,0x0058E00,1727718436,2024-09-30 17:47:16,46.7,23.4,2096.5,0.0,2049.8,0.0,0,0,0,0,0000000000000000000000000000000000000000
1,0x0058E40,1727718437,2024-09-30 17:47:17,46.9,23.2,2096.7,0.0,2049.8,0.0,0,0,0,0,0000000000000000000000000000000000000000
1,0x0058E80,1727718438,2024-09-30 17:47:18,47.1,23.2,2096.9,0.0,2049.8,0.0,0,0,0,0,0000000000000000000000000000000000000000
1,0x0058EC0,1727718438,2024-09-30 17:47:18,47.2,10.5,2097.0,0.0,2049.8,0.0,0,0,0,0,0000000000000000000000000000000000000000
1,0x0058F00,1727718439,2024-09-30 17:47:19,47.3,9.2,2097.1,0.0,2049.8,0.0,0,0,0,0,0000000000000000000000000000000000000000
1,0x0058F40,1727718439,2024-09-30 17:47:19,47.3,9.1,2097.1,0.0,2049.8,0.0,0,0,0,0,0000000000000000000000000000000000000000
1,0x0058F80,1727718440,2024-09-30 17:47:20,47.4,9.5,2097.2,0.0,2049.8,0.0,0,0,0,0,0000000000000000000000000000000000000000
1,0x0058FC0,1727718440,2024-09-30 17:47:20,47.5,9.5,2097.3,0.0,2049.8,0.0,0,0,0,0,0000000000000000000000000000000000000000
1,0x0059000,1727718441,2024-09-30 17:47:21,47.6,9.4,2097.4,0.0,2049.8,0.0,0,0,0,0,0000000000000000000000000000000000000000
1,0x0059040,1727718441,2024-09-30 17:47:21,47.7,9.7,2097.5,0.0,2049.8,0.0,0,0,0,0,0000000000000000000000000000000000000000
1,0x0059080,1727718442,2024-09-30 17:47:22,47.8,9.3,2097.6,0.0,2049.8,0.0,0,0,0,0,0000000000000000000000000000000000000000
1,0x00590C0,1727718443,2024-09-30 17:47:23,47.9,9.3,2097.7,0.0,2049.8,0.0,0,0,0,0,0000000000000000000000000000000000000000
1,0x0059100,1727718443,2024-09-30 17:47:23,47.9,9.4,2097.7,0.0,2049.8,0.0,0,0,0,0,0000000000000000000000000000000000000000
1,0x0059140,1727718444,2024-09-30 17:47:24,48.0,9.5,2097.8,0.0,2049.8,0.0,0,0,0,0,0000000000000000000000000000000000000000
1,0x0059180,1727718444,2024-09-30 17:47:24,48.1,9.3,2097.9,0.0,2049.8,0.0,0,0,0,0,0000000000000000000000000000000000000000
1,0x00591C0,1727718445,2024-09-30 17:47:25,48.2,9.5,2098.0,0.0,2049.8,0.0,0,0,0,0,0000000000000000000000000000000000000000
1,0x0059200,1727718445,2024-09-30 17:47:25,48.3,9.5,2098.1,0.0,2049.8,0.0,0,0,0,0,0000000000000000000000000000000000000000
1,0x0059240,1727718446,2024-09-30 17:47:26,48.4,9.4,2098.2,0.0,2049.8,0.0,0,0,0,0,0000000000000000000000000000000000000000
1,0x0059280,1727718446,2024-09-30 17:47:26,48.5,9.4,2098.3,0.0,2049.8,0.0,0,0,0,0,0000000000000000000000000000000000000000
1,0x00592C0,1727718447,2024-09-30 17:47:27,48.6,9.4,2098.4,0.0,2049.8,0.0,0,0,0,0,0000000000000000000000000000000000000000
1,0x0059300,1727718448,2024-09-30 17:47:28,48.6,9.4,2098.4,0.0,2049.8,0.0,0,0,0,0,0000000000000000000000000000000000000000
1,0x0059340,1727718448,2024-09-30 17:47:28,48.7,9.7,2098.5,0.0,2049.8,0.0,0,0,0,0,0000000000000000000000000000000000000000
1,0x0059380,1727718449,2024-09-30 17:47:29,48.8,9.2,2098.6,0.0,2049.8,0.0,0,0,0,0,0000000000000000000000000000000000000000
1,0x00593C0,1727718449,2024-09-30 17:47:29,48.9,9.4,2098.7,0.0,2049.8,0.0,0,0,0,0,0000000000000000000000000000000000000000
1,0x0059400,1727718450,2024-09-30 17:47:30,49.0,9.4,2098.8,0.0,2049.8,0.0,0,0,0,0,0000000000000000000000000000000000000000
1,0x0059440,1727718450,2024-09-30 17:47:30,49.1,9.4,2098.9,0.0,2049.8,0.0,0,0,0,0,0000000000000000000000000000000000000000
1,0x0059480,1727718451,2024-09-30 17:47:31,49.2,9.5,2099.0,0.0,2049.8,0.0,0,0,0,0,0000000000000000000000000000000000000000
1,0x00594C0,1727718451,2024-09-30 17:47:31,49.3,9.3,2099.1,0.0,2049.8,0.0,0,0,0,0,0000000000000000000000000000000000000000
1,0x0059500,1727718452,2024-09-30 17:47:32,49.3,9.6,2099.1,0.0,2049.8,0.0,0,0,0,0,0000000000000000000000000000000000000000
1,0x0059540,1727718453,2024-09-30 17:47:33,49.4,9.4,2099.2,0.0,2049.8,0.0,0,0,0,0,0000000000000000000000000000000000000000
1,0x0059580,1727718453,2024-09-30 17:47:33,49.5,9.3,2099.3,0.0,2049.8,0.0,0,0,0,0,0000000000000000000000000000000000000000
1,0x00595C0,1727718454,2024-09-30 17:47:34,49.6,9.4,2099.4,0.0,2049.8,0.0,0,0,0,0,0000000000000000000000000000000000000000
1,0x0059600,1727718454,2024-09-30 17:47:34,49.7,9.4,2099.5,0.0,2049.8,0.0,0,0,0,0,0000000000000000000000000000000000000000
1,0x0059640,1727718455,2024-09-30 17:47:35,49.8,9.4,2099.6,0.0,2049.8,0.0,0,0,0,0,0000000000000000000000000000000000000000
1,0x0059680,1727718455,2024-09-30 17:47:35,49.9,9.6,2099.7,0.0,2049.8,0.0,0,0,0,0,0000000000000000000000000000000000000000
1,0x00596C0,1727718456,2024-09-30 17:47:36,49.9,9.3,2099.7,0.0,2049.8,0.0,0,0,0,0,0000000000000000000000000000000000000000
1,0x0059700,1727718456,2024-09-30 17:47:36,50.0,9.4,2099.8,0.0,2049.8,0.0,0,0,0,0,0000000000000000000000000000000000000000
1,0x0059740,1727718457,2024-09-30 17:47:37,50.0,3.6,2099.8,0.0,2049.8,0.0,0,0,0,0,0000000000000000000000000000000000000000
1,0x0059780,1727718458,2024-09-30 17:47:38,50.0,0.1,2099.8,0.0,2049.8,0.0,0,0,0,0,0000000000000000000000000000000000000000
1,0x00597C0,1727718458,2024-09-30 17:47:38,50.0,0.0,2099.8,0.0,2049.8,0.0,0,0,0,0,0000000000000000000000000000000000000000
1,0x0059800,1727718459,2024-09-30 17:47:39,50.0,0.1,2099.8,0.0,2049.8,0.0,0,0,0,0,0000000000000000000000000000000000000000
1,0x0059840,1727718459,2024-09-30 17:47:39,50.0,0.1,2099.8,0.0,2049.8,0.0,0,0,0,0,0000000000000000000000000000000000000000
1,0x0059880,1727718460,2024-09-30 17:47:40,50.0,0.1,2099.8,0.0,2049.8,0.0,0,0,0,0,0000000000000000000000000000000000000000
1,0x00598C0,1727718460,2024-09-30 17:47:40,50.0,0.0,2099.8,0.0,2049.8,0.0,0,0,0,0,0000000000000000000000000000000000000000
1,0x0059900,1727718461,2024-09-30 17:47:41,50.0,0.1,2099.8,0.0,2049.8,0.0,0,0,0,0,0000000000000000000000000000000000000000
1,0x0059940,1727718461,2024-09-30 17:47:41,50.0,0.1,2099.8,0.0,2049.8,0.0,0,0,0,0,0000000000000000000000000000000000000000
1,0x0059980,1727718462,2024-09-30 17:47:42,50.0,0.1,2099.8,0.0,2049.8,0.0,0,0,0,0,0000000000000000000000000000000000000000
1,0x00599C0,1727718463,2024-09-30 17:47:43,50.0,0.0,2099.8,0.0,2049.8,0.0,0,0,0,0,0000000000000000000000000000000000000000
1,0x0059A00,1727718463,2024-09-30 17:47:43,50.0,50.0,2099.8,0.0,2049.8,0.0,0,0,0,0,0000000000000000000000000000000000000000
1,0x0059A40,1727718464,2024-09-30 17:47:44,50.0,0.0,2099.8,0.0,2049.8,0.0,0,0,0,0,0000000000000000000000000000000000000000
1,0x0059A80,1727718464,2024-09-30 17:47:44,50.0,0.1,2099.8,0.0,2049.8,0.0,0,0,0,0,0000000000000000000000000000000000000000
1,0x0059AC0,1727718465,2024-09-30 17:47:45,50.0,0.1,2099.8,0.0,2049.8,0.0,0,0,0,0,0000000000000000000000000000000000000000
1,0x0059B00,1727718466,2024-09-30 17:47:46,50.0,0.0,2099.8,0.0,2049.8,0.0,0,0,0,0,0000000000000000000000000000000000000000
1,0x0059B40,1727718466,2024-09-30 17:47:46,50.0,0.1,2099.8,0.0,2049.8,0.0,0,0,0,0,0000000000000000000000000000000000000000
1,0x0059B80,1727718467,2024-09-30 17:47:47,50.0,0.1,2099.8,0.0,2049.8,0.0,0,0,0,0,0000000000000000000000000000000000000000
1,0x0059BC0,1727718468,2024-09-30 17:47:48,50.0,0.1,2099.8,0.0,2049.8,0.0,0,0,0,0,0000000000000000000000000000000000000000
1,0x0059C00,1727718468,2024-09-30 17:47:48,50.0,50.0,2099.8,0.0,2049.8,0.0,0,0,0,0,0000000000000000000000000000000000000000
1,0x0059C40,1727718469,2024-09-30 17:47:49,50.0,0.1,2099.8,0.0,2049.8,0.0,0,0,0,0,0000000000000000000000000000000000000000
1,0x0059C80,1727718469,2024-09-30 17:47:49,50.0,0.0,2099.8,0.0,2049.8,0.0,0,0,0,0,0000000000000000000000000000000000000000
1,0x0059CC0,1727718470,2024-09-30 17:47:50,50.0,0.1,2099.8,0.0,2049.8,0.0,0,0,0,0,0000000000000000000000000000000000000000
1,0x0059D00,1727718471,2024-09-30 17:47:51,50.0,0.1,50.0,0.0,0.0,0.0,0,0,0,0,0000000000000000000000000000000000000000
1,0x0059D40,1727718471,2024-09-30 17:47:51,50.0,0.0,2099.8,0.0,2049.8,0.0,0,0,0,0,0000000000000000000000000000000000000000
1,0x0059D80,1727718472,2024-09-30 17:47:52,50.0,0.1,2099.8,0.0,2049.8,0.0,0,0,0,0,0000000000000000000000000000000000000000
1,0x0059DC0,1727718473,2024-09-30 17:47:53,50.0,0.1,2099.8,0.0,2049.8,0.0,0,0,0,0,0000000000000000000000000000000000000000
1,0x0059E00,1727718473,2024-09-30 17:47:53,50.0,50.0,2099.8,0.0,2049.8,0.0,0,0,0,0,0000000000000000000000000000000000000000
1,0x0059E40,1727718474,2024-09-30 17:47:54,50.0,0.1,2099.8,0.0,2049.8,0.0,0,0,0,0,0000000000000000000000000000000000000000
1,0x0059E80,1727718474,2024-09-30 17:47:54,50.0,0.1,2099.8,0.0,2049.8,0.0,0,0,0,0,0000000000000000000000000000000000000000
1,0x0059EC0,1727718475,2024-09-30 17:47:55,50.0,0.0,2099.8,0.0,2049.8,0.0,0,0,0,0,0000000000000000000000000000000000000000
1,0x0059F00,1727718475,2024-09-30 17:47:55,50.0,0.1,2099.8,0.0,2049.8,0.0,0,0,0,0,0000000000000000000000000000000000000000
1,0x0059F40,1727718475,2024-09-30 17:47:55,50.0,0.1,50.0,0.0,0.0,0.0,0,0,0,0,0000000000000000000000000000000000000000
1,0x0059F80,1727718476,2024-09-30 17:47:56,50.0,0.0,2099.8,0.0,2049.8,0.0,0,0,0,0,0000000000000000000000000000000000000000
1,0x0059FC0,1727718476,2024-09-30 17:47:56,50.0,0.1,2099.8,0.0,2049.8,0.0,0,0,0,0,0000000000000000000000000000000000000000
1,0x005A000,1727718477,2024-09-30 17:47:57,50.0,50.0,2099.8,0.0,2049.8,0.0,0,0,0,0,0000000000000000000000000000000000000000
1,0x005A040,1727718478,2024-09-30 17:47:58,50.0,0.1,2099.8,0.0,2049.8,0.0,0,0,0,0,0000000000000000000000000000000000000000
1,0x005A080,1727718479,2024-09-30 17:47:59,50.1,0.1,2099.9,0.0,2049.8,0.0,0,0,0,0,0000000000000000000000000000000000000000
1,0x005A0C0,1727718479,2024-09-30 17:47:59,50.1,0.1,2099.9,0.0,2049.8,0.0,0,0,0,0,0000000000000000000000000000000000000000
1,0x005A100,1727718480,2024-09-30 17:48:00,50.1,0.0,2099.9,0.0,2049.8,0.0,0,0,0,0,0000000000000000000000000000000000000000
1,0x005A140,1727718480,2024-09-30 17:48:00,50.1,0.1,50.1,0.0,0.0,0.0,0,0,0,0,0000000000000000000000000000000000000000
1,0x005A180,1727718481,2024-09-30 17:48:01,50.1,0.1,2099.9,0.0,2049.8,0.0,0,0,0,0,0000000000000000000000000000000000000000
1,0x005A1C0,1727718481,2024-09-30 17:48:01,50.1,0.1,2099.9,0.0,2049.8,0.0,0,0,0,0,0000000000000000000000000000000000000000
1,0x005A200,1727718482,2024-09-30 17:48:02,50.1,0.0,2099.9,0.0,2049.8,0.0,0,0,0,0,0000000000000000000000000000000000000000
1,0x005A240,1727718482,2024-09-30 17:48:02,50.1,50.1,2099.9,0.0,2049.8,0.0,0,0,0,0,0000000000000000000000000000000000000000
1,0x005A280,1727718483,2024-09-30 17:48:03,50.1,0.1,2099.9,0.0,2049.8,0.0,0,0,0,0,0000000000000000000000000000000000000000
1,0x005A2C0,1727718484,2024-09-30 17:48:04,50.1,0.0,2099.9,0.0,2049.8,0.0,0,0,0,0,0000000000000000000000000000000000000000
1,0x005A300,1727718484,2024-09-30 17:48:04,50.1,0.1,2099.9,0.0,2049.8,0.0,0,0,0,0,0000000000000000000000000000000000000000
1,0x005A340,1727718485,2024-09-30 17:48:05,50.1,0.1,2099.9,0.0,2049.8,0.0,0,0,0,0,0000000000000000000000000000000000000000
1,0x005A380,1727718485,2024-09-30 17:48:05,50.1,0.1,50.1,0.0,0.0,0.0,0,0,0,0,0000000000000000000000000000000000000000
1,0x005A3C0,1727718486,2024-09-30 17:48:06,50.1,0.0,2099.9,0.0,2049.8,0.0,0,0,0,0,0000000000000000000000000000000000000000
1,0x005A400,1727718486,2024-09-30 17:48:06,50.1,0.1,2099.9,0.0,2049.8,0.0,0,0,0,0,0000000000000000000000000000000000000000
1,0x005A440,1727718487,2024-09-30 17:48:07,50.1,0.1,2099.9,0.0,2049.8,0.0,0,0,0,0,0000000000000000000000000000000000000000
1,0x005A480,1727718487,2024-09-30 17:48:07,50.1,0.1,2099.9,0.0,2049.8,0.0,0,0,0,0,0000000000000000000000000000000000000000
1,0x005A4C0,1727718488,2024-09-30 17:48:08,50.1,0.1,2099.9,0.0,2049.8,0.0,0,0,0,0,0000000000000000000000000000000000000000
1,0x005A500,1727718489,2024-09-30 17:48:09,50.1,0.0,2099.9,0.0,2049.8,0.0,0,0,0,0,0000000000000000000000000000000000000000
1,0x005A540,1727718489,2024-09-30 17:48:09,50.1,0.1,2099.9,0.0,2049.8,0.0,0,0,0,0,0000000000000000000000000000000000000000
1,0x005A580,1727718490,2024-09-30 17:48:10,50.1,0.1,2099.9,0.0,2049.8,0.0,0,0,0,0,0000000000000000000000000000000000000000
1,0x005A5C0,1727718490,2024-09-30 17:48:10,50.1,0.1,50.1,0.0,0.0,0.0,0,0,0,0,0000000000000000000000000000000000000000
1,0x005A600,1727718491,2024-09-30 17:48:11,50.1,0.0,2099.9,0.0,2049.8,0.0,0,0,0,0,0000000000000000000000000000000000000000
1,0x005A640,1727718491,2024-09-30 17:48:11,50.1,0.1,2099.9,0.0,2049.8,0.0,0,0,0,0,0000000000000000000000000000000000000000
1,0x005A680,1727718492,2024-09-30 17:48:12,50.1,0.1,2099.9,0.0,2049.8,0.0,0,0,0,0,0000000000000000000000000000000000000000
1,0x005A6C0,1727718492,2024-09-30 17:48:12,50.1,0.0,2099.9,0.0,2049.8,0.0,0,0,0,0,0000000000000000000000000000000000000000
1,0x005A700,1727718493,2024-09-30 17:48:13,50.1,0.1,2099.9,0.0,2049.8,0.0,0,0,0,0,0000000000000000000000000000000000000000
1,0x005A740,1727718494,2024-09-30 17:48:14,50.1,0.1,2099.9,0.0,2049.8,0.0,0,0,0,0,0000000000000000000000000000000000000000
1,0x005A780,1727718494,2024-09-30 17:48:14,50.1,0.1,2099.9,0.0,2049.8,0.0,0,0,0,0,0000000000000000000000000000000000000000
1,0x005A7C0,1727718495,2024-09-30 17:48:15,50.1,0.0,2099.9,0.0,2049.8,0.0,0,0,0,0,0000000000000000000000000000000000000000
1,0x005A800,1727718495,2024-09-30 17:48:15,50.1,0.1,50.1,0.0,0.0,0.0,0,0,0,0,0000000000000000000000000000000000000000
1,0x005A840,1727718496,2024-09-30 17:48:16,50.1,0.1,2099.9,0.0,2049.8,0.0,0,0,0,0,0000000000000000000000000000000000000000
1,0x005A880,1727718496,2024-09-30 17:48:16,50.1,0.1,2099.9,0.0,2049.8,0.0,0,0,0,0,0000000000000000000000000000000000000000
1,0x005A8C0,1727718497,2024-09-30 17:48:17,50.1,0.0,2099.9,0.0,2049.8,0.0,0,0,0,0,0000000000000000000000000000000000000000
1,0x005A900,1727718497,2024-09-30 17:48:17,50.1,0.1,2099.9,0.0,2049.8,0.0,0,0,0,0,0000000000000000000000000000000000000000
1,0x005A940,1727718499,2024-09-30 17:48:19,50.1,0.1,2099.9,0.0,2049.8,0.0,0,0,0,0,0000000000000000000000000000000000000000
1,0x005A980,1727718499,2024-09-30 17:48:19,50.1,0.1,2099.9,0.0,2049.8,0.0,0,0,0,0,0000000000000000000000000000000000000000
1,0x005A9C0,1727718500,2024-09-30 17:48:20,50.1,0.1,2099.9,0.0,2049.8,0.0,0,0,0,0,0000000000000000000000000000000000000000
1,0x005AA00,1727718500,2024-09-30 17:48:20,50.1,0.0,2099.9,0.0,2049.8,0.0,0,0,0,0,0000000000000000000000000000000000000000
1,0x005AA40,1727718501,2024-09-30 17:48:21,50.1,0.1,2099.9,0.0,2049.8,0.0,0,0,0,0,0000000000000000000000000000000000000000
1,0x005AA80,1727718501,2024-09-30 17:48:21,50.1,0.1,2099.9,0.0,2049.8,0.0,0,0,0,0,0000000000000000000000000000000000000000
1,0x005AAC0,1727718502,2024-09-30 17:48:22,50.1,0.1,2099.9,0.0,2049.8,0.0,0,0,0,0,0000000000000000000000000000000000000000
1,0x005AB00,1727718504,2024-09-30 17:48:24,50.1,0.0,2099.9,0.0,2049.8,2049.8,0,0,0,0,0000000000000000000000000000000000000000
1,0x005AB40,1727718505,2024-09-30 17:48:25,50.1,0.1,2099.9,0.0,2049.8,0.0,0,0,0,0,0000000000000000000000000000000000000000
1,0x005AB80,1727718505,2024-09-30 17:48:25,50.1,0.1,2099.9,0.0,2049.8,0.0,0,0,0,0,0000000000000000000000000000000000000000
1,0x005ABC0,1727718506,2024-09-30 17:48:26,50.1,0.0,2099.9,0.0,2049.8,0.0,0,0,0,0,0000000000000000000000000000000000000000
1,0x005AC00,1727718506,2024-09-30 17:48:26,50.1,0.1,2099.9,0.0,2049.8,0.0,0,0,0,0,0000000000000000000000000000000000000000
1,0x005AC40,1727718507,2024-09-30 17:48:27,50.1,0.1,2099.9,0.0,2049.8,0.0,0,0,0,0,0000000000000000000000000000000000000000
1,0x005AC80,1727718514,2024-09-30 17:48:34,50.1,0.0,2099.9,0.0,2049.8,0.0,0,0,0,0,0000000000000000000000000000000000000000
1,0x005ACC0,1727718514,2024-09-30 17:48:34,50.1,0.1,2099.9,0.0,2049.8,0.0,0,0,0,0,0000000000000000000000000000000000000000
1,0x005AD00,1727718515,2024-09-30 17:48:35,50.1,0.0,2099.9,0.0,2049.8,0.0,0,0,0,0,0000000000000000000000000000000000000000
1,0x005AD40,1727718515,2024-09-30 17:48:35,50.1,0.1,50.1,0.0,0.0,0.0,0,0,0,0,0000000000000000000000000000000000000000
1,0x005AD80,1727718516,2024-09-30 17:48:36,50.1,0.1,2099.9,0.0,2049.8,0.0,0,0,0,0,0000000000000000000000000000000000000000
1,0x005ADC0,1727718516,2024-09-30 17:48:36,50.1,0.0,2099.9,0.0,2049.8,0.0,0,0,0,0,0000000000000000000000000000000000000000
1,0x005AE00,1727718517,2024-09-30 17:48:37,50.1,0.1,2099.9,0.0,2049.8,0.0,0,0,0,0,0000000000000000000000000000000000000000
1,0x005AE40,1727718517,2024-09-30 17:48:37,50.1,0.0,2099.9,0.0,2049.8,0.0,0,0,0,0,0000000000000000000000000000000000000000
1,0x005AE80,1727718518,2024-09-30 17:48:38,50.1,0.1,2099.9,0.0,2049.8,0.0,0,0,0,0,0000000000000000000000000000000000000000
1,0x005AEC0,1727718519,2024-09-30 17:48:39,50.1,0.1,2099.9,0.0,2049.8,0.0,0,0,0,0,0000000000000000000000000000000000000000
1,0x005AF00,1727718519,2024-09-30 17:48:39,50.1,0.0,2099.9,0.0,2049.8,0.0,0,0,0,0,0000000000000000000000000000000000000000
1,0x005AF40,1727718520,2024-09-30 17:48:40,50.1,0.1,2099.9,0.0,2049.8,0.0,0,0,0,0,0000000000000000000000000000000000000000
1,0x005AF80,1727718520,2024-09-30 17:48:40,50.1,0.1,50.1,0.0,0.0,0.0,0,0,0,0,0000000000000000000000000000000000000000
1,0x005AFC0,1727718521,2024-09-30 17:48:41,50.1,0.0,2099.9,0.0,2049.8,0.0,0,0,0,0,0000000000000000000000000000000000000000
1,0x005B000,1727718521,2024-09-30 17:48:41,50.1,0.1,2099.9,0.0,2049.8,0.0,0,0,0,0,0000000000000000000000000000000000000000
1,0x005B040,1727718522,2024-09-30 17:48:42,50.1,0.1,2099.9,0.0,2049.8,0.0,0,0,0,0,0000000000000000000000000000000000000000
1,0x005B080,1727718522,2024-09-30 17:48:42,50.1,0.1,2099.9,0.0,2049.8,0.0,0,0,0,0,0000000000000000000000000000000000000000
1,0x005B0C0,1727718523,2024-09-30 17:48:43,50.1,0.0,2099.9,0.0,2049.8,0.0,0,0,0,0,0000000000000000000000000000000000000000
1,0x005B100,1727718524,2024-09-30 17:48:44,50.1,0.1,2099.9,0.0,2049.8,0.0,0,0,0,0,0000000000000000000000000000000000000000
1,0x005B140,1727718524,2024-09-30 17:48:44,50.1,0.1,2099.9,0.0,2049.8,0.0,0,0,0,0,0000000000000000000000000000000000000000
1,0x005B180,1727718525,2024-09-30 17:48:45,50.1,0.0,2099.9,0.0,2049.8,0.0,0,0,0,0,0000000000000000000000000000000000000000
1,0x005B1C0,1727718525,2024-09-30 17:48:45,50.1,0.1,50.1,0.0,0.0,0.0,0,0,0,0,0000000000000000000000000000000000000000
1,0x005B200,1727718526,2024-09-30 17:48:46,50.1,0.1,2099.9,0.0,2049.8,0.0,0,0,0,0,0000000000000000000000000000000000000000
1,0x005B240,1727718526,2024-09-30 17:48:46,50.1,0.0,2099.9,0.0,2049.8,0.0,0,0,0,0,0000000000000000000000000000000000000000
1,0x005B280,1727718527,2024-09-30 17:48:47,50.1,0.1,2099.9,0.0,2049.8,0.0,0,0,0,0,0000000000000000000000000000000000000000
1,0x005B2C0,1727718527,2024-09-30 17:48:47,50.1,0.0,2099.9,0.0,2049.8,0.0,0,0,0,0,0000000000000000000000000000000000000000
1,0x005B300,1727718528,2024-09-30 17:48:48,50.1,0.1,2099.9,0.0,2049.8,0.0,0,0,0,0,0000000000000000000000000000000000000000
1,0x005B340,1727718529,2024-09-30 17:48:49,50.1,0.0,2099.9,0.0,2049.8,0.0,0,0,0,0,0000000000000000000000000000000000000000
1,0x005B380,1727718529,2024-09-30 17:48:49,50.1,0.1,2099.9,0.0,2049.8,0.0,0,0,0,0,0000000000000000000000000000000000000000
1,0x005B3C0,1727718530,2024-09-30 17:48:50,50.1,0.1,2099.9,0.0,2049.8,0.0,0,0,0,0,0000000000000000000000000000000000000000
1,0x005B400,1727718530,2024-09-30 17:48:50,50.1,0.0,2099.9,0.0,2049.8,0.0,0,0,0,0,0000000000000000000000000000000000000000
1,0x005B440,1727718531,2024-09-30 17:48:51,50.1,0.1,2099.9,0.0,2049.8,0.0,0,0,0,0,0000000000000000000000000000000000000000
1,0x005B480,1727718531,2024-09-30 17:48:51,50.1,0.1,2099.9,0.0,2049.8,0.0,0,0,0,0,0000000000000000000000000000000000000000
1,0x005B4C0,1727718532,2024-09-30 17:48:52,50.1,0.0,2099.9,0.0,2049.8,0.0,0,0,0,0,0000000000000000000000000000000000000000
1,0x005B500,1727718532,2024-09-30 17:48:52,50.1,0.1,2099.9,0.0,2049.8,0.0,0,0,0,0,0000000000000000000000000000000000000000
1,0x005B540,1727718533,2024-09-30 17:48:53,50.1,0.0,2099.9,0.0,2049.8,0.0,0,0,0,0,0000000000000000000000000000000000000000
1,0x005B580,1727718534,2024-09-30 17:48:54,50.1,0.1,2099.9,0.0,2049.8,0.0,0,0,0,0,0000000000000000000000000000000000000000
1,0x005B5C0,1727718534,2024-09-30 17:48:54,50.1,0.1,2099.9,0.0,2049.8,0.0,0,0,0,0,0000000000000000000000000000000000000000
1,0x005B600,1727718535,2024-09-30 17:48:55,50.1,0.0,2099.9,0.0,2049.8,0.0,0,0,0,0,0000000000000000000000000000000000000000
1,0x005B640,1727718535,2024-09-30 17:48:55,50.1,0.1,50.1,0.0,0.0,0.0,0,0,0,0,0000000000000000000000000000000000000000
1,0x005B680,1727718536,2024-09-30 17:48:56,50.1,0.0,2099.9,0.0,2049.8,0.0,0,0,0,0,0000000000000000000000000000000000000000
1,0x005B6C0,1727718536,2024-09-30 17:48:56,50.1,0.1,2099.9,0.0,2049.8,0.0,0,0,0,0,0000000000000000000000000000000000000000
1,0x005B700,1727718537,2024-09-30 17:48:57,50.1,0.0,2099.9,0.0,2049.8,0.0,0,0,0,0,0000000000000000000000000000000000000000
1,0x005B740,1727718538,2024-09-30 17:48:58,50.1,0.1,2099.9,0.0,2049.8,0.0,0,0,0,0,0000000000000000000000000000000000000000
1,0x005B780,1727718539,2024-09-30 17:48:59,50.1,0.1,2099.9,0.0,2049.8,0.0,0,0,0,0,0000000000000000000000000000000000000000
1,0x005B7C0,1727718539,2024-09-30 17:48:59,50.1,0.0,2099.9,0.0,2049.8,0.0,0,0,0,0,0000000000000000000000000000000000000000
1,0x005B800,1727718540,2024-09-30 17:49:00,50.1,0.1,2099.9,0.0,2049.8,0.0,0,0,0,0,0000000000000000000000000000000000000000
1,0x005B840,1727718540,2024-09-30 17:49:00,50.1,0.1,50.1,0.0,0.0,0.0,0,0,0,0,0000000000000000000000000000000000000000
1,0x005B880,1727718541,2024-09-30 17:49:01,50.1,0.1,2099.9,0.0,2049.8,0.0,0,0,0,0,0000000000000000000000000000000000000000
1,0x005B8C0,1727718541,2024-09-30 17:49:01,50.1,0.0,2099.9,0.0,2049.8,0.0,0,0,0,0,0000000000000000000000000000000000000000
1,0x005B900,1727718542,2024-09-30 17:49:02,50.1,0.1,2099.9,0.0,2049.8,0.0,0,0,0,0,0000000000000000000000000000000000000000
1,0x005B940,1727718542,2024-09-30 17:49:02,50.1,0.0,2099.9,0.0,2049.8,0.0,0,0,0,0,0000000000000000000000000000000000000000
1,0x005B980,1727718543,2024-09-30 17:49:03,50.1,0.1,2099.9,0.0,2049.8,0.0,0,0,0,0,0000000000000000000000000000000000000000
1,0x005B9C0,1727718544,2024-09-30 17:49:04,50.1,0.1,2099.9,0.0,2049.8,0.0,0,0,0,0,0000000000000000000000000000000000000000
1,0x005BA00,1727718544,2024-09-30 17:49:04,50.1,0.0,2099.9,0.0,2049.8,0.0,0,0,0,0,0000000000000000000000000000000000000000
1,0x005BA40,1727718545,2024-09-30 17:49:05,50.1,0.1,2099.9,0.0,2049.8,0.0,0,0,0,0,0000000000000000000000000000000000000000
1,0x005BA80,1727718545,2024-09-30 17:49:05,50.1,0.1,50.1,0.0,0.0,0.0,0,0,0,0,0000000000000000000000000000000000000000
1,0x005BAC0,1727718546,2024-09-30 17:49:06,50.1,0.0,2099.9,0.0,2049.8,0.0,0,0,0,0,0000000000000000000000000000000000000000
1,0x005BB00,1727718546,2024-09-30 17:49:06,50.1,0.1,2099.9,0.0,2049.8,0.0,0,0,0,0,0000000000000000000000000000000000000000
1,0x005BB40,1727718547,2024-09-30 17:49:07,50.1,0.1,2099.9,0.0,2049.8,0.0,0,0,0,0,0000000000000000000000000000000000000000
1,0x005BB80,1727718547,2024-09-30 17:49:07,50.1,0.1,2099.9,0.0,2049.8,0.0,0,0,0,0,0000000000000000000000000000000000000000
1,0x005BBC0,1727718548,2024-09-30 17:49:08,50.1,0.1,2099.9,0.0,2049.8,0.0,0,0,0,0,0000000000000000000000000000000000000000
1,0x005BC00,1727718549,2024-09-30 17:49:09,50.1,0.0,2099.9,0.0,2049.8,0.0,0,0,0,0,0000000000000000000000000000000000000000
1,0x005BC40,1727718550,2024-09-30 17:49:10,50.1,0.1,2099.9,0.0,2049.8,0.0,0,0,0,0,0000000000000000000000000000000000000000
1,0x005BC80,1727718550,2024-09-30 17:49:10,50.1,0.1,50.1,0.0,0.0,0.0,0,0,0,0,0000000000000000000000000000000000000000
1,0x005BCC0,1727718551,2024-09-30 17:49:11,50.1,0.0,2099.9,0.0,2049.8,0.0,0,0,0,0,0000000000000000000000000000000000000000
1,0x005BD00,1727718551,2024-09-30 17:49:11,50.1,0.1,2099.9,0.0,2049.8,0.0,0,0,0,0,0000000000000000000000000000000000000000
1,0x005BD40,1727718552,2024-09-30 17:49:12,50.1,0.1,2099.9,0.0,2049.8,0.0,0,0,0,0,0000000000000000000000000000000000000000
1,0x005BD80,1727718552,2024-09-30 17:49:12,50.1,0.0,2099.9,0.0,2049.8,0.0,0,0,0,0,0000000000000000000000000000000000000000
1,0x005BDC0,1727718553,2024-09-30 17:49:13,50.1,0.1,2099.9,0.0,2049.8,0.0,0,0,0,0,0000000000000000000000000000000000000000
1,0x005BE00,1727718554,2024-09-30 17:49:14,50.1,0.0,2099.9,0.0,2049.8,0.0,0,0,0,0,0000000000000000000000000000000000000000
1,0x005BE40,1727718555,2024-09-30 17:49:15,50.1,0.1,2099.9,0.0,2049.8,0.0,0,0,0,0,0000000000000000000000000000000000000000
1,0x005BE80,1727718555,2024-09-30 17:49:15,50.1,0.1,50.1,0.0,0.0,0.0,0,0,0,0,0000000000000000000000000000000000000000
1,0x005BEC0,1727718556,2024-09-30 17:49:16,50.1,0.1,2099.9,0.0,2049.8,0.0,0,0,0,0,0000000000000000000000000000000000000000
1,0x005BF00,1727718556,2024-09-30 17:49:16,50.1,0.0,2099.9,0.0,2049.8,0.0,0,0,0,0,0000000000000000000000000000000000000000
1,0x005BF40,1727718557,2024-09-30 17:49:17,50.1,0.1,2099.9,0.0,2049.8,0.0,0,0,0,0,0000000000000000000000000000000000000000
1,0x005BF80,1727718557,2024-09-30 17:49:17,50.1,0.1,2099.9,0.0,2049.8,0.0,0,0,0,0,0000000000000000000000000000000000000000
1,0x005BFC0,1727718558,2024-09-30 17:49:18,50.1,0.0,2099.9,0.0,2049.8,0.0,0,0,0,0,0000000000000000000000000000000000000000
1,0x005C000,1727718559,2024-09-30 17:49:19,50.1,0.1,2099.9,0.0,2049.8,0.0,0,0,0,0,0000000000000000000000000000000000000000
1,0x005C040,1727718559,2024-09-30 17:49:19,50.1,0.1,2099.9,0.0,2049.8,0.0,0,0,0,0,0000000000000000000000000000000000000000
1,0x005C080,1727718560,2024-09-30 17:49:20,50.1,0.0,2099.9,0.0,2049.8,0.0,0,0,0,0,0000000000000000000000000000000000000000
1,0x005C0C0,1727718560,2024-09-30 17:49:20,50.1,0.1,50.1,0.0,0.0,0.0,0,0,0,0,0000000000000000000000000000000000000000
1,0x005C100,1727718561,2024-09-30 17:49:21,50.1,0.1,2099.9,0.0,2049.8,0.0,0,0,0,0,0000000000000000000000000000000000000000
1,0x005C140,1727718561,2024-09-30 17:49:21,50.1,0.1,2099.9,0.0,2049.8,0.0,0,0,0,0,0000000000000000000000000000000000000000
1,0x005C180,1727718562,2024-09-30 17:49:22,50.1,0.0,2099.9,0.0,2049.8,0.0,0,0,0,0,0000000000000000000000000000000000000000
1,0x005C1C0,1727718562,2024-09-30 17:49:22,50.1,0.1,2099.9,0.0,2049.8,0.0,0,0,0,0,0000000000000000000000000000000000000000
1,0x005C200,1727718563,2024-09-30 17:49:23,50.1,0.0,2099.9,0.0,2049.8,0.0,0,0,0,0,0000000000000000000000000000000000000000
1,0x005C240,1727718564,2024-09-30 17:49:24,50.2,0.1,2100.0,0.0,2049.8,0.0,0,0,0,0,0000000000000000000000000000000000000000
1,0x005C280,1727718564,2024-09-30 17:49:24,50.2,0.1,2100.0,0.0,2049.8,0.0,0,0,0,0,0000000000000000000000000000000000000000
1,0x005C2C0,1727718565,2024-09-30 17:49:25,50.2,0.1,2100.0,0.0,2049.8,0.0,0,0,0,0,0000000000000000000000000000000000000000
1,0x005C300,1727718565,2024-09-30 17:49:25,50.2,0.0,2100.0,0.0,2049.8,0.0,0,0,0,0,0000000000000000000000000000000000000000
1,0x005C340,1727718566,2024-09-30 17:49:26,50.2,0.1,2100.0,0.0,2049.8,0.0,0,0,0,0,0000000000000000000000000000000000000000
1,0x005C380,1727718566,2024-09-30 17:49:26,50.2,0.1,2100.0,0.0,2049.8,0.0,0,0,0,0,0000000000000000000000000000000000000000
1,0x005C3C0,1727718567,2024-09-30 17:49:27,50.2,0.1,2100.0,0.0,2049.8,0.0,0,0,0,0,0000000000000000000000000000000000000000
1,0x005C400,1727718568,2024-09-30 17:49:28,50.2,0.0,2100.0,0.0,2049.8,0.0,0,0,0,0,0000000000000000000000000000000000000000
1,0x005C440,1727718569,2024-09-30 17:49:29,50.2,0.1,2100.0,0.0,2049.8,0.0,0,0,0,0,0000000000000000000000000000000000000000
1,0x005C480,1727718569,2024-09-30 17:49:29,50.2,0.1,2100.0,0.0,2049.8,0.0,0,0,0,0,0000000000000000000000000000000000000000
1,0x005C4C0,1727718570,2024-09-30 17:49:30,50.2,0.0,2100.0,0.0,2049.8,0.0,0,0,0,0,0000000000000000000000000000000000000000
1,0x005C500,1727718570,2024-09-30 17:49:30,50.2,0.1,2100.0,0.0,2049.8,0.0,0,0,0,0,0000000000000000000000000000000000000000
1,0x005C540,1727718571,2024-09-30 17:49:31,50.2,0.1,2100.0,0.0,2049.8,0.0,0,0,0,0,0000000000000000000000000000000000000000
1,0x005C580,1727718571,2024-09-30 17:49:31,50.2,0.1,2100.0,0.0,2049.8,0.0,0,0,0,0,0000000000000000000000000000000000000000
1,0x005C5C0,1727718572,2024-09-30 17:49:32,50.2,0.1,2100.0,0.0,2049.8,0.0,0,0,0,0,0000000000000000000000000000000000000000
1,0x005C600,1727718574,2024-09-30 17:49:34,50.2,0.0,2100.0,0.0,2049.8,0.0,0,0,0,0,0000000000000000000000000000000000000000
1,0x005C640,1727718574,2024-09-30 17:49:34,50.2,0.1,2100.0,0.0,2049.8,0.0,0,0,0,0,0000000000000000000000000000000000000000
1,0x005C680,1727718575,2024-09-30 17:49:35,50.2,0.1,2100.0,0.0,2049.8,0.0,0,0,0,0,0000000000000000000000000000000000000000
1,0x005C6C0,1727718575,2024-09-30 17:49:35,50.2,0.0,2100.0,0.0,2049.8,0.0,0,0,0,0,0000000000000000000000000000000000000000
1,0x005C700,1727718576,2024-09-30 17:49:36,50.2,0.1,2100.0,0.0,2049.8,0.0,0,0,0,0,0000000000000000000000000000000000000000
1,0x005C740,1727718576,2024-09-30 17:49:36,50.2,0.1,2100.0,0.0,2049.8,0.0,0,0,0,0,0000000000000000000000000000000000000000
1,0x005C780,1727718577,2024-09-30 17:49:37,50.2,0.1,2100.0,0.0,2049.8,0.0,0,0,0,0,0000000000000000000000000000000000000000
1,0x005C7C0,1727718577,2024-09-30 17:49:37,50.2,0.1,2100.0,0.0,2049.8,0.0,0,0,0,0,0000000000000000000000000000000000000000
1,0x005C800,1727718579,2024-09-30 17:49:39,50.2,0.0,2100.0,0.0,2049.8,0.0,0,0,0,0,0000000000000000000000000000000000000000
1,0x005C840,1727718580,2024-09-30 17:49:40,50.2,0.1,2100.0,0.0,2049.8,0.0,0,0,0,0,0000000000000000000000000000000000000000
1,0x005C880,1727718580,2024-09-30 17:49:40,50.2,0.1,2100.0,0.0,2049.8,0.0,0,0,0,0,0000000000000000000000000000000000000000
1,0x005C8C0,1727718581,2024-09-30 17:49:41,50.2,0.0,2100.0,0.0,2049.8,0.0,0,0,0,0,0000000000000000000000000000000000000000
1,0x005C900,1727718581,2024-09-30 17:49:41,50.2,0.1,2100.0,0.0,2049.8,0.0,0,0,0,0,0000000000000000000000000000000000000000
1,0x005C940,1727718582,2024-09-30 17:49:42,50.2,0.1,2100.0,0.0,2049.8,0.0,0,0,0,0,0000000000000000000000000000000000000000
1,0x005C980,1727718582,2024-09-30 17:49:42,50.2,0.1,2100.0,0.0,2049.8,0.0,0,0,0,0,0000000000000000000000000000000000000000
1,0x005C9C0,1727718583,2024-09-30 17:49:43,50.2,0.1,2100.0,0.0,2049.8,0.0,0,0,0,0,0000000000000000000000000000000000000000
1,0x005CA00,1727718585,2024-09-30 17:49:45,50.2,0.0,2100.0,0.0,2049.8,0.0,0,0,0,0,0000000000000000000000000000000000000000
1,0x005CA40,1727718585,2024-09-30 17:49:45,50.2,0.1,2100.0,0.0,2049.8,0.0,0,0,0,0,0000000000000000000000000000000000000000
1,0x005CA80,1727718586,2024-09-30 17:49:46,50.2,0.1,2100.0,0.0,2049.8,0.0,0,0,0,0,0000000000000000000000000000000000000000
1,0x005CAC0,1727718586,2024-09-30 17:49:46,50.2,0.1,2100.0,0.0,2049.8,0.0,0,0,0,0,0000000000000000000000000000000000000000
1,0x005CB00,1727718587,2024-09-30 17:49:47,50.2,0.0,2100.0,0.0,2049.8,0.0,0,0,0,0,0000000000000000000000000000000000000000
1,0x005CB40,1727718587,2024-09-30 17:49:47,50.2,0.1,2100.0,0.0,2049.8,0.0,0,0,0,0,0000000000000000000000000000000000000000
1,0x005CB80,1727718588,2024-09-30 17:49:48,50.2,0.0,2100.0,0.0,2049.8,0.0,0,0,0,0,0000000000000000000000000000000000000000
1,0x005CBC0,1727718589,2024-09-30 17:49:49,50.2,0.1,2100.0,0.0,2049.8,0.0,0,0,0,0,0000000000000000000000000000000000000000
1,0x005CC00,1727718590,2024-09-30 17:49:50,50.2,0.0,2100.0,0.0,2049.8,0.0,0,0,0,0,0000000000000000000000000000000000000000
1,0x005CC40,1727718590,2024-09-30 17:49:50,50.2,0.1,50.2,0.0,0.0,0.0,0,0,0,0,0000000000000000000000000000000000000000
1,0x005CC80,1727718591,2024-09-30 17:49:51,50.2,0.0,2100.0,0.0,2049.8,0.0,0,0,0,0,0000000000000000000000000000000000000000
1,0x005CCC0,1727718591,2024-09-30 17:49:51,50.2,0.1,2100.0,0.0,2049.8,0.0,0,0,0,0,0000000000000000000000000000000000000000
1,0x005CD00,1727718594,2024-09-30 17:49:54,50.2,0.0,2100.0,0.0,2049.8,0.0,0,0,0,0,0000000000000000000000000000000000000000
1,0x005CD40,1727718594,2024-09-30 17:49:54,50.2,0.1,2100.0,0.0,2049.8,0.0,0,0,0,0,0000000000000000000000000000000000000000
1,0x005CD80,1727718595,2024-09-30 17:49:55,50.2,0.0,2100.0,0.0,2049.8,0.0,0,0,0,0,0000000000000000000000000000000000000000
1,0x005CDC0,1727718595,2024-09-30 17:49:55,50.2,0.1,50.2,0.0,0.0,0.0,0,0,0,0,0000000000000000000000000000000000000000
1,0x005CE00,1727718596,2024-09-30 17:49:56,50.2,0.0,2100.0,0.0,2049.8,0.0,0,0,0,0,0000000000000000000000000000000000000000
1,0x005CE40,1727718596,2024-09-30 17:49:56,50.2,0.1,2100.0,0.0,2049.8,0.0,0,0,0,0,0000000000000000000000000000000000000000
1,0x005CE80,1727718597,2024-09-30 17:49:57,50.2,0.1,2100.0,0.0,2049.8,0.0,0,0,0,0,0000000000000000000000000000000000000000
1,0x005CEC0,1727718597,2024-09-30 17:49:57,50.2,50.2,2100.0,0.0,2049.8,0.0,0,0,0,0,0000000000000000000000000000000000000000
1,0x005CF00,1727718598,2024-09-30 17:49:58,50.2,0.1,2100.0,0.0,2049.8,0.0,0,0,0,0,0000000000000000000000000000000000000000
1,0x005CF40,1727718599,2024-09-30 17:49:59,50.2,0.0,2100.0,0.0,2049.8,0.0,0,0,0,0,0000000000000000000000000000000000000000
1,0x005CF80,1727718599,2024-09-30 17:49:59,50.2,0.1,2100.0,0.0,2049.8,0.0,0,0,0,0,0000000000000000000000000000000000000000
1,0x005CFC0,1727718600,2024-09-30 17:50:00,50.2,0.0,2100.0,0.0,2049.8,0.0,0,0,0,0,0000000000000000000000000000000000000000
1,0x005D000,1727718600,2024-09-30 17:50:00,50.2,0.1,50.2,0.0,0.0,0.0,0,0,0,0,0000000000000000000000000000000000000000
1,0x005D040,1727718601,2024-09-30 17:50:01,50.2,0.0,2100.0,0.0,2049.8,0.0,0,0,0,0,0000000000000000000000000000000000000000
1,0x005D080,1727718601,2024-09-30 17:50:01,50.2,0.1,2100.0,0.0,2049.8,0.0,0,0,0,0,0000000000000000000000000000000000000000
1,0x005D0C0,1727718602,2024-09-30 17:50:02,50.2,0.1,2100.0,0.0,2049.8,0.0,0,0,0,0,0000000000000000000000000000000000000000
1,0x005D100,1727718602,2024-09-30 17:50:02,50.2,50.2,2100.0,0.0,2049.8,0.0,0,0,0,0,0000000000000000000000000000000000000000
1,0x005D140,1727718603,2024-09-30 17:50:03,50.2,0.1,2100.0,0.0,2049.8,0.0,0,0,0,0,0000000000000000000000000000000000000000
1,0x005D180,1727718604,2024-09-30 17:50:04,50.2,0.0,2100.0,0.0,2049.8,0.0,0,0,0,0,0000000000000000000000000000000000000000
1,0x005D1C0,1727718604,2024-09-30 17:50:04,50.2,0.1,2100.0,0.0,2049.8,0.0,0,0,0,0,0000000000000000000000000000000000000000
1,0x005D200,1727718607,2024-09-30 17:50:07,50.2,0.0,2100.0,0.0,2049.8,0.0,0,0,0,0,0000000000000000000000000000000000000000
1,0x005D240,1727718607,2024-09-30 17:50:07,50.2,0.1,50.2,0.0,0.0,0.0,0,0,0,0,0000000000000000000000000000000000000000
1,0x005D280,1727718608,2024-09-30 17:50:08,50.2,0.0,2100.0,0.0,2049.8,0.0,0,0,0,0,0000000000000000000000000000000000000000
1,0x005D2C0,1727718608,2024-09-30 17:50:08,50.2,0.1,2100.0,0.0,2049.8,0.0,0,0,0,0,0000000000000000000000000000000000000000
1,0x005D300,1727718612,2024-09-30 17:50:12,0.0,0.5,2100.0,0.0,2100.0,0.0,0,0,0,0,0000000000000000000000000000000000000000
1,0x005D340,1727718612,2024-09-30 17:50:12,0.1,12.5,2100.1,0.0,2100.0,0.0,0,0,0,0,0000000000000000000000000000000000000000
1,0x005D380,1727718613,2024-09-30 17:50:13,0.3,15.8,2100.3,0.0,2100.0,0.0,0,0,0,0,0000000000000000000000000000000000000000
1,0x005D3C0,1727718613,2024-09-30 17:50:13,0.5,21.4,0.5,0.0,0.0,0.0,0,0,0,0,0000000000000000000000000000000000000000
1,0x005D400,1727718614,2024-09-30 17:50:14,0.7,21.7,2100.7,0.0,2100.0,0.0,0,0,0,0,0000000000000000000000000000000000000000
1,0x005D440,1727718614,2024-09-30 17:50:14,0.9,22.0,2100.9,0.0,2100.0,0.0,0,0,0,0,0000000000000000000000000000000000000000
1,0x005D480,1727718615,2024-09-30 17:50:15,1.1,22.0,2101.1,0.0,2100.0,0.0,0,0,0,0,0000000000000000000000000000000000000000
1,0x005D4C0,1727718615,2024-09-30 17:50:15,1.3,22.2,2101.3,0.0,2100.0,0.0,0,0,0,0,0000000000000000000000000000000000000000
1,0x005D500,1727718616,2024-09-30 17:50:16,1.5,22.3,2101.5,0.0,2100.0,0.0,0,0,0,0,0000000000000000000000000000000000000000
1,0x005D540,1727718617,2024-09-30 17:50:17,1.8,22.3,2101.8,0.0,2100.0,0.0,0,0,0,0,0000000000000000000000000000000000000000
1,0x005D580,1727718617,2024-09-30 17:50:17,2.0,22.3,2102.0,0.0,2100.0,0.0,0,0,0,0,0000000000000000000000000000000000000000
1,0x005D5C0,1727718618,2024-09-30 17:50:18,2.4,39.5,2102.4,0.0,2100.0,0.0,0,0,0,0,0000000000000000000000000000000000000000
1,0x005D600,1727718618,2024-09-30 17:50:18,2.9,52.7,2.9,0.0,0.0,0.0,0,0,0,0,0000000000000000000000000000000000000000
1,0x005D640,1727718619,2024-09-30 17:50:19,3.5,62.0,2103.5,0.0,2100.0,0.0,0,0,0,0,0000000000000000000000000000000000000000
1,0x005D680,1727718619,2024-09-30 17:50:19,4.1,65.4,2104.1,0.0,2100.0,0.0,0,0,0,0,0000000000000000000000000000000000000000
1,0x005D6C0,1727718620,2024-09-30 17:50:20,4.7,67.2,2104.7,0.0,2100.0,0.0,0,0,0,0,0000000000000000000000000000000000000000
1,0x005D700,1727718620,2024-09-30 17:50:20,5.4,68.8,2105.4,0.0,2100.0,0.0,0,0,0,0,0000000000000000000000000000000000000000
1,0x005D740,1727718621,2024-09-30 17:50:21,6.0,68.5,2106.0,0.0,2100.0,0.0,0,0,0,0,0000000000000000000000000000000000000000
1,0x005D780,1727718622,2024-09-30 17:50:22,6.7,69.2,2106.7,0.0,2100.0,0.0,0,0,0,0,0000000000000000000000000000000000000000
1,0x005D7C0,1727718622,2024-09-30 17:50:22,7.3,69.0,2107.3,0.0,2100.0,0.0,0,0,0,0,0000000000000000000000000000000000000000
1,0x005D800,1727718623,2024-09-30 17:50:23,7.5,39.8,2107.5,0.0,2100.0,0.0,0,0,0,0,0000000000000000000000000000000000000000
1,0x005D840,1727718623,2024-09-30 17:50:23,7.7,17.4,7.7,0.0,0.0,0.0,0,0,0,0,0000000000000000000000000000000000000000
1,0x005D880,1727718624,2024-09-30 17:50:24,7.8,16.7,2107.8,0.0,2100.0,0.0,0,0,0,0,0000000000000000000000000000000000000000
1,0x005D8C0,1727718624,2024-09-30 17:50:24,8.0,15.6,2108.0,0.0,2100.0,0.0,0,0,0,0,0000000000000000000000000000000000000000
1,0x005D900,1727718625,2024-09-30 17:50:25,8.1,15.8,2108.1,0.0,2100.0,0.0,0,0,0,0,0000000000000000000000000000000000000000
1,0x005D940,1727718625,2024-09-30 17:50:25,8.3,15.9,2108.3,0.0,2100.0,0.0,0,0,0,0,0000000000000000000000000000000000000000
1,0x005D980,1727718626,2024-09-30 17:50:26,8.4,16.0,2108.4,0.0,2100.0,0.0,0,0,0,0,0000000000000000000000000000000000000000
1,0x005D9C0,1727718627,2024-09-30 17:50:27,8.6,16.0,2108.6,0.0,2100.0,0.0,0,0,0,0,0000000000000000000000000000000000000000
1,0x005DA00,1727718627,2024-09-30 17:50:27,8.7,16.3,2108.7,0.0,2100.0,0.0,0,0,0,0,0000000000000000000000000000000000000000
1,0x005DA40,1727718628,2024-09-30 17:50:28,8.9,15.8,2108.9,0.0,2100.0,0.0,0,0,0,0,0000000000000000000000000000000000000000
1,0x005DA80,1727718628,2024-09-30 17:50:28,9.0,16.2,9.0,0.0,0.0,0.0,0,0,0,0,0000000000000000000000000000000000000000
1,0x005DAC0,1727718629,2024-09-30 17:50:29,9.2,16.0,2109.2,0.0,2100.0,0.0,0,0,0,0,0000000000000000000000000000000000000000
1,0x005DB00,1727718629,2024-09-30 17:50:29,9.3,16.0,2109.3,0.0,2100.0,0.0,0,0,0,0,0000000000000000000000000000000000000000
1,0x005DB40,1727718630,2024-09-30 17:50:30,9.5,16.0,2109.5,0.0,2100.0,0.0,0,0,0,0,0000000000000000000000000000000000000000
1,0x005DB80,1727718630,2024-09-30 17:50:30,9.6,16.0,2109.6,0.0,2100.0,0.0,0,0,0,0,0000000000000000000000000000000000000000
1,0x005DBC0,1727718631,2024-09-30 17:50:31,9.8,16.0,2109.8,0.0,2100.0,0.0,0,0,0,0,0000000000000000000000000000000000000000
1,0x005DC00,1727718632,2024-09-30 17:50:32,9.9,15.9,2109.9,0.0,2100.0,0.0,0,0,0,0,0000000000000000000000000000000000000000
1,0x005DC40,1727718632,2024-09-30 17:50:32,10.0,15.7,2110.0,0.0,2100.0,2100.0,0,0,0,0,0000000000000000000000000000000000000000
1,0x005DC80,1727718633,2024-09-30 17:50:33,10.0,0.5,2110.0,0.0,2100.0,0.0,0,0,0,0,0000000000000000000000000000000000000000
1,0x005DCC0,1727718633,2024-09-30 17:50:33,10.0,0.1,2110.0,0.0,2100.0,0.0,0,0,0,0,0000000000000000000000000000000000000000
1,0x005DD00,1727718635,2024-09-30 17:50:35,10.0,10.0,2110.0,0.0,2100.0,0.0,0,0,0,0,0000000000000000000000000000000000000000
1,0x005DD40,1727718636,2024-09-30 17:50:36,10.0,0.1,2110.0,0.0,2100.0,0.0,0,0,0,0,0000000000000000000000000000000000000000
1,0x005DD80,1727718637,2024-09-30 17:50:37,10.0,0.1,2110.0,0.0,2100.0,0.0,0,0,0,0,0000000000000000000000000000000000000000
1,0x005DDC0,1727718637,2024-09-30 17:50:37,10.0,0.1,2110.0,0.0,2100.0,2100.0,0,0,0,0,0000000000000000000000000000000000000000
1,0x005DE00,1727718638,2024-09-30 17:50:38,10.0,0.1,2110.0,0.0,2100.0,0.0,0,0,0,0,0000000000000000000000000000000000000000
1,0x005DE40,1727718638,2024-09-30 17:50:38,10.0,0.1,2110.0,0.0,2100.0,0.0,0,0,0,0,0000000000000000000000000000000000000000
1,0x005DE80,1727718640,2024-09-30 17:50:40,10.0,0.1,2110.0,0.0,2100.0,0.0,0,0,0,0,0000000000000000000000000000000000000000
1,0x005DEC0,1727718640,2024-09-30 17:50:40,10.0,0.1,2110.0,0.0,2100.0,2100.0,0,0,0,0,0000000000000000000000000000000000000000
1,0x005DF00,1727718641,2024-09-30 17:50:41,10.0,0.1,2110.0,0.0,2100.0,0.0,0,0,0,0,0000000000000000000000000000000000000000
1,0x005DF40,1727718641,2024-09-30 17:50:41,10.0,0.0,2110.0,0.0,2100.0,0.0,0,0,0,0,0000000000000000000000000000000000000000
1,0x005DF80,1727718642,2024-09-30 17:50:42,10.0,0.1,2110.0,0.0,2100.0,0.0,0,0,0,0,0000000000000000000000000000000000000000
1,0x005DFC0,1727718642,2024-09-30 17:50:42,10.0,0.1,2110.0,0.0,2100.0,0.0,0,0,0,0,0000000000000000000000000000000000000000
1,0x005E000,1727718643,2024-09-30 17:50:43,10.1,10.1,2110.1,0.0,2100.0,0.0,0,0,0,0,0000000000000000000000000000000000000000
1,0x005E040,1727718644,2024-09-30 17:50:44,10.1,0.1,2110.1,0.0,2100.0,0.0,0,0,0,0,0000000000000000000000000000000000000000
1,0x005E080,1727718645,2024-09-30 17:50:45,10.1,0.1,2110.1,0.0,2100.0,0.0,0,0,0,0,0000000000000000000000000000000000000000
1,0x005E0C0,1727718645,2024-09-30 17:50:45,10.1,0.1,2110.1,0.0,2100.0,2100.0,0,0,0,0,0000000000000000000000000000000000000000
1,0x005E100,1727718646,2024-09-30 17:50:46,10.1,0.1,2110.1,0.0,2100.0,0.0,0,0,0,0,0000000000000000000000000000000000000000
1,0x005E140,1727718646,2024-09-30 17:50:46,10.1,0.1,2110.1,0.0,2100.0,0.0,0,0,0,0,0000000000000000000000000000000000000000
1,0x005E180,1727718647,2024-09-30 17:50:47,10.1,0.1,2110.1,0.0,2100.0,0.0,0,0,0,0,0000000000000000000000000000000000000000
1,0x005E1C0,1727718647,2024-09-30 17:50:47,10.1,0.1,2110.1,0.0,2100.0,0.0,0,0,0,0,0000000000000000000000000000000000000000
1,0x005E200,1727718648,2024-09-30 17:50:48,10.1,0.0,2110.1,0.0,2100.0,0.0,0,0,0,0,0000000000000000000000000000000000000000
1,0x005E240,1727718648,2024-09-30 17:50:48,10.1,10.1,2110.1,0.0,2100.0,0.0,0,0,0,0,0000000000000000000000000000000000000000
1,0x005E280,1727718649,2024-09-30 17:50:49,10.1,0.1,2110.1,0.0,2100.0,0.0,0,0,0,0,0000000000000000000000000000000000000000
1,0x005E2C0,1727718650,2024-09-30 17:50:50,10.1,0.1,2110.1,0.0,2100.0,0.0,0,0,0,0,0000000000000000000000000000000000000000
1,0x005E300,1727718651,2024-09-30 17:50:51,10.1,0.0,2110.1,0.0,2100.0,0.0,0,0,0,0,0000000000000000000000000000000000000000
1,0x005E340,1727718658,2024-09-30 17:50:58,10.1,0.0,2110.1,0.0,2100.0,0.0,0,0,0,0,0000000000000000000000000000000000000000
1,0x005E380,1727718658,2024-09-30 17:50:58,10.1,0.1,2110.1,0.0,2100.0,0.0,0,0,0,0,0000000000000000000000000000000000000000
1,0x005E3C0,1727718659,2024-09-30 17:50:59,10.1,0.1,2110.1,0.0,2100.0,0.0,0,0,0,0,0000000000000000000000000000000000000000
1,0x005E400,1727718659,2024-09-30 17:50:59,10.1,0.1,10.1,0.0,0.0,0.0,0,0,0,0,0000000000000000000000000000000000000000
1,0x005E440,1727718660,2024-09-30 17:51:00,10.1,0.0,2110.1,0.0,2100.0,0.0,0,0,0,0,0000000000000000000000000000000000000000
1,0x005E480,1727718660,2024-09-30 17:51:00,10.1,0.1,2110.1,0.0,2100.0,0.0,0,0,0,0,0000000000000000000000000000000000000000
1,0x005E4C0,1727718661,2024-09-30 17:51:01,10.1,0.1,2110.1,0.0,2100.0,0.0,0,0,0,0,0000000000000000000000000000000000000000
1,0x005E500,1727718661,2024-09-30 17:51:01,10.1,0.0,2110.1,0.0,2100.0,0.0,0,0,0,0,0000000000000000000000000000000000000000
1,0x005E540,1727718662,2024-09-30 17:51:02,10.1,0.1,2110.1,0.0,2100.0,0.0,0,0,0,0,0000000000000000000000000000000000000000
1,0x005E580,1727718663,2024-09-30 17:51:03,10.1,0.1,2110.1,0.0,2100.0,0.0,0,0,0,0,0000000000000000000000000000000000000000
1,0x005E5C0,1727718663,2024-09-30 17:51:03,10.1,0.1,2110.1,0.0,2100.0,0.0,0,0,0,0,0000000000000000000000000000000000000000
1,0x005E600,1727718664,2024-09-30 17:51:04,10.1,0.0,2110.1,0.0,2100.0,0.0,0,0,0,0,0000000000000000000000000000000000000000
1,0x005E640,1727718665,2024-09-30 17:51:05,10.1,0.1,2110.1,0.0,2100.0,0.0,0,0,0,0,0000000000000000000000000000000000000000
1,0x005E680,1727718665,2024-09-30 17:51:05,10.1,0.1,2110.1,0.0,2100.0,0.0,0,0,0,0,0000000000000000000000000000000000000000
1,0x005E6C0,1727718666,2024-09-30 17:51:06,10.1,0.1,2110.1,0.0,2100.0,0.0,0,0,0,0,0000000000000000000000000000000000000000
1,0x005E700,1727718667,2024-09-30 17:51:07,10.1,0.0,2110.1,0.0,2100.0,0.0,0,0,0,0,0000000000000000000000000000000000000000
1,0x005E740,1727718668,2024-09-30 17:51:08,10.1,0.1,2110.1,0.0,2100.0,0.0,0,0,0,0,0000000000000000000000000000000000000000
1,0x005E780,1727718668,2024-09-30 17:51:08,10.1,0.1,2110.1,0.0,2100.0,0.0,0,0,0,0,0000000000000000000000000000000000000000
1,0x005E7C0,1727718669,2024-09-30 17:51:09,10.1,0.1,2110.1,0.0,2100.0,0.0,0,0,0,0,0000000000000000000000000000000000000000
1,0x005E800,1727718669,2024-09-30 17:51:09,10.1,0.1,10.1,0.0,0.0,0.0,0,0,0,0,0000000000000000000000000000000000000000
1,0x005E840,1727718670,2024-09-30 17:51:10,10.1,0.0,2110.1,0.0,2100.0,0.0,0,0,0,0,0000000000000000000000000000000000000000
1,0x005E880,1727718670,2024-09-30 17:51:10,10.1,0.1,2110.1,0.0,2100.0,0.0,0,0,0,0,0000000000000000000000000000000000000000
1,0x005E8C0,1727718671,2024-09-30 17:51:11,10.1,0.1,2110.1,0.0,2100.0,0.0,0,0,0,0,0000000000000000000000000000000000000000
1,0x005E900,1727718672,2024-09-30 17:51:12,10.1,0.0,2110.1,0.0,2100.0,0.0,0,0,0,0,0000000000000000000000000000000000000000
1,0x005E940,1727718673,2024-09-30 17:51:13,10.1,0.1,2110.1,0.0,2100.0,0.0,0,0,0,0,0000000000000000000000000000000000000000
1,0x005E980,1727718673,2024-09-30 17:51:13,10.1,0.1,2110.1,0.0,2100.0,0.0,0,0,0,0,0000000000000000000000000000000000000000
1,0x005E9C0,1727718674,2024-09-30 17:51:14,10.1,0.1,2110.1,0.0,2100.0,0.0,0,0,0,0,0000000000000000000000000000000000000000
1,0x005EA00,1727718674,2024-09-30 17:51:14,10.1,0.1,10.1,0.0,0.0,0.0,0,0,0,0,0000000000000000000000000000000000000000
1,0x005EA40,1727718675,2024-09-30 17:51:15,10.1,0.1,2110.1,0.0,2100.0,0.0,0,0,0,0,0000000000000000000000000000000000000000
1,0x005EA80,1727718675,2024-09-30 17:51:15,10.1,0.1,2110.1,0.0,2100.0,0.0,0,0,0,0,0000000000000000000000000000000000000000
1,0x005EAC0,1727718676,2024-09-30 17:51:16,10.1,0.0,2110.1,0.0,2100.0,0.0,0,0,0,0,0000000000000000000000000000000000000000
1,0x005EB00,1727718676,2024-09-30 17:51:16,10.1,0.1,2110.1,0.0,2100.0,0.0,0,0,0,0,0000000000000000000000000000000000000000
1,0x005EB40,1727718677,2024-09-30 17:51:17,10.1,0.1,2110.1,0.0,2100.0,0.0,0,0,0,0,0000000000000000000000000000000000000000
1,0x005EB80,1727718678,2024-09-30 17:51:18,10.1,0.1,2110.1,0.0,2100.0,0.0,0,0,0,0,0000000000000000000000000000000000000000
1,0x005EBC0,1727718678,2024-09-30 17:51:18,10.1,0.1,2110.1,0.0,2100.0,0.0,0,0,0,0,0000000000000000000000000000000000000000
1,0x005EC00,1727718684,2024-09-30 17:51:24,0.1,7.1,2110.2,0.0,2110.1,0.0,0,0,0,0,0000000000000000000000000000000000000000
1,0x005EC40,1727718684,2024-09-30 17:51:24,0.2,13.2,2110.3,0.0,2110.1,0.0,0,0,0,0,0000000000000000000000000000000000000000
1,0x005EC80,1727718685,2024-09-30 17:51:25,0.4,19.0,2110.5,0.0,2110.1,0.0,0,0,0,0,0000000000000000000000000000000000000000
1,0x005ECC0,1727718685,2024-09-30 17:51:25,0.6,21.5,2110.7,0.0,2110.1,0.0,0,0,0,0,0000000000000000000000000000000000000000
1,0x005ED00,1727718686,2024-09-30 17:51:26,0.8,21.7,2110.9,0.0,2110.1,0.0,0,0,0,0,0000000000000000000000000000000000000000
1,0x005ED40,1727718686,2024-09-30 17:51:26,1.0,21.8,2111.1,0.0,2110.1,0.0,0,0,0,0,0000000000000000000000000000000000000000
1,0x005ED80,1727718687,2024-09-30 17:51:27,1.2,21.7,2111.3,0.0,2110.1,0.0,0,0,0,0,0000000000000000000000000000000000000000
1,0x005EDC0,1727718687,2024-09-30 17:51:27,1.4,21.8,2111.5,0.0,2110.1,0.0,0,0,0,0,0000000000000000000000000000000000000000
1,0x005EE00,1727718688,2024-09-30 17:51:28,1.6,22.0,2111.7,0.0,2110.1,0.0,0,0,0,0,0000000000000000000000000000000000000000
1,0x005EE40,1727718689,2024-09-30 17:51:29,1.8,21.9,2111.9,0.0,2110.1,0.0,0,0,0,0,0000000000000000000000000000000000000000
1,0x005EE80,1727718689,2024-09-30 17:51:29,2.2,33.6,2112.3,0.0,2110.1,0.0,0,0,0,0,0000000000000000000000000000000000000000
1,0x005EEC0,1727718690,2024-09-30 17:51:30,2.7,50.5,2112.8,0.0,2110.1,0.0,0,0,0,0,0000000000000000000000000000000000000000
1,0x005EF00,1727718690,2024-09-30 17:51:30,3.3,61.3,2113.4,0.0,2110.1,0.0,0,0,0,0,0000000000000000000000000000000000000000
1,0x005EF40,1727718691,2024-09-30 17:51:31,3.9,65.3,2114.0,0.0,2110.1,0.0,0,0,0,0,0000000000000000000000000000000000000000
1,0x005EF80,1727718691,2024-09-30 17:51:31,4.5,67.4,2114.6,0.0,2110.1,0.0,0,0,0,0,0000000000000000000000000000000000000000
1,0x005EFC0,1727718692,2024-09-30 17:51:32,5.2,68.2,2115.3,0.0,2110.1,0.0,0,0,0,0,0000000000000000000000000000000000000000
1,0x005F000,1727718692,2024-09-30 17:51:32,5.8,69.1,2115.9,0.0,2110.1,0.0,0,0,0,0,0000000000000000000000000000000000000000
1,0x005F040,1727718693,2024-09-30 17:51:33,6.5,69.5,2116.6,0.0,2110.1,0.0,0,0,0,0,0000000000000000000000000000000000000000
1,0x005F080,1727718694,2024-09-30 17:51:34,7.1,69.5,2117.2,0.0,2110.1,0.0,0,0,0,0,0000000000000000000000000000000000000000
1,0x005F0C0,1727718694,2024-09-30 17:51:34,7.5,53.1,2117.6,0.0,2110.1,0.0,0,0,0,0,0000000000000000000000000000000000000000
1,0x005F100,1727718695,2024-09-30 17:51:35,7.6,17.2,2117.7,0.0,2110.1,0.0,0,0,0,0,0000000000000000000000000000000000000000
1,0x005F140,1727718695,2024-09-30 17:51:35,7.8,17.2,2117.9,0.0,2110.1,0.0,0,0,0,0,0000000000000000000000000000000000000000
1,0x005F180,1727718696,2024-09-30 17:51:36,7.9,15.7,2118.0,0.0,2110.1,0.0,0,0,0,0,0000000000000000000000000000000000000000
1,0x005F1C0,1727718696,2024-09-30 17:51:36,8.1,15.5,2118.2,0.0,2110.1,0.0,0,0,0,0,0000000000000000000000000000000000000000
1,0x005F200,1727718697,2024-09-30 17:51:37,8.2,16.5,2118.3,0.0,2110.1,0.0,0,0,0,0,0000000000000000000000000000000000000000
1,0x005F240,1727718697,2024-09-30 17:51:37,8.4,15.8,2118.5,0.0,2110.1,0.0,0,0,0,0,0000000000000000000000000000000000000000
1,0x005F280,1727718698,2024-09-30 17:51:38,8.5,16.2,2118.6,0.0,2110.1,0.0,0,0,0,0,0000000000000000000000000000000000000000
1,0x005F2C0,1727718699,2024-09-30 17:51:39,8.7,16.0,2118.8,0.0,2110.1,0.0,0,0,0,0,0000000000000000000000000000000000000000
1,0x005F300,1727718699,2024-09-30 17:51:39,8.8,16.3,2118.9,0.0,2110.1,0.0,0,0,0,0,0000000000000000000000000000000000000000
1,0x005F340,1727718700,2024-09-30 17:51:40,9.0,15.8,2119.1,0.0,2110.1,0.0,0,0,0,0,0000000000000000000000000000000000000000
1,0x005F380,1727718700,2024-09-30 17:51:40,9.1,16.2,2119.2,0.0,2110.1,0.0,0,0,0,0,0000000000000000000000000000000000000000
1,0x005F3C0,1727718701,2024-09-30 17:51:41,9.3,16.0,2119.4,0.0,2110.1,0.0,0,0,0,0,0000000000000000000000000000000000000000
1,0x005F400,1727718701,2024-09-30 17:51:41,9.4,16.0,2119.5,0.0,2110.1,0.0,0,0,0,0,0000000000000000000000000000000000000000
1,0x005F440,1727718702,2024-09-30 17:51:42,9.6,15.9,2119.7,0.0,2110.1,0.0,0,0,0,0,0000000000000000000000000000000000000000
1,0x005F480,1727718702,2024-09-30 17:51:42,9.7,16.0,2119.8,0.0,2110.1,0.0,0,0,0,0,0000000000000000000000000000000000000000
1,0x005F4C0,1727718703,2024-09-30 17:51:43,9.9,16.0,2120.0,0.0,2110.1,0.0,0,0,0,0,0000000000000000000000000000000000000000
1,0x005F500,1727718704,2024-09-30 17:51:44,10.0,15.9,2120.1,0.0,2110.1,0.0,0,0,0,0,0000000000000000000000000000000000000000
1,0x005F540,1727718704,2024-09-30 17:51:44,10.0,6.7,2120.1,0.0,2110.1,0.0,0,0,0,0,0000000000000000000000000000000000000000
1,0x005F580,1727718705,2024-09-30 17:51:45,10.0,0.1,2120.1,0.0,2110.1,0.0,0,0,0,0,0000000000000000000000000000000000000000
1,0x005F5C0,1727718705,2024-09-30 17:51:45,10.0,0.1,10.0,0.0,0.0,0.0,0,0,0,0,0000000000000000000000000000000000000000
1,0x005F600,1727718707,2024-09-30 17:51:47,10.0,0.1,2120.1,0.0,2110.1,0.0,0,0,0,0,0000000000000000000000000000000000000000
1,0x005F640,1727718707,2024-09-30 17:51:47,10.0,0.1,2120.1,0.0,2110.1,0.0,0,0,0,0,0000000000000000000000000000000000000000
1,0x005F680,1727718708,2024-09-30 17:51:48,10.0,0.1,2120.1,0.0,2110.1,0.0,0,0,0,0,0000000000000000000000000000000000000000
1,0x005F6C0,1727718708,2024-09-30 17:51:48,10.0,0.1,10.0,0.0,0.0,0.0,0,0,0,0,0000000000000000000000000000000000000000
1,0x005F700,1727718709,2024-09-30 17:51:49,10.0,0.1,2120.1,0.0,2110.1,0.0,0,0,0,0,0000000000000000000000000000000000000000
1,0x005F740,1727718709,2024-09-30 17:51:49,10.0,0.1,2120.1,0.0,2110.1,0.0,0,0,0,0,0000000000000000000000000000000000000000
1,0x005F780,1727718710,2024-09-30 17:51:50,10.0,0.1,2120.1,0.0,2110.1,0.0,0,0,0,0,0000000000000000000000000000000000000000
1,0x005F7C0,1727718710,2024-09-30 17:51:50,10.0,10.0,2120.1,0.0,2110.1,0.0,0,0,0,0,0000000000000000000000000000000000000000
1,0x005F800,1727718718,2024-09-30 17:51:58,10.0,0.0,2120.1,0.0,2110.1,0.0,0,0,0,0,0000000000000000000000000000000000000000
1,0x005F840,1727718718,2024-09-30 17:51:58,10.0,0.1,2120.1,0.0,2110.1,0.0,0,0,0,0,0000000000000000000000000000000000000000
1,0x005F880,1727718719,2024-09-30 17:51:59,10.0,0.1,2120.1,0.0,2110.1,0.0,0,0,0,0,0000000000000000000000000000000000000000
1,0x005F8C0,1727718719,2024-09-30 17:51:59,10.0,0.1,10.0,0.0,0.0,0.0,0,0,0,0,0000000000000000000000000000000000000000
1,0x005F900,1727718720,2024-09-30 17:52:00,10.0,0.1,2120.1,0.0,2110.1,0.0,0,0,0,0,0000000000000000000000000000000000000000
1,0x005F940,1727718720,2024-09-30 17:52:00,10.1,0.0,2120.2,0.0,2110.1,0.0,0,0,0,0,0000000000000000000000000000000000000000
1,0x005F980,1727718721,2024-09-30 17:52:01,10.1,0.1,2120.2,0.0,2110.1,0.0,0,0,0,0,0000000000000000000000000000000000000000
1,0x005F9C0,1727718721,2024-09-30 17:52:01,10.1,0.1,2120.2,0.0,2110.1,0.0,0,0,0,0,0000000000000000000000000000000000000000
1,0x005FA00,1727718723,2024-09-30 17:52:03,10.1,0.0,2120.2,0.0,2110.1,0.0,0,0,0,0,0000000000000000000000000000000000000000
1,0x005FA40,1727718724,2024-09-30 17:52:04,10.1,0.1,2120.2,0.0,2110.1,0.0,0,0,0,0,0000000000000000000000000000000000000000
1,0x005FA80,1727718724,2024-09-30 17:52:04,10.1,0.1,10.1,0.0,0.0,0.0,0,0,0,0,0000000000000000000000000000000000000000
1,0x005FAC0,1727718725,2024-09-30 17:52:05,10.1,0.1,2120.2,0.0,2110.1,0.0,0,0,0,0,0000000000000000000000000000000000000000
1,0x005FB00,1727718729,2024-09-30 17:52:09,10.1,0.1,10.1,0.0,0.0,0.0,0,0,0,0,0000000000000000000000000000000000000000
1,0x005FB40,1727718730,2024-09-30 17:52:10,10.1,0.0,2120.2,0.0,2110.1,0.0,0,0,0,0,0000000000000000000000000000000000000000
1,0x005FB80,1727718730,2024-09-30 17:52:10,10.1,0.1,2120.2,0.0,2110.1,0.0,0,0,0,0,0000000000000000000000000000000000000000
1,0x005FBC0,1727718731,2024-09-30 17:52:11,10.1,0.1,2120.2,0.0,2110.1,0.0,0,0,0,0,0000000000000000000000000000000000000000
1,0x005FC00,1727718733,2024-09-30 17:52:13,10.1,0.0,2120.2,0.0,2110.1,0.0,0,0,0,0,0000000000000000000000000000000000000000
1,0x005FC40,1727718733,2024-09-30 17:52:13,10.1,0.1,2120.2,0.0,2110.1,0.0,0,0,0,0,0000000000000000000000000000000000000000
1,0x005FC80,1727718734,2024-09-30 17:52:14,10.1,0.1,2120.2,0.0,2110.1,0.0,0,0,0,0,0000000000000000000000000000000000000000
1,0x005FCC0,1727718734,2024-09-30 17:52:14,10.1,0.1,10.1,0.0,0.0,0.0,0,0,0,0,0000000000000000000000000000000000000000
1,0x005FD00,1727718735,2024-09-30 17:52:15,10.1,0.1,2120.2,0.0,2110.1,0.0,0,0,0,0,0000000000000000000000000000000000000000
1,0x005FD40,1727718735,2024-09-30 17:52:15,10.1,0.1,2120.2,0.0,2110.1,0.0,0,0,0,0,0000000000000000000000000000000000000000
1,0x005FD80,1727718736,2024-09-30 17:52:16,10.1,0.1,2120.2,0.0,2110.1,0.0,0,0,0,0,0000000000000000000000000000000000000000
1,0x005FDC0,1727718736,2024-09-30 17:52:16,10.1,0.1,2120.2,0.0,2110.1,0.0,0,0,0,0,0000000000000000000000000000000000000000
1,0x005FE00,1727718738,2024-09-30 17:52:18,10.1,0.1,2120.2,0.0,2110.1,2110.1,0,0,0,0,0000000000000000000000000000000000000000
1,0x005FE40,1727718739,2024-09-30 17:52:19,10.1,0.1,2120.2,0.0,2110.1,0.0,0,0,0,0,0000000000000000000000000000000000000000
1,0x005FE80,1727718739,2024-09-30 17:52:19,10.1,0.1,2120.2,0.0,2110.1,0.0,0,0,0,0,0000000000000000000000000000000000000000
1,0x005FEC0,1727718740,2024-09-30 17:52:20,10.1,0.0,2120.2,0.0,2110.1,0.0,0,0,0,0,0000000000000000000000000000000000000000
1,0x005FF00,1727718740,2024-09-30 17:52:20,10.1,0.1,2120.2,0.0,2110.1,0.0,0,0,0,0,0000000000000000000000000000000000000000
1,0x005FF40,1727718741,2024-09-30 17:52:21,10.1,0.1,2120.2,0.0,2110.1,0.0,0,0,0,0,0000000000000000000000000000000000000000
1,0x005FF80,1727718741,2024-09-30 17:52:21,10.1,10.1,2120.2,0.0,2110.1,0.0,0,0,0,0,0000000000000000000000000000000000000000
1,0x005FFC0,1727718742,2024-09-30 17:52:22,10.1,0.1,2120.2,0.0,2110.1,0.0,0,0,0,0,0000000000000000000000000000000000000000
1,0x0060000,1727718743,2024-09-30 17:52:23,10.1,0.0,2120.2,0.0,2110.1,2110.1,0,0,0,0,0000000000000000000000000000000000000000
1,0x0060040,1727718744,2024-09-30 17:52:24,10.1,0.1,2120.2,0.0,2110.1,0.0,0,0,0,0,0000000000000000000000000000000000000000
1,0x0060080,1727718744,2024-09-30 17:52:24,10.1,0.1,2120.2,0.0,2110.1,0.0,0,0,0,0,0000000000000000000000000000000000000000
1,0x00600C0,1727718745,2024-09-30 17:52:25,10.1,0.1,2120.2,0.0,2110.1,0.0,0,0,0,0,0000000000000000000000000000000000000000
1,0x0060100,1727718746,2024-09-30 17:52:26,10.1,10.1,2120.2,0.0,2110.1,0.0,0,0,0,0,0000000000000000000000000000000000000000
1,0x0060140,1727718747,2024-09-30 17:52:27,10.1,0.1,2120.2,0.0,2110.1,0.0,0,0,0,0,0000000000000000000000000000000000000000
1,0x0060180,1727718748,2024-09-30 17:52:28,10.1,0.1,2120.2,0.0,2110.1,0.0,0,0,0,0,0000000000000000000000000000000000000000
1,0x00601C0,1727718748,2024-09-30 17:52:28,10.1,0.1,2120.2,0.0,2110.1,2110.1,0,0,0,0,0000000000000000000000000000000000000000
1,0x0060200,1727718749,2024-09-30 17:52:29,10.1,0.0,2120.2,0.0,2110.1,0.0,0,0,0,0,0000000000000000000000000000000000000000
1,0x0060240,1727718749,2024-09-30 17:52:29,10.1,0.1,2120.2,0.0,2110.1,0.0,0,0,0,0,0000000000000000000000000000000000000000
1,0x0060280,1727718750,2024-09-30 17:52:30,10.1,0.1,2120.2,0.0,2110.1,0.0,0,0,0,0,0000000000000000000000000000000000000000
1,0x00602C0,1727718750,2024-09-30 17:52:30,10.1,0.1,2120.2,0.0,2110.1,0.0,0,0,0,0,0000000000000000000000000000000000000000
1,0x0060300,1727718751,2024-09-30 17:52:31,10.1,10.1,2120.2,0.0,2110.1,0.0,0,0,0,0,0000000000000000000000000000000000000000
1,0x0060340,1727718752,2024-09-30 17:52:32,10.1,0.1,2120.2,0.0,2110.1,0.0,0,0,0,0,0000000000000000000000000000000000000000
1,0x0060380,1727718753,2024-09-30 17:52:33,10.1,0.0,2120.2,0.0,2110.1,0.0,0,0,0,0,0000000000000000000000000000000000000000
1,0x00603C0,1727718753,2024-09-30 17:52:33,10.1,0.1,2120.2,0.0,2110.1,2110.1,0,0,0,0,0000000000000000000000000000000000000000
2,0x1001000,1763466989,2025-11-18 11:56:29,0.0,0.0,838832.7,0.0,838832.7,0.0,0,0,0,0,0000000000000000000000000000000000000000
2,0x1001040,1763466990,2025-11-18 11:56:30,0.0,0.0,838832.7,0.0,838832.7,0.0,0,0,0,0,0000000000000000000000000000000000000000
2,0x1001080,1763466991,2025-11-18 11:56:31,0.0,0.0,838832.7,0.0,838832.7,0.0,0,0,0,0,0000000000000000000000000000000000000000
2,0x10010C0,1763466992,2025-11-18 11:56:32,0.0,0.0,838832.7,0.0,838832.7,0.0,0,0,0,0,0000000000000000000000000000000000000000
