
v289.elf:     file format elf32-littlearm


Disassembly of section .text:

08008000 <_binary_v289_app1_bin_start>:
08000 subs r1, #80 @ 0x50
08002 movs r0, #0
08004 strh r5, [r4, #10]
08006 lsrs r0, r0, #32
08008 sxth r5, r4
0800a lsrs r0, r0, #32
0800c add r3, sp, #532 @ 0x214
0800e lsrs r0, r0, #32
08010 sxth r1, r4
08012 lsrs r0, r0, #32
08014 ldr r6, [sp, #132] @ 0x84
08016 lsrs r0, r0, #32
08018 stmia r6!, {r0, r1, r2, r4, r5}
0801a lsrs r0, r0, #32
	...
0802c push {r0, r2, r3, r5, r6, r7, lr}
0802e lsrs r0, r0, #32
08030 add r0, pc, #804 @ (adr r0, 8008358 ) ; =0x08008358 rom_08008358
08032 lsrs r0, r0, #32
08034 movs r0, r0
08036 movs r0, r0
08038 sxtb r1, r2
0803a lsrs r0, r0, #32
0803c @ <UNDEFINED> instruction: 0xb70d
0803e lsrs r0, r0, #32
08040 strh r7, [r7, #10]
08042 lsrs r0, r0, #32
08044 strh r7, [r7, #10]
08046 lsrs r0, r0, #32
08048 strh r7, [r7, #10]
0804a lsrs r0, r0, #32
0804c cbz r5, 80080b6 
0804e lsrs r0, r0, #32
08050 strh r7, [r7, #10]
08052 lsrs r0, r0, #32
08054 strh r7, [r7, #10]
08056 lsrs r0, r0, #32
08058 strh r7, [r7, #10]
0805a lsrs r0, r0, #32
0805c strh r7, [r7, #10]
0805e lsrs r0, r0, #32
08060 strh r7, [r7, #10]
08062 lsrs r0, r0, #32
08064 strh r7, [r7, #10]
08066 lsrs r0, r0, #32
08068 strh r7, [r7, #10]
0806a lsrs r0, r0, #32
0806c strh r7, [r7, #10]
0806e lsrs r0, r0, #32
08070 strh r7, [r7, #10]
08072 lsrs r0, r0, #32
08074 strh r7, [r7, #10]
08076 lsrs r0, r0, #32
08078 strh r7, [r7, #10]
0807a lsrs r0, r0, #32
0807c strh r7, [r7, #10]
0807e lsrs r0, r0, #32
08080 strh r7, [r7, #10]
08082 lsrs r0, r0, #32
08084 strh r7, [r7, #10]
08086 lsrs r0, r0, #32
08088 strh r7, [r7, #10]
0808a lsrs r0, r0, #32
0808c strh r7, [r7, #10]
0808e lsrs r0, r0, #32
08090 strh r7, [r7, #10]
08092 lsrs r0, r0, #32
08094 strh r7, [r7, #10]
08096 lsrs r0, r0, #32
08098 strh r7, [r7, #10]
0809a lsrs r0, r0, #32
0809c strh r7, [r7, #10]
0809e lsrs r0, r0, #32
080a0 strh r7, [r7, #10]
080a2 lsrs r0, r0, #32
080a4 strh r7, [r7, #10]
080a6 lsrs r0, r0, #32
080a8 strh r7, [r7, #10]
080aa lsrs r0, r0, #32
080ac strh r7, [r7, #10]
080ae lsrs r0, r0, #32
080b0 strh r7, [r7, #10]
080b2 lsrs r0, r0, #32
080b4 @ <UNDEFINED> instruction: 0xb7bd
080b6 lsrs r0, r0, #32
080b8 strh r7, [r7, #10]
080ba lsrs r0, r0, #32
080bc strh r7, [r7, #10]
080be lsrs r0, r0, #32
080c0 strh r7, [r7, #10]
080c2 lsrs r0, r0, #32
080c4 strh r7, [r7, #10]
080c6 lsrs r0, r0, #32
080c8 strh r7, [r7, #10]
080ca lsrs r0, r0, #32
080cc strh r7, [r7, #10]
080ce lsrs r0, r0, #32
080d0 strh r7, [r7, #10]
080d2 lsrs r0, r0, #32
080d4 stmia r2!, {r0, r2, r3, r5, r6, r7}
080d6 lsrs r0, r0, #32
080d8 stmia r2!, {r0, r2, r4, r5, r6, r7}
080da lsrs r0, r0, #32
080dc stmia r2!, {r0, r2, r3, r4, r5, r6, r7}
080de lsrs r0, r0, #32
080e0 strh r7, [r7, #10]
080e2 lsrs r0, r0, #32
080e4 strh r7, [r7, #10]
080e6 lsrs r0, r0, #32
080e8 strh r7, [r7, #10]
080ea lsrs r0, r0, #32
080ec strh r7, [r7, #10]
080ee lsrs r0, r0, #32
080f0 strh r7, [r7, #10]
080f2 lsrs r0, r0, #32
080f4 strh r7, [r7, #10]
080f6 lsrs r0, r0, #32
080f8 strh r7, [r7, #10]
080fa lsrs r0, r0, #32
080fc movs r0, r0
080fe movs r0, r0
08100 strh r7, [r7, #10]
08102 lsrs r0, r0, #32
08104 movs r0, r0
08106 movs r0, r0
08108 strh r7, [r7, #10]
0810a lsrs r0, r0, #32
0810c strh r7, [r7, #10]
0810e lsrs r0, r0, #32
08110 revsh r5, r6
08112 lsrs r0, r0, #32
08114 revsh r5, r7
08116 lsrs r0, r0, #32
08118 strh r7, [r7, #10]
0811a lsrs r0, r0, #32
0811c strh r7, [r7, #10]
0811e lsrs r0, r0, #32
08120 strh r7, [r7, #10]
08122 lsrs r0, r0, #32
08124 strh r7, [r7, #10]
08126 lsrs r0, r0, #32
08128 strh r7, [r7, #10]
0812a lsrs r0, r0, #32
0812c strh r7, [r7, #10]
0812e lsrs r0, r0, #32
08130 strh r7, [r7, #10]
08132 lsrs r0, r0, #32
08134 strh r7, [r7, #10]
08136 lsrs r0, r0, #32
08138 strh r7, [r7, #10]
0813a lsrs r0, r0, #32
0813c strh r7, [r7, #10]
0813e lsrs r0, r0, #32
08140 strh r7, [r7, #10]
08142 lsrs r0, r0, #32
08144 strh r7, [r7, #10]
08146 lsrs r0, r0, #32
08148 strh r7, [r7, #10]
0814a lsrs r0, r0, #32
0814c strh r7, [r7, #10]
0814e lsrs r0, r0, #32

; ===== fn_08008150  (called 0 x)
08150 ldr.w sp, [pc, #12]
08154 bl fn_08008744

; ===== fn_08008158  (called 1 x)
08158 ldr r0, [pc, #0] ; =0x08016255 fn_08016254
0815a bx r0
0815c str r5, [r2, #36] @ 0x24
0815e lsrs r1, r0, #32
08160 subs r1, #80 @ 0x50
08162 movs r0, #0
08164 ldr r0, [pc, #24] ; =0x0800B715 fn_0800B714
08166 blx r0
08168 ldr r0, [pc, #24] ; =0x08008151 fn_08008150
0816a bx r0
0816c b.n 800816c 
0816e b.n 800816e 
08170 b.n 8008170 
08172 b.n 8008172 
08174 b.n 8008174 
08176 b.n 8008176 
08178 b.n 8008178 
0817a b.n 800817a 
0817c b.n 800817c 
0817e b.n 800817e 
08180 @ <UNDEFINED> instruction: 0xb715
08182 lsrs r0, r0, #32
08184 strh r1, [r2, #10]
08186 lsrs r0, r0, #32

; ===== fn_08008188  (called 2 x)
08188 stmdb sp!, {r4, r5, r6, r7, r8, r9, sl, fp, ip, lr}
0818c mov r5, r0
0818e movs r0, #0
08190 mov sl, r2
08192 mov fp, r3
08194 mov r8, r1
08196 mov r6, r0
08198 mov r9, r0
0819a movs r4, #64 @ 0x40
0819c b.n 80081d6 
0819e mov r0, r5
081a0 mov r1, r8
081a2 mov r7, r8
081a4 mov r2, r4
081a6 bl fn_080081EA
081aa mov r3, sl
081ac mov r2, fp
081ae subs r0, r0, r3
081b0 sbcs r1, r2
081b2 bcc.n 80081d6 
081b4 mov r1, r2
081b6 mov r0, r3
081b8 mov r2, r4
081ba bl fn_08008344
081be subs r5, r5, r0
081c0 sbc.w r8, r7, r1
081c4 mov r7, r9
081c6 mov r2, r4
081c8 movs r0, #1
081ca movs r1, #0
081cc bl fn_08008344
081d0 adds.w r9, r7, r0
081d4 adcs r6, r1
081d6 subs r0, r4, #0
081d8 sub.w r4, r4, #1
081dc bgt.n 800819e 
081de mov r0, r9
081e0 mov r1, r6
081e2 mov r2, r5
081e4 mov r3, r8
081e6 ldmia.w sp!, {r4, r5, r6, r7, r8, r9, sl, fp, ip, pc}

; ===== fn_080081EA  (called 2 x)
081ea cmp r2, #32
081ec blt.n 80081f8 
081ee subs r2, #32
081f0 lsr.w r0, r1, r2
081f4 movs r1, #0
081f6 bx lr
081f8 lsr.w r3, r1, r2
081fc lsrs r0, r2
081fe rsb r2, r2, #32
08202 lsls r1, r2
08204 orrs r0, r1
08206 mov r1, r3
08208 bx lr
0820a movs r0, r0

; ===== fn_0800820C  (called 1 x)
0820c ldr r0, [pc, #0] ; =0x0801B4F4 rom_0801B4F4
0820e bx lr
08210 push {r2, r4, r5, r6, r7}
08212 lsrs r1, r0, #32

; ===== fn_08008214  (called 143 x)
08214 orr.w r3, r0, r1
08218 lsls r3, r3, #30
0821a beq.n 8008224 
0821c b.n 8008232 
0821e ldmia r1!, {r3}
08220 subs r2, r2, #4
08222 stmia r0!, {r3}
08224 cmp r2, #4
08226 bcs.n 800821e 
08228 b.n 8008232 
0822a ldrb.w r3, [r1], #1
0822e strb.w r3, [r0], #1
08232 subs r2, r2, #1
08234 bcs.n 800822a 
08236 bx lr

; ===== fn_08008238  (called 4 x)
08238 uxtb r2, r2
0823a b.n 8008240 
0823c strb.w r2, [r0], #1
08240 subs r1, r1, #1
08242 bcs.n 800823c 
08244 bx lr

; ===== fn_08008246  (called 106 x)
08246 movs r2, #0
08248 b.n 8008238 
0824a push {r4, lr}
0824c mov r3, r2
0824e mov r2, r1
08250 mov r4, r0
08252 mov r1, r3
08254 bl fn_08008238
08258 mov r0, r4
0825a pop {r4, pc}

; ===== fn_0800825C  (called 82 x)
0825c push {r4, r5, lr}
0825e mov r5, r0
08260 mov r2, r5
08262 mov r3, r1
08264 ldrb.w r0, [r2], #1
08268 ldrb.w r4, [r3], #1
0826c cbz r0, 8008272 
0826e cmp r0, r4
08270 beq.n 8008264 
08272 cbz r4, 800827c 
08274 cmp r0, #0
08276 beq.n 800827e 
08278 adds r5, r5, #1
0827a b.n 8008260 
0827c mov r0, r5
0827e pop {r4, r5, pc}

; ===== fn_08008280  (called 1 x)
08280 push {r4, lr}
08282 mov r4, r0
08284 b.n 8008290 
08286 ldrb r3, [r1, #0]
08288 strb.w r3, [r0], #1
0828c cbz r3, 8008290 
0828e adds r1, r1, #1
08290 subs r2, r2, #1
08292 bcs.n 8008286 
08294 mov r0, r4
08296 pop {r4, pc}

; ===== fn_08008298  (called 99 x)
08298 adds r2, r0, #1
0829a ldrb.w r1, [r0], #1
0829e cmp r1, #0
082a0 bne.n 800829a 
082a2 subs r0, r0, r2
082a4 bx lr

; ===== fn_080082A6  (called 34 x)
082a6 push {r4, lr}
082a8 movs r2, #0
082aa b.n 80082ae 
082ac adds r2, r2, #1
082ae ldrb r3, [r0, r2]
082b0 ldrb r4, [r1, r2]
082b2 cmp r3, r4
082b4 bne.n 80082ba 
082b6 cmp r3, #0
082b8 bne.n 80082ac 
082ba uxtb r0, r3
082bc uxtb r1, r4
082be subs r0, r0, r1
082c0 pop {r4, pc}

; ===== fn_080082C2  (called 8 x)
082c2 push {r4, r5, lr}
082c4 mov r4, r0
082c6 movs r0, #0
082c8 mov r3, r0
082ca b.n 80082ce 
082cc adds r3, r3, #1
082ce cmp r3, r2
082d0 bcs.n 80082da 
082d2 ldrb r0, [r4, r3]
082d4 ldrb r5, [r1, r3]
082d6 subs r0, r0, r5
082d8 beq.n 80082cc 
082da pop {r4, r5, pc}

; ===== fn_080082DC  (called 1 x)
082dc push {r4, r5, lr}
082de mov r5, r0
082e0 movs r0, #0
082e2 b.n 80082f6 
082e4 mov r2, r1
082e6 b.n 80082ee 
082e8 cmp r3, r4
082ea beq.n 80082fc 
082ec adds r2, r2, #1
082ee ldrb r3, [r2, #0]
082f0 cmp r3, #0
082f2 bne.n 80082e8 
082f4 adds r0, r0, #1
082f6 ldrb r4, [r5, r0]
082f8 cmp r4, #0
082fa bne.n 80082e4 
082fc pop {r4, r5, pc}

; ===== fn_080082FE  (called 17 x)
082fe push {r4, r5, r6, lr}
08300 mov r6, r0
08302 bl fn_0800C9E4
08306 ldr r4, [r0, #0]
08308 mov r5, r0
0830a movs r2, #10
0830c movs r1, #0
0830e mov r0, r6
08310 bl fn_08008362
08314 str r4, [r5, #0]
08316 pop {r4, r5, r6, pc}

; ===== fn_08008318  (called 2 x)
08318 push {r4, r5, lr}
0831a mov r3, r1
0831c mov r1, r0
0831e movs r0, #0
08320 movs r2, #32
08322 movs r4, #1
08324 b.n 800833a 
08326 lsr.w r5, r1, r2
0832a cmp r5, r3
0832c bcc.n 800833a 
0832e lsl.w r5, r3, r2
08332 subs r1, r1, r5
08334 lsl.w r5, r4, r2
08338 add r0, r5
0833a subs r5, r2, #0
0833c sub.w r2, r2, #1
08340 bgt.n 8008326 
08342 pop {r4, r5, pc}

; ===== fn_08008344  (called 5 x)
08344 cmp r2, #32
08346 blt.n 8008352 
08348 subs r2, #32
0834a lsl.w r1, r0, r2
0834e movs r0, #0
08350 bx lr
08352 lsls r1, r2
08354 rsb r3, r2, #32
08358 lsr.w r3, r0, r3
0835c orrs r1, r3
0835e lsls r0, r2
08360 bx lr

; ===== fn_08008362  (called 1 x)
08362 stmdb sp!, {r4, r5, r6, r7, r8, r9, sl, lr}
08366 mov r9, r2
08368 mov r7, r1
0836a mov r8, r0
0836c mov r4, r0
0836e movs r6, #0
08370 ldrb.w r5, [r4], #1
08374 cbz r5, 8008382 
08376 bl fn_0800820C
0837a ldr r0, [r0, #0]
0837c ldrb r0, [r0, r5]
0837e lsls r0, r0, #31
08380 bne.n 8008370 
08382 cmp r5, #43 @ 0x2b
08384 beq.n 800838c 
08386 cmp r5, #45 @ 0x2d
08388 beq.n 80083bc 
0838a subs r4, r4, #1
0838c mov r2, r9
0838e mov r1, r7
08390 mov r0, r4
08392 bl fn_0800878C
08396 cbz r7, 80083a2 
08398 ldr r1, [r7, #0]
0839a cmp r1, r4
0839c bne.n 80083a2 
0839e str.w r8, [r7]
083a2 lsls r1, r6, #21
083a4 mov.w r4, #2
083a8 bpl.n 80083c2 
083aa negs r0, r0
083ac cmp r0, #0
083ae ble.n 80083b8 
083b0 bl fn_0800C9E4
083b4 str r4, [r0, #0]
083b6 lsls r0, r4, #30
083b8 ldmia.w sp!, {r4, r5, r6, r7, r8, r9, sl, pc}
083bc orr.w r6, r6, #1024 @ 0x400
083c0 b.n 800838c 
083c2 cmp r0, #0
083c4 bge.n 80083b8 
083c6 bl fn_0800C9E4
083ca str r4, [r0, #0]
083cc mvn.w r0, #2147483648 @ 0x80000000
083d0 b.n 80083b8 

; ===== fn_080083D2  (called 1 x)
083d2 stmdb sp!, {r1, r2, r3, r4, r5, r6, r7, r8, r9, sl, fp, lr}
083d6 mov r8, r0
083d8 eor.w r0, r1, r3
083dc lsrs r0, r0, #31
083de mov r4, r1
083e0 str r0, [sp, #0]
083e2 bic.w r1, r1, #2147483648 @ 0x80000000
083e6 bic.w r5, r3, #2147483648 @ 0x80000000
083ea subs.w r0, r8, r2
083ee sbcs r1, r5
083f0 bcs.n 80083fe 
083f2 mov r0, r8
083f4 mov r1, r4
083f6 mov r8, r2
083f8 mov r4, r3
083fa mov r3, r1
083fc mov r2, r0
083fe bic.w r0, r3, #2147483648 @ 0x80000000
08402 orrs r0, r2
08404 beq.n 8008496 
08406 lsrs r7, r4, #20
08408 ubfx r0, r7, #0, #11
0840c ubfx r1, r3, #20, #11
08410 str r0, [sp, #8]
08412 subs r0, r0, r1
08414 str r0, [sp, #4]
08416 cmp r0, #64 @ 0x40
08418 bge.n 80084f2 
0841a ubfx r0, r3, #0, #20
0841e orr.w fp, r0, #1048576 @ 0x100000
08422 ldr r0, [sp, #0]
08424 mov sl, r2
08426 cbz r0, 8008432 
08428 movs r3, #0
0842a rsbs sl, r2, r3
0842e sbc.w fp, r3, fp
08432 ldr r0, [sp, #4]
08434 mov r1, fp
08436 rsb r2, r0, #64 @ 0x40
0843a mov r0, sl
0843c bl fn_08008344
08440 mov r6, r0
08442 mov r5, r1
08444 mov r0, sl
08446 mov r1, fp
08448 ldr r2, [sp, #4]
0844a bl fn_08008768
0844e adds.w r0, r0, r8
08452 adcs r1, r4
08454 movs r4, #0
08456 eor.w r2, r7, r1, lsr #20
0845a eor.w r3, r4, r7, asr #31
0845e orrs r2, r3
08460 beq.n 80084e4 
08462 ldr r2, [sp, #0]
08464 cbz r2, 80084c0 
08466 ldr r2, [sp, #4]
08468 cmp r2, #1
0846a mov.w r2, r7, lsl #20
0846e bgt.n 800849c 
08470 subs r0, r0, r4
08472 sbc.w r1, r1, r2
08476 mov.w r2, #2147483648 @ 0x80000000
0847a and.w r2, r2, r7, lsl #20
0847e strd r4, r2, [sp]
08482 adds r0, r0, #0
08484 adc.w r1, r1, #1048576 @ 0x100000
08488 mov r2, r6
0848a mov r3, r5
0848c bl fn_08008848
08490 add sp, #12
08492 ldmia.w sp!, {r4, r5, r6, r7, r8, r9, sl, fp, pc}
08496 mov r0, r8
08498 mov r1, r4
0849a b.n 8008490 
0849c subs r0, r0, r4
0849e sbc.w r1, r1, r2
084a2 adds r0, r0, #0
084a4 adc.w r3, r1, #1048576 @ 0x100000
084a8 adds r0, r0, r0
084aa adcs r3, r3
084ac adds r0, r4, r0
084ae sub.w r7, r2, #2097152 @ 0x200000
084b2 adc.w r1, r7, r3
084b6 orr.w r0, r0, r5, lsr #31
084ba adds r6, r6, r6
084bc adcs r5, r5
084be b.n 80084e4 
084c0 lsrs r5, r5, #1
084c2 mov.w r6, r6, rrx
084c6 orr.w r5, r5, r0, lsl #31
084ca mov.w r2, r7, lsl #20
084ce subs r0, r0, r4
084d0 sbc.w r1, r1, r2
084d4 adds r0, r0, #0
084d6 adc.w r1, r1, #1048576 @ 0x100000
084da lsrs r1, r1, #1
084dc mov.w r0, r0, rrx
084e0 adds r0, r0, r4
084e2 adcs r1, r2
084e4 mov r2, r6
084e6 mov r3, r5
084e8 add sp, #12
084ea ldmia.w sp!, {r4, r5, r6, r7, r8, r9, sl, fp, lr}
084ee b.w 800882a 
084f2 ldr r0, [sp, #0]
084f4 movs r2, #1
084f6 lsls r0, r0, #1
084f8 movs r3, #0
084fa rsbs r2, r0, r2
084fe sbc.w r3, r3, r0, asr #31
08502 ldr r0, [sp, #0]
08504 mov r1, r4
08506 mov.w r4, r0, asr #31
0850a subs.w r0, r8, r0
0850e sbc.w r1, r1, r4
08512 b.n 80084e8 
08514 eor.w r3, r3, #2147483648 @ 0x80000000
08518 b.n 80083d2 
0851a eor.w r1, r1, #2147483648 @ 0x80000000
0851e b.n 80083d2 

; ===== fn_08008520  (called 4 x)
08520 stmdb sp!, {r1, r2, r3, r4, r5, r6, r7, r8, r9, sl, fp, lr}
08524 eor.w r4, r1, r3
08528 and.w r4, r4, #2147483648 @ 0x80000000
0852c bic.w r1, r1, #2147483648 @ 0x80000000
08530 str r4, [sp, #0]
08532 mov.w fp, #0
08536 bic.w r3, r3, #2147483648 @ 0x80000000
0853a orrs.w r4, r0, r1
0853e beq.n 80085fe 
08540 orrs.w r4, r2, r3
08544 beq.n 80085fe 
08546 ubfx r4, r3, #20, #11
0854a ubfx r5, r1, #20, #11
0854e add r4, r5
08550 subw r4, r4, #1011 @ 0x3f3
08554 str r4, [sp, #4]
08556 umull r5, r4, r0, r2
0855a ubfx r1, r1, #0, #20
0855e orr.w r1, r1, #1048576 @ 0x100000
08562 ubfx r3, r3, #0, #20
08566 orr.w r3, r3, #1048576 @ 0x100000
0856a mla r4, r1, r2, r4
0856e mla lr, r0, r3, r4
08572 lsrs r4, r0, #10
08574 lsrs r7, r2, #10
08576 orr.w r4, r4, r1, lsl #22
0857a orr.w r7, r7, r3, lsl #22
0857e umull r6, r8, r4, r7
08582 str r5, [sp, #8]
08584 lsrs r5, r1, #10
08586 mla r5, r5, r7, r8
0858a mov.w ip, r3, lsr #10
0858e mla r4, r4, ip, r5
08592 lsls r7, r4, #20
08594 ldr r5, [sp, #8]
08596 mov.w r8, r6, lsl #20
0859a orr.w r7, r7, r6, lsr #12
0859e subs.w r5, r5, r8
085a2 sbc.w ip, lr, r7
085a6 lsrs r7, r0, #26
085a8 lsrs r2, r2, #26
085aa orr.w r7, r7, r1, lsl #6
085ae orr.w r2, r2, r3, lsl #6
085b2 umull r0, r1, r7, r2
085b6 subs.w r1, r6, fp
085ba sbc.w r4, r4, r0
085be lsrs r3, r5, #20
085c0 orr.w r3, r3, ip, lsl #12
085c4 adds r6, r3, r1
085c6 adc.w r0, r4, ip, lsr #20
085ca mov sl, fp
085cc mov r1, sl
085ce umlal r0, r1, r7, r2
085d2 ubfx r4, r5, #0, #20
085d6 mov.w r3, fp, lsl #12
085da orr.w r3, r3, r4, lsr #20
085de mov.w r2, r4, lsl #12
085e2 ldr r4, [sp, #4]
085e4 orr.w r3, r3, r6
085e8 sub.w r4, r4, #12
085ec str r4, [sp, #8]
085ee ldr r4, [sp, #0]
085f0 strd fp, r4, [sp]
085f4 bl fn_08008848
085f8 add sp, #12
085fa ldmia.w sp!, {r4, r5, r6, r7, r8, r9, sl, fp, pc}
085fe movs r0, #0
08600 mov r1, r0
08602 b.n 80085f8 

; ===== fn_08008604  (called 2 x)
08604 stmdb sp!, {r4, r5, r6, r7, r8, sl, fp, lr}
08608 eor.w r4, r1, r3
0860c and.w fp, r4, #2147483648 @ 0x80000000
08610 bic.w r5, r1, #2147483648 @ 0x80000000
08614 mov r4, r2
08616 mov.w sl, #0
0861a bic.w r1, r3, #2147483648 @ 0x80000000
0861e orrs.w r2, r0, r5
08622 beq.n 8008666 
08624 orrs.w r2, r4, r1
08628 beq.n 8008666 
0862a ubfx r7, r5, #20, #11
0862e mov r2, r0
08630 ubfx r3, r5, #0, #20
08634 ubfx r0, r1, #0, #20
08638 ubfx r6, r1, #20, #11
0863c orr.w r5, r0, #1048576 @ 0x100000
08640 orr.w r3, r3, #1048576 @ 0x100000
08644 sub.w r8, r7, r6
08648 subs r0, r2, r4
0864a mov lr, sl
0864c addw r8, r8, #1021 @ 0x3fd
08650 sbcs.w r0, r3, r5
08654 bcc.n 800865c 
08656 add.w r8, r8, #1
0865a b.n 8008660 
0865c adds r2, r2, r2
0865e adcs r3, r3
08660 cmp.w r8, #0
08664 bge.n 800866e 
08666 movs r0, #0
08668 mov r1, r0
0866a ldmia.w sp!, {r4, r5, r6, r7, r8, sl, fp, pc}
0866e movs r0, #0
08670 mov.w r1, #1048576 @ 0x100000
08674 mov r6, r0
08676 mov ip, r0
08678 b.n 8008698 
0867a subs r7, r2, r4
0867c sbcs.w r7, r3, r5
08680 bcc.n 800868e 
08682 subs r2, r2, r4
08684 sbc.w r3, r3, r5
08688 orrs r6, r0
0868a orr.w ip, ip, r1
0868e lsrs r1, r1, #1
08690 mov.w r0, r0, rrx
08694 adds r2, r2, r2
08696 adcs r3, r3
08698 orrs.w r7, r0, r1
0869c bne.n 800867a 
0869e orrs.w r0, r2, r3
086a2 beq.n 80086ca 
086a4 eor.w r0, r2, r4
086a8 eor.w r1, r3, r5
086ac orrs r0, r1
086ae beq.n 80086bc 
086b0 subs r0, r2, r4
086b2 sbcs r3, r5
086b4 bcs.n 80086c4 
086b6 movs r2, #1
086b8 movs r3, #0
086ba b.n 80086ca 
086bc movs r2, #0
086be mov.w r3, #2147483648 @ 0x80000000
086c2 b.n 80086ca 
086c4 mvn.w r2, #1
086c8 asrs r3, r2, #1
086ca adds.w r0, sl, r6
086ce adc.w r1, ip, r8, lsl #20
086d2 adds.w r0, r0, sl
086d6 adc.w r1, r1, fp
086da ldmia.w sp!, {r4, r5, r6, r7, r8, sl, fp, lr}
086de b.w 800882a 

; ===== fn_080086E2  (called 1 x)
086e2 ubfx r2, r1, #20, #11
086e6 ubfx r1, r1, #0, #20
086ea movw r3, #1023 @ 0x3ff
086ee orr.w r1, r1, #1048576 @ 0x100000
086f2 cmp r2, r3
086f4 bge.n 80086fc 
086f6 movs r0, #0
086f8 mov r1, r0
086fa bx lr
086fc movw r3, #1075 @ 0x433
08700 cmp r2, r3
08702 subw r2, r2, #1075 @ 0x433
08706 bgt.n 800870e 
08708 negs r2, r2
0870a b.w 80081ea 
0870e b.w 8008344 
08712 movs r0, r0

; ===== fn_08008714  (called 1 x)
08714 push {r4, r5, lr}
08716 subs r4, r0, #0
08718 sbcs.w r4, r1, #0
0871c blt.n 8008728 
0871e mov.w r4, #2147483648 @ 0x80000000
08722 negs r0, r0
08724 sbc.w r1, r4, r1
08728 subs r4, r2, #0
0872a sbcs.w r4, r3, #0
0872e blt.n 800873c 
08730 mov r4, r3
08732 mov.w r3, #2147483648 @ 0x80000000
08736 negs r2, r2
08738 sbc.w r3, r3, r4
0873c cmp r1, r3
0873e it eq
08740 cmpeq r0, r2
08742 pop {r4, r5, pc}

; ===== fn_08008744  (called 1 x)
08744 ldr r4, [pc, #24] ; =0x0801B7E0 rom_0801B7E0
08746 ldr r5, [pc, #28] ; =0x0801B800 rom_0801B800
08748 b.n 8008758 
0874a ldr r0, [r4, #12]
0874c orr.w r3, r0, #1
08750 ldmia.w r4, {r0, r1, r2}
08754 blx r3
08756 adds r4, #16
08758 cmp r4, r5
0875a bcc.n 800874a 
0875c bl fn_08008158
08760 @ <UNDEFINED> instruction: 0xb7e0
08762 lsrs r1, r0, #32
08764 @ <UNDEFINED> instruction: 0xb800
08766 lsrs r1, r0, #32

; ===== fn_08008768  (called 1 x)
08768 cmp r2, #32
0876a blt.n 800877a 
0876c asrs r3, r1, #31
0876e subs r2, #32
08770 asr.w r0, r1, r2
08774 orr.w r3, r3, r0, asr #31
08778 b.n 8008788 
0877a asr.w r3, r1, r2
0877e lsrs r0, r2
08780 rsb r2, r2, #32
08784 lsls r1, r2
08786 orrs r0, r1
08788 mov r1, r3
0878a bx lr

; ===== fn_0800878C  (called 1 x)
0878c stmdb sp!, {r4, r5, r6, r7, r8, r9, sl, fp, ip, lr}
08790 mov sl, r0
08792 ldrb r0, [r0, #0]
08794 movs r7, #0
08796 mov r5, r2
08798 mov fp, r1
0879a add.w r4, sl, #1
0879e mov r9, r7
087a0 cmp r0, #48 @ 0x30
087a2 beq.n 80087a8 
087a4 cbz r5, 80087ce 
087a6 b.n 80087d0 
087a8 ldrb.w r0, [r4], #1
087ac movs r7, #1
087ae cmp r0, #120 @ 0x78
087b0 beq.n 80087ba 
087b2 cmp r0, #88 @ 0x58
087b4 beq.n 80087ba 
087b6 cbz r5, 80087ca 
087b8 b.n 80087d0 
087ba cbz r5, 80087c0 
087bc cmp r5, #16
087be bne.n 80087d0 
087c0 movs r7, #0
087c2 movs r5, #16
087c4 ldrb.w r0, [r4], #1
087c8 b.n 80087d0 
087ca movs r5, #8
087cc b.n 80087d0 
087ce movs r5, #10
087d0 movs r6, #0
087d2 mov r8, r6
087d4 b.n 80087f4 
087d6 mla r0, r5, r8, r0
087da mul.w r1, r5, r6
087de movs r7, #1
087e0 add.w r6, r1, r0, lsr #16
087e4 uxth.w r8, r0
087e8 cmp.w r6, #65536 @ 0x10000
087ec bcc.n 80087f0 
087ee mov r9, r7
087f0 ldrb.w r0, [r4], #1
087f4 mov r1, r5
087f6 bl fn_080088E4
087fa cmp r0, #0
087fc bge.n 80087d6 
087fe cmp.w fp, #0
08802 beq.n 8008810 
08804 cbz r7, 800880a 
08806 subs r4, r4, #1
08808 b.n 800880c 
0880a mov r4, sl
0880c str.w r4, [fp]
08810 cmp.w r9, #0
08814 beq.n 8008824 
08816 bl fn_0800C9E4
0881a movs r1, #2
0881c str r1, [r0, #0]
0881e subs r0, r1, #3
08820 ldmia.w sp!, {r4, r5, r6, r7, r8, r9, sl, fp, ip, pc}
08824 orr.w r0, r8, r6, lsl #16
08828 b.n 8008820 
0882a push {r4, lr}
0882c subs r4, r2, #0
0882e sbcs.w r4, r3, #0
08832 bge.n 8008846 
08834 adds r0, r0, #1
08836 adc.w r1, r1, #0
0883a adds r2, r2, r2
0883c adcs r3, r3
0883e orrs r2, r3
08840 bne.n 8008846 
08842 bic.w r0, r0, #1
08846 pop {r4, pc}

; ===== fn_08008848  (called 2 x)
08848 stmdb sp!, {r4, r5, r6, r7, r8, sl, fp, lr}
0884c mov sl, r2
0884e mov fp, r3
08850 cbz r1, 8008858 
08852 clz r2, r1
08856 b.n 800885e 
08858 clz r2, r0
0885c adds r2, #32
0885e mov r8, r2
08860 bl fn_08008344
08864 mov r4, r0
08866 mov r7, r1
08868 orr.w r0, r0, sl
0886c orr.w r1, r1, fp
08870 mov r3, sl
08872 mov r2, fp
08874 orrs r0, r1
08876 beq.n 80088a0 
08878 mov r1, r2
0887a orrs.w r0, r3, r1
0887e beq.n 80088b4 
08880 rsb r2, r8, #64 @ 0x40
08884 mov r0, sl
08886 bl fn_080081EA
0888a mov r5, r0
0888c mov r6, r1
0888e mov r0, sl
08890 mov r1, fp
08892 mov r2, r8
08894 bl fn_08008344
08898 orrs r0, r1
0889a beq.n 80088a8 
0889c movs r0, #1
0889e b.n 80088aa 
088a0 mov r0, r4
088a2 mov r1, r7
088a4 ldmia.w sp!, {r4, r5, r6, r7, r8, sl, fp, pc}
088a8 movs r0, #0
088aa orrs r5, r0
088ac orr.w r6, r6, r0, asr #31
088b0 orrs r4, r5
088b2 orrs r7, r6
088b4 ldr r0, [sp, #40] @ 0x28
088b6 lsls r3, r4, #21
088b8 lsrs r4, r4, #11
088ba sub.w r0, r0, r8
088be movs r2, #0
088c0 lsrs r5, r7, #11
088c2 orr.w r4, r4, r7, lsl #21
088c6 adds r0, #10
088c8 bpl.n 80088d0 
088ca movs r0, #0
088cc mov r1, r0
088ce b.n 80088a4 
088d0 lsls r1, r0, #20
088d2 adds r0, r2, r4
088d4 adcs r1, r5
088d6 ldrd r4, r5, [sp, #32]
088da adds r0, r0, r4
088dc adcs r1, r5
088de ldmia.w sp!, {r4, r5, r6, r7, r8, sl, fp, lr}
088e2 b.n 800882a 

; ===== fn_080088E4  (called 1 x)
088e4 cmp r0, #58 @ 0x3a
088e6 bcs.n 80088ea 
088e8 subs r0, #48 @ 0x30
088ea bic.w r2, r0, #32
088ee cmp r2, #65 @ 0x41
088f0 bcc.n 80088f6 
088f2 sub.w r0, r2, #55 @ 0x37
088f6 cmp r0, r1
088f8 bcc.n 80088fe 
088fa mov.w r0, #4294967295
088fe bx lr

; ===== fn_08008900  (called 1 x)
08900 push {r4, r5, r6, lr}
08902 mov r4, r0
08904 nop
08906 movs r6, #0
08908 movs r3, #5
0890a mov r2, r4
0890c movs r1, #0
0890e ldr r0, [pc, #84] ; =0x40012400 ADC0
08910 bl fn_0800D76C
08914 movs r1, #1
08916 ldr r0, [pc, #76] ; =0x40012400 ADC0
08918 bl fn_0800D820
0891c movs r1, #2
0891e ldr r0, [pc, #68] ; =0x40012400 ADC0
08920 bl fn_0800D73C
08924 b.n 8008934 
08926 adds r0, r6, #1
08928 uxth r6, r0
0892a movw r0, #9999 @ 0x270f
0892e cmp r6, r0
08930 ble.n 8008934 
08932 b.n 8008940 
08934 movs r1, #2
08936 ldr r0, [pc, #44] ; =0x40012400 ADC0
08938 bl fn_0800D742
0893c cmp r0, #0
0893e beq.n 8008926 
08940 nop
08942 ldr r0, [pc, #32] ; =0x40012400 ADC0
08944 bl fn_0800D818
08948 ubfx r5, r0, #0, #12
0894c movw r1, #36300 @ 0x8dcc
08950 mul.w r0, r5, r1
08954 asrs r1, r0, #31
08956 add.w r1, r0, r1, lsr #20
0895a ubfx r5, r1, #12, #16
0895e mov r0, r5
08960 pop {r4, r5, r6, pc}
08962 movs r0, r0
08964 movs r4, #0
08966 ands r1, r0

; ===== fn_08008968  (called 1 x)
08968 push {r4, lr}
0896a movw r0, #1540 @ 0x604
0896e bl fn_08016820
08972 movw r0, #1545 @ 0x609
08976 bl fn_08016820
0897a movs r0, #3
0897c bl fn_080163B8
08980 movs r3, #3
08982 movs r2, #4
08984 movs r1, #0
08986 ldr r0, [pc, #64] ; =0x40011000 GPIOC
08988 bl fn_08015B58
0898c movs r0, #0
0898e bl fn_0800D750
08992 movs r1, #0
08994 ldr r0, [pc, #52] ; =0x40012400 ADC0
08996 bl fn_0800D6A6
0899a movs r2, #1
0899c mov r1, r2
0899e ldr r0, [pc, #44] ; =0x40012400 ADC0
089a0 bl fn_0800D660
089a4 mov.w r2, #917504 @ 0xe0000
089a8 movs r1, #1
089aa ldr r0, [pc, #32] ; =0x40012400 ADC0
089ac bl fn_0800D70C
089b0 movs r2, #1
089b2 mov r1, r2
089b4 ldr r0, [pc, #20] ; =0x40012400 ADC0
089b6 bl fn_0800D6CE
089ba ldr r0, [pc, #16] ; =0x40012400 ADC0
089bc bl fn_0800D6BC
089c0 ldr r0, [pc, #8] ; =0x40012400 ADC0
089c2 bl fn_0800D636
089c6 pop {r4, pc}
089c8 asrs r0, r0, #32
089ca ands r1, r0
089cc movs r4, #0
089ce ands r1, r0

; ===== fn_080089D0  (called 2 x)
089d0 ldr r0, [pc, #4] ; =0x20000058 ram_20000058
089d2 ldrb r0, [r0, #0]
089d4 bx lr
089d6 movs r0, r0
089d8 lsls r0, r3, #1
089da movs r0, #0

; ===== fn_080089DC  (called 1 x)
089dc ldr r0, [pc, #4] ; =0x2000006F ram_2000006F
089de ldrsb.w r0, [r0]
089e2 bx lr
089e4 lsls r7, r5, #1
089e6 movs r0, #0

; ===== fn_080089E8  (called 1 x)
089e8 push {r4, lr}
089ea movs r4, #0
089ec movs r0, #9
089ee bl fn_0800A808
089f2 movs r0, #10
089f4 bl fn_0800A6C0
089f8 movs r0, #8
089fa bl fn_0800A808
089fe movs r0, #100 @ 0x64
08a00 bl fn_0800A6C0
08a04 movs r3, #0
08a06 mov r2, r3
08a08 mov.w r1, #115200 @ 0x1c200
08a0c movs r0, #3
08a0e bl fn_0800A990
08a12 movs r1, #20
08a14 movs r0, #3
08a16 bl fn_0800AAA8
08a1a movs r2, #0
08a1c ldr r1, [pc, #104] ; =0x0800E075 fn_0800E074
08a1e movs r0, #3
08a20 bl fn_0800AA4C
08a24 ldr r1, [pc, #100] ; =0x2000005A ram_2000005A
08a26 ldr r0, [pc, #104] ; =0x0800DD1D fn_0800DD1C
08a28 bl fn_0800A0CC
08a2c ldr r3, [pc, #100] ; =0x20000059 ram_20000059
08a2e movs r2, #0
08a30 ldr r1, [pc, #100] ; =0x0800D841 fn_0800D840
08a32 mov.w r0, #500 @ 0x1f4
08a36 bl fn_0800B7C4
08a3a mov r4, r0
08a3c cbnz r4, 8008a40 
08a3e b.n 8008a4a 
08a40 movw r1, #843 @ 0x34b
08a44 add r0, pc, #84 @ (adr r0, 8008a9c ) ; =0x08008A9C "..\\src\\app\\app_bt.c"
08a46 bl fn_08009D9C
08a4a ldr r0, [pc, #72] ; =0x20000059 ram_20000059
08a4c ldrb r0, [r0, #0]
08a4e bl fn_0800BA34
08a52 movs r1, #0
08a54 ldr r0, [pc, #52] ; =0x2000005A ram_2000005A
08a56 ldrb r0, [r0, #0]
08a58 bl fn_0800A1F4
08a5c movs r0, #0
08a5e ldr r1, [pc, #80] ; =0x2000006D ram_2000006D
08a60 strb r0, [r1, #0]
08a62 ldr r0, [pc, #80] ; =0x08018B9C rom_08018B9C
08a64 ldrb r0, [r0, #0]
08a66 ldr r1, [pc, #76] ; =0x08018B9C rom_08018B9C
08a68 ldrb r1, [r1, #1]
08a6a add.w r0, r0, r1, lsl #8
08a6e ldr r1, [pc, #72] ; =0x20000060 ram_20000060
08a70 str r0, [r1, #0]
08a72 movs r0, #2
08a74 ldr r1, [pc, #68] ; =0x2000005C ram_2000005C
08a76 str r0, [r1, #0]
08a78 add r3, pc, #68 @ (adr r3, 8008ac0 ) ; =0x08008AC0 "BT Program is update......"
08a7a movw r2, #853 @ 0x355
08a7e add r1, pc, #28 @ (adr r1, 8008a9c ) ; =0x08008A9C "..\\src\\app\\app_bt.c"
08a80 movs r0, #1
08a82 bl fn_08009EBC
08a86 pop {r4, pc}
08a88 b.n 8008b76 
08a8a lsrs r0, r0, #32
08a8c lsls r2, r3, #1
08a8e movs r0, #0
08a90 ble.n 8008ace 
08a92 lsrs r0, r0, #32
08a94 lsls r1, r3, #1
08a96 movs r0, #0
08a98 bhi.n 8008b1e 
08a9a lsrs r0, r0, #32
08a9c cmp r6, #46 @ 0x2e
08a9e strb r4, [r3, #13]
08aa0 str r2, [r6, #52] @ 0x34
08aa2 str r4, [r3, #20]
08aa4 strb r0, [r6, #1]
08aa6 str r4, [r3, #20]
08aa8 strb r0, [r6, #1]
08aaa str r7, [r3, #36] @ 0x24
08aac cmp r6, #116 @ 0x74
08aae lsls r3, r4, #1
08ab0 lsls r5, r5, #1
08ab2 movs r0, #0
08ab4 ldrh r4, [r3, #28]
08ab6 lsrs r1, r0, #32
08ab8 lsls r0, r4, #1
08aba movs r0, #0
08abc lsls r4, r3, #1
08abe movs r0, #0
08ac0 strb r2, [r0, r1]
08ac2 str r0, [r4, r0]
08ac4 ldr r2, [r6, #116] @ 0x74
08ac6 strb r7, [r4, #9]
08ac8 ldr r1, [r4, #84] @ 0x54
08aca ldr r0, [r4, #16]
08acc movs r0, #115 @ 0x73
08ace strb r5, [r6, #1]
08ad0 str r4, [r4, #20]
08ad2 str r4, [r6, #84] @ 0x54
08ad4 cmp r6, #46 @ 0x2e
08ad6 cmp r6, #46 @ 0x2e
08ad8 cmp r6, #46 @ 0x2e
08ada movs r0, r0

; ===== fn_08008ADC  (called 1 x)
08adc push {r4, r5, r6, r7, lr}
08ade subw sp, sp, #1028 @ 0x404
08ae2 mov r7, r0
08ae4 mov r5, r1
08ae6 movs r4, #0
08ae8 movs r6, #0
08aea nop
08aec ldr r0, [pc, #412] ; =0x20000058 ram_20000058
08aee ldrb r0, [r0, #0]
08af0 cbnz r0, 8008af4 
08af2 b.n 8008c82 
08af4 cmp.w r5, #500 @ 0x1f4
08af8 ble.n 8008afc 
08afa b.n 8008c82 
08afc mov.w r1, #512 @ 0x200
08b00 add r0, sp, #4
08b02 bl fn_08008246
08b06 mov r2, r5
08b08 mov r1, r7
08b0a add r0, sp, #4
08b0c bl fn_08008214
08b10 subs r0, r5, #1
08b12 add r1, sp, #4
08b14 ldrb r0, [r1, r0]
08b16 cmp r0, #59 @ 0x3b
08b18 beq.n 8008b32 
08b1a movs r2, #13
08b1c mov r0, r5
08b1e adds r1, r5, #1
08b20 uxth r5, r1
08b22 add r1, sp, #4
08b24 strb r2, [r1, r0]
08b26 movs r2, #10
08b28 mov r0, r5
08b2a adds r1, r5, #1
08b2c uxth r5, r1
08b2e add r1, sp, #4
08b30 strb r2, [r1, r0]
08b32 mov.w r1, #512 @ 0x200
08b36 add r0, sp, #516 @ 0x204
08b38 bl fn_08008246
08b3c ldr r0, [pc, #336] ; =0x2000006E ram_2000006E
08b3e ldrb r0, [r0, #0]
08b40 cmp r0, #0
08b42 bne.n 8008bc4 
08b44 movs r2, #1
08b46 mov r0, r4
08b48 adds r1, r4, #1
08b4a uxtb r4, r1
08b4c add r1, sp, #516 @ 0x204
08b4e strb r2, [r1, r0]
08b50 movs r2, #5
08b52 mov r0, r4
08b54 adds r1, r4, #1
08b56 uxtb r4, r1
08b58 add r1, sp, #516 @ 0x204
08b5a strb r2, [r1, r0]
08b5c b.n 8008ba2 
08b5e movs r2, #127 @ 0x7f
08b60 mov r0, r4
08b62 adds r1, r4, #1
08b64 uxtb r4, r1
08b66 add r1, sp, #516 @ 0x204
08b68 strb r2, [r1, r0]
08b6a add r2, sp, #4
08b6c adds r1, r2, r6
08b6e add r2, sp, #516 @ 0x204
08b70 adds r0, r2, r4
08b72 movs r2, #127 @ 0x7f
08b74 bl fn_08008214
08b78 add.w r0, r4, #127 @ 0x7f
08b7c uxtb r4, r0
08b7e movs r2, #1
08b80 mov r0, r4
08b82 adds r1, r4, #1
08b84 uxtb r4, r1
08b86 add r1, sp, #516 @ 0x204
08b88 strb r2, [r1, r0]
08b8a movs r2, #5
08b8c mov r0, r4
08b8e adds r1, r4, #1
08b90 uxtb r4, r1
08b92 add r1, sp, #516 @ 0x204
08b94 strb r2, [r1, r0]
08b96 sub.w r0, r5, #127 @ 0x7f
08b9a uxth r5, r0
08b9c add.w r0, r6, #127 @ 0x7f
08ba0 uxtb r6, r0
08ba2 cmp r5, #127 @ 0x7f
08ba4 bgt.n 8008b5e 
08ba6 mov r0, r4
08ba8 adds r1, r4, #1
08baa uxtb r4, r1
08bac add r1, sp, #516 @ 0x204
08bae strb r5, [r1, r0]
08bb0 add r2, sp, #4
08bb2 adds r1, r2, r6
08bb4 add r2, sp, #516 @ 0x204
08bb6 adds r0, r2, r4
08bb8 mov r2, r5
08bba bl fn_08008214
08bbe adds r0, r4, r5
08bc0 uxtb r4, r0
08bc2 b.n 8008c76 
08bc4 movs r2, #1
08bc6 mov r0, r4
08bc8 adds r1, r4, #1
08bca uxtb r4, r1
08bcc add r1, sp, #516 @ 0x204
08bce strb r2, [r1, r0]
08bd0 movs r2, #9
08bd2 mov r0, r4
08bd4 adds r1, r4, #1
08bd6 uxtb r4, r1
08bd8 add r1, sp, #516 @ 0x204
08bda strb r2, [r1, r0]
08bdc b.n 8008c3a 
08bde movs r2, #127 @ 0x7f
08be0 mov r0, r4
08be2 adds r1, r4, #1
08be4 uxtb r4, r1
08be6 add r1, sp, #516 @ 0x204
08be8 strb r2, [r1, r0]
08bea movs r2, #42 @ 0x2a
08bec mov r0, r4
08bee adds r1, r4, #1
08bf0 uxtb r4, r1
08bf2 add r1, sp, #516 @ 0x204
08bf4 strb r2, [r1, r0]
08bf6 movs r2, #0
08bf8 mov r0, r4
08bfa adds r1, r4, #1
08bfc uxtb r4, r1
08bfe add r1, sp, #516 @ 0x204
08c00 strb r2, [r1, r0]
08c02 add r2, sp, #4
08c04 adds r1, r2, r6
08c06 add r2, sp, #516 @ 0x204
08c08 adds r0, r2, r4
08c0a movs r2, #125 @ 0x7d
08c0c bl fn_08008214
08c10 add.w r0, r4, #125 @ 0x7d
08c14 uxtb r4, r0
08c16 movs r2, #1
08c18 mov r0, r4
08c1a adds r1, r4, #1
08c1c uxtb r4, r1
08c1e add r1, sp, #516 @ 0x204
08c20 strb r2, [r1, r0]
08c22 movs r2, #9
08c24 mov r0, r4
08c26 adds r1, r4, #1
08c28 uxtb r4, r1
08c2a add r1, sp, #516 @ 0x204
08c2c strb r2, [r1, r0]
08c2e sub.w r0, r5, #125 @ 0x7d
08c32 uxth r5, r0
08c34 add.w r0, r6, #125 @ 0x7d
08c38 uxtb r6, r0
08c3a cmp r5, #125 @ 0x7d
08c3c bgt.n 8008bde 
08c3e adds r0, r5, #2
08c40 uxtb r2, r0
08c42 mov r0, r4
08c44 adds r1, r4, #1
08c46 uxtb r4, r1
08c48 add r1, sp, #516 @ 0x204
08c4a strb r2, [r1, r0]
08c4c movs r2, #42 @ 0x2a
08c4e mov r0, r4
08c50 adds r1, r4, #1
08c52 uxtb r4, r1
08c54 add r1, sp, #516 @ 0x204
08c56 strb r2, [r1, r0]
08c58 movs r2, #0
08c5a mov r0, r4
08c5c adds r1, r4, #1
08c5e uxtb r4, r1
08c60 add r1, sp, #516 @ 0x204
08c62 strb r2, [r1, r0]
08c64 add r2, sp, #4
08c66 adds r1, r2, r6
08c68 add r2, sp, #516 @ 0x204
08c6a adds r0, r2, r4
08c6c mov r2, r5
08c6e bl fn_08008214
08c72 adds r0, r4, r5
08c74 uxtb r4, r0
08c76 mov r2, r4
08c78 add r1, sp, #516 @ 0x204
08c7a movs r0, #3
08c7c bl fn_0800A924
08c80 nop
08c82 nop
08c84 addw sp, sp, #1028 @ 0x404
08c88 pop {r4, r5, r6, r7, pc}
08c8a movs r0, r0
08c8c lsls r0, r3, #1
08c8e movs r0, #0
08c90 lsls r6, r5, #1
08c92 movs r0, #0

; ===== fn_08008C94  (called 2 x)
08c94 push {r3, lr}
08c96 add r0, pc, #36 @ (adr r0, 8008cbc ) ; =0x08008CBC rom_08008CBC
08c98 ldr r0, [r0, #0]
08c9a str r0, [sp, #0]
08c9c ldr r0, [pc, #32] ; =0x20000058 ram_20000058
08c9e ldrb r0, [r0, #0]
08ca0 cbz r0, 8008cba 
08ca2 movs r2, #3
08ca4 mov r1, sp
08ca6 mov r0, r2
08ca8 bl fn_0800A924
08cac add r3, pc, #20 @ (adr r3, 8008cc4 ) ; =0x08008CC4 "get blue rssi!"
08cae mov.w r2, #736 @ 0x2e0
08cb2 add r1, pc, #32 @ (adr r1, 8008cd4 ) ; =0x08008CD4 "..\\src\\app\\app_bt.c"
08cb4 movs r0, #1
08cb6 bl fn_08009EBC
08cba pop {r3, pc}
08cbc str r1, [r0, #112] @ 0x70
08cbe movs r0, r0
08cc0 lsls r0, r3, #1
08cc2 movs r0, #0
08cc4 str r7, [r4, #84] @ 0x54
08cc6 movs r0, #116 @ 0x74
08cc8 ldr r2, [r4, #68] @ 0x44
08cca str r5, [r6, #84] @ 0x54
08ccc strb r0, [r4, #8]
08cce strb r3, [r6, #13]
08cd0 movs r1, #105 @ 0x69
08cd2 movs r0, r0
08cd4 cmp r6, #46 @ 0x2e
08cd6 strb r4, [r3, #13]
08cd8 str r2, [r6, #52] @ 0x34
08cda str r4, [r3, #20]
08cdc strb r0, [r6, #1]
08cde str r4, [r3, #20]
08ce0 strb r0, [r6, #1]
08ce2 str r7, [r3, #36] @ 0x24
08ce4 cmp r6, #116 @ 0x74
08ce6 lsls r3, r4, #1

; ===== fn_08008CE8  (called 1 x)
08ce8 push {r4, r5, r6, lr}
08cea sub sp, #232 @ 0xe8
08cec mov r5, r0
08cee movs r4, #0
08cf0 movs r6, #0
08cf2 nop
08cf4 mov r0, r5
08cf6 bl fn_08008298
08cfa uxtb r4, r0
08cfc cmp r4, #16
08cfe ble.n 8008d04 
08d00 movs r6, #3
08d02 b.n 8008d64 
08d04 mov r0, r5
08d06 bl fn_08008298
08d0a uxtb r4, r0
08d0c mov r0, sp
08d0e bl fn_08008DF8
08d12 movs r2, #116 @ 0x74
08d14 mov r1, sp
08d16 add r0, sp, #116 @ 0x74
08d18 bl fn_08008214
08d1c mov r2, r4
08d1e mov r1, r5
08d20 add r0, sp, #152 @ 0x98
08d22 bl fn_08008214
08d26 subs r0, r4, #1
08d28 add r1, sp, #152 @ 0x98
08d2a ldrb r0, [r1, r0]
08d2c cmp r0, #44 @ 0x2c
08d2e bne.n 8008d38 
08d30 movs r2, #0
08d32 subs r0, r4, #1
08d34 strb r2, [r1, r0]
08d36 b.n 8008d44 
08d38 movs r2, #0
08d3a mov r0, r4
08d3c adds r1, r4, #1
08d3e uxtb r4, r1
08d40 add r1, sp, #152 @ 0x98
08d42 strb r2, [r1, r0]
08d44 add r0, sp, #152 @ 0x98
08d46 add r3, pc, #36 @ (adr r3, 8008d6c ) ; =0x08008D6C "Set Bt Name: %s"
08d48 movw r2, #669 @ 0x29d
08d4c add r1, pc, #44 @ (adr r1, 8008d7c ) ; =0x08008D7C "..\\src\\app\\app_bt.c"
08d4e str r0, [sp, #0]
08d50 movs r0, #0
08d52 bl fn_08009EBC
08d56 movs r0, #90 @ 0x5a
08d58 strb.w r0, [sp, #118] @ 0x76
08d5c add r0, sp, #116 @ 0x74
08d5e bl fn_08008FEC
08d62 nop
08d64 nop
08d66 mov r0, r6
08d68 add sp, #232 @ 0xe8
08d6a pop {r4, r5, r6, pc}
08d6c str r3, [r2, #84] @ 0x54
08d6e movs r0, #116 @ 0x74
08d70 strb r2, [r0, #17]
08d72 ldr r6, [pc, #128] ; =0x20000068 ram_20000068
08d74 ldr r1, [r4, #84] @ 0x54
08d76 subs r2, #101 @ 0x65
08d78 movs r5, #32
08d7a lsls r3, r6, #1
08d7c cmp r6, #46 @ 0x2e
08d7e strb r4, [r3, #13]
08d80 str r2, [r6, #52] @ 0x34
08d82 str r4, [r3, #20]
08d84 strb r0, [r6, #1]
08d86 str r4, [r3, #20]
08d88 strb r0, [r6, #1]
08d8a str r7, [r3, #36] @ 0x24
08d8c cmp r6, #116 @ 0x74
08d8e lsls r3, r4, #1

; ===== fn_08008D90  (called 1 x)
08d90 push {r4, r5, r6, lr}
08d92 sub sp, #232 @ 0xe8
08d94 mov r4, r0
08d96 movs r5, #0
08d98 movs r6, #0
08d9a nop
08d9c mov r0, r4
08d9e bl fn_08008298
08da2 uxtb r5, r0
08da4 cmp r5, #4
08da6 beq.n 8008dac 
08da8 movs r6, #3
08daa b.n 8008dd6 
08dac mov r0, r4
08dae bl fn_08008298
08db2 uxtb r5, r0
08db4 mov r0, sp
08db6 bl fn_08008DF8
08dba movs r2, #116 @ 0x74
08dbc mov r1, sp
08dbe add r0, sp, #116 @ 0x74
08dc0 bl fn_08008214
08dc4 ldr r0, [r4, #0]
08dc6 str r0, [sp, #168] @ 0xa8
08dc8 movs r0, #90 @ 0x5a
08dca strb.w r0, [sp, #119] @ 0x77
08dce add r0, sp, #116 @ 0x74
08dd0 bl fn_08008FEC
08dd4 nop
08dd6 nop
08dd8 mov r0, r6
08dda add sp, #232 @ 0xe8
08ddc pop {r4, r5, r6, pc}
08dde movs r0, r0

; ===== fn_08008DE0  (called 1 x)
08de0 ldr r1, [pc, #4] ; =0x20000064 ram_20000064
08de2 str r0, [r1, #0]
08de4 bx lr
08de6 movs r0, r0
08de8 lsls r4, r4, #1
08dea movs r0, #0

; ===== fn_08008DEC  (called 1 x)
08dec ldr r1, [pc, #4] ; =0x20000068 ram_20000068
08dee str r0, [r1, #0]
08df0 bx lr
08df2 movs r0, r0
08df4 lsls r0, r5, #1
08df6 movs r0, #0

; ===== fn_08008DF8  (called 17 x)
08df8 push {r4, r5, r6, lr}
08dfa mov r5, r0
08dfc movs r4, #0
08dfe movs r4, #1
08e00 b.n 8008e74 
08e02 ldr r0, [pc, #128] ; =0x2000295C ram_2000295C
08e04 ldrb r0, [r0, #2]
08e06 cmp r0, #90 @ 0x5a
08e08 bne.n 8008e24 
08e0a subs r0, r4, #1
08e0c ldr r1, [pc, #116] ; =0x2000295C ram_2000295C
08e0e adds r1, #36 @ 0x24
08e10 ldrb r0, [r1, r0]
08e12 cmp r0, #13
08e14 bne.n 8008e24 
08e16 mov r0, r1
08e18 ldrb r0, [r0, r4]
08e1a cmp r0, #10
08e1c bne.n 8008e24 
08e1e movs r2, #0
08e20 subs r0, r4, #1
08e22 strb r2, [r1, r0]
08e24 ldr r0, [pc, #92] ; =0x2000295C ram_2000295C
08e26 ldrb r0, [r0, #1]
08e28 cmp r0, #90 @ 0x5a
08e2a bne.n 8008e4a 
08e2c subs r0, r4, #1
08e2e ldr r1, [pc, #84] ; =0x2000295C ram_2000295C
08e30 adds r1, #20
08e32 ldrb r0, [r1, r0]
08e34 cmp r0, #13
08e36 bne.n 8008e4a 
08e38 mov r0, r1
08e3a ldrb r0, [r0, r4]
08e3c cmp r0, #10
08e3e bne.n 8008e4a 
08e40 movs r2, #0
08e42 subs r1, r4, #1
08e44 ldr r0, [pc, #60] ; =0x2000295C ram_2000295C
08e46 adds r0, #20
08e48 strb r2, [r0, r1]
08e4a ldr r0, [pc, #56] ; =0x2000295C ram_2000295C
08e4c ldrb r0, [r0, #0]
08e4e cmp r0, #90 @ 0x5a
08e50 bne.n 8008e70 
08e52 subs r0, r4, #1
08e54 ldr r1, [pc, #44] ; =0x2000295C ram_2000295C
08e56 adds r1, r1, #4
08e58 ldrb r0, [r1, r0]
08e5a cmp r0, #13
08e5c bne.n 8008e70 
08e5e mov r0, r1
08e60 ldrb r0, [r0, r4]
08e62 cmp r0, #10
08e64 bne.n 8008e70 
08e66 movs r2, #0
08e68 subs r1, r4, #1
08e6a ldr r0, [pc, #24] ; =0x2000295C ram_2000295C
08e6c adds r0, r0, #4
08e6e strb r2, [r0, r1]
08e70 adds r0, r4, #1
08e72 uxtb r4, r0
08e74 cmp r4, #16
08e76 blt.n 8008e02 
08e78 movs r2, #116 @ 0x74
08e7a ldr r1, [pc, #8] ; =0x2000295C ram_2000295C
08e7c mov r0, r5
08e7e bl fn_08008214
08e82 pop {r4, r5, r6, pc}
08e84 cmp r1, #92 @ 0x5c
08e86 movs r0, #0

; ===== fn_08008E88  (called 1 x)
08e88 ldr r0, [pc, #4] ; =0x200000C3 ram_200000C3
08e8a ldrb r0, [r0, #0]
08e8c bx lr
08e8e movs r0, r0
08e90 lsls r3, r0, #3
08e92 movs r0, #0

; ===== fn_08008E94  (called 1 x)
08e94 push {r3, lr}
08e96 movs r1, #116 @ 0x74
08e98 ldr r0, [pc, #156] ; =0x2000295C ram_2000295C
08e9a bl fn_08008246
08e9e movs r2, #116 @ 0x74
08ea0 ldr r1, [pc, #148] ; =0x2000295C ram_2000295C
08ea2 movs r0, #0
08ea4 bl fn_0800A6DC
08ea8 ldr r0, [pc, #140] ; =0x2000295C ram_2000295C
08eaa ldrb r0, [r0, #0]
08eac cmp r0, #90 @ 0x5a
08eae bne.n 8008ec2 
08eb0 ldr r0, [pc, #132] ; =0x2000295C ram_2000295C
08eb2 adds r0, r0, #4
08eb4 add r3, pc, #132 @ (adr r3, 8008f3c ) ; =0x08008F3C "WIFI SSID: %s"
08eb6 movs r2, #223 @ 0xdf
08eb8 add r1, pc, #144 @ (adr r1, 8008f4c ) ; =0x08008F4C "..\\src\\app\\app_cfg.c"
08eba str r0, [sp, #0]
08ebc movs r0, #1
08ebe bl fn_08009EBC
08ec2 ldr r0, [pc, #116] ; =0x2000295C ram_2000295C
08ec4 ldrb r0, [r0, #1]
08ec6 cmp r0, #90 @ 0x5a
08ec8 bne.n 8008edc 
08eca ldr r0, [pc, #108] ; =0x2000295C ram_2000295C
08ecc adds r0, #20
08ece add r3, pc, #148 @ (adr r3, 8008f64 ) ; =0x08008F64 "WIFI PWD: %s"
08ed0 movs r2, #227 @ 0xe3
08ed2 add r1, pc, #120 @ (adr r1, 8008f4c ) ; =0x08008F4C "..\\src\\app\\app_cfg.c"
08ed4 str r0, [sp, #0]
08ed6 movs r0, #1
08ed8 bl fn_08009EBC
08edc ldr r0, [pc, #88] ; =0x2000295C ram_2000295C
08ede ldrb r0, [r0, #2]
08ee0 cmp r0, #90 @ 0x5a
08ee2 bne.n 8008ef6 
08ee4 ldr r0, [pc, #80] ; =0x2000295C ram_2000295C
08ee6 adds r0, #36 @ 0x24
08ee8 add r3, pc, #136 @ (adr r3, 8008f74 ) ; =0x08008F74 "BT NAME: %s"
08eea movs r2, #231 @ 0xe7
08eec add r1, pc, #92 @ (adr r1, 8008f4c ) ; =0x08008F4C "..\\src\\app\\app_cfg.c"
08eee str r0, [sp, #0]
08ef0 movs r0, #1
08ef2 bl fn_08009EBC
08ef6 ldr r0, [pc, #64] ; =0x2000295C ram_2000295C
08ef8 ldrb r0, [r0, #3]
08efa cmp r0, #90 @ 0x5a
08efc bne.n 8008f10 
08efe ldr r0, [pc, #56] ; =0x2000295C ram_2000295C
08f00 adds r0, #52 @ 0x34
08f02 add r3, pc, #124 @ (adr r3, 8008f80 ) ; =0x08008F80 "BT PWD: %s"
08f04 movs r2, #235 @ 0xeb
08f06 add r1, pc, #68 @ (adr r1, 8008f4c ) ; =0x08008F4C "..\\src\\app\\app_cfg.c"
08f08 str r0, [sp, #0]
08f0a movs r0, #1
08f0c bl fn_08009EBC
08f10 ldr r0, [pc, #36] ; =0x2000295C ram_2000295C
08f12 ldrb.w r0, [r0, #111] @ 0x6f
08f16 cmp r0, #90 @ 0x5a
08f18 bne.n 8008f2e 
08f1a ldr r0, [pc, #28] ; =0x2000295C ram_2000295C
08f1c ldr r0, [r0, #112] @ 0x70
08f1e add r3, pc, #108 @ (adr r3, 8008f8c ) ; =0x08008F8C "HeatTime: %dms"
08f20 movs r2, #239 @ 0xef
08f22 add r1, pc, #40 @ (adr r1, 8008f4c ) ; =0x08008F4C "..\\src\\app\\app_cfg.c"
08f24 str r0, [sp, #0]
08f26 movs r0, #1
08f28 bl fn_08009EBC
08f2c b.n 8008f36 
08f2e mov.w r0, #1000 @ 0x3e8
08f32 ldr r1, [pc, #4] ; =0x2000295C ram_2000295C
08f34 str r0, [r1, #112] @ 0x70
08f36 pop {r3, pc}
08f38 cmp r1, #92 @ 0x5c
08f3a movs r0, #0
08f3c ldr r1, [pc, #348] ; =0x2001D100 
08f3e ldr r1, [pc, #280] ; =0xD108280D 
08f40 strh r0, [r4, r4]
08f42 ldr r1, [pc, #332] ; =0x200000C3 ram_200000C3
08f44 subs r2, #68 @ 0x44
08f46 movs r5, #32
08f48 lsls r3, r6, #1
08f4a movs r0, r0
08f4c cmp r6, #46 @ 0x2e
08f4e strb r4, [r3, #13]
08f50 str r2, [r6, #52] @ 0x34
08f52 str r4, [r3, #20]
08f54 strb r0, [r6, #1]
08f56 str r4, [r3, #20]
08f58 strb r0, [r6, #1]
08f5a str r7, [r3, #52] @ 0x34
08f5c str r6, [r4, #116] @ 0x74
08f5e str r6, [r5, #48] @ 0x30
08f60 movs r0, r0
08f62 movs r0, r0
08f64 ldr r1, [pc, #348] ; =0xF8A6F7FF 
08f66 ldr r1, [pc, #280] ; =0x0000BD70 
08f68 str r0, [r4, r0]
08f6a add r7, sl
08f6c movs r0, #58 @ 0x3a
08f6e strb r5, [r4, #12]
08f70 movs r0, r0
08f72 movs r0, r0
08f74 strb r2, [r0, r1]
08f76 ldr r6, [pc, #128] ; =0xF90CF7FF 
08f78 ldr r5, [pc, #260] ; =0x0000BD70 
08f7a subs r2, #69 @ 0x45
08f7c movs r5, #32
08f7e lsls r3, r6, #1
08f80 strb r2, [r0, r1]
08f82 str r0, [r4, r0]
08f84 add r7, sl
08f86 movs r0, #58 @ 0x3a
08f88 strb r5, [r4, #12]
08f8a movs r0, r0
08f8c str r0, [r1, #84] @ 0x54
08f8e strb r1, [r4, #17]
08f90 ldr r4, [r2, #20]
08f92 str r5, [r5, #84] @ 0x54
08f94 movs r0, #58 @ 0x3a
08f96 str r5, [r4, #64] @ 0x40
08f98 strb r5, [r5, #13]
08f9a movs r0, r0

; ===== fn_08008F9C  (called 1 x)
08f9c push {r4, lr}
08f9e movs r1, #116 @ 0x74
08fa0 ldr r0, [pc, #48] ; =0x2000295C ram_2000295C
08fa2 bl fn_08008246
08fa6 movs r2, #14
08fa8 add r1, pc, #44 @ (adr r1, 8008fd8 ) ; =0x08008FD8 "118.89.111.211"
08faa ldr r0, [pc, #40] ; =0x2000295C ram_2000295C
08fac adds r0, #71 @ 0x47
08fae bl fn_08008214
08fb2 movs r1, #0
08fb4 ldr r0, [pc, #28] ; =0x2000295C ram_2000295C
08fb6 strb.w r1, [r0, #85] @ 0x55
08fba add r1, pc, #44 @ (adr r1, 8008fe8 ) ; =0x08008FE8 "80"
08fbc ldrh r1, [r1, #0]
08fbe strh.w r1, [r0, #86] @ 0x56
08fc2 movs r1, #0
08fc4 strb.w r1, [r0, #88] @ 0x58
08fc8 movs r2, #116 @ 0x74
08fca mov r1, r0
08fcc movs r0, #0
08fce bl fn_0800A6F0
08fd2 pop {r4, pc}
08fd4 cmp r1, #92 @ 0x5c
08fd6 movs r0, #0
08fd8 adds r1, #49 @ 0x31
08fda cmp r6, #56 @ 0x38
08fdc subs r1, #56 @ 0x38
08fde adds r1, #46 @ 0x2e
08fe0 adds r1, #49 @ 0x31
08fe2 adds r2, #46 @ 0x2e
08fe4 adds r1, #49 @ 0x31
08fe6 movs r0, r0
08fe8 adds r0, #56 @ 0x38
08fea movs r0, r0

; ===== fn_08008FEC  (called 14 x)
08fec push {r4, r5, r6, lr}
08fee mov r5, r0
08ff0 movs r4, #0
08ff2 movs r2, #116 @ 0x74
08ff4 mov r1, r5
08ff6 ldr r0, [pc, #140] ; =0x2000295C ram_2000295C
08ff8 bl fn_08008214
08ffc movs r4, #1
08ffe b.n 8009072 
09000 ldr r0, [pc, #128] ; =0x2000295C ram_2000295C
09002 ldrb r0, [r0, #2]
09004 cmp r0, #90 @ 0x5a
09006 bne.n 8009022 
09008 subs r0, r4, #1
0900a ldr r1, [pc, #120] ; =0x2000295C ram_2000295C
0900c adds r1, #36 @ 0x24
0900e ldrb r0, [r1, r0]
09010 cmp r0, #13
09012 bne.n 8009022 
09014 mov r0, r1
09016 ldrb r0, [r0, r4]
09018 cmp r0, #10
0901a bne.n 8009022 
0901c movs r2, #0
0901e subs r0, r4, #1
09020 strb r2, [r1, r0]
09022 ldr r0, [pc, #96] ; =0x2000295C ram_2000295C
09024 ldrb r0, [r0, #1]
09026 cmp r0, #90 @ 0x5a
09028 bne.n 8009048 
0902a subs r0, r4, #1
0902c ldr r1, [pc, #84] ; =0x2000295C ram_2000295C
0902e adds r1, #20
09030 ldrb r0, [r1, r0]
09032 cmp r0, #13
09034 bne.n 8009048 
09036 mov r0, r1
09038 ldrb r0, [r0, r4]
0903a cmp r0, #10
0903c bne.n 8009048 
0903e movs r2, #0
09040 subs r1, r4, #1
09042 ldr r0, [pc, #64] ; =0x2000295C ram_2000295C
09044 adds r0, #20
09046 strb r2, [r0, r1]
09048 ldr r0, [pc, #56] ; =0x2000295C ram_2000295C
0904a ldrb r0, [r0, #0]
0904c cmp r0, #90 @ 0x5a
0904e bne.n 800906e 
09050 subs r0, r4, #1
09052 ldr r1, [pc, #48] ; =0x2000295C ram_2000295C
09054 adds r1, r1, #4
09056 ldrb r0, [r1, r0]
09058 cmp r0, #13
0905a bne.n 800906e 
0905c mov r0, r1
0905e ldrb r0, [r0, r4]
09060 cmp r0, #10
09062 bne.n 800906e 
09064 movs r2, #0
09066 subs r1, r4, #1
09068 ldr r0, [pc, #24] ; =0x2000295C ram_2000295C
0906a adds r0, r0, #4
0906c strb r2, [r0, r1]
0906e adds r0, r4, #1
09070 uxtb r4, r0
09072 cmp r4, #16
09074 blt.n 8009000 
09076 movs r2, #116 @ 0x74
09078 ldr r1, [pc, #8] ; =0x2000295C ram_2000295C
0907a movs r0, #0
0907c bl fn_0800A6F0
09080 pop {r4, r5, r6, pc}
09082 movs r0, r0
09084 cmp r1, #92 @ 0x5c
09086 movs r0, #0

; ===== fn_08009088  (called 4 x)
09088 ldr r1, [pc, #4] ; =0x200000C3 ram_200000C3
0908a strb r0, [r1, #0]
0908c bx lr
0908e movs r0, r0
09090 lsls r3, r0, #3
09092 movs r0, #0

; ===== fn_08009094  (called 2 x)
09094 movs r0, #0
09096 ldr r1, [pc, #12] ; =0x20000088 ram_20000088
09098 ldrb r1, [r1, #0]
0909a cmp r1, #2
0909c bne.n 80090a0 
0909e movs r0, #1
090a0 bx lr
090a2 movs r0, r0
090a4 lsls r0, r1, #2
090a6 movs r0, #0

; ===== fn_080090A8  (called 2 x)
090a8 push {r4, r5, r6, lr}
090aa mov r4, r0
090ac movs r5, #0
090ae ldr r0, [pc, #28] ; =0x2000265C ram_2000265C
090b0 ldr r0, [r0, #16]
090b2 cbnz r0, 80090be 
090b4 ldr r0, [pc, #20] ; =0x2000265C ram_2000265C
090b6 ldr r0, [r0, #4]
090b8 cbnz r0, 80090be 
090ba movs r5, #2
090bc b.n 80090c8 
090be movs r2, #20
090c0 ldr r1, [pc, #8] ; =0x2000265C ram_2000265C
090c2 mov r0, r4
090c4 bl fn_08008214
090c8 mov r0, r5
090ca pop {r4, r5, r6, pc}
090cc movs r6, #92 @ 0x5c
090ce movs r0, #0

; ===== fn_080090D0  (called 1 x)
090d0 push {r4, lr}
090d2 mov r4, r0
090d4 movs r2, #15
090d6 ldr r1, [pc, #8] ; =0x20002670 ram_20002670
090d8 mov r0, r4
090da bl fn_08008214
090de pop {r4, pc}
090e0 movs r6, #112 @ 0x70
090e2 movs r0, #0

; ===== fn_080090E4  (called 2 x)
090e4 ldr r0, [pc, #4] ; =0x2000007B ram_2000007B
090e6 ldrb r0, [r0, #0]
090e8 bx lr
090ea movs r0, r0
090ec lsls r3, r7, #1
090ee movs r0, #0

; ===== fn_080090F0  (called 1 x)
090f0 push {r4, lr}
090f2 sub sp, #232 @ 0xe8
090f4 movs r4, #0
090f6 mov r0, sp
090f8 bl fn_08008DF8
090fc movs r2, #116 @ 0x74
090fe mov r1, sp
09100 add r0, sp, #116 @ 0x74
09102 bl fn_08008214
09106 movs r0, #10
09108 bl fn_0800A808
0910c movs r0, #6
0910e bl fn_0800A808
09112 movs r0, #100 @ 0x64
09114 bl fn_0800A6C0
09118 movs r0, #7
0911a bl fn_0800A808
0911e mov.w r0, #600 @ 0x258
09122 bl fn_0800A6C0
09126 movs r0, #7
09128 bl fn_0800A7BC
0912c movs r3, #0
0912e mov r2, r3
09130 mov.w r1, #115200 @ 0x1c200
09134 movs r0, #4
09136 bl fn_0800A990
0913a movs r1, #20
0913c movs r0, #4
0913e bl fn_0800AAA8
09142 ldr r2, [pc, #148] ; =0x0800FC1D fn_0800FC1C
09144 ldr r1, [pc, #148] ; =0x0800F361 fn_0800F360
09146 movs r0, #4
09148 bl fn_0800AA4C
0914c ldr r1, [pc, #144] ; =0x20000078 ram_20000078
0914e ldr r0, [pc, #148] ; =0x0800F805 fn_0800F804
09150 bl fn_0800A0CC
09154 ldr r1, [pc, #144] ; =0x20000079 ram_20000079
09156 ldr r0, [pc, #148] ; =0x0800E559 fn_0800E558
09158 bl fn_0800A0CC
0915c ldr r3, [pc, #144] ; =0x20000075 ram_20000075
0915e movs r2, #0
09160 ldr r1, [pc, #144] ; =0x0800F7E1 fn_0800F7E0
09162 movw r0, #10000 @ 0x2710
09166 bl fn_0800B7C4
0916a mov r4, r0
0916c cbnz r4, 8009170 
0916e b.n 800917a 
09170 movw r1, #1738 @ 0x6ca
09174 add r0, pc, #128 @ (adr r0, 80091f8 ) ; =0x080091F8 "..\\src\\app\\app_ec20.c"
09176 bl fn_08009D9C
0917a ldr r3, [pc, #148] ; =0x20000076 ram_20000076
0917c movs r2, #0
0917e ldr r1, [pc, #148] ; =0x0800E5B9 fn_0800E5B8
09180 ldr r0, [sp, #228] @ 0xe4
09182 bl fn_0800B7EA
09186 mov r4, r0
09188 cbnz r4, 800918c 
0918a b.n 8009196 
0918c movw r1, #1741 @ 0x6cd
09190 add r0, pc, #100 @ (adr r0, 80091f8 ) ; =0x080091F8 "..\\src\\app\\app_ec20.c"
09192 bl fn_08009D9C
09196 ldr r3, [pc, #128] ; =0x20000077 ram_20000077
09198 movs r2, #0
0919a ldr r1, [pc, #128] ; =0x0800E3C5 fn_0800E3C4
0919c movw r0, #15000 @ 0x3a98
091a0 bl fn_0800B7EA
091a4 mov r4, r0
091a6 cbnz r4, 80091aa 
091a8 b.n 80091b4 
091aa mov.w r1, #1744 @ 0x6d0
091ae add r0, pc, #72 @ (adr r0, 80091f8 ) ; =0x080091F8 "..\\src\\app\\app_ec20.c"
091b0 bl fn_08009D9C
091b4 movs r1, #5
091b6 movs r0, #3
091b8 bl fn_0800AFE0
091bc movs r1, #1
091be movs r0, #2
091c0 bl fn_0800AFE0
091c4 add r3, pc, #88 @ (adr r3, 8009220 ) ; =0x08009220 "EC20_Init OK!"
091c6 movw r2, #1749 @ 0x6d5
091ca add r1, pc, #44 @ (adr r1, 80091f8 ) ; =0x080091F8 "..\\src\\app\\app_ec20.c"
091cc movs r0, #0
091ce bl fn_08009EBC
091d2 add sp, #232 @ 0xe8
091d4 pop {r4, pc}
091d6 movs r0, r0
091d8 @ <UNDEFINED> instruction: 0xfc1d0800
091dc bfi r8, r1, #0, #1
091e0 lsls r0, r7, #1
091e2 movs r0, #0
091e4 strb.w r0, [r5, <undefined>]
091e8 lsls r1, r7, #1
091ea movs r0, #0
091ec b.n 8008ca2 
091ee lsrs r0, r0, #32
091f0 lsls r5, r6, #1
091f2 movs r0, #0
091f4 @ <UNDEFINED> instruction: 0xf7e10800
091f8 cmp r6, #46 @ 0x2e
091fa strb r4, [r3, #13]
091fc str r2, [r6, #52] @ 0x34
091fe str r4, [r3, #20]
09200 strb r0, [r6, #1]
09202 str r4, [r3, #20]
09204 strb r0, [r6, #1]
09206 str r7, [r3, #84] @ 0x54
09208 adds r2, #99 @ 0x63
0920a cmp r6, #48 @ 0x30
0920c lsls r3, r4, #1
0920e movs r0, r0
09210 lsls r6, r6, #1
09212 movs r0, #0
09214 b.n 8008d8a 
09216 lsrs r0, r0, #32
09218 lsls r7, r6, #1
0921a movs r0, #0
0921c b.n 80099aa 
0921e lsrs r0, r0, #32
09220 muls r5, r0
09222 adds r0, #50 @ 0x32
09224 ldr r1, [pc, #380] ; =0x540AA902 
09226 ldr r6, [r5, #20]
09228 movs r0, #116 @ 0x74
0922a ldr r3, [pc, #316] ; =0xB9107800 
0922c movs r1, r4
0922e movs r0, r0

; ===== fn_08009230  (called 3 x)
09230 ldr r1, [pc, #4] ; =0x2000007A ram_2000007A
09232 strb r0, [r1, #0]
09234 bx lr
09236 movs r0, r0
09238 lsls r2, r7, #1
0923a movs r0, #0

; ===== fn_0800923C  (called 4 x)
0923c push {r4, r5, r6, r7, lr}
0923e sub.w sp, sp, #780 @ 0x30c
09242 mov r5, r0
09244 mov r4, r1
09246 movs r6, #0
09248 movs r7, #0
0924a nop
0924c mov.w r1, #256 @ 0x100
09250 add r0, sp, #12
09252 bl fn_08008246
09256 mov r2, r4
09258 mov r1, r5
0925a add r0, sp, #12
0925c bl fn_08008214
09260 ldrb.w r0, [sp, #12]
09264 cmp r0, #119 @ 0x77
09266 bne.n 8009270 
09268 ldrb.w r0, [sp, #13]
0926c cmp r0, #114 @ 0x72
0926e beq.n 80092aa 
09270 subs r0, r4, #1
09272 add r1, sp, #12
09274 ldrb r0, [r1, r0]
09276 cmp r0, #44 @ 0x2c
09278 beq.n 800928a 
0927a subs r0, r4, #1
0927c ldrb r0, [r1, r0]
0927e cmp r0, #59 @ 0x3b
09280 beq.n 800928a 
09282 movs r2, #44 @ 0x2c
09284 mov r0, r4
09286 adds r4, r4, #1
09288 strb r2, [r1, r0]
0928a add r1, sp, #12
0928c adds r0, r1, r4
0928e movs r2, #15
09290 ldr r1, [pc, #108] ; =0x20002670 ram_20002670
09292 bl fn_08008214
09296 adds r4, #15
09298 movs r2, #13
0929a mov r0, r4
0929c adds r4, r4, #1
0929e add r1, sp, #12
092a0 strb r2, [r1, r0]
092a2 movs r2, #10
092a4 mov r0, r4
092a6 adds r4, r4, #1
092a8 strb r2, [r1, r0]
092aa mov.w r1, #512 @ 0x200
092ae add r0, sp, #268 @ 0x10c
092b0 bl fn_08008246
092b4 mov r2, r4
092b6 add r1, pc, #76 @ (adr r1, 8009304 ) ; =0x08009304 "AT+QISEND=0,%d\r\n"
092b8 add r0, sp, #268 @ 0x10c
092ba bl fn_0800C990
092be add r0, sp, #268 @ 0x10c
092c0 bl fn_08008298
092c4 uxth r6, r0
092c6 mov r2, r6
092c8 add r1, sp, #268 @ 0x10c
092ca movs r0, #4
092cc bl fn_0800A924
092d0 movs r0, #5
092d2 bl fn_0800A6C0
092d6 uxth r2, r4
092d8 add r1, sp, #12
092da movs r0, #4
092dc bl fn_0800A924
092e0 add r0, sp, #12
092e2 add r3, pc, #52 @ (adr r3, 8009318 ) ; =0x08009318 "send to wifi len = %d,--,%s"
092e4 movw r2, #1378 @ 0x562
092e8 add r1, pc, #72 @ (adr r1, 8009334 ) ; =0x08009334 "..\\src\\app\\app_ec20.c"
092ea strd r4, r0, [sp]
092ee movs r0, #1
092f0 bl fn_08009EBC
092f4 nop
092f6 mov r0, r7
092f8 add.w sp, sp, #780 @ 0x30c
092fc pop {r4, r5, r6, r7, pc}
092fe movs r0, r0
09300 movs r6, #112 @ 0x70
09302 movs r0, #0
09304 strb r1, [r0, r1]
09306 str r3, [r5, r4]
09308 strh r1, [r1, r5]
0930a ldr r6, [pc, #276] ; =0xD1002801 
0930c subs r5, #68 @ 0x44
0930e cmp r4, #48 @ 0x30
09310 str r5, [r4, #64] @ 0x40
09312 lsrs r5, r1, #8
09314 movs r0, r0
09316 movs r0, r0
09318 str r3, [r6, #84] @ 0x54
0931a str r6, [r5, #68] @ 0x44
0931c strb r0, [r4, #16]
0931e movs r0, #111 @ 0x6f
09320 ldr r7, [r6, #20]
09322 ldr r6, [r4, #20]
09324 ldr r0, [r4, #64] @ 0x40
09326 ldr r5, [r4, #100] @ 0x64
09328 subs r5, #32
0932a movs r5, #32
0932c cmp r4, #100 @ 0x64
0932e cmp r5, #45 @ 0x2d
09330 movs r5, #44 @ 0x2c
09332 lsls r3, r6, #1
09334 cmp r6, #46 @ 0x2e
09336 strb r4, [r3, #13]
09338 str r2, [r6, #52] @ 0x34
0933a str r4, [r3, #20]
0933c strb r0, [r6, #1]
0933e str r4, [r3, #20]
09340 strb r0, [r6, #1]
09342 str r7, [r3, #84] @ 0x54
09344 adds r2, #99 @ 0x63
09346 cmp r6, #48 @ 0x30
09348 lsls r3, r4, #1
0934a movs r0, r0

; ===== fn_0800934C  (called 1 x)
0934c stmdb sp!, {r4, r5, r6, r7, r8, lr}
09350 sub.w sp, sp, #776 @ 0x308
09354 mov r6, r0
09356 mov r4, r1
09358 movs r7, #0
0935a movs r5, #0
0935c mov r8, r5
0935e nop
09360 ldr r0, [pc, #252] ; =0x2000007A ram_2000007A
09362 ldrb r0, [r0, #0]
09364 cbz r0, 800936c 
09366 ldr r0, [pc, #252] ; =0x2000007B ram_2000007B
09368 ldrb r0, [r0, #0]
0936a cbnz r0, 8009372 
0936c mov.w r8, #122 @ 0x7a
09370 b.n 8009452 
09372 mov.w r1, #256 @ 0x100
09376 add r0, sp, #8
09378 bl fn_08008246
0937c mov r2, r4
0937e mov r1, r6
09380 add r0, sp, #8
09382 bl fn_08008214
09386 subs r0, r4, #1
09388 add r1, sp, #8
0938a ldrb r0, [r1, r0]
0938c cmp r0, #59 @ 0x3b
0938e beq.n 80093a8 
09390 movs r2, #13
09392 mov r0, r4
09394 adds r1, r4, #1
09396 uxth r4, r1
09398 add r1, sp, #8
0939a strb r2, [r1, r0]
0939c movs r2, #10
0939e mov r0, r4
093a0 adds r1, r4, #1
093a2 uxth r4, r1
093a4 add r1, sp, #8
093a6 strb r2, [r1, r0]
093a8 mov.w r1, #512 @ 0x200
093ac add r0, sp, #264 @ 0x108
093ae bl fn_08008246
093b2 lsls r2, r4, #1
093b4 add r1, pc, #176 @ (adr r1, 8009468 ) ; =0x08009468 "AT+QDATAFWD=0,3,%d,"
093b6 add r0, sp, #264 @ 0x108
093b8 bl fn_0800C990
093bc add r0, sp, #264 @ 0x108
093be bl fn_08008298
093c2 uxth r5, r0
093c4 movs r2, #34 @ 0x22
093c6 mov r0, r5
093c8 adds r1, r5, #1
093ca uxth r5, r1
093cc add r1, sp, #264 @ 0x108
093ce strb r2, [r1, r0]
093d0 adds r0, r1, r5
093d2 mov r3, r4
093d4 add r2, sp, #8
093d6 mov.w r1, #512 @ 0x200
093da bl fn_0800C304
093de movs r0, #2
093e0 mla r0, r0, r4, r5
093e4 uxth r5, r0
093e6 movs r2, #34 @ 0x22
093e8 mov r0, r5
093ea adds r1, r5, #1
093ec uxth r5, r1
093ee add r1, sp, #264 @ 0x108
093f0 strb r2, [r1, r0]
093f2 add r0, sp, #264 @ 0x108
093f4 add r0, r5
093f6 add r1, pc, #132 @ (adr r1, 800947c ) ; =0x0800947C ",1\r\n"
093f8 ldr r1, [r1, #0]
093fa str r1, [r0, #0]
093fc adds r0, r5, #4
093fe uxth r5, r0
09400 b.n 8009412 
09402 movs r0, #1
09404 bl fn_0800A6C0
09408 adds r0, r7, #1
0940a uxtb r7, r0
0940c cmp r7, #100 @ 0x64
0940e ble.n 8009412 
09410 b.n 800941a 
09412 ldr r0, [pc, #112] ; =0x20000087 ram_20000087
09414 ldrb r0, [r0, #0]
09416 cmp r0, #1
09418 beq.n 8009402 
0941a nop
0941c ldr r0, [pc, #100] ; =0x20000087 ram_20000087
0941e ldrb r0, [r0, #0]
09420 cmp r0, #1
09422 bne.n 8009426 
09424 b.n 8009452 
09426 movs r0, #1
09428 ldr r1, [pc, #88] ; =0x20000087 ram_20000087
0942a strb r0, [r1, #0]
0942c mov r2, r5
0942e add r1, sp, #264 @ 0x108
09430 movs r0, #4
09432 bl fn_0800A924
09436 add r0, sp, #264 @ 0x108
09438 add r3, pc, #76 @ (adr r3, 8009488 ) ; =0x08009488 "send to wifi len = %d,--,%s"
0943a mov.w r2, #1328 @ 0x530
0943e add r1, pc, #100 @ (adr r1, 80094a4 ) ; =0x080094A4 "..\\src\\app\\app_ec20.c"
09440 strd r5, r0, [sp]
09444 movs r0, #1
09446 bl fn_08009EBC
0944a movs r0, #0
0944c ldr r1, [pc, #16] ; =0x2000007A ram_2000007A
0944e strb r0, [r1, #0]
09450 nop
09452 nop
09454 mov r0, r8
09456 add.w sp, sp, #776 @ 0x308
0945a ldmia.w sp!, {r4, r5, r6, r7, r8, pc}
0945e movs r0, r0
09460 lsls r2, r7, #1
09462 movs r0, #0
09464 lsls r3, r7, #1
09466 movs r0, #0
09468 strb r1, [r0, r1]
0946a str r3, [r5, r4]
0946c adcs r4, r0
0946e adcs r4, r2
09470 ldrsb r6, [r0, r5]
09472 subs r5, #68 @ 0x44
09474 cmp r4, #48 @ 0x30
09476 cmp r4, #51 @ 0x33
09478 str r5, [r4, #64] @ 0x40
0947a movs r4, r5
0947c adds r1, #44 @ 0x2c
0947e lsrs r5, r1, #8
09480 movs r0, r0
09482 movs r0, r0
09484 lsls r7, r0, #2
09486 movs r0, #0
09488 str r3, [r6, #84] @ 0x54
0948a str r6, [r5, #68] @ 0x44
0948c strb r0, [r4, #16]
0948e movs r0, #111 @ 0x6f
09490 ldr r7, [r6, #20]
09492 ldr r6, [r4, #20]
09494 ldr r0, [r4, #64] @ 0x40
09496 ldr r5, [r4, #100] @ 0x64
09498 subs r5, #32
0949a movs r5, #32
0949c cmp r4, #100 @ 0x64
0949e cmp r5, #45 @ 0x2d
094a0 movs r5, #44 @ 0x2c
094a2 lsls r3, r6, #1
094a4 cmp r6, #46 @ 0x2e
094a6 strb r4, [r3, #13]
094a8 str r2, [r6, #52] @ 0x34
094aa str r4, [r3, #20]
094ac strb r0, [r6, #1]
094ae str r4, [r3, #20]
094b0 strb r0, [r6, #1]
094b2 str r7, [r3, #84] @ 0x54
094b4 adds r2, #99 @ 0x63
094b6 cmp r6, #48 @ 0x30
094b8 lsls r3, r4, #1
094ba movs r0, r0

; ===== fn_080094BC  (called 3 x)
094bc push {r4, lr}
094be ldr r0, [pc, #20] ; =0x20000074 ram_20000074
094c0 ldrb r0, [r0, #0]
094c2 cmp r0, #8
094c4 ble.n 80094d0 
094c6 movs r1, #0
094c8 ldr r0, [pc, #12] ; =0x20000079 ram_20000079
094ca ldrb r0, [r0, #0]
094cc bl fn_0800A1F4
094d0 pop {r4, pc}
094d2 movs r0, r0
094d4 lsls r4, r6, #1
094d6 movs r0, #0
094d8 lsls r1, r7, #1
094da movs r0, #0

; ===== fn_080094DC  (called 1 x)
094dc push {r4, r5, r6, lr}
094de sub sp, #232 @ 0xe8
094e0 mov r5, r0
094e2 movs r4, #0
094e4 movs r6, #0
094e6 nop
094e8 mov r0, r5
094ea bl fn_08008298
094ee uxtb r4, r0
094f0 cmp r4, #15
094f2 ble.n 80094f8 
094f4 movs r6, #3
094f6 b.n 800953c 
094f8 mov r0, r5
094fa bl fn_08008298
094fe uxtb r4, r0
09500 mov r0, sp
09502 bl fn_08008DF8
09506 movs r2, #116 @ 0x74
09508 mov r1, sp
0950a add r0, sp, #116 @ 0x74
0950c bl fn_08008214
09510 mov r2, r4
09512 mov r1, r5
09514 add.w r0, sp, #210 @ 0xd2
09518 bl fn_08008214
0951c subs r0, r4, #1
0951e add.w r1, sp, #210 @ 0xd2
09522 ldrb r0, [r1, r0]
09524 cmp r0, #44 @ 0x2c
09526 bne.n 800952c 
09528 subs r0, r4, #1
0952a uxtb r4, r0
0952c movs r1, #0
0952e add.w r0, sp, #210 @ 0xd2
09532 strb r1, [r0, r4]
09534 add r0, sp, #116 @ 0x74
09536 bl fn_08008FEC
0953a nop
0953c nop
0953e mov r0, r6
09540 add sp, #232 @ 0xe8
09542 pop {r4, r5, r6, pc}

; ===== fn_08009544  (called 1 x)
09544 push {r4, r5, r6, r7, lr}
09546 sub sp, #236 @ 0xec
09548 mov r5, r0
0954a movs r6, #0
0954c movs r0, #0
0954e str r0, [sp, #232] @ 0xe8
09550 movs r4, #0
09552 movs r7, #0
09554 nop
09556 mov r0, r5
09558 bl fn_08008298
0955c uxtb r6, r0
0955e cmp r6, #5
09560 ble.n 8009566 
09562 movs r7, #3
09564 b.n 80095d2 
09566 mov r0, r5
09568 bl fn_080082FE
0956c mov r4, r0
0956e cmp r4, #100 @ 0x64
09570 bls.n 80095ce 
09572 ldr r0, [pc, #104] ; =0x00015F90 
09574 cmp r4, r0
09576 bcs.n 80095ce 
09578 mov r0, sp
0957a bl fn_08008DF8
0957e movs r2, #116 @ 0x74
09580 mov r1, sp
09582 add r0, sp, #116 @ 0x74
09584 bl fn_08008214
09588 str r4, [sp, #228] @ 0xe4
0958a movs r0, #90 @ 0x5a
0958c strb.w r0, [sp, #227] @ 0xe3
09590 add r0, sp, #116 @ 0x74
09592 bl fn_08008FEC
09596 add r1, sp, #232 @ 0xe8
09598 ldr r0, [pc, #68] ; =0x20000076 ram_20000076
0959a ldrb r0, [r0, #0]
0959c bl fn_0800B844
095a0 ldrb.w r0, [sp, #232] @ 0xe8
095a4 cbnz r0, 80095b2 
095a6 ldr r0, [pc, #56] ; =0x20000076 ram_20000076
095a8 ldrb r0, [r0, #0]
095aa ldr r1, [sp, #228] @ 0xe4
095ac bl fn_0800B9D0
095b0 b.n 80095d0 
095b2 ldr r0, [pc, #44] ; =0x20000076 ram_20000076
095b4 ldrb r0, [r0, #0]
095b6 bl fn_0800BAA0
095ba ldr r0, [pc, #36] ; =0x20000076 ram_20000076
095bc ldrb r0, [r0, #0]
095be ldr r1, [sp, #228] @ 0xe4
095c0 bl fn_0800B9D0
095c4 ldr r0, [pc, #24] ; =0x20000076 ram_20000076
095c6 ldrb r0, [r0, #0]
095c8 bl fn_0800BA34
095cc b.n 80095d0 
095ce movs r7, #5
095d0 nop
095d2 nop
095d4 mov r0, r7
095d6 add sp, #236 @ 0xec
095d8 pop {r4, r5, r6, r7, pc}
095da movs r0, r0
095dc ldrsh r0, [r2, r6]
095de movs r1, r0
095e0 lsls r6, r6, #1
095e2 movs r0, #0

; ===== fn_080095E4  (called 1 x)
095e4 ldr r1, [pc, #4] ; =0x2000007C ram_2000007C
095e6 str r0, [r1, #0]
095e8 bx lr
095ea movs r0, r0
095ec lsls r4, r7, #1
095ee movs r0, #0

; ===== fn_080095F0  (called 1 x)
095f0 ldr r1, [pc, #4] ; =0x20000080 ram_20000080
095f2 str r0, [r1, #0]
095f4 bx lr
095f6 movs r0, r0
095f8 lsls r0, r0, #2
095fa movs r0, #0

; ===== fn_080095FC  (called 1 x)
095fc push {r4, r5, r6, r7, lr}
095fe sub sp, #268 @ 0x10c
09600 mov r6, r0
09602 movs r4, #0
09604 movs r5, #0
09606 movs r7, #0
09608 nop
0960a mov r0, r6
0960c bl fn_08008298
09610 uxtb r4, r0
09612 cmp r4, #10
09614 blt.n 800961a 
09616 cmp r4, #20
09618 ble.n 800961e 
0961a movs r7, #4
0961c b.n 8009690 
0961e mov r0, r6
09620 bl fn_08008298
09624 uxtb r4, r0
09626 mov r2, r4
09628 mov r1, r6
0962a add r0, sp, #236 @ 0xec
0962c bl fn_08008214
09630 subs r0, r4, #1
09632 add r1, sp, #236 @ 0xec
09634 ldrb r0, [r1, r0]
09636 cmp r0, #44 @ 0x2c
09638 bne.n 8009644 
0963a movs r1, #0
0963c subs r0, r4, #1
0963e add r2, sp, #236 @ 0xec
09640 strb r1, [r2, r0]
09642 b.n 8009650 
09644 movs r2, #0
09646 mov r0, r4
09648 adds r1, r4, #1
0964a uxtb r4, r1
0964c add r1, sp, #236 @ 0xec
0964e strb r2, [r1, r0]
09650 add r0, sp, #236 @ 0xec
09652 add r3, pc, #68 @ (adr r3, 8009698 ) ; =0x08009698 "Set server ip: %s"
09654 movw r2, #1598 @ 0x63e
09658 add r1, pc, #80 @ (adr r1, 80096ac ) ; =0x080096AC "..\\src\\app\\app_ec20.c"
0965a str r0, [sp, #0]
0965c movs r0, #0
0965e bl fn_08009EBC
09662 add r0, sp, #4
09664 bl fn_08008DF8
09668 movs r2, #116 @ 0x74
0966a add r1, sp, #4
0966c add r0, sp, #120 @ 0x78
0966e bl fn_08008214
09672 subs r2, r4, r5
09674 add r0, sp, #236 @ 0xec
09676 adds r1, r0, r5
09678 subs r0, #45 @ 0x2d
0967a bl fn_08008214
0967e movs r1, #0
09680 subs r2, r4, r5
09682 add.w r0, sp, #191 @ 0xbf
09686 strb r1, [r0, r2]
09688 add r0, sp, #120 @ 0x78
0968a bl fn_08008FEC
0968e nop
09690 nop
09692 mov r0, r7
09694 add sp, #268 @ 0x10c
09696 pop {r4, r5, r6, r7, pc}
09698 str r3, [r2, #84] @ 0x54
0969a movs r0, #116 @ 0x74
0969c str r3, [r6, #84] @ 0x54
0969e strb r2, [r6, #25]
096a0 strb r5, [r4, #9]
096a2 ldr r0, [r4, #16]
096a4 subs r2, #112 @ 0x70
096a6 movs r5, #32
096a8 lsls r3, r6, #1
096aa movs r0, r0
096ac cmp r6, #46 @ 0x2e
096ae strb r4, [r3, #13]
096b0 str r2, [r6, #52] @ 0x34
096b2 str r4, [r3, #20]
096b4 strb r0, [r6, #1]
096b6 str r4, [r3, #20]
096b8 strb r0, [r6, #1]
096ba str r7, [r3, #84] @ 0x54
096bc adds r2, #99 @ 0x63
096be cmp r6, #48 @ 0x30
096c0 lsls r3, r4, #1
096c2 movs r0, r0

; ===== fn_080096C4  (called 1 x)
096c4 push {r4, r5, r6, r7, lr}
096c6 sub sp, #268 @ 0x10c
096c8 mov r6, r0
096ca movs r4, #0
096cc movs r5, #0
096ce movs r7, #0
096d0 nop
096d2 mov r0, r6
096d4 bl fn_08008298
096d8 uxtb r4, r0
096da cmp r4, #2
096dc blt.n 80096e2 
096de cmp r4, #6
096e0 ble.n 80096e6 
096e2 movs r7, #4
096e4 b.n 8009758 
096e6 mov r0, r6
096e8 bl fn_08008298
096ec uxtb r4, r0
096ee mov r2, r4
096f0 mov r1, r6
096f2 add r0, sp, #236 @ 0xec
096f4 bl fn_08008214
096f8 subs r0, r4, #1
096fa add r1, sp, #236 @ 0xec
096fc ldrb r0, [r1, r0]
096fe cmp r0, #44 @ 0x2c
09700 bne.n 800970c 
09702 movs r1, #0
09704 subs r0, r4, #1
09706 add r2, sp, #236 @ 0xec
09708 strb r1, [r2, r0]
0970a b.n 8009718 
0970c movs r2, #0
0970e mov r0, r4
09710 adds r1, r4, #1
09712 uxtb r4, r1
09714 add r1, sp, #236 @ 0xec
09716 strb r2, [r1, r0]
09718 add r0, sp, #236 @ 0xec
0971a add r3, pc, #68 @ (adr r3, 8009760 ) ; =0x08009760 "Set server port: %s"
0971c movw r2, #1650 @ 0x672
09720 add r1, pc, #80 @ (adr r1, 8009774 ) ; =0x08009774 "..\\src\\app\\app_ec20.c"
09722 str r0, [sp, #0]
09724 movs r0, #0
09726 bl fn_08009EBC
0972a add r0, sp, #4
0972c bl fn_08008DF8
09730 movs r2, #116 @ 0x74
09732 add r1, sp, #4
09734 add r0, sp, #120 @ 0x78
09736 bl fn_08008214
0973a subs r2, r4, r5
0973c add r0, sp, #236 @ 0xec
0973e adds r1, r0, r5
09740 subs r0, #30
09742 bl fn_08008214
09746 movs r1, #0
09748 subs r2, r4, r5
0974a add.w r0, sp, #206 @ 0xce
0974e strb r1, [r0, r2]
09750 add r0, sp, #120 @ 0x78
09752 bl fn_08008FEC
09756 nop
09758 nop
0975a mov r0, r7
0975c add sp, #268 @ 0x10c
0975e pop {r4, r5, r6, r7, pc}
09760 str r3, [r2, #84] @ 0x54
09762 movs r0, #116 @ 0x74
09764 str r3, [r6, #84] @ 0x54
09766 strb r2, [r6, #25]
09768 strb r5, [r4, #9]
0976a strb r0, [r4, #0]
0976c strb r7, [r5, #9]
0976e subs r2, #116 @ 0x74
09770 movs r5, #32
09772 lsls r3, r6, #1
09774 cmp r6, #46 @ 0x2e
09776 strb r4, [r3, #13]
09778 str r2, [r6, #52] @ 0x34
0977a str r4, [r3, #20]
0977c strb r0, [r6, #1]
0977e str r4, [r3, #20]
09780 strb r0, [r6, #1]
09782 str r7, [r3, #84] @ 0x54
09784 adds r2, #99 @ 0x63
09786 cmp r6, #48 @ 0x30
09788 lsls r3, r4, #1
0978a movs r0, r0

; ===== fn_0800978C  (called 1 x)
0978c push {r4, r5, r6, lr}
0978e sub sp, #232 @ 0xe8
09790 mov r5, r0
09792 movs r4, #0
09794 movs r6, #0
09796 nop
09798 mov r0, r5
0979a bl fn_08008298
0979e uxtb r4, r0
097a0 cmp r4, #15
097a2 bgt.n 80097a8 
097a4 cmp r4, #8
097a6 bge.n 80097ac 
097a8 movs r6, #3
097aa b.n 80097da 
097ac mov r0, sp
097ae bl fn_08008DF8
097b2 movs r2, #116 @ 0x74
097b4 mov r1, sp
097b6 add r0, sp, #116 @ 0x74
097b8 bl fn_08008214
097bc mov r2, r4
097be mov r1, r5
097c0 add r0, sp, #136 @ 0x88
097c2 bl fn_08008214
097c6 movs r1, #0
097c8 add r0, sp, #136 @ 0x88
097ca strb r1, [r0, r4]
097cc movs r0, #90 @ 0x5a
097ce strb.w r0, [sp, #117] @ 0x75
097d2 add r0, sp, #116 @ 0x74
097d4 bl fn_08008FEC
097d8 nop
097da nop
097dc mov r0, r6
097de add sp, #232 @ 0xe8
097e0 pop {r4, r5, r6, pc}

; ===== fn_080097E2  (called 1 x)
097e2 push {r4, r5, r6, lr}
097e4 sub sp, #232 @ 0xe8
097e6 mov r5, r0
097e8 movs r4, #0
097ea movs r6, #0
097ec nop
097ee mov r0, r5
097f0 bl fn_08008298
097f4 uxtb r4, r0
097f6 cmp r4, #15
097f8 ble.n 80097fe 
097fa movs r6, #3
097fc b.n 8009834 
097fe mov r0, r5
09800 bl fn_08008298
09804 uxtb r4, r0
09806 mov r0, sp
09808 bl fn_08008DF8
0980c movs r2, #116 @ 0x74
0980e mov r1, sp
09810 add r0, sp, #116 @ 0x74
09812 bl fn_08008214
09816 mov r2, r4
09818 mov r1, r5
0981a add r0, sp, #120 @ 0x78
0981c bl fn_08008214
09820 movs r1, #0
09822 add r0, sp, #120 @ 0x78
09824 strb r1, [r0, r4]
09826 movs r0, #90 @ 0x5a
09828 strb.w r0, [sp, #116] @ 0x74
0982c add r0, sp, #116 @ 0x74
0982e bl fn_08008FEC
09832 nop
09834 nop
09836 mov r0, r6
09838 add sp, #232 @ 0xe8
0983a pop {r4, r5, r6, pc}

; ===== fn_0800983C  (called 1 x)
0983c push {r4, r5, lr}
0983e movs r2, #0
09840 cmp r0, #2
09842 bge.n 8009860 
09844 nop
09846 b.n 800985c 
09848 movs r4, #3
0984a mla r4, r4, r0, r2
0984e ldr r5, [pc, #20] ; =0x20002690 ram_20002690
09850 ldr r3, [r1, #0]
09852 str.w r3, [r5, r4, lsl #2]
09856 adds r1, #8
09858 adds r3, r2, #1
0985a uxtb r2, r3
0985c cmp r2, #3
0985e blt.n 8009848 
09860 pop {r4, r5, pc}
09862 movs r0, r0
09864 movs r6, #144 @ 0x90
09866 movs r0, #0

; ===== fn_08009868  (called 1 x)
09868 stmdb sp!, {r4, r5, r6, r7, r8, r9, sl, lr}
0986c sub.w sp, sp, #1032 @ 0x408
09870 mov.w r8, #0
09874 movs r5, #0
09876 movs r6, #0
09878 movs r7, #0
0987a mov r9, r5
0987c movs r4, #0
0987e movs r3, #0
09880 mov r2, r3
09882 mov.w r1, #19200 @ 0x4b00
09886 movs r0, #1
09888 bl fn_0800A990
0988c movs r1, #50 @ 0x32
0988e movs r0, #1
09890 bl fn_0800AAA8
09894 ldr r2, [pc, #836] ; =0x0800FC29 fn_0800FC28
09896 ldr r1, [pc, #840] ; =0x0800FCB9 fn_0800FCB8
09898 movs r0, #1
0989a bl fn_0800AA4C
0989e movs r3, #0
098a0 mov r2, r3
098a2 mov.w r1, #19200 @ 0x4b00
098a6 movs r0, #2
098a8 bl fn_0800A990
098ac movs r1, #50 @ 0x32
098ae movs r0, #2
098b0 bl fn_0800AAA8
098b4 ldr r2, [pc, #812] ; =0x0800FC3D fn_0800FC3C
098b6 ldr r1, [pc, #808] ; =0x0800FCB9 fn_0800FCB8
098b8 movs r0, #2
098ba bl fn_0800AA4C
098be ldr r1, [pc, #808] ; =0x20000097 ram_20000097
098c0 ldr r0, [pc, #808] ; =0x080138E1 fn_080138E0
098c2 bl fn_0800A0CC
098c6 mov r4, r0
098c8 cbnz r4, 80098cc 
098ca b.n 80098d6 
098cc movw r1, #3224 @ 0xc98
098d0 add r0, pc, #796 @ (adr r0, 8009bf0 ) ; =0x08009BF0 "..\\src\\app\\app_lcr.c"
098d2 bl fn_08009D9C
098d6 ldr r1, [pc, #816] ; =0x20000098 ram_20000098
098d8 ldr r0, [pc, #816] ; =0x080134C1 fn_080134C0
098da bl fn_0800A0CC
098de mov r4, r0
098e0 cbnz r4, 80098e4 
098e2 b.n 80098ee 
098e4 movw r1, #3227 @ 0xc9b
098e8 add r0, pc, #772 @ (adr r0, 8009bf0 ) ; =0x08009BF0 "..\\src\\app\\app_lcr.c"
098ea bl fn_08009D9C
098ee ldr r1, [pc, #800] ; =0x20000099 ram_20000099
098f0 ldr r0, [pc, #800] ; =0x08013A9D fn_08013A9C
098f2 bl fn_0800A0CC
098f6 mov r4, r0
098f8 cbnz r4, 80098fc 
098fa b.n 8009906 
098fc movw r1, #3230 @ 0xc9e
09900 add r0, pc, #748 @ (adr r0, 8009bf0 ) ; =0x08009BF0 "..\\src\\app\\app_lcr.c"
09902 bl fn_08009D9C
09906 ldr r1, [pc, #784] ; =0x2000009A ram_2000009A
09908 ldr r0, [pc, #784] ; =0x08013251 fn_08013250
0990a bl fn_0800A0CC
0990e mov r4, r0
09910 cbnz r4, 8009914 
09912 b.n 800991e 
09914 movw r1, #3233 @ 0xca1
09918 add r0, pc, #724 @ (adr r0, 8009bf0 ) ; =0x08009BF0 "..\\src\\app\\app_lcr.c"
0991a bl fn_08009D9C
0991e ldr r3, [pc, #768] ; =0x20000090 ram_20000090
09920 movs r2, #0
09922 ldr r1, [pc, #768] ; =0x0801443D fn_0801443C
09924 mov.w r0, #1000 @ 0x3e8
09928 bl fn_0800B7EA
0992c mov r4, r0
0992e cbnz r4, 8009932 
09930 b.n 800993c 
09932 movw r1, #3236 @ 0xca4
09936 add r0, pc, #696 @ (adr r0, 8009bf0 ) ; =0x08009BF0 "..\\src\\app\\app_lcr.c"
09938 bl fn_08009D9C
0993c ldr r3, [pc, #744] ; =0x20000091 ram_20000091
0993e movs r2, #0
09940 ldr r1, [pc, #744] ; =0x080118B9 fn_080118B8
09942 movs r0, #200 @ 0xc8
09944 bl fn_0800B7C4
09948 mov r4, r0
0994a cbnz r4, 800994e 
0994c b.n 8009958 
0994e movw r1, #3239 @ 0xca7
09952 add r0, pc, #668 @ (adr r0, 8009bf0 ) ; =0x08009BF0 "..\\src\\app\\app_lcr.c"
09954 bl fn_08009D9C
09958 ldr r3, [pc, #724] ; =0x20000094 ram_20000094
0995a movs r2, #0
0995c ldr r1, [pc, #724] ; =0x0801429D fn_0801429C
0995e movs r0, #200 @ 0xc8
09960 bl fn_0800B7C4
09964 mov r4, r0
09966 cbnz r4, 800996a 
09968 b.n 8009974 
0996a movw r1, #3242 @ 0xcaa
0996e add r0, pc, #640 @ (adr r0, 8009bf0 ) ; =0x08009BF0 "..\\src\\app\\app_lcr.c"
09970 bl fn_08009D9C
09974 ldr r3, [pc, #704] ; =0x20000095 ram_20000095
09976 movs r2, #0
09978 ldr r1, [pc, #704] ; =0x0801213D fn_0801213C
0997a mov.w r0, #1000 @ 0x3e8
0997e bl fn_0800B7EA
09982 mov r4, r0
09984 cbnz r4, 8009988 
09986 b.n 8009992 
09988 movw r1, #3245 @ 0xcad
0998c add r0, pc, #608 @ (adr r0, 8009bf0 ) ; =0x08009BF0 "..\\src\\app\\app_lcr.c"
0998e bl fn_08009D9C
09992 ldr r0, [pc, #676] ; =0x20000095 ram_20000095
09994 ldrb r0, [r0, #0]
09996 bl fn_0800BA34
0999a ldr r3, [pc, #676] ; =0x20000096 ram_20000096
0999c movs r2, #0
0999e ldr r1, [pc, #676] ; =0x08014029 fn_08014028
099a0 movw r0, #60000 @ 0xea60
099a4 bl fn_0800B7C4
099a8 mov r4, r0
099aa cbnz r4, 80099ae 
099ac b.n 80099b8 
099ae movw r1, #3249 @ 0xcb1
099b2 add r0, pc, #572 @ (adr r0, 8009bf0 ) ; =0x08009BF0 "..\\src\\app\\app_lcr.c"
099b4 bl fn_08009D9C
099b8 ldr r0, [pc, #644] ; =0x20000096 ram_20000096
099ba ldrb r0, [r0, #0]
099bc bl fn_0800BA34
099c0 ldr r3, [pc, #644] ; =0x20000092 ram_20000092
099c2 movs r2, #0
099c4 ldr r1, [pc, #644] ; =0x080134B5 fn_080134B4
099c6 mov.w r0, #1000 @ 0x3e8
099ca bl fn_0800B7C4
099ce mov r4, r0
099d0 cbnz r4, 80099d4 
099d2 b.n 80099de 
099d4 movw r1, #3253 @ 0xcb5
099d8 add r0, pc, #532 @ (adr r0, 8009bf0 ) ; =0x08009BF0 "..\\src\\app\\app_lcr.c"
099da bl fn_08009D9C
099de movs r1, #24
099e0 ldr r0, [pc, #620] ; =0x20002898 ram_20002898
099e2 bl fn_08008246
099e6 movs r1, #232 @ 0xe8
099e8 ldr r0, [pc, #616] ; =0x200026A8 ram_200026A8
099ea bl fn_08008246
099ee mov.w r1, #264 @ 0x108
099f2 ldr r0, [pc, #612] ; =0x20002790 ram_20002790
099f4 bl fn_08008246
099f8 movs r2, #24
099fa movs r1, #0
099fc ldr r0, [pc, #592] ; =0x20002898 ram_20002898
099fe bl fn_08015614
09a02 ldr r0, [pc, #588] ; =0x20002898 ram_20002898
09a04 ldr r0, [r0, #20]
09a06 cmp.w r0, #2779096485 @ 0xa5a5a5a5
09a0a beq.n 8009a16 
09a0c movs r1, #24
09a0e ldr r0, [pc, #576] ; =0x20002898 ram_20002898
09a10 bl fn_08008246
09a14 b.n 8009ab8 
09a16 ldr r0, [pc, #568] ; =0x20002898 ram_20002898
09a18 ldr r0, [r0, #8]
09a1a adds r0, r0, #1
09a1c cbnz r0, 8009a2c 
09a1e movs r0, #0
09a20 ldr r1, [pc, #556] ; =0x20002898 ram_20002898
09a22 str r0, [r1, #8]
09a24 str r0, [r1, #12]
09a26 str r0, [r1, #16]
09a28 str r0, [r1, #4]
09a2a b.n 8009ab8 
09a2c ldr r0, [pc, #544] ; =0x20002898 ram_20002898
09a2e ldr r0, [r0, #16]
09a30 ldr r1, [pc, #552] ; =0x0007FFC0 
09a32 cmp r0, r1
09a34 bcs.n 8009ab8 
09a36 ldr r0, [pc, #536] ; =0x20002898 ram_20002898
09a38 ldr r0, [r0, #12]
09a3a add.w r5, r0, #4096 @ 0x1000
09a3e bfc r5, #0, #12
09a42 mov.w r8, #0
09a46 b.n 8009a6a 
09a48 movs r2, #4
09a4a mov r1, r5
09a4c add r0, sp, #8
09a4e bl fn_08015614
09a52 ldr r6, [sp, #8]
09a54 adds r0, r6, #1
09a56 cbnz r0, 8009a5a 
09a58 b.n 8009a70 
09a5a cmp r6, r7
09a5c bls.n 8009a60 
09a5e mov r7, r6
09a60 adds r5, #64 @ 0x40
09a62 add.w r0, r8, #1
09a66 and.w r8, r0, #255 @ 0xff
09a6a cmp.w r8, #64 @ 0x40
09a6e blt.n 8009a48 
09a70 nop
09a72 sub.w r0, r5, #4096 @ 0x1000
09a76 ldr r1, [pc, #472] ; =0x20002898 ram_20002898
09a78 str r0, [r1, #12]
09a7a mov r0, r1
09a7c ldr r0, [r0, #12]
09a7e ldr r1, [r1, #8]
09a80 cmp r0, r1
09a82 bcc.n 8009a90 
09a84 sub.w r0, r5, #4096 @ 0x1000
09a88 lsrs r0, r0, #6
09a8a ldr r1, [pc, #452] ; =0x20002898 ram_20002898
09a8c str r0, [r1, #16]
09a8e b.n 8009aae 
09a90 ldr r0, [pc, #456] ; =0x0007FFC0 
09a92 ldr r1, [pc, #444] ; =0x20002898 ram_20002898
09a94 str r0, [r1, #16]
09a96 mov r0, r1
09a98 ldr r0, [r0, #16]
09a9a subs r0, #64 @ 0x40
09a9c str r0, [r1, #16]
09a9e mov r0, r1
09aa0 ldr r0, [r0, #16]
09aa2 ldrh r1, [r1, #12]
09aa4 ubfx r1, r1, #6, #6
09aa8 add r0, r1
09aaa ldr r1, [pc, #420] ; =0x20002898 ram_20002898
09aac str r0, [r1, #16]
09aae ldr r0, [pc, #416] ; =0x20002898 ram_20002898
09ab0 ldr r0, [r0, #12]
09ab2 ldr r1, [pc, #420] ; =0x20002790 ram_20002790
09ab4 str.w r0, [r1, #260] @ 0x104
09ab8 ldr r0, [pc, #412] ; =0x20002790 ram_20002790
09aba ldr.w r0, [r0, #260] @ 0x104
09abe add r3, pc, #416 @ (adr r3, 8009c60 ) ; =0x08009C60 "WrAddr=%x"
09ac0 movw r2, #3310 @ 0xcee
09ac4 add r1, pc, #296 @ (adr r1, 8009bf0 ) ; =0x08009BF0 "..\\src\\app\\app_lcr.c"
09ac6 str r0, [sp, #0]
09ac8 movs r0, #0
09aca bl fn_08009EBC
09ace ldr r0, [pc, #384] ; =0x20002898 ram_20002898
09ad0 ldr r0, [r0, #12]
09ad2 add r3, pc, #408 @ (adr r3, 8009c6c ) ; =0x08009C6C "EndAddr=%x"
09ad4 movw r2, #3311 @ 0xcef
09ad8 add r1, pc, #276 @ (adr r1, 8009bf0 ) ; =0x08009BF0 "..\\src\\app\\app_lcr.c"
09ada str r0, [sp, #0]
09adc movs r0, #0
09ade bl fn_08009EBC
09ae2 ldr r0, [pc, #364] ; =0x20002898 ram_20002898
09ae4 ldr r0, [r0, #8]
09ae6 add r3, pc, #400 @ (adr r3, 8009c78 ) ; =0x08009C78 "StartAddr=%x"
09ae8 mov.w r2, #3312 @ 0xcf0
09aec add r1, pc, #256 @ (adr r1, 8009bf0 ) ; =0x08009BF0 "..\\src\\app\\app_lcr.c"
09aee str r0, [sp, #0]
09af0 movs r0, #0
09af2 bl fn_08009EBC
09af6 ldr r0, [pc, #344] ; =0x20002898 ram_20002898
09af8 ldrb r0, [r0, #1]
09afa ldr r1, [pc, #340] ; =0x20002898 ram_20002898
09afc ldrb r1, [r1, #0]
09afe add r3, pc, #392 @ (adr r3, 8009c88 ) ; =0x08009C88 "DevNum%d--%d"
09b00 movw r2, #3313 @ 0xcf1
09b04 strd r1, r0, [sp]
09b08 add r1, pc, #228 @ (adr r1, 8009bf0 ) ; =0x08009BF0 "..\\src\\app\\app_lcr.c"
09b0a movs r0, #0
09b0c bl fn_08009EBC
09b10 ldr r0, [pc, #316] ; =0x20002898 ram_20002898
09b12 ldr r0, [r0, #16]
09b14 add r3, pc, #384 @ (adr r3, 8009c98 ) ; =0x08009C98 "DataCnt=%d"
09b16 movw r2, #3314 @ 0xcf2
09b1a add r1, pc, #212 @ (adr r1, 8009bf0 ) ; =0x08009BF0 "..\\src\\app\\app_lcr.c"
09b1c str r0, [sp, #0]
09b1e movs r0, #0
09b20 bl fn_08009EBC
09b24 ldr r0, [pc, #296] ; =0x20002898 ram_20002898
09b26 ldr r0, [r0, #4]
09b28 add r3, pc, #376 @ (adr r3, 8009ca4 ) ; =0x08009CA4 "RdAddr=%x"
09b2a movw r2, #3315 @ 0xcf3
09b2e add r1, pc, #192 @ (adr r1, 8009bf0 ) ; =0x08009BF0 "..\\src\\app\\app_lcr.c"
09b30 str r0, [sp, #0]
09b32 movs r0, #0
09b34 bl fn_08009EBC
09b38 movs r0, #20
09b3a bl fn_0800A6C0
09b3e add r3, pc, #368 @ (adr r3, 8009cb0 ) ; =0x08009CB0 "APPLCR_Init OK!"
09b40 movw r2, #3319 @ 0xcf7
09b44 add r1, pc, #168 @ (adr r1, 8009bf0 ) ; =0x08009BF0 "..\\src\\app\\app_lcr.c"
09b46 movs r0, #1
09b48 bl fn_08009EBC
09b4c ldr r0, [pc, #368] ; =0x080125D9 fn_080125D8
09b4e bl fn_080095E4
09b52 ldr r0, [pc, #364] ; =0x080125D9 fn_080125D8
09b54 bl fn_08008DE0
09b58 ldr r0, [pc, #360] ; =0x0800FC51 fn_0800FC50
09b5a bl fn_08008DEC
09b5e ldr r0, [pc, #360] ; =0x080144A9 fn_080144A8
09b60 bl fn_080095F0
09b64 bl fn_0800B390
09b68 mov r9, r0
09b6a add r3, pc, #352 @ (adr r3, 8009ccc ) ; =0x08009CCC "SysTime Second = %d"
09b6c movw r2, #3330 @ 0xd02
09b70 add r1, pc, #124 @ (adr r1, 8009bf0 ) ; =0x08009BF0 "..\\src\\app\\app_lcr.c"
09b72 movs r0, #0
09b74 str.w r9, [sp]
09b78 bl fn_08009EBC
09b7c cmp r7, r9
09b7e bls.n 8009b86 
09b80 mov r0, r7
09b82 bl fn_0800B50E
09b86 movs r2, #10
09b88 add r1, pc, #340 @ (adr r1, 8009ce0 ) ; =0x08009CE0 "TEST LCR1!"
09b8a movs r0, #1
09b8c bl fn_0800A924
09b90 movs r0, #10
09b92 bl fn_0800A6C0
09b96 movs r2, #10
09b98 add r1, pc, #336 @ (adr r1, 8009cec ) ; =0x08009CEC "TEST LCR2!"
09b9a movs r0, #2
09b9c bl fn_0800A924
09ba0 movs r0, #0
09ba2 bl fn_0800A674
09ba6 mov sl, r0
09ba8 add r3, pc, #332 @ (adr r3, 8009cf8 ) ; =0x08009CF8 "ADC = %d!"
09baa movw r2, #3340 @ 0xd0c
09bae add r1, pc, #64 @ (adr r1, 8009bf0 ) ; =0x08009BF0 "..\\src\\app\\app_lcr.c"
09bb0 str r0, [sp, #0]
09bb2 movs r0, #1
09bb4 bl fn_08009EBC
09bb8 movs r0, #10
09bba bl fn_0800A6C0
09bbe bl fn_08010E10
09bc2 movs r1, #120 @ 0x78
09bc4 ldr r0, [pc, #316] ; =0x200028E4 ram_200028E4
09bc6 bl fn_08008246
09bca movs r1, #0
09bcc ldr r0, [pc, #72] ; =0x2000009A ram_2000009A
09bce ldrb r0, [r0, #0]
09bd0 bl fn_0800A1F4
09bd4 add.w sp, sp, #1032 @ 0x408
09bd8 ldmia.w sp!, {r4, r5, r6, r7, r8, r9, sl, pc}
09bdc @ <UNDEFINED> instruction: 0xfc290800
09be0 @ <UNDEFINED> instruction: 0xfcb90800
09be4 @ <UNDEFINED> instruction: 0xfc3d0800
09be8 lsls r7, r2, #2
09bea movs r0, #0
09bec subs r0, #225 @ 0xe1
09bee lsrs r1, r0, #32
09bf0 cmp r6, #46 @ 0x2e
09bf2 strb r4, [r3, #13]
09bf4 str r2, [r6, #52] @ 0x34
09bf6 str r4, [r3, #20]
09bf8 strb r0, [r6, #1]
09bfa str r4, [r3, #20]
09bfc strb r0, [r6, #1]
09bfe ldr r7, [r3, #68] @ 0x44
09c00 strb r3, [r4, #9]
09c02 str r6, [r5, #48] @ 0x30
09c04 movs r0, r0
09c06 movs r0, r0
09c08 lsls r0, r3, #2
09c0a movs r0, #0
09c0c adds r4, #193 @ 0xc1
09c0e lsrs r1, r0, #32
09c10 lsls r1, r3, #2
09c12 movs r0, #0
09c14 subs r2, #157 @ 0x9d
09c16 lsrs r1, r0, #32
09c18 lsls r2, r3, #2
09c1a movs r0, #0
09c1c adds r2, #81 @ 0x51
09c1e lsrs r1, r0, #32
09c20 lsls r0, r2, #2
09c22 movs r0, #0
09c24 add r5, r7
09c26 lsrs r1, r0, #32
09c28 lsls r1, r2, #2
09c2a movs r0, #0
09c2c adds r1, r7, r2
09c2e lsrs r1, r0, #32
09c30 lsls r4, r2, #2
09c32 movs r0, #0
09c34 cmp r5, r3
09c36 lsrs r1, r0, #32
09c38 lsls r5, r2, #2
09c3a movs r0, #0
09c3c movs r1, #61 @ 0x3d
09c3e lsrs r1, r0, #32
09c40 lsls r6, r2, #2
09c42 movs r0, #0
09c44 ands r1, r5
09c46 lsrs r1, r0, #32
09c48 lsls r2, r2, #2
09c4a movs r0, #0
09c4c adds r4, #181 @ 0xb5
09c4e lsrs r1, r0, #32
09c50 cmp r0, #152 @ 0x98
09c52 movs r0, #0
09c54 movs r6, #168 @ 0xa8
09c56 movs r0, #0
09c58 movs r7, #144 @ 0x90
09c5a movs r0, #0
09c5c vaddl.u8 q8, d0, d7
09c60 strb r7, [r2, #9]
09c62 str r1, [r0, #68] @ 0x44
09c64 strb r4, [r4, #9]
09c66 movs r5, #61 @ 0x3d
09c68 lsls r0, r7, #1
09c6a movs r0, r0
09c6c ldr r5, [r0, #100] @ 0x64
09c6e adcs r4, r4
09c70 str r4, [r4, #68] @ 0x44
09c72 subs r5, #114 @ 0x72
09c74 ldrb r5, [r4, #0]
09c76 movs r0, r0
09c78 strb r3, [r2, #17]
09c7a strb r1, [r4, #9]
09c7c adcs r4, r6
09c7e str r4, [r4, #68] @ 0x44
09c80 subs r5, #114 @ 0x72
09c82 ldrb r5, [r4, #0]
09c84 movs r0, r0
09c86 movs r0, r0
09c88 str r4, [r0, #84] @ 0x54
09c8a ldr r6, [pc, #472] ; =0x78004801 
09c8c ldr r5, [r6, #84] @ 0x54
09c8e str r5, [r4, #64] @ 0x40
09c90 cmp r5, #45 @ 0x2d
09c92 str r5, [r4, #64] @ 0x40
09c94 movs r0, r0
09c96 movs r0, r0
09c98 str r4, [r0, #20]
09c9a str r4, [r6, #20]
09c9c ldr r3, [r0, #100] @ 0x64
09c9e subs r5, #116 @ 0x74
09ca0 str r5, [r4, #64] @ 0x40
09ca2 movs r0, r0
09ca4 str r2, [r2, #68] @ 0x44
09ca6 str r1, [r0, #68] @ 0x44
09ca8 strb r4, [r4, #9]
09caa movs r5, #61 @ 0x3d
09cac lsls r0, r7, #1
09cae movs r0, r0
09cb0 str r1, [r0, r1]
09cb2 ldr r4, [pc, #320] ; =0xD1F00F00 
09cb4 strh r3, [r0, r1]
09cb6 ldr r1, [pc, #380] ; =0x49062000 
09cb8 ldr r6, [r5, #20]
09cba movs r0, #116 @ 0x74
09cbc ldr r3, [pc, #316] ; =0x53410A0D 
09cbe movs r1, r4
09cc0 movs r5, #217 @ 0xd9
09cc2 lsrs r1, r0, #32
09cc4 @ <UNDEFINED> instruction: 0xfc510800
09cc8 add r9, r5
09cca lsrs r1, r0, #32
09ccc ldrb r3, [r2, #5]
09cce strb r3, [r6, r1]
09cd0 ldr r1, [r5, #84] @ 0x54
09cd2 movs r0, #101 @ 0x65
09cd4 str r3, [r2, #84] @ 0x54
09cd6 ldr r3, [r4, #116] @ 0x74
09cd8 str r6, [r5, #68] @ 0x44
09cda subs r5, #32
09cdc movs r5, #32
09cde lsls r4, r4, #1
09ce0 cmp r4, sl
09ce2 strb r3, [r2, r1]
09ce4 ldr r4, [pc, #128] ; =0x412D2D2D 
09ce6 strh r3, [r0, r1]
09ce8 movs r1, #49 @ 0x31
09cea movs r0, r0
09cec cmp r4, sl
09cee strb r3, [r2, r1]
09cf0 ldr r4, [pc, #128] ; =0x72617453 
09cf2 strh r3, [r0, r1]
09cf4 movs r1, #50 @ 0x32
09cf6 movs r0, r0
09cf8 add r1, r8
09cfa movs r0, #67 @ 0x43
09cfc movs r0, #61 @ 0x3d
09cfe str r5, [r4, #64] @ 0x40
09d00 movs r1, r4
09d02 movs r0, r0
09d04 cmp r0, #228 @ 0xe4
09d06 movs r0, #0

; ===== fn_08009D08  (called 1 x)
09d08 push {r4, lr}
09d0a movs r4, #0
09d0c ldr r0, [pc, #84] ; =0x0800D929 fn_0800D928
09d0e bl fn_0800B700
09d12 add r3, pc, #84 @ (adr r3, 8009d68 ) ; =0x08009D68 "---APP Init Start!---"
09d14 movs r2, #102 @ 0x66
09d16 add r1, pc, #104 @ (adr r1, 8009d80 ) ; =0x08009D80 "..\\src\\app\\app.c"
09d18 movs r0, #1
09d1a bl fn_08009EBC
09d1e movs r1, #5
09d20 movs r0, #3
09d22 bl fn_0800AFE0
09d26 movs r1, #5
09d28 movs r0, #1
09d2a bl fn_0800AFE0
09d2e movs r1, #5
09d30 movs r0, #0
09d32 bl fn_0800AFE0
09d36 movs r1, #5
09d38 movs r0, #2
09d3a bl fn_0800AFE0
09d3e ldr r3, [pc, #84] ; =0x20000054 ram_20000054
09d40 movs r2, #0
09d42 ldr r1, [pc, #84] ; =0x0800D8B1 fn_0800D8B0
09d44 movw r0, #3000 @ 0xbb8
09d48 bl fn_0800B7C4
09d4c mov r4, r0
09d4e cbnz r4, 8009d52 
09d50 b.n 8009d5a 
09d52 movs r1, #110 @ 0x6e
09d54 add r0, pc, #40 @ (adr r0, 8009d80 ) ; =0x08009D80 "..\\src\\app\\app.c"
09d56 bl fn_08009D9C
09d5a ldr r0, [pc, #56] ; =0x20000054 ram_20000054
09d5c ldrb r0, [r0, #0]
09d5e bl fn_0800BA34
09d62 pop {r4, pc}
09d64 bls.n 8009dba 
09d66 lsrs r0, r0, #32
09d68 cmp r5, #45 @ 0x2d
09d6a asrs r5, r5
09d6c str r0, [r2, r1]
09d6e ldr r1, [pc, #128] ; =0xF1B84680 
09d70 ldr r6, [r5, #20]
09d72 movs r0, #116 @ 0x74
09d74 strb r3, [r2, #17]
09d76 strb r1, [r4, #9]
09d78 movs r1, #116 @ 0x74
09d7a cmp r5, #45 @ 0x2d
09d7c movs r5, r5
09d7e movs r0, r0
09d80 cmp r6, #46 @ 0x2e
09d82 strb r4, [r3, #13]
09d84 str r2, [r6, #52] @ 0x34
09d86 str r4, [r3, #20]
09d88 strb r0, [r6, #1]
09d8a str r4, [r3, #20]
09d8c strb r0, [r6, #1]
09d8e str r6, [r5, #48] @ 0x30
09d90 movs r0, r0
09d92 movs r0, r0
09d94 lsls r4, r2, #1
09d96 movs r0, #0
09d98 bhi.n 8009cfe 
09d9a lsrs r0, r0, #32

; ===== fn_08009D9C  (called 69 x)
09d9c sub sp, #104 @ 0x68
09d9e mov r5, r0
09da0 mov r6, r1
09da2 mov.w r8, #0
09da6 mov r0, r5
09da8 bl fn_08008298
09dac mov r9, r0
09dae mov sl, r8
09db0 mov r4, r9
09db2 b.n 8009dc2 
09db4 subs r0, r4, #1
09db6 ldrb r7, [r5, r0]
09db8 cmp r7, #92 @ 0x5c
09dba bne.n 8009dc0 
09dbc mov sl, r4
09dbe b.n 8009dc6 
09dc0 subs r4, r4, #1
09dc2 cmp r4, #0
09dc4 bne.n 8009db4 
09dc6 nop
09dc8 add.w r3, r5, sl
09dcc add r2, pc, #44 @ (adr r2, 8009dfc ) ; =0x08009DFC "\r\nASSERT: %s,%04d"
09dce movs r1, #100 @ 0x64
09dd0 add r0, sp, #4
09dd2 str r6, [sp, #0]
09dd4 bl fn_0800C960
09dd8 nop
09dda add r0, sp, #4
09ddc bl fn_08008298
09de0 uxth.w fp, r0
09de4 mov r2, fp
09de6 add r1, sp, #4
09de8 ldr r0, [pc, #36] ; =0x2000000A ram_2000000A
09dea ldrb r0, [r0, #0]
09dec bl fn_0800BDA4
09df0 mov r8, r0
09df2 cmp.w r8, #0
09df6 bne.n 8009dda 
09df8 nop
09dfa b.n 8009dfa 
09dfc lsrs r5, r1, #8
09dfe strh r1, [r0, r5]
09e00 cmp r3, sl
09e02 strb r2, [r2, r1]
09e04 movs r0, #58 @ 0x3a
09e06 strb r5, [r4, #12]
09e08 movs r5, #44 @ 0x2c
09e0a adds r4, #48 @ 0x30
09e0c lsls r4, r4, #1
09e0e movs r0, r0
09e10 movs r2, r1
09e12 movs r0, #0

; ===== fn_08009E14  (called 1 x)
09e14 ldr r1, [pc, #4] ; =0x2000000A ram_2000000A
09e16 strb r0, [r1, #0]
09e18 bx lr
09e1a movs r0, r0
09e1c movs r2, r1
09e1e movs r0, #0
09e20 nop
09e22 b.n 8009e22 

; ===== fn_08009E24  (called 1 x)
09e24 push {r4, lr}
09e26 movs r1, #81 @ 0x51
09e28 ldr r0, [pc, #32] ; =0x200000CC ram_200000CC
09e2a bl fn_08008246
09e2e ldr r0, [pc, #32] ; =0x20000004 ram_20000004
09e30 movs r1, #0
09e32 str r1, [r0, #0]
09e34 movs r0, #0
09e36 ldr r1, [pc, #24] ; =0x20000004 ram_20000004
09e38 strb r0, [r1, #0]
09e3a ldr r0, [pc, #24] ; =0x08014E7D fn_08014E7C
09e3c bl fn_0800A070
09e40 bl fn_08014CFE
09e44 bl fn_08014F9C
09e48 pop {r4, pc}
09e4a movs r0, r0
09e4c lsls r4, r1, #3
09e4e movs r0, #0
09e50 movs r4, r0
09e52 movs r0, #0
09e54 ldr r6, [pc, #500] ; =0x08014FF1 fn_08014FF0
09e56 lsrs r1, r0, #32

; ===== fn_08009E58  (called 6 x)
09e58 ldr r1, [pc, #4] ; =0x2000003C ram_2000003C
09e5a strb r0, [r1, #0]
09e5c bx lr
09e5e movs r0, r0
09e60 movs r4, r7
09e62 movs r0, #0

; ===== fn_08009E64  (called 1 x)
09e64 ldr r0, [pc, #4] ; =0x2000003D ram_2000003D
09e66 ldrb r0, [r0, #0]
09e68 bx lr
09e6a movs r0, r0
09e6c movs r5, r7
09e6e movs r0, #0

; ===== fn_08009E70  (called 1 x)
09e70 push {r4, lr}
09e72 mov r4, r0
09e74 ldr r0, [pc, #48] ; =0x2000003C ram_2000003C
09e76 strb r4, [r0, #0]
09e78 movs r0, #0
09e7a ldr r1, [pc, #48] ; =0x2000003D ram_2000003D
09e7c strb r0, [r1, #0]
09e7e ldr r1, [pc, #48] ; =0x20000040 ram_20000040
09e80 str r0, [r1, #0]
09e82 ldr r1, [pc, #48] ; =0x20000044 ram_20000044
09e84 str r0, [r1, #0]
09e86 movs r3, #0
09e88 mov r2, r3
09e8a mov.w r1, #115200 @ 0x1c200
09e8e mov r0, r3
09e90 bl fn_0800A990
09e94 movs r1, #50 @ 0x32
09e96 movs r0, #0
09e98 bl fn_0800AAA8
09e9c movs r2, #0
09e9e ldr r1, [pc, #24] ; =0x08014FF1 fn_08014FF0
09ea0 mov r0, r2
09ea2 bl fn_0800AA4C
09ea6 pop {r4, pc}
09ea8 movs r4, r7
09eaa movs r0, #0
09eac movs r5, r7
09eae movs r0, #0
09eb0 lsls r0, r0, #1
09eb2 movs r0, #0
09eb4 lsls r4, r0, #1
09eb6 movs r0, #0
09eb8 ldr r7, [pc, #964] ; =0xF1B84680 
09eba lsrs r1, r0, #32

; ===== fn_08009EBC  (called 175 x)
09ebc push {r0, r1, r2, r3}
09ebe stmdb sp!, {r4, r5, r6, r7, r8, r9, sl, fp, lr}
09ec2 sub sp, #20
09ec4 mov r7, r0
09ec6 mov r5, r1
09ec8 movs r0, #0
09eca str r0, [sp, #16]
09ecc nop
09ece ldr r0, [pc, #212] ; =0x2000003C ram_2000003C
09ed0 ldrb r0, [r0, #0]
09ed2 cbnz r0, 8009eda 
09ed4 movs r0, #70 @ 0x46
09ed6 str r0, [sp, #16]
09ed8 b.n 8009f94 
09eda cmp r7, #5
09edc bge.n 8009ee6 
09ede ldr r0, [pc, #200] ; =0x2000003D ram_2000003D
09ee0 ldrb r0, [r0, #0]
09ee2 cmp r0, r7
09ee4 ble.n 8009eec 
09ee6 movs r0, #71 @ 0x47
09ee8 str r0, [sp, #16]
09eea b.n 8009f94 
09eec cbnz r5, 8009ef4 
09eee movs r0, #1
09ef0 str r0, [sp, #16]
09ef2 b.n 8009f94 
09ef4 mov r0, r5
09ef6 bl fn_08008298
09efa mov r4, r0
09efc cbnz r4, 8009f04 
09efe movs r0, #72 @ 0x48
09f00 str r0, [sp, #16]
09f02 b.n 8009f94 
09f04 mov.w r8, #0
09f08 mov r6, r4
09f0a b.n 8009f1e 
09f0c subs r0, r6, #1
09f0e ldrb.w r9, [r5, r0]
09f12 cmp.w r9, #92 @ 0x5c
09f16 bne.n 8009f1c 
09f18 mov r8, r6
09f1a b.n 8009f22 
09f1c subs r6, r6, #1
09f1e cmp r6, #0
09f20 bne.n 8009f0c 
09f22 nop
09f24 cmp.w r8, #0
09f28 bne.n 8009f30 
09f2a movs r0, #72 @ 0x48
09f2c str r0, [sp, #16]
09f2e b.n 8009f94 
09f30 bl fn_0800A710
09f34 mov fp, r0
09f36 mov r0, r7
09f38 bl fn_08014FC4
09f3c mov r9, r0
09f3e add.w r0, r5, r8
09f42 ldr r1, [sp, #64] @ 0x40
09f44 mov r3, r9
09f46 add r2, pc, #100 @ (adr r2, 8009fac ) ; =0x08009FAC "\r\n%c,%d,%s,%04d:"
09f48 strd fp, r0, [sp]
09f4c str r1, [sp, #8]
09f4e mov.w r1, #256 @ 0x100
09f52 ldr r0, [pc, #108] ; =0x200020AC ram_200020AC
09f54 bl fn_0800C960
09f58 ldr r0, [pc, #100] ; =0x200020AC ram_200020AC
09f5a bl fn_08008298
09f5e mov r4, r0
09f60 add r0, sp, #68 @ 0x44
09f62 str r0, [sp, #12]
09f64 ldr r0, [sp, #12]
09f66 ldr.w sl, [r0], #4
09f6a str r0, [sp, #12]
09f6c rsb r1, r4, #256 @ 0x100
09f70 ldr r2, [pc, #76] ; =0x200020AC ram_200020AC
09f72 adds r0, r2, r4
09f74 mov r2, sl
09f76 ldr r3, [sp, #12]
09f78 bl fn_0800C9B8
09f7c movs r0, #0
09f7e str r0, [sp, #12]
09f80 ldr r0, [pc, #60] ; =0x200020AC ram_200020AC
09f82 bl fn_08008298
09f86 mov r1, r0
09f88 str r0, [sp, #8]
09f8a ldr r0, [pc, #52] ; =0x200020AC ram_200020AC
09f8c bl fn_0801500C
09f90 str r0, [sp, #16]
09f92 nop
09f94 nop
09f96 ldr r0, [sp, #16]
09f98 add sp, #20
09f9a ldmia.w sp!, {r4, r5, r6, r7, r8, r9, sl, fp}
09f9e ldr.w pc, [sp], #20
09fa2 movs r0, r0
09fa4 movs r4, r7
09fa6 movs r0, #0
09fa8 movs r5, r7
09faa movs r0, #0
09fac lsrs r5, r1, #8
09fae str r5, [r4, #48] @ 0x30
09fb0 movs r5, #44 @ 0x2c
09fb2 cmp r4, #100 @ 0x64
09fb4 strb r5, [r4, #12]
09fb6 movs r5, #44 @ 0x2c
09fb8 adds r4, #48 @ 0x30
09fba subs r2, #100 @ 0x64
09fbc movs r0, r0
09fbe movs r0, r0
09fc0 movs r0, #172 @ 0xac
09fc2 movs r0, #0

; ===== fn_08009FC4  (called 15 x)
09fc4 push {r0, r1, r2, r3}
09fc6 push {r3, r4, r5, lr}
09fc8 movs r4, #0
09fca nop
09fcc ldr r0, [sp, #16]
09fce cbnz r0, 8009fd4 
09fd0 movs r4, #1
09fd2 b.n 800a006 
09fd4 movs r1, #2
09fd6 add r0, pc, #56 @ (adr r0, 800a010 ) ; =0x0800A010 "\r\n"
09fd8 bl fn_0801500C
09fdc add r0, sp, #20
09fde str r0, [sp, #0]
09fe0 mov.w r1, #256 @ 0x100
09fe4 ldr r0, [pc, #44] ; =0x200020AC ram_200020AC
09fe6 ldr r3, [sp, #0]
09fe8 ldr r2, [sp, #16]
09fea bl fn_0800C9B8
09fee movs r0, #0
09ff0 str r0, [sp, #0]
09ff2 ldr r0, [pc, #32] ; =0x200020AC ram_200020AC
09ff4 bl fn_08008298
09ff8 mov r5, r0
09ffa mov r1, r5
09ffc ldr r0, [pc, #20] ; =0x200020AC ram_200020AC
09ffe bl fn_0801500C
0a002 mov r4, r0
0a004 nop
0a006 nop
0a008 mov r0, r4
0a00a pop {r3, r4, r5}
0a00c ldr.w pc, [sp], #20
0a010 lsrs r5, r1, #8
0a012 movs r0, r0
0a014 movs r0, #172 @ 0xac
0a016 movs r0, #0

; ===== fn_0800A018  (called 3 x)
0a018 push {r0, r4, r5, lr}
0a01a movs r1, #1
0a01c mov r0, sp
0a01e bl fn_0801500C
0a022 mov r4, r0
0a024 mov r0, r4
0a026 pop {r3, r4, r5, pc}

; ===== fn_0800A028  (called 3 x)
0a028 push {r4, lr}
0a02a movs r3, #0
0a02c mov r2, r3
0a02e mov.w r1, #115200 @ 0x1c200
0a032 mov r0, r3
0a034 bl fn_0800A990
0a038 movs r1, #50 @ 0x32
0a03a movs r0, #0
0a03c bl fn_0800AAA8
0a040 movs r2, #0
0a042 ldr r1, [pc, #8] ; =0x08014FF1 fn_08014FF0
0a044 mov r0, r2
0a046 bl fn_0800AA4C
0a04a pop {r4, pc}
0a04c ldr r7, [pc, #964] ; =0x1C6DD108 
0a04e lsrs r1, r0, #32

; ===== fn_0800A050  (called 3 x)
0a050 mov r1, r0
0a052 movs r0, #0
0a054 cmp r1, #5
0a056 blt.n 800a05c 
0a058 movs r0, #71 @ 0x47
0a05a b.n 800a060 
0a05c ldr r2, [pc, #8] ; =0x2000003D ram_2000003D
0a05e strb r1, [r2, #0]
0a060 movs r2, #1
0a062 ldr r3, [pc, #8] ; =0x2000003C ram_2000003C
0a064 strb r2, [r3, #0]
0a066 bx lr
0a068 movs r5, r7
0a06a movs r0, #0
0a06c movs r4, r7
0a06e movs r0, #0

; ===== fn_0800A070  (called 1 x)
0a070 ldr r1, [pc, #4] ; =0x20000040 ram_20000040
0a072 str r0, [r1, #0]
0a074 bx lr
0a076 movs r0, r0
0a078 lsls r0, r0, #1
0a07a movs r0, #0

; ===== fn_0800A07C  (called 1 x)
0a07c push {r3, r4, r5, lr}
0a07e movs r4, #0
0a080 bl fn_0800AEC0
0a084 bl fn_080155D4
0a088 bl fn_08015684
0a08c mov r4, r0
0a08e add r3, pc, #16 @ (adr r3, 800a0a0 ) ; =0x0800A0A0 "u32GdFlashId = %X"
0a090 movs r2, #37 @ 0x25
0a092 add r1, pc, #32 @ (adr r1, 800a0b4 ) ; =0x0800A0B4 "..\\src\\drv\\drv.c"
0a094 movs r0, #0
0a096 str r4, [sp, #0]
0a098 bl fn_08009EBC
0a09c pop {r3, r4, r5, pc}
0a09e movs r0, r0
0a0a0 adds r3, #117 @ 0x75
0a0a2 bx r6
0a0a4 mov r4, ip
0a0a6 str r4, [r5, #20]
0a0a8 ldr r3, [r6, #4]
0a0aa str r1, [r1, #68] @ 0x44
0a0ac subs r5, #32
0a0ae movs r5, #32
0a0b0 lsls r0, r3, #1
0a0b2 movs r0, r0
0a0b4 cmp r6, #46 @ 0x2e
0a0b6 strb r4, [r3, #13]
0a0b8 str r2, [r6, #52] @ 0x34
0a0ba str r4, [r3, #68] @ 0x44
0a0bc strb r2, [r6, #25]
0a0be str r4, [r3, #68] @ 0x44
0a0c0 strb r2, [r6, #25]
0a0c2 str r6, [r5, #48] @ 0x30
0a0c4 movs r0, r0
0a0c6 movs r0, r0
0a0c8 bx lr
0a0ca movs r0, r0

; ===== fn_0800A0CC  (called 7 x)
0a0cc stmdb sp!, {r4, r5, r6, r7, r8, lr}
0a0d0 mov r5, r0
0a0d2 mov r6, r1
0a0d4 movs r7, #0
0a0d6 nop
0a0d8 cbnz r5, 800a0de 
0a0da movs r7, #1
0a0dc b.n 800a144 
0a0de cbnz r6, 800a0e4 
0a0e0 movs r7, #1
0a0e2 b.n 800a144 
0a0e4 bl fn_0800A88C
0a0e8 movs r4, #0
0a0ea b.n 800a0fc 
0a0ec add.w r0, r4, r4, lsl #1
0a0f0 ldr r1, [pc, #88] ; =0x200021AC ram_200021AC
0a0f2 ldrb.w r0, [r1, r0, lsl #2]
0a0f6 cbnz r0, 800a0fa 
0a0f8 b.n 800a100 
0a0fa adds r4, r4, #1
0a0fc cmp r4, #10
0a0fe bcc.n 800a0ec 
0a100 nop
0a102 cmp r4, #10
0a104 bne.n 800a10a 
0a106 movs r7, #81 @ 0x51
0a108 b.n 800a13a 
0a10a movs r0, #1
0a10c add.w r1, r4, r4, lsl #1
0a110 ldr r2, [pc, #56] ; =0x200021AC ram_200021AC
0a112 strb.w r0, [r2, r1, lsl #2]
0a116 movs r0, #0
0a118 add.w r1, r4, r4, lsl #1
0a11c add.w r1, r2, r1, lsl #2
0a120 strb r0, [r1, #1]
0a122 add.w r0, r4, r4, lsl #1
0a126 mov r1, r2
0a128 add.w r0, r1, r0, lsl #2
0a12c str r5, [r0, #4]
0a12e movs r0, #0
0a130 add.w r1, r4, r4, lsl #1
0a134 add.w r1, r2, r1, lsl #2
0a138 str r0, [r1, #8]
0a13a bl fn_0800A894
0a13e cbnz r7, 800a142 
0a140 strb r4, [r6, #0]
0a142 nop
0a144 nop
0a146 mov r0, r7
0a148 ldmia.w sp!, {r4, r5, r6, r7, r8, pc}
0a14c movs r1, #172 @ 0xac
0a14e movs r0, #0

; ===== fn_0800A150  (called 1 x)
0a150 push {r4, r5, r6, lr}
0a152 movs r4, #0
0a154 b.n 800a1a6 
0a156 movs r5, #0
0a158 bl fn_0800A88C
0a15c add.w r0, r4, r4, lsl #1
0a160 ldr r1, [pc, #72] ; =0x200021AC ram_200021AC
0a162 ldrb.w r0, [r1, r0, lsl #2]
0a166 cmp r0, #1
0a168 bne.n 800a19a 
0a16a add.w r0, r4, r4, lsl #1
0a16e add.w r0, r1, r0, lsl #2
0a172 ldrb r0, [r0, #1]
0a174 cbz r0, 800a19a 
0a176 movs r0, #0
0a178 add.w r1, r4, r4, lsl #1
0a17c ldr r2, [pc, #44] ; =0x200021AC ram_200021AC
0a17e add.w r1, r2, r1, lsl #2
0a182 strb r0, [r1, #1]
0a184 add.w r0, r4, r4, lsl #1
0a188 mov r1, r2
0a18a add.w r0, r1, r0, lsl #2
0a18e ldr r5, [r0, #4]
0a190 add.w r0, r4, r4, lsl #1
0a194 add.w r0, r1, r0, lsl #2
0a198 ldr r6, [r0, #8]
0a19a bl fn_0800A894
0a19e cbz r5, 800a1a4 
0a1a0 mov r0, r6
0a1a2 blx r5
0a1a4 adds r4, r4, #1
0a1a6 cmp r4, #10
0a1a8 bcc.n 800a156 
0a1aa pop {r4, r5, r6, pc}
0a1ac movs r1, #172 @ 0xac
0a1ae movs r0, #0

; ===== fn_0800A1B0  (called 1 x)
0a1b0 push {r4, lr}
0a1b2 movs r4, #0
0a1b4 b.n 800a1ea 
0a1b6 bl fn_0800A88C
0a1ba movs r0, #0
0a1bc add.w r1, r4, r4, lsl #1
0a1c0 ldr r2, [pc, #44] ; =0x200021AC ram_200021AC
0a1c2 strb.w r0, [r2, r1, lsl #2]
0a1c6 add.w r1, r4, r4, lsl #1
0a1ca add.w r1, r2, r1, lsl #2
0a1ce strb r0, [r1, #1]
0a1d0 add.w r1, r4, r4, lsl #1
0a1d4 add.w r1, r2, r1, lsl #2
0a1d8 str r0, [r1, #4]
0a1da add.w r1, r4, r4, lsl #1
0a1de add.w r1, r2, r1, lsl #2
0a1e2 str r0, [r1, #8]
0a1e4 bl fn_0800A894
0a1e8 adds r4, r4, #1
0a1ea cmp r4, #10
0a1ec bcc.n 800a1b6 
0a1ee pop {r4, pc}
0a1f0 movs r1, #172 @ 0xac
0a1f2 movs r0, #0

; ===== fn_0800A1F4  (called 26 x)
0a1f4 stmdb sp!, {r4, r5, r6, r7, r8, lr}
0a1f8 mov r5, r0
0a1fa mov r6, r1
0a1fc movs r7, #0
0a1fe nop
0a200 mov r4, r5
0a202 cmp r4, #10
0a204 bcc.n 800a20a 
0a206 movs r7, #80 @ 0x50
0a208 b.n 800a23e 
0a20a bl fn_0800A88C
0a20e add.w r0, r4, r4, lsl #1
0a212 ldr r1, [pc, #52] ; =0x200021AC ram_200021AC
0a214 ldrb.w r0, [r1, r0, lsl #2]
0a218 cbnz r0, 800a21e 
0a21a movs r7, #82 @ 0x52
0a21c b.n 800a238 
0a21e add.w r0, r4, r4, lsl #1
0a222 ldr r1, [pc, #36] ; =0x200021AC ram_200021AC
0a224 add.w r0, r1, r0, lsl #2
0a228 str r6, [r0, #8]
0a22a movs r0, #1
0a22c add.w r1, r4, r4, lsl #1
0a230 ldr r2, [pc, #20] ; =0x200021AC ram_200021AC
0a232 add.w r1, r2, r1, lsl #2
0a236 strb r0, [r1, #1]
0a238 bl fn_0800A894
0a23c nop
0a23e nop
0a240 mov r0, r7
0a242 ldmia.w sp!, {r4, r5, r6, r7, r8, pc}
0a246 movs r0, r0
0a248 movs r1, #172 @ 0xac
0a24a movs r0, #0

; ===== fn_0800A24C  (called 2 x)
0a24c stmdb sp!, {r4, r5, r6, r7, r8, lr}
0a250 mov r5, r0
0a252 mov r6, r1
0a254 mov r7, r2
0a256 mov.w r8, #0
0a25a nop
0a25c bl fn_0800ABB0
0a260 bl fn_0801542C
0a264 bl fn_0800A2B0
0a268 cbz r0, 800a270 
0a26a mov.w r8, #2
0a26e b.n 800a294 
0a270 movs r4, #0
0a272 b.n 800a28c 
0a274 bl fn_0800A6D4
0a278 mla r0, r6, r4, r5
0a27c bl fn_08015348
0a280 mov r8, r0
0a282 cmp.w r8, #0
0a286 beq.n 800a28a 
0a288 b.n 800a290 
0a28a adds r4, r4, #1
0a28c cmp r4, r7
0a28e bcc.n 800a274 
0a290 nop
0a292 nop
0a294 nop
0a296 bl fn_0801531C
0a29a bl fn_0800ABD8
0a29e movs r0, #0
0a2a0 bl fn_0800A540
0a2a4 movs r0, #0
0a2a6 bl fn_0800A534
0a2aa mov r0, r8
0a2ac ldmia.w sp!, {r4, r5, r6, r7, r8, pc}

; ===== fn_0800A2B0  (called 4 x)
0a2b0 push {r4, lr}
0a2b2 movs r4, #0
0a2b4 nop
0a2b6 bl fn_0800A524
0a2ba ldr r1, [pc, #60] ; =0xA55A6996 
0a2bc cmp r0, r1
0a2be beq.n 800a2c4 
0a2c0 movs r4, #1
0a2c2 b.n 800a2f0 
0a2c4 bl fn_0800AC5C
0a2c8 mov r1, r0
0a2ca bl fn_0800A518
0a2ce cmp r1, r0
0a2d0 bcs.n 800a2d6 
0a2d2 movs r4, #2
0a2d4 b.n 800a2f0 
0a2d6 bl fn_0800AC5C
0a2da mov r1, r0
0a2dc bl fn_0800A518
0a2e0 subs r0, r1, r0
0a2e2 movw r1, #10000 @ 0x2710
0a2e6 cmp r0, r1
0a2e8 bls.n 800a2ee 
0a2ea movs r4, #3
0a2ec b.n 800a2f0 
0a2ee nop
0a2f0 nop
0a2f2 mov r0, r4
0a2f4 pop {r4, pc}
0a2f6 movs r0, r0
0a2f8 ldr r6, [r2, #24]
0a2fa add r5, pc, #360 @ (adr r5, 800a464 ) ; =0x0800A464 rom_0800A464

; ===== fn_0800A2FC  (called 1 x)
0a2fc stmdb sp!, {r4, r5, r6, r7, r8, lr}
0a300 mov r4, r0
0a302 mov r6, r1
0a304 mov r5, r2
0a306 mov.w r8, #0
0a30a cbz r6, 800a30e 
0a30c b.n 800a318 
0a30e movw r1, #443 @ 0x1bb
0a312 add r0, pc, #88 @ (adr r0, 800a36c ) ; =0x0800A36C "..\\src\\hal\\flash.c"
0a314 bl fn_08009D9C
0a318 cbz r5, 800a31c 
0a31a b.n 800a326 
0a31c mov.w r1, #444 @ 0x1bc
0a320 add r0, pc, #72 @ (adr r0, 800a36c ) ; =0x0800A36C "..\\src\\hal\\flash.c"
0a322 bl fn_08009D9C
0a326 adds r0, r4, r5
0a328 cmp.w r0, #2048 @ 0x800
0a32c bhi.n 800a330 
0a32e b.n 800a33a 
0a330 movw r1, #445 @ 0x1bd
0a334 add r0, pc, #52 @ (adr r0, 800a36c ) ; =0x0800A36C "..\\src\\hal\\flash.c"
0a336 bl fn_08009D9C
0a33a adds r0, r4, r5
0a33c cmp r0, #200 @ 0xc8
0a33e bhi.n 800a342 
0a340 b.n 800a34c 
0a342 mov.w r1, #446 @ 0x1be
0a346 add r0, pc, #36 @ (adr r0, 800a36c ) ; =0x0800A36C "..\\src\\hal\\flash.c"
0a348 bl fn_08009D9C
0a34c bl fn_0800ABB0
0a350 bl fn_08015120
0a354 mov r7, r0
0a356 adds r1, r7, r4
0a358 mov r2, r5
0a35a mov r0, r6
0a35c bl fn_08008214
0a360 bl fn_0800ABD8
0a364 mov r0, r8
0a366 ldmia.w sp!, {r4, r5, r6, r7, r8, pc}
0a36a movs r0, r0
0a36c cmp r6, #46 @ 0x2e
0a36e strb r4, [r3, #13]
0a370 str r2, [r6, #52] @ 0x34
0a372 ldr r4, [r3, #4]
0a374 ldr r1, [r4, #68] @ 0x44
0a376 str r4, [r3, #100] @ 0x64
0a378 str r4, [r5, #20]
0a37a ldr r3, [r6, #4]
0a37c str r6, [r5, #48] @ 0x30
0a37e movs r0, r0

; ===== fn_0800A380  (called 1 x)
0a380 stmdb sp!, {r0, r1, r2, r4, r5, r6, r7, r8, r9, sl, fp, lr}
0a384 sub sp, #208 @ 0xd0
0a386 mov r4, r0
0a388 mov r6, r2
0a38a movs r0, #0
0a38c str r0, [sp, #204] @ 0xcc
0a38e str r0, [sp, #200] @ 0xc8
0a390 ldr r0, [sp, #212] @ 0xd4
0a392 cbz r0, 800a396 
0a394 b.n 800a3a0 
0a396 movw r1, #313 @ 0x139
0a39a add r0, pc, #360 @ (adr r0, 800a504 ) ; =0x0800A504 "..\\src\\hal\\flash.c"
0a39c bl fn_08009D9C
0a3a0 cbz r6, 800a3a4 
0a3a2 b.n 800a3ae 
0a3a4 mov.w r1, #314 @ 0x13a
0a3a8 add r0, pc, #344 @ (adr r0, 800a504 ) ; =0x0800A504 "..\\src\\hal\\flash.c"
0a3aa bl fn_08009D9C
0a3ae adds r0, r4, r6
0a3b0 cmp.w r0, #2048 @ 0x800
0a3b4 bhi.n 800a3b8 
0a3b6 b.n 800a3c2 
0a3b8 movw r1, #315 @ 0x13b
0a3bc add r0, pc, #324 @ (adr r0, 800a504 ) ; =0x0800A504 "..\\src\\hal\\flash.c"
0a3be bl fn_08009D9C
0a3c2 adds r0, r4, r6
0a3c4 cmp r0, #200 @ 0xc8
0a3c6 bhi.n 800a3ca 
0a3c8 b.n 800a3d4 
0a3ca mov.w r1, #316 @ 0x13c
0a3ce add r0, pc, #308 @ (adr r0, 800a504 ) ; =0x0800A504 "..\\src\\hal\\flash.c"
0a3d0 bl fn_08009D9C
0a3d4 nop
0a3d6 bl fn_08015120
0a3da mov r7, r0
0a3dc adds r1, r7, r4
0a3de mov r2, r6
0a3e0 mov r0, sp
0a3e2 bl fn_08008214
0a3e6 mov r2, r6
0a3e8 mov r0, sp
0a3ea ldr r1, [sp, #212] @ 0xd4
0a3ec bl fn_080082C2
0a3f0 cbnz r0, 800a3f4 
0a3f2 b.n 800a4ee 
0a3f4 mov r8, r4
0a3f6 mov r5, r6
0a3f8 mov r4, r8
0a3fa and.w r0, r8, #1
0a3fe eor.w fp, r0, #1
0a402 and.w r0, r5, #1
0a406 eor.w sl, r0, #1
0a40a cmp.w fp, #0
0a40e beq.n 800a41a 
0a410 cmp.w sl, #0
0a414 bne.n 800a428 
0a416 adds r5, r5, #1
0a418 b.n 800a428 
0a41a sub.w r8, r8, #1
0a41e adds r5, r5, #1
0a420 cmp.w sl, #1
0a424 bne.n 800a428 
0a426 adds r5, r5, #1
0a428 cmp r8, r4
0a42a bne.n 800a430 
0a42c cmp r5, r6
0a42e beq.n 800a43c 
0a430 add.w r1, r7, r8
0a434 mov r2, r5
0a436 mov r0, sp
0a438 bl fn_08008214
0a43c mov.w r9, #0
0a440 b.n 800a454 
0a442 ldrb.w r0, [sp, r9]
0a446 cmp r0, #255 @ 0xff
0a448 beq.n 800a450 
0a44a movs r0, #1
0a44c str r0, [sp, #200] @ 0xc8
0a44e b.n 800a458 
0a450 add.w r9, r9, #1
0a454 cmp r9, r5
0a456 bcc.n 800a442 
0a458 nop
0a45a ldr r0, [sp, #200] @ 0xc8
0a45c cmp r0, #1
0a45e bne.n 800a4a8 
0a460 movs r2, #200 @ 0xc8
0a462 mov r1, r7
0a464 mov r0, sp
0a466 bl fn_08008214
0a46a add.w r0, sp, r4
0a46e mov r2, r6
0a470 ldr r1, [sp, #212] @ 0xd4
0a472 bl fn_08008214
0a476 bl fn_0800ABB0
0a47a bl fn_0801542C
0a47e bl fn_0800A2B0
0a482 cbz r0, 800a48e 
0a484 bl fn_0801531C
0a488 bl fn_0800ABD8
0a48c b.n 800a4ee 
0a48e mov r0, r7
0a490 bl fn_08015348
0a494 bl fn_0801531C
0a498 movs r2, #200 @ 0xc8
0a49a mov r1, sp
0a49c mov r0, r7
0a49e bl fn_08015134
0a4a2 bl fn_0800ABD8
0a4a6 b.n 800a4ee 
0a4a8 cmp r8, r4
0a4aa beq.n 800a4c6 
0a4ac mov r2, r6
0a4ae add.w r0, sp, #1
0a4b2 ldr r1, [sp, #212] @ 0xd4
0a4b4 bl fn_08008214
0a4b8 add.w r0, r7, r8
0a4bc mov r2, r5
0a4be mov r1, sp
0a4c0 bl fn_08015134
0a4c4 b.n 800a4ec 
0a4c6 cmp r5, r6
0a4c8 beq.n 800a4e2 
0a4ca mov r2, r6
0a4cc mov r0, sp
0a4ce ldr r1, [sp, #212] @ 0xd4
0a4d0 bl fn_08008214
0a4d4 add.w r0, r7, r8
0a4d8 mov r2, r5
0a4da mov r1, sp
0a4dc bl fn_08015134
0a4e0 b.n 800a4ec 
0a4e2 adds r0, r7, r4
0a4e4 mov r2, r6
0a4e6 ldr r1, [sp, #212] @ 0xd4
0a4e8 bl fn_08015134
0a4ec nop
0a4ee nop
0a4f0 movs r0, #0
0a4f2 bl fn_0800A540
0a4f6 movs r0, #0
0a4f8 bl fn_0800A534
0a4fc ldr r0, [sp, #204] @ 0xcc
0a4fe add sp, #220 @ 0xdc
0a500 ldmia.w sp!, {r4, r5, r6, r7, r8, r9, sl, fp, pc}
0a504 cmp r6, #46 @ 0x2e
0a506 strb r4, [r3, #13]
0a508 str r2, [r6, #52] @ 0x34
0a50a ldr r4, [r3, #4]
0a50c ldr r1, [r4, #68] @ 0x44
0a50e str r4, [r3, #100] @ 0x64
0a510 str r4, [r5, #20]
0a512 ldr r3, [r6, #4]
0a514 str r6, [r5, #48] @ 0x30
0a516 movs r0, r0

; ===== fn_0800A518  (called 2 x)
0a518 ldr r0, [pc, #4] ; =0x20000010 ram_20000010
0a51a ldr r0, [r0, #0]
0a51c bx lr
0a51e movs r0, r0
0a520 movs r0, r2
0a522 movs r0, #0

; ===== fn_0800A524  (called 1 x)
0a524 ldr r0, [pc, #4] ; =0x2000000C ram_2000000C
0a526 ldr r0, [r0, #0]
0a528 bx lr
0a52a movs r0, r0
0a52c movs r4, r1
0a52e movs r0, #0

; ===== fn_0800A530  (called 1 x)
0a530 bx lr
0a532 movs r0, r0

; ===== fn_0800A534  (called 4 x)
0a534 ldr r1, [pc, #4] ; =0x20000010 ram_20000010
0a536 str r0, [r1, #0]
0a538 bx lr
0a53a movs r0, r0
0a53c movs r0, r2
0a53e movs r0, #0

; ===== fn_0800A540  (called 4 x)
0a540 ldr r1, [pc, #4] ; =0x2000000C ram_2000000C
0a542 str r0, [r1, #0]
0a544 bx lr
0a546 movs r0, r0
0a548 movs r4, r1
0a54a movs r0, #0

; ===== fn_0800A54C  (called 5 x)
0a54c push {r4, lr}
0a54e ldr r0, [pc, #16] ; =0xA55A6996 
0a550 bl fn_0800A540
0a554 bl fn_0800AC5C
0a558 mov r4, r0
0a55a bl fn_0800A534
0a55e pop {r4, pc}
0a560 ldr r6, [r2, #24]
0a562 add r5, pc, #360 @ (adr r5, 800a6cc ) ; =0x0800A6CC rom_0800A6CC

; ===== fn_0800A564  (called 2 x)
0a564 push {r4, lr}
0a566 mov r3, r1
0a568 movs r1, #0
0a56a b.n 800a576 
0a56c ldrb r4, [r0, #0]
0a56e strb r4, [r3, r1]
0a570 adds r0, r0, #1
0a572 adds r4, r1, #1
0a574 uxth r1, r4
0a576 cmp r1, r2
0a578 blt.n 800a56c 
0a57a pop {r4, pc}

; ===== fn_0800A57C  (called 1 x)
0a57c push {r2, r3, r4, r5, r6, lr}
0a57e mov r4, r0
0a580 movs r5, #0
0a582 movs r6, #0
0a584 cmp r4, #80 @ 0x50
0a586 bge.n 800a58a 
0a588 b.n 800a594 
0a58a mov.w r1, #316 @ 0x13c
0a58e add r0, pc, #36 @ (adr r0, 800a5b4 ) ; =0x0800A5B4 "..\\src\\hal\\gpio.c"
0a590 bl fn_08009D9C
0a594 mov r2, sp
0a596 add r1, sp, #4
0a598 mov r0, r4
0a59a bl fn_080158CC
0a59e mov r6, r0
0a5a0 cbnz r6, 800a5ae 
0a5a2 ldrh.w r1, [sp]
0a5a6 ldr r0, [sp, #4]
0a5a8 bl fn_08015C14
0a5ac mov r5, r0
0a5ae mov r0, r5
0a5b0 pop {r2, r3, r4, r5, r6, pc}
0a5b2 movs r0, r0
0a5b4 cmp r6, #46 @ 0x2e
0a5b6 strb r4, [r3, #13]
0a5b8 str r2, [r6, #52] @ 0x34
0a5ba ldr r4, [r3, #4]
0a5bc ldr r1, [r4, #68] @ 0x44
0a5be str r4, [r3, #116] @ 0x74
0a5c0 ldr r0, [r6, #20]
0a5c2 cmp r6, #111 @ 0x6f
0a5c4 lsls r3, r4, #1
0a5c6 movs r0, r0

; ===== fn_0800A5C8  (called 1 x)
0a5c8 push {r2, r3, r4, r5, r6, lr}
0a5ca mov r4, r0
0a5cc movs r5, #0
0a5ce movs r6, #0
0a5d0 cmp r4, #80 @ 0x50
0a5d2 bge.n 800a5d6 
0a5d4 b.n 800a5e0 
0a5d6 movw r1, #285 @ 0x11d
0a5da add r0, pc, #36 @ (adr r0, 800a600 ) ; =0x0800A600 "..\\src\\hal\\gpio.c"
0a5dc bl fn_08009D9C
0a5e0 mov r2, sp
0a5e2 add r1, sp, #4
0a5e4 mov r0, r4
0a5e6 bl fn_080158CC
0a5ea mov r6, r0
0a5ec cbnz r6, 800a5fa 
0a5ee ldrh.w r1, [sp]
0a5f2 ldr r0, [sp, #4]
0a5f4 bl fn_08015C24
0a5f8 mov r5, r0
0a5fa mov r0, r5
0a5fc pop {r2, r3, r4, r5, r6, pc}
0a5fe movs r0, r0
0a600 cmp r6, #46 @ 0x2e
0a602 strb r4, [r3, #13]
0a604 str r2, [r6, #52] @ 0x34
0a606 ldr r4, [r3, #4]
0a608 ldr r1, [r4, #68] @ 0x44
0a60a str r4, [r3, #116] @ 0x74
0a60c ldr r0, [r6, #20]
0a60e cmp r6, #111 @ 0x6f
0a610 lsls r3, r4, #1
0a612 movs r0, r0

; ===== fn_0800A614  (called 1 x)
0a614 push {r4, lr}
0a616 bl fn_0801594C
0a61a bl fn_08015998
0a61e pop {r4, pc}

; ===== fn_0800A620  (called 2 x)
0a620 push {r2, r3, r4, r5, r6, lr}
0a622 mov r4, r0
0a624 mov r5, r1
0a626 movs r6, #0
0a628 cmp r4, #80 @ 0x50
0a62a bge.n 800a62e 
0a62c b.n 800a636 
0a62e movs r1, #247 @ 0xf7
0a630 add r0, pc, #44 @ (adr r0, 800a660 ) ; =0x0800A660 "..\\src\\hal\\gpio.c"
0a632 bl fn_08009D9C
0a636 mov r2, sp
0a638 add r1, sp, #4
0a63a mov r0, r4
0a63c bl fn_080158CC
0a640 mov r6, r0
0a642 cbnz r6, 800a65e 
0a644 cmp r5, #1
0a646 bne.n 800a654 
0a648 ldrh.w r1, [sp]
0a64c ldr r0, [sp, #4]
0a64e bl fn_08015ABC
0a652 b.n 800a65e 
0a654 ldrh.w r1, [sp]
0a658 ldr r0, [sp, #4]
0a65a bl fn_08015AB8
0a65e pop {r2, r3, r4, r5, r6, pc}
0a660 cmp r6, #46 @ 0x2e
0a662 strb r4, [r3, #13]
0a664 str r2, [r6, #52] @ 0x34
0a666 ldr r4, [r3, #4]
0a668 ldr r1, [r4, #68] @ 0x44
0a66a str r4, [r3, #116] @ 0x74
0a66c ldr r0, [r6, #20]
0a66e cmp r6, #111 @ 0x6f
0a670 lsls r3, r4, #1
0a672 movs r0, r0

; ===== fn_0800A674  (called 2 x)
0a674 push {r4, r5, r6, lr}
0a676 mov r5, r0
0a678 cmp r5, #2
0a67a bge.n 800a67e 
0a67c b.n 800a688 
0a67e movw r1, #1606 @ 0x646
0a682 add r0, pc, #40 @ (adr r0, 800a6ac ) ; =0x0800A6AC "..\\src\\hal\\hal.c"
0a684 bl fn_08009D9C
0a688 mov r0, r5
0a68a bl fn_08015CC4
0a68e mov r4, r0
0a690 cmp r4, #18
0a692 bge.n 800a696 
0a694 b.n 800a6a0 
0a696 movw r1, #1610 @ 0x64a
0a69a add r0, pc, #16 @ (adr r0, 800a6ac ) ; =0x0800A6AC "..\\src\\hal\\hal.c"
0a69c bl fn_08009D9C
0a6a0 mov r0, r4
0a6a2 bl fn_08008900
0a6a6 mov r6, r0
0a6a8 mov r0, r6
0a6aa pop {r4, r5, r6, pc}
0a6ac cmp r6, #46 @ 0x2e
0a6ae strb r4, [r3, #13]
0a6b0 str r2, [r6, #52] @ 0x34
0a6b2 ldr r4, [r3, #4]
0a6b4 ldr r1, [r4, #68] @ 0x44
0a6b6 ldr r4, [r3, #4]
0a6b8 ldr r1, [r4, #68] @ 0x44
0a6ba str r6, [r5, #48] @ 0x30
0a6bc movs r0, r0
0a6be movs r0, r0

; ===== fn_0800A6C0  (called 31 x)
0a6c0 push {r4, lr}
0a6c2 mov r4, r0
0a6c4 mov r0, r4
0a6c6 bl fn_0800AB8A
0a6ca pop {r4, pc}

; ===== fn_0800A6CC  (called 1 x)
0a6cc push {r4, lr}
0a6ce bl fn_0800AB04
0a6d2 pop {r4, pc}

; ===== fn_0800A6D4  (called 2 x)
0a6d4 push {r4, lr}
0a6d6 bl fn_0800C63A
0a6da pop {r4, pc}

; ===== fn_0800A6DC  (called 1 x)
0a6dc push {r4, r5, r6, lr}
0a6de mov r4, r0
0a6e0 mov r5, r1
0a6e2 mov r6, r2
0a6e4 mov r2, r6
0a6e6 mov r1, r5
0a6e8 mov r0, r4
0a6ea bl fn_0800A2FC
0a6ee pop {r4, r5, r6, pc}

; ===== fn_0800A6F0  (called 2 x)
0a6f0 push {r4, r5, r6, lr}
0a6f2 mov r4, r0
0a6f4 mov r5, r1
0a6f6 mov r6, r2
0a6f8 bl fn_0800A54C
0a6fc mov r2, r6
0a6fe mov r1, r5
0a700 mov r0, r4
0a702 bl fn_0800A380
0a706 pop {r4, r5, r6, pc}

; ===== fn_0800A708  (called 1 x)
0a708 push {r4, lr}
0a70a bl fn_0800B048
0a70e pop {r4, pc}

; ===== fn_0800A710  (called 4 x)
0a710 push {r4, lr}
0a712 bl fn_0800AC5C
0a716 mov r4, r0
0a718 mov r0, r4
0a71a pop {r4, pc}

; ===== fn_0800A71C  (called 2 x)
0a71c push {r4, r5, r6, lr}
0a71e mov r5, r0
0a720 movs r6, #0
0a722 cmp r5, #2
0a724 bge.n 800a728 
0a726 b.n 800a732 
0a728 movw r1, #823 @ 0x337
0a72c add r0, pc, #40 @ (adr r0, 800a758 ) ; =0x0800A758 "..\\src\\hal\\hal.c"
0a72e bl fn_08009D9C
0a732 mov r0, r5
0a734 bl fn_08015CDE
0a738 mov r4, r0
0a73a cmp r4, #80 @ 0x50
0a73c bge.n 800a740 
0a73e b.n 800a74a 
0a740 movw r1, #827 @ 0x33b
0a744 add r0, pc, #16 @ (adr r0, 800a758 ) ; =0x0800A758 "..\\src\\hal\\hal.c"
0a746 bl fn_08009D9C
0a74a mov r0, r4
0a74c bl fn_0800A57C
0a750 mov r6, r0
0a752 mov r0, r6
0a754 pop {r4, r5, r6, pc}
0a756 movs r0, r0
0a758 cmp r6, #46 @ 0x2e
0a75a strb r4, [r3, #13]
0a75c str r2, [r6, #52] @ 0x34
0a75e ldr r4, [r3, #4]
0a760 ldr r1, [r4, #68] @ 0x44
0a762 ldr r4, [r3, #4]
0a764 ldr r1, [r4, #68] @ 0x44
0a766 str r6, [r5, #48] @ 0x30
0a768 movs r0, r0
0a76a movs r0, r0

; ===== fn_0800A76C  (called 4 x)
0a76c push {r4, r5, r6, lr}
0a76e mov r5, r0
0a770 movs r6, #0
0a772 cmp r5, #14
0a774 bge.n 800a778 
0a776 b.n 800a782 
0a778 mov.w r1, #852 @ 0x354
0a77c add r0, pc, #40 @ (adr r0, 800a7a8 ) ; =0x0800A7A8 "..\\src\\hal\\hal.c"
0a77e bl fn_08009D9C
0a782 mov r0, r5
0a784 bl fn_08015CF8
0a788 mov r4, r0
0a78a cmp r4, #80 @ 0x50
0a78c bge.n 800a790 
0a78e b.n 800a79a 
0a790 mov.w r1, #856 @ 0x358
0a794 add r0, pc, #16 @ (adr r0, 800a7a8 ) ; =0x0800A7A8 "..\\src\\hal\\hal.c"
0a796 bl fn_08009D9C
0a79a mov r0, r4
0a79c bl fn_0800A5C8
0a7a0 mov r6, r0
0a7a2 mov r0, r6
0a7a4 pop {r4, r5, r6, pc}
0a7a6 movs r0, r0
0a7a8 cmp r6, #46 @ 0x2e
0a7aa strb r4, [r3, #13]
0a7ac str r2, [r6, #52] @ 0x34
0a7ae ldr r4, [r3, #4]
0a7b0 ldr r1, [r4, #68] @ 0x44
0a7b2 ldr r4, [r3, #4]
0a7b4 ldr r1, [r4, #68] @ 0x44
0a7b6 str r6, [r5, #48] @ 0x30
0a7b8 movs r0, r0
0a7ba movs r0, r0

; ===== fn_0800A7BC  (called 29 x)
0a7bc push {r4, r5, r6, lr}
0a7be mov r5, r0
0a7c0 cmp r5, #14
0a7c2 bge.n 800a7c6 
0a7c4 b.n 800a7d0 
0a7c6 movw r1, #738 @ 0x2e2
0a7ca add r0, pc, #40 @ (adr r0, 800a7f4 ) ; =0x0800A7F4 "..\\src\\hal\\hal.c"
0a7cc bl fn_08009D9C
0a7d0 mov r0, r5
0a7d2 bl fn_08015CF8
0a7d6 mov r4, r0
0a7d8 cmp r4, #80 @ 0x50
0a7da bge.n 800a7de 
0a7dc b.n 800a7e8 
0a7de movw r1, #742 @ 0x2e6
0a7e2 add r0, pc, #16 @ (adr r0, 800a7f4 ) ; =0x0800A7F4 "..\\src\\hal\\hal.c"
0a7e4 bl fn_08009D9C
0a7e8 movs r1, #0
0a7ea mov r0, r4
0a7ec bl fn_0800A620
0a7f0 pop {r4, r5, r6, pc}
0a7f2 movs r0, r0
0a7f4 cmp r6, #46 @ 0x2e
0a7f6 strb r4, [r3, #13]
0a7f8 str r2, [r6, #52] @ 0x34
0a7fa ldr r4, [r3, #4]
0a7fc ldr r1, [r4, #68] @ 0x44
0a7fe ldr r4, [r3, #4]
0a800 ldr r1, [r4, #68] @ 0x44
0a802 str r6, [r5, #48] @ 0x30
0a804 movs r0, r0
0a806 movs r0, r0

; ===== fn_0800A808  (called 29 x)
0a808 push {r4, r5, r6, lr}
0a80a mov r5, r0
0a80c cmp r5, #14
0a80e bge.n 800a812 
0a810 b.n 800a81c 
0a812 movw r1, #711 @ 0x2c7
0a816 add r0, pc, #40 @ (adr r0, 800a840 ) ; =0x0800A840 "..\\src\\hal\\hal.c"
0a818 bl fn_08009D9C
0a81c mov r0, r5
0a81e bl fn_08015CF8
0a822 mov r4, r0
0a824 cmp r4, #80 @ 0x50
0a826 bge.n 800a82a 
0a828 b.n 800a834 
0a82a movw r1, #715 @ 0x2cb
0a82e add r0, pc, #16 @ (adr r0, 800a840 ) ; =0x0800A840 "..\\src\\hal\\hal.c"
0a830 bl fn_08009D9C
0a834 movs r1, #1
0a836 mov r0, r4
0a838 bl fn_0800A620
0a83c pop {r4, r5, r6, pc}
0a83e movs r0, r0
0a840 cmp r6, #46 @ 0x2e
0a842 strb r4, [r3, #13]
0a844 str r2, [r6, #52] @ 0x34
0a846 ldr r4, [r3, #4]
0a848 ldr r1, [r4, #68] @ 0x44
0a84a ldr r4, [r3, #4]
0a84c ldr r1, [r4, #68] @ 0x44
0a84e str r6, [r5, #48] @ 0x30
0a850 movs r0, r0
0a852 movs r0, r0

; ===== fn_0800A854  (called 1 x)
0a854 push {r4, lr}
0a856 bl fn_0800B09A
0a85a bl fn_0800AB3C
0a85e bl fn_0800A614
0a862 bl fn_0800BC00
0a866 bl fn_0800B3D0
0a86a bl fn_0800AC68
0a86e bl fn_0800B5E4
0a872 bl fn_08008968
0a876 bl fn_0800A530
0a87a bl fn_0800C642
0a87e movs r0, #0
0a880 bl fn_08015D50
0a884 mov r4, r0
0a886 bl fn_08009E14
0a88a pop {r4, pc}

; ===== fn_0800A88C  (called 13 x)
0a88c push {r4, lr}
0a88e bl fn_0800ABB0
0a892 pop {r4, pc}

; ===== fn_0800A894  (called 21 x)
0a894 push {r4, lr}
0a896 bl fn_0800ABD8
0a89a pop {r4, pc}

; ===== fn_0800A89C  (called 1 x)
0a89c push {r4, lr}
0a89e mov r4, r0
0a8a0 ldr r0, [r4, #0]
0a8a2 ldr r1, [pc, #52] ; =0x2FFE0000 
0a8a4 ands r0, r1
0a8a6 cmp.w r0, #536870912 @ 0x20000000
0a8aa bne.n 800a8d4 
0a8ac bl fn_0800AB88
0a8b0 bl fn_0800ABB0
0a8b4 ldr r0, [pc, #36] ; =0x40013800 USART0
0a8b6 bl fn_08018808
0a8ba ldr r0, [pc, #36] ; =0x40004400 USART1
0a8bc bl fn_08018808
0a8c0 bl fn_08016600
0a8c4 ldr r0, [r4, #0]
0a8c6 msr MSP, r0
0a8ca nop
0a8cc ldr r0, [pc, #20] ; =0xE000ED08 SCB_VTOR
0a8ce str r4, [r0, #0]
0a8d0 ldr r0, [r4, #4]
0a8d2 blx r0
0a8d4 pop {r4, pc}
0a8d6 movs r0, r0
0a8d8 movs r0, r0
0a8da cmp r7, #254 @ 0xfe
0a8dc subs r0, #0
0a8de ands r1, r0
0a8e0 add r0, r0
0a8e2 ands r0, r0
0a8e4 stc 0, cr14, [r8, #-0]

; ===== fn_0800A8E8  (called 1 x)
0a8e8 push {r4, r5, r6, lr}
0a8ea movs r0, #0
0a8ec bl fn_08015D50
0a8f0 mov r5, r0
0a8f2 cmp r5, #5
0a8f4 beq.n 800a910 
0a8f6 nop
0a8f8 mov r0, r5
0a8fa bl fn_0800BD44
0a8fe mov r4, r0
0a900 cmp r4, #1
0a902 bne.n 800a906 
0a904 b.n 800a90e 
0a906 movs r0, #10
0a908 bl fn_0800A6C0
0a90c b.n 800a8f8 
0a90e nop
0a910 bl fn_0800B0A8
0a914 pop {r4, r5, r6, pc}

; ===== fn_0800A916  (called 1 x)
0a916 push {r4, lr}
0a918 mov r4, r0
0a91a mov r0, r4
0a91c bl fn_0800B50E
0a920 pop {r4, pc}
0a922 movs r0, r0

; ===== fn_0800A924  (called 32 x)
0a924 stmdb sp!, {r4, r5, r6, r7, r8, lr}
0a928 mov r5, r0
0a92a mov r6, r1
0a92c mov r7, r2
0a92e mov.w r8, #0
0a932 cmp r5, #5
0a934 bge.n 800a938 
0a936 b.n 800a942 
0a938 movw r1, #998 @ 0x3e6
0a93c add r0, pc, #60 @ (adr r0, 800a97c ) ; =0x0800A97C "..\\src\\hal\\hal.c"
0a93e bl fn_08009D9C
0a942 cbz r6, 800a946 
0a944 b.n 800a950 
0a946 movw r1, #999 @ 0x3e7
0a94a add r0, pc, #48 @ (adr r0, 800a97c ) ; =0x0800A97C "..\\src\\hal\\hal.c"
0a94c bl fn_08009D9C
0a950 cbz r7, 800a976 
0a952 mov r0, r5
0a954 bl fn_08015D50
0a958 mov r4, r0
0a95a cmp r4, #5
0a95c bge.n 800a960 
0a95e b.n 800a96a 
0a960 movw r1, #1005 @ 0x3ed
0a964 add r0, pc, #20 @ (adr r0, 800a97c ) ; =0x0800A97C "..\\src\\hal\\hal.c"
0a966 bl fn_08009D9C
0a96a mov r2, r7
0a96c mov r1, r6
0a96e mov r0, r4
0a970 bl fn_0800BDA4
0a974 mov r8, r0
0a976 mov r0, r8
0a978 ldmia.w sp!, {r4, r5, r6, r7, r8, pc}
0a97c cmp r6, #46 @ 0x2e
0a97e strb r4, [r3, #13]
0a980 str r2, [r6, #52] @ 0x34
0a982 ldr r4, [r3, #4]
0a984 ldr r1, [r4, #68] @ 0x44
0a986 ldr r4, [r3, #4]
0a988 ldr r1, [r4, #68] @ 0x44
0a98a str r6, [r5, #48] @ 0x30
0a98c movs r0, r0
0a98e movs r0, r0

; ===== fn_0800A990  (called 8 x)
0a990 stmdb sp!, {r4, r5, r6, r7, r8, r9, sl, lr}
0a994 mov r8, r0
0a996 mov r4, r1
0a998 mov r5, r2
0a99a mov r6, r3
0a99c cmp.w r8, #5
0a9a0 bge.n 800a9a4 
0a9a2 b.n 800a9ae 
0a9a4 movw r1, #886 @ 0x376
0a9a8 add r0, pc, #140 @ (adr r0, 800aa38 ) ; =0x0800AA38 "..\\src\\hal\\hal.c"
0a9aa bl fn_08009D9C
0a9ae cmp.w r4, #2400 @ 0x960
0a9b2 beq.n 800a9d2 
0a9b4 cmp.w r4, #4800 @ 0x12c0
0a9b8 beq.n 800a9d2 
0a9ba cmp.w r4, #9600 @ 0x2580
0a9be beq.n 800a9d2 
0a9c0 cmp.w r4, #19200 @ 0x4b00
0a9c4 beq.n 800a9d2 
0a9c6 cmp.w r4, #38400 @ 0x9600
0a9ca beq.n 800a9d2 
0a9cc cmp.w r4, #115200 @ 0x1c200
0a9d0 bne.n 800a9d4 
0a9d2 b.n 800a9de 
0a9d4 movw r1, #887 @ 0x377
0a9d8 add r0, pc, #92 @ (adr r0, 800aa38 ) ; =0x0800AA38 "..\\src\\hal\\hal.c"
0a9da bl fn_08009D9C
0a9de cmp r5, #2
0a9e0 bge.n 800a9e4 
0a9e2 b.n 800a9ee 
0a9e4 movw r1, #893 @ 0x37d
0a9e8 add r0, pc, #76 @ (adr r0, 800aa38 ) ; =0x0800AA38 "..\\src\\hal\\hal.c"
0a9ea bl fn_08009D9C
0a9ee cmp r6, #3
0a9f0 bge.n 800a9f4 
0a9f2 b.n 800a9fe 
0a9f4 movw r1, #894 @ 0x37e
0a9f8 add r0, pc, #60 @ (adr r0, 800aa38 ) ; =0x0800AA38 "..\\src\\hal\\hal.c"
0a9fa bl fn_08009D9C
0a9fe mov r0, r8
0aa00 bl fn_08015D50
0aa04 mov r7, r0
0aa06 cmp r7, #5
0aa08 bge.n 800aa0c 
0aa0a b.n 800aa16 
0aa0c movw r1, #898 @ 0x382
0aa10 add r0, pc, #36 @ (adr r0, 800aa38 ) ; =0x0800AA38 "..\\src\\hal\\hal.c"
0aa12 bl fn_08009D9C
0aa16 mov r0, r6
0aa18 bl fn_08015D7E
0aa1c mov r9, r0
0aa1e mov r0, r5
0aa20 bl fn_08015D96
0aa24 mov sl, r0
0aa26 mov r3, r9
0aa28 mov r2, sl
0aa2a mov r1, r4
0aa2c mov r0, r7
0aa2e bl fn_0800BE28
0aa32 ldmia.w sp!, {r4, r5, r6, r7, r8, r9, sl, pc}
0aa36 movs r0, r0
0aa38 cmp r6, #46 @ 0x2e
0aa3a strb r4, [r3, #13]
0aa3c str r2, [r6, #52] @ 0x34
0aa3e ldr r4, [r3, #4]
0aa40 ldr r1, [r4, #68] @ 0x44
0aa42 ldr r4, [r3, #4]
0aa44 ldr r1, [r4, #68] @ 0x44
0aa46 str r6, [r5, #48] @ 0x30
0aa48 movs r0, r0
0aa4a movs r0, r0

; ===== fn_0800AA4C  (called 14 x)
0aa4c stmdb sp!, {r4, r5, r6, r7, r8, lr}
0aa50 mov r5, r0
0aa52 mov r7, r1
0aa54 mov r6, r2
0aa56 cmp r5, #5
0aa58 bge.n 800aa5c 
0aa5a b.n 800aa66 
0aa5c movw r1, #963 @ 0x3c3
0aa60 add r0, pc, #48 @ (adr r0, 800aa94 ) ; =0x0800AA94 "..\\src\\hal\\hal.c"
0aa62 bl fn_08009D9C
0aa66 mov r0, r5
0aa68 bl fn_08015D50
0aa6c mov r4, r0
0aa6e cmp r4, #5
0aa70 bge.n 800aa74 
0aa72 b.n 800aa7e 
0aa74 movw r1, #969 @ 0x3c9
0aa78 add r0, pc, #24 @ (adr r0, 800aa94 ) ; =0x0800AA94 "..\\src\\hal\\hal.c"
0aa7a bl fn_08009D9C
0aa7e mov r1, r7
0aa80 mov r0, r4
0aa82 bl fn_0800BEAC
0aa86 mov r1, r6
0aa88 mov r0, r4
0aa8a bl fn_0800BF40
0aa8e ldmia.w sp!, {r4, r5, r6, r7, r8, pc}
0aa92 movs r0, r0
0aa94 cmp r6, #46 @ 0x2e
0aa96 strb r4, [r3, #13]
0aa98 str r2, [r6, #52] @ 0x34
0aa9a ldr r4, [r3, #4]
0aa9c ldr r1, [r4, #68] @ 0x44
0aa9e ldr r4, [r3, #4]
0aaa0 ldr r1, [r4, #68] @ 0x44
0aaa2 str r6, [r5, #48] @ 0x30
0aaa4 movs r0, r0
0aaa6 movs r0, r0

; ===== fn_0800AAA8  (called 10 x)
0aaa8 stmdb sp!, {r4, r5, r6, r7, r8, lr}
0aaac mov r5, r0
0aaae mov r6, r1
0aab0 movs r7, #0
0aab2 cmp r5, #5
0aab4 bge.n 800aab8 
0aab6 b.n 800aac2 
0aab8 movw r1, #927 @ 0x39f
0aabc add r0, pc, #48 @ (adr r0, 800aaf0 ) ; =0x0800AAF0 "..\\src\\hal\\hal.c"
0aabe bl fn_08009D9C
0aac2 cbnz r6, 800aac8 
0aac4 movs r7, #24
0aac6 b.n 800aae8 
0aac8 mov r0, r5
0aaca bl fn_08015D50
0aace mov r4, r0
0aad0 cmp r4, #5
0aad2 bge.n 800aad6 
0aad4 b.n 800aae0 
0aad6 movw r1, #937 @ 0x3a9
0aada add r0, pc, #20 @ (adr r0, 800aaf0 ) ; =0x0800AAF0 "..\\src\\hal\\hal.c"
0aadc bl fn_08009D9C
0aae0 mov r1, r6
0aae2 mov r0, r4
0aae4 bl fn_0800BEF0
0aae8 mov r0, r7
0aaea ldmia.w sp!, {r4, r5, r6, r7, r8, pc}
0aaee movs r0, r0
0aaf0 cmp r6, #46 @ 0x2e
0aaf2 strb r4, [r3, #13]
0aaf4 str r2, [r6, #52] @ 0x34
0aaf6 ldr r4, [r3, #4]
0aaf8 ldr r1, [r4, #68] @ 0x44
0aafa ldr r4, [r3, #4]
0aafc ldr r1, [r4, #68] @ 0x44
0aafe str r6, [r5, #48] @ 0x30
0ab00 movs r0, r0
0ab02 movs r0, r0

; ===== fn_0800AB04  (called 1 x)
0ab04 push {r4, lr}
0ab06 movs r4, #0
0ab08 b.n 800ab32 
0ab0a ldr r0, [pc, #44] ; =0x20001FFC ram_20001FFC
0ab0c ldrb.w r0, [r0, r4, lsl #3]
0ab10 cbz r0, 800ab30 
0ab12 movs r0, #0
0ab14 ldr r1, [pc, #32] ; =0x20001FFC ram_20001FFC
0ab16 strb.w r0, [r1, r4, lsl #3]
0ab1a mov r0, r1
0ab1c add.w r0, r0, r4, lsl #3
0ab20 ldr r0, [r0, #4]
0ab22 cbz r0, 800ab30 
0ab24 uxtb r0, r4
0ab26 mov r2, r1
0ab28 add.w r2, r2, r4, lsl #3
0ab2c ldr r1, [r2, #4]
0ab2e blx r1
0ab30 adds r4, r4, #1
0ab32 cmp r4, #10
0ab34 bcc.n 800ab0a 
0ab36 pop {r4, pc}
0ab38 subs r4, r7, #7
0ab3a movs r0, #0

; ===== fn_0800AB3C  (called 1 x)
0ab3c movs r0, #0
0ab3e b.n 800ab50 
0ab40 movs r1, #0
0ab42 ldr r2, [pc, #20] ; =0x20001FFC ram_20001FFC
0ab44 strb.w r1, [r2, r0, lsl #3]
0ab48 add.w r2, r2, r0, lsl #3
0ab4c str r1, [r2, #4]
0ab4e adds r0, r0, #1
0ab50 cmp r0, #10
0ab52 bcc.n 800ab40 
0ab54 bx lr
0ab56 movs r0, r0
0ab58 subs r4, r7, #7
0ab5a movs r0, #0

; ===== fn_0800AB5C  (called 10 x)
0ab5c cmp r0, #10
0ab5e bge.n 800ab68 
0ab60 movs r1, #1
0ab62 ldr r2, [pc, #8] ; =0x20001FFC ram_20001FFC
0ab64 strb.w r1, [r2, r0, lsl #3]
0ab68 bx lr
0ab6a movs r0, r0
0ab6c subs r4, r7, #7
0ab6e movs r0, #0

; ===== fn_0800AB70  (called 10 x)
0ab70 cmp r0, #10
0ab72 bge.n 800ab7c 
0ab74 ldr r2, [pc, #8] ; =0x20001FFC ram_20001FFC
0ab76 add.w r2, r2, r0, lsl #3
0ab7a str r1, [r2, #4]
0ab7c bx lr
0ab7e movs r0, r0
0ab80 subs r4, r7, #7
0ab82 movs r0, #0
0ab84 nop
0ab86 b.n 800ab86 

; ===== fn_0800AB88  (called 1 x)
0ab88 bx lr

; ===== fn_0800AB8A  (called 1 x)
0ab8a push {r1, r2, r3, lr}
0ab8c mov r2, r0
0ab8e cbz r2, 800abac 
0ab90 bl fn_0800AC5C
0ab94 str r0, [sp, #8]
0ab96 nop
0ab98 bl fn_0800AC5C
0ab9c str r0, [sp, #4]
0ab9e ldrd r0, r1, [sp, #4]
0aba2 subs r0, r0, r1
0aba4 str r0, [sp, #0]
0aba6 ldr r0, [sp, #0]
0aba8 cmp r0, r2
0abaa bcc.n 800ab98 
0abac pop {r1, r2, r3, pc}
0abae movs r0, r0

; ===== fn_0800ABB0  (called 9 x)
0abb0 push {r4, lr}
0abb2 ldr r0, [pc, #28] ; =0x20000038 ram_20000038
0abb4 ldr r0, [r0, #0]
0abb6 adds r0, r0, #1
0abb8 ldr r1, [pc, #20] ; =0x20000038 ram_20000038
0abba str r0, [r1, #0]
0abbc movs r0, #6
0abbe bl fn_080162B4
0abc2 movs r0, #7
0abc4 bl fn_080162B4
0abc8 ldr r0, [pc, #8] ; =0x40000400 TIMER2
0abca bl fn_08017094
0abce pop {r4, pc}
0abd0 movs r0, r7
0abd2 movs r0, #0
0abd4 lsls r0, r0, #16
0abd6 ands r0, r0

; ===== fn_0800ABD8  (called 11 x)
0abd8 push {r4, lr}
0abda ldr r0, [pc, #100] ; =0x20000038 ram_20000038
0abdc ldr r0, [r0, #0]
0abde cmp r0, #0
0abe0 bls.n 800ac3e 
0abe2 ldr r0, [pc, #92] ; =0x20000038 ram_20000038
0abe4 ldr r0, [r0, #0]
0abe6 subs r0, r0, #1
0abe8 ldr r1, [pc, #84] ; =0x20000038 ram_20000038
0abea str r0, [r1, #0]
0abec mov r0, r1
0abee ldr r0, [r0, #0]
0abf0 cbnz r0, 800ac3e 
0abf2 movw r1, #773 @ 0x305
0abf6 ldr r0, [pc, #76] ; =0x40013800 USART0
0abf8 bl fn_08018854
0abfc movw r1, #773 @ 0x305
0ac00 ldr r0, [pc, #68] ; =0x40004400 USART1
0ac02 bl fn_08018854
0ac06 movw r1, #773 @ 0x305
0ac0a ldr r0, [pc, #64] ; =0x40004800 USART2
0ac0c bl fn_08018854
0ac10 movw r1, #773 @ 0x305
0ac14 ldr r0, [pc, #56] ; =0x40004C00 UART3
0ac16 bl fn_08018854
0ac1a movw r1, #773 @ 0x305
0ac1e ldr r0, [pc, #52] ; =0x40005000 UART4
0ac20 bl fn_08018854
0ac24 movs r2, #1
0ac26 movs r1, #2
0ac28 movs r0, #6
0ac2a bl fn_080162CC
0ac2e movs r2, #1
0ac30 movs r1, #2
0ac32 movs r0, #7
0ac34 bl fn_080162CC
0ac38 ldr r0, [pc, #28] ; =0x40000400 TIMER2
0ac3a bl fn_0801709E
0ac3e pop {r4, pc}
0ac40 movs r0, r7
0ac42 movs r0, #0
0ac44 subs r0, #0
0ac46 ands r1, r0
0ac48 add r0, r0
0ac4a ands r0, r0
0ac4c ldr r0, [pc, #0] ; =0x40004C00 UART3
0ac4e ands r0, r0
0ac50 ldr r4, [pc, #0] ; =0x40005000 UART4
0ac52 ands r0, r0
0ac54 str r0, [r0, r0]
0ac56 ands r0, r0
0ac58 lsls r0, r0, #16
0ac5a ands r0, r0

; ===== fn_0800AC5C  (called 6 x)
0ac5c ldr r1, [pc, #4] ; =0x20000014 ram_20000014
0ac5e ldr r0, [r1, #0]
0ac60 bx lr
0ac62 movs r0, r0
0ac64 movs r4, r2
0ac66 movs r0, #0

; ===== fn_0800AC68  (called 1 x)
0ac68 push {r4, lr}
0ac6a bl fn_08015DCC
0ac6e bl fn_08015E1C
0ac72 bl fn_08015EB4
0ac76 bl fn_08015EB6
0ac7a bl fn_08015DA4
0ac7e movs r4, #0
0ac80 b.n 800ac8c 
0ac82 movs r0, #0
0ac84 ldr r1, [pc, #84] ; =0x2000204C ram_2000204C
0ac86 str.w r0, [r1, r4, lsl #2]
0ac8a adds r4, r4, #1
0ac8c cmp r4, #8
0ac8e bcc.n 800ac82 
0ac90 movs r4, #0
0ac92 b.n 800ac9e 
0ac94 movs r0, #0
0ac96 ldr r1, [pc, #72] ; =0x2000206C ram_2000206C
0ac98 str.w r0, [r1, r4, lsl #2]
0ac9c adds r4, r4, #1
0ac9e cmp r4, #16
0aca0 bcc.n 800ac94 
0aca2 movs r4, #0
0aca4 b.n 800acb0 
0aca6 movs r0, #0
0aca8 ldr r1, [pc, #56] ; =0x20000020 ram_20000020
0acaa str.w r0, [r1, r4, lsl #2]
0acae adds r4, r4, #1
0acb0 cmp r4, #2
0acb2 bcc.n 800aca6 
0acb4 movs r4, #0
0acb6 b.n 800acc2 
0acb8 movs r0, #0
0acba ldr r1, [pc, #44] ; =0x20000028 ram_20000028
0acbc str.w r0, [r1, r4, lsl #2]
0acc0 adds r4, r4, #1
0acc2 cmp r4, #2
0acc4 bcc.n 800acb8 
0acc6 movs r4, #0
0acc8 b.n 800acd4 
0acca movs r0, #0
0accc ldr r1, [pc, #28] ; =0x20000030 ram_20000030
0acce str.w r0, [r1, r4, lsl #2]
0acd2 adds r4, r4, #1
0acd4 cmp r4, #2
0acd6 bcc.n 800acca 
0acd8 pop {r4, pc}
0acda movs r0, r0
0acdc movs r0, #76 @ 0x4c
0acde movs r0, #0
0ace0 movs r0, #108 @ 0x6c
0ace2 movs r0, #0
0ace4 movs r0, r4
0ace6 movs r0, #0
0ace8 movs r0, r5
0acea movs r0, #0
0acec movs r0, r6
0acee movs r0, #0

; ===== fn_0800ACF0  (called 1 x)
0acf0 push {r4, lr}
0acf2 ldr r0, [pc, #76] ; =0x20000014 ram_20000014
0acf4 ldr r0, [r0, #0]
0acf6 adds r0, r0, #1
0acf8 ldr r1, [pc, #68] ; =0x20000014 ram_20000014
0acfa str r0, [r1, #0]
0acfc ldr r0, [pc, #68] ; =0x20000018 ram_20000018
0acfe ldr r0, [r0, #0]
0ad00 adds r0, r0, #1
0ad02 ldr r1, [pc, #64] ; =0x20000018 ram_20000018
0ad04 str r0, [r1, #0]
0ad06 mov r0, r1
0ad08 ldr r0, [r0, #0]
0ad0a cmp r0, #10
0ad0c bcc.n 800ad3e 
0ad0e movs r0, #0
0ad10 str r0, [r1, #0]
0ad12 ldr r0, [pc, #52] ; =0x2000001C ram_2000001C
0ad14 ldr r0, [r0, #0]
0ad16 adds r0, r0, #1
0ad18 ldr r1, [pc, #44] ; =0x2000001C ram_2000001C
0ad1a str r0, [r1, #0]
0ad1c movs r4, #0
0ad1e b.n 800ad34 
0ad20 ldr r0, [pc, #40] ; =0x2000204C ram_2000204C
0ad22 ldr.w r0, [r0, r4, lsl #2]
0ad26 cbnz r0, 800ad2a 
0ad28 b.n 800ad38 
0ad2a ldr r1, [pc, #32] ; =0x2000204C ram_2000204C
0ad2c ldr.w r0, [r1, r4, lsl #2]
0ad30 blx r0
0ad32 adds r4, r4, #1
0ad34 cmp r4, #8
0ad36 bcc.n 800ad20 
0ad38 nop
0ad3a bl fn_0800BB04
0ad3e pop {r4, pc}
0ad40 movs r4, r2
0ad42 movs r0, #0
0ad44 movs r0, r3
0ad46 movs r0, #0
0ad48 movs r4, r3
0ad4a movs r0, #0
0ad4c movs r0, #76 @ 0x4c
0ad4e movs r0, #0

; ===== fn_0800AD50  (called 1 x)
0ad50 push {r4, lr}
0ad52 movs r1, #2
0ad54 ldr r0, [pc, #48] ; =0x40000400 TIMER2
0ad56 bl fn_08017146
0ad5a cmp r0, #1
0ad5c bne.n 800ad66 
0ad5e movs r1, #2
0ad60 ldr r0, [pc, #36] ; =0x40000400 TIMER2
0ad62 bl fn_08017140
0ad66 movs r4, #0
0ad68 b.n 800ad7e 
0ad6a ldr r0, [pc, #32] ; =0x20000020 ram_20000020
0ad6c ldr.w r0, [r0, r4, lsl #2]
0ad70 cbnz r0, 800ad74 
0ad72 b.n 800ad82 
0ad74 ldr r1, [pc, #20] ; =0x20000020 ram_20000020
0ad76 ldr.w r0, [r1, r4, lsl #2]
0ad7a blx r0
0ad7c adds r4, r4, #1
0ad7e cmp r4, #2
0ad80 bcc.n 800ad6a 
0ad82 nop
0ad84 pop {r4, pc}
0ad86 movs r0, r0
0ad88 lsls r0, r0, #16
0ad8a ands r0, r0
0ad8c movs r0, r4
0ad8e movs r0, #0

; ===== fn_0800AD90  (called 0 x)
0ad90 stmdb sp!, {r3, r4, r5, r6, r7, r8, r9, lr}
0ad94 mov r7, r0
0ad96 mov r8, r1
0ad98 movs r6, #1
0ad9a movs r5, #0
0ad9c b.n 800adac 
0ad9e mov r0, r5
0ada0 bl fn_08015EB8
0ada4 cbnz r0, 800ada8 
0ada6 movs r6, #0
0ada8 adds r0, r5, #1
0adaa uxtb r5, r0
0adac cmp r5, #4
0adae blt.n 800ad9e 
0adb0 cmp r6, #1
0adb2 bne.n 800add2 
0adb4 ldr r0, [pc, #60] ; =0x200000C7 ram_200000C7
0adb6 ldrb r0, [r0, #0]
0adb8 bl fn_0800BAA0
0adbc mov r4, r0
0adbe cbz r4, 800adee 
0adc0 add r3, pc, #52 @ (adr r3, 800adf8 ) ; =0x0800ADF8 "TMR_Stop error =%d"
0adc2 mov.w r2, #394 @ 0x18a
0adc6 add r1, pc, #68 @ (adr r1, 800ae0c ) ; =0x0800AE0C "..\\src\\drv\\led.c"
0adc8 movs r0, #3
0adca str r4, [sp, #0]
0adcc bl fn_08009EBC
0add0 b.n 800adee 
0add2 ldr r0, [pc, #32] ; =0x200000C7 ram_200000C7
0add4 ldrb r0, [r0, #0]
0add6 bl fn_0800B97C
0adda mov r4, r0
0addc cbz r4, 800adee 
0adde add r3, pc, #64 @ (adr r3, 800ae20 ) ; =0x0800AE20 "TMR_Restarterror =%d"
0ade0 mov.w r2, #402 @ 0x192
0ade4 add r1, pc, #36 @ (adr r1, 800ae0c ) ; =0x0800AE0C "..\\src\\drv\\led.c"
0ade6 movs r0, #3
0ade8 str r4, [sp, #0]
0adea bl fn_08009EBC
0adee ldmia.w sp!, {r3, r4, r5, r6, r7, r8, r9, pc}
0adf2 movs r0, r0
0adf4 lsls r7, r0, #3
0adf6 movs r0, #0
0adf8 ldr r5, [pc, #336] ; =0x00000000 
0adfa ldrsh r2, [r2, r5]
0adfc strb r3, [r2, #17]
0adfe strb r7, [r5, #1]
0ae00 str r0, [r4, #80] @ 0x50
0ae02 strb r2, [r6, #9]
0ae04 strb r7, [r5, #9]
0ae06 subs r5, #32
0ae08 str r5, [r4, #64] @ 0x40
0ae0a movs r0, r0
0ae0c cmp r6, #46 @ 0x2e
0ae0e strb r4, [r3, #13]
0ae10 str r2, [r6, #52] @ 0x34
0ae12 str r4, [r3, #68] @ 0x44
0ae14 strb r2, [r6, #25]
0ae16 ldr r4, [r3, #68] @ 0x44
0ae18 str r5, [r4, #68] @ 0x44
0ae1a str r6, [r5, #48] @ 0x30
0ae1c movs r0, r0
0ae1e movs r0, r0
0ae20 ldr r5, [pc, #336] ; =0x2C02D008 
0ae22 ldrsh r2, [r2, r5]
0ae24 str r2, [r2, #84] @ 0x54
0ae26 strb r3, [r6, #17]
0ae28 strb r1, [r4, #9]
0ae2a str r4, [r6, #84] @ 0x54
0ae2c strb r2, [r6, #9]
0ae2e strb r7, [r5, #9]
0ae30 subs r5, #32
0ae32 str r5, [r4, #64] @ 0x40
0ae34 movs r0, r0
0ae36 movs r0, r0

; ===== fn_0800AE38  (called 4 x)
0ae38 push {r3, r4, r5, r6, r7, lr}
0ae3a mov r4, r0
0ae3c mov r5, r1
0ae3e movs r0, #11
0ae40 add.w r1, r4, r4, lsl #1
0ae44 ldr r2, [pc, #68] ; =0x20002D1C ram_20002D1C
0ae46 strb.w r0, [r2, r1, lsl #2]
0ae4a movs r0, #5
0ae4c add.w r1, r4, r4, lsl #1
0ae50 add.w r1, r2, r1, lsl #2
0ae54 strb r0, [r1, #1]
0ae56 lsls r0, r5, #1
0ae58 add.w r1, r4, r4, lsl #1
0ae5c add.w r1, r2, r1, lsl #2
0ae60 str r0, [r1, #4]
0ae62 movs r0, #0
0ae64 add.w r1, r4, r4, lsl #1
0ae68 add.w r1, r2, r1, lsl #2
0ae6c str r0, [r1, #8]
0ae6e ldr r0, [pc, #32] ; =0x200000C7 ram_200000C7
0ae70 ldrb r0, [r0, #0]
0ae72 bl fn_0800B97C
0ae76 mov r6, r0
0ae78 cbz r6, 800ae88 
0ae7a add r3, pc, #24 @ (adr r3, 800ae94 ) ; =0x0800AE94 "START timer error =%d"
0ae7c movs r2, #184 @ 0xb8
0ae7e add r1, pc, #44 @ (adr r1, 800aeac ) ; =0x0800AEAC "..\\src\\drv\\led.c"
0ae80 movs r0, #3
0ae82 str r6, [sp, #0]
0ae84 bl fn_08009EBC
0ae88 pop {r3, r4, r5, r6, r7, pc}
0ae8a movs r0, r0
0ae8c cmp r5, #28
0ae8e movs r0, #0
0ae90 lsls r7, r0, #3
0ae92 movs r0, #0
0ae94 strb r3, [r2, r1]
0ae96 strh r1, [r0, r1]
0ae98 movs r0, #84 @ 0x54
0ae9a ldr r4, [r6, #20]
0ae9c str r5, [r5, #84] @ 0x54
0ae9e movs r0, #114 @ 0x72
0aea0 strb r5, [r4, #9]
0aea2 ldr r2, [r6, #116] @ 0x74
0aea4 movs r0, #114 @ 0x72
0aea6 movs r5, #61 @ 0x3d
0aea8 lsls r4, r4, #1
0aeaa movs r0, r0
0aeac cmp r6, #46 @ 0x2e
0aeae strb r4, [r3, #13]
0aeb0 str r2, [r6, #52] @ 0x34
0aeb2 str r4, [r3, #68] @ 0x44
0aeb4 strb r2, [r6, #25]
0aeb6 ldr r4, [r3, #68] @ 0x44
0aeb8 str r5, [r4, #68] @ 0x44
0aeba str r6, [r5, #48] @ 0x30
0aebc movs r0, r0
0aebe movs r0, r0

; ===== fn_0800AEC0  (called 1 x)
0aec0 push {r3, r4, r5, lr}
0aec2 ldr r3, [pc, #112] ; =0x200000C7 ram_200000C7
0aec4 movs r2, #0
0aec6 ldr r1, [pc, #112] ; =0x0800AD91 fn_0800AD90
0aec8 movs r0, #100 @ 0x64
0aeca bl fn_0800B7C4
0aece mov r5, r0
0aed0 cbnz r5, 800aed4 
0aed2 b.n 800aede 
0aed4 movw r1, #413 @ 0x19d
0aed8 add r0, pc, #96 @ (adr r0, 800af3c ) ; =0x0800AF3C "..\\src\\drv\\led.c"
0aeda bl fn_08009D9C
0aede ldr r0, [pc, #84] ; =0x200000C7 ram_200000C7
0aee0 ldrb r0, [r0, #0]
0aee2 bl fn_0800BA34
0aee6 mov r5, r0
0aee8 cbz r5, 800aefa 
0aeea add r3, pc, #100 @ (adr r3, 800af50 ) ; =0x0800AF50 "START timer error =%d"
0aeec mov.w r2, #418 @ 0x1a2
0aef0 add r1, pc, #72 @ (adr r1, 800af3c ) ; =0x0800AF3C "..\\src\\drv\\led.c"
0aef2 movs r0, #3
0aef4 str r5, [sp, #0]
0aef6 bl fn_08009EBC
0aefa movs r4, #0
0aefc b.n 800af2c 
0aefe movs r0, #6
0af00 add.w r1, r4, r4, lsl #1
0af04 ldr r2, [pc, #96] ; =0x20002D1C ram_20002D1C
0af06 add.w r1, r2, r1, lsl #2
0af0a strb r0, [r1, #1]
0af0c movs r0, #0
0af0e add.w r1, r4, r4, lsl #1
0af12 add.w r1, r2, r1, lsl #2
0af16 str r0, [r1, #4]
0af18 add.w r1, r4, r4, lsl #1
0af1c add.w r1, r2, r1, lsl #2
0af20 str r0, [r1, #8]
0af22 mov r0, r4
0af24 bl fn_0800AF6C
0af28 adds r0, r4, #1
0af2a uxtb r4, r0
0af2c cmp r4, #4
0af2e blt.n 800aefe 
0af30 pop {r3, r4, r5, pc}
0af32 movs r0, r0
0af34 lsls r7, r0, #3
0af36 movs r0, #0
0af38 add r5, sp, #580 @ 0x244
0af3a lsrs r0, r0, #32
0af3c cmp r6, #46 @ 0x2e
0af3e strb r4, [r3, #13]
0af40 str r2, [r6, #52] @ 0x34
0af42 str r4, [r3, #68] @ 0x44
0af44 strb r2, [r6, #25]
0af46 ldr r4, [r3, #68] @ 0x44
0af48 str r5, [r4, #68] @ 0x44
0af4a str r6, [r5, #48] @ 0x30
0af4c movs r0, r0
0af4e movs r0, r0
0af50 strb r3, [r2, r1]
0af52 strh r1, [r0, r1]
0af54 movs r0, #84 @ 0x54
0af56 ldr r4, [r6, #20]
0af58 str r5, [r5, #84] @ 0x54
0af5a movs r0, #114 @ 0x72
0af5c strb r5, [r4, #9]
0af5e ldr r2, [r6, #116] @ 0x74
0af60 movs r0, #114 @ 0x72
0af62 movs r5, #61 @ 0x3d
0af64 lsls r4, r4, #1
0af66 movs r0, r0
0af68 cmp r5, #28
0af6a movs r0, #0

; ===== fn_0800AF6C  (called 3 x)
0af6c push {r4, lr}
0af6e mov r4, r0
0af70 cbz r4, 800af80 
0af72 cmp r4, #1
0af74 beq.n 800af88 
0af76 cmp r4, #2
0af78 beq.n 800af90 
0af7a cmp r4, #3
0af7c bne.n 800afa0 
0af7e b.n 800af98 
0af80 movs r0, #0
0af82 bl fn_0800A7BC
0af86 b.n 800afa2 
0af88 movs r0, #2
0af8a bl fn_0800A7BC
0af8e b.n 800afa2 
0af90 movs r0, #1
0af92 bl fn_0800A7BC
0af96 b.n 800afa2 
0af98 movs r0, #3
0af9a bl fn_0800A7BC
0af9e b.n 800afa2 
0afa0 nop
0afa2 nop
0afa4 pop {r4, pc}

; ===== fn_0800AFA6  (called 3 x)
0afa6 push {r4, lr}
0afa8 mov r4, r0
0afaa cbz r4, 800afba 
0afac cmp r4, #1
0afae beq.n 800afc2 
0afb0 cmp r4, #2
0afb2 beq.n 800afca 
0afb4 cmp r4, #3
0afb6 bne.n 800afda 
0afb8 b.n 800afd2 
0afba movs r0, #0
0afbc bl fn_0800A808
0afc0 b.n 800afdc 
0afc2 movs r0, #2
0afc4 bl fn_0800A808
0afc8 b.n 800afdc 
0afca movs r0, #1
0afcc bl fn_0800A808
0afd0 b.n 800afdc 
0afd2 movs r0, #3
0afd4 bl fn_0800A808
0afd8 b.n 800afdc 
0afda nop
0afdc nop
0afde pop {r4, pc}

; ===== fn_0800AFE0  (called 23 x)
0afe0 push {r3, r4, r5, r6, r7, lr}
0afe2 mov r4, r0
0afe4 mov r6, r1
0afe6 mov r0, r4
0afe8 bl fn_08015F98
0afec add.w r0, r4, r4, lsl #1
0aff0 ldr r1, [pc, #32] ; =0x20002D1C ram_20002D1C
0aff2 strb.w r6, [r1, r0, lsl #2]
0aff6 ldr r0, [pc, #32] ; =0x200000C7 ram_200000C7
0aff8 ldrb r0, [r0, #0]
0affa bl fn_0800B97C
0affe mov r5, r0
0b000 cbz r5, 800b010 
0b002 add r3, pc, #24 @ (adr r3, 800b01c ) ; =0x0800B01C "START timer error =%d"
0b004 movs r2, #145 @ 0x91
0b006 add r1, pc, #44 @ (adr r1, 800b034 ) ; =0x0800B034 "..\\src\\drv\\led.c"
0b008 movs r0, #3
0b00a str r5, [sp, #0]
0b00c bl fn_08009EBC
0b010 pop {r3, r4, r5, r6, r7, pc}
0b012 movs r0, r0
0b014 cmp r5, #28
0b016 movs r0, #0
0b018 lsls r7, r0, #3
0b01a movs r0, #0
0b01c strb r3, [r2, r1]
0b01e strh r1, [r0, r1]
0b020 movs r0, #84 @ 0x54
0b022 ldr r4, [r6, #20]
0b024 str r5, [r5, #84] @ 0x54
0b026 movs r0, #114 @ 0x72
0b028 strb r5, [r4, #9]
0b02a ldr r2, [r6, #116] @ 0x74
0b02c movs r0, #114 @ 0x72
0b02e movs r5, #61 @ 0x3d
0b030 lsls r4, r4, #1
0b032 movs r0, r0
0b034 cmp r6, #46 @ 0x2e
0b036 strb r4, [r3, #13]
0b038 str r2, [r6, #52] @ 0x34
0b03a str r4, [r3, #68] @ 0x44
0b03c strb r2, [r6, #25]
0b03e ldr r4, [r3, #68] @ 0x44
0b040 str r5, [r4, #68] @ 0x44
0b042 str r6, [r5, #48] @ 0x30
0b044 movs r0, r0
0b046 movs r0, r0

; ===== fn_0800B048  (called 1 x)
0b048 push {r4, lr}
0b04a movw r0, #2331 @ 0x91b
0b04e bl fn_08016680
0b052 cbz r0, 800b058 
0b054 movs r4, #1
0b056 b.n 800b092 
0b058 movw r0, #2332 @ 0x91c
0b05c bl fn_08016680
0b060 cbz r0, 800b066 
0b062 movs r4, #2
0b064 b.n 800b092 
0b066 movw r0, #2333 @ 0x91d
0b06a bl fn_08016680
0b06e cbz r0, 800b074 
0b070 movs r4, #3
0b072 b.n 800b092 
0b074 movw r0, #2335 @ 0x91f
0b078 bl fn_08016680
0b07c cbz r0, 800b082 
0b07e movs r4, #4
0b080 b.n 800b092 
0b082 movw r0, #2331 @ 0x91b
0b086 bl fn_08016680
0b08a cbz r0, 800b090 
0b08c movs r4, #5
0b08e b.n 800b092 
0b090 movs r4, #0
0b092 bl fn_08016424
0b096 mov r0, r4
0b098 pop {r4, pc}

; ===== fn_0800B09A  (called 1 x)
0b09a push {r4, lr}
0b09c bl fn_08016282
0b0a0 bl fn_08016280
0b0a4 pop {r4, pc}
0b0a6 movs r0, r0

; ===== fn_0800B0A8  (called 1 x)
0b0a8 nop
0b0aa dsb sy
0b0ae ldr r0, [pc, #28] ; =0xE000ED0C SCB_VTOR+0x4
0b0b0 ldr r0, [r0, #0]
0b0b2 and.w r0, r0, #1792 @ 0x700
0b0b6 ldr r1, [pc, #24] ; =0x05FA0000 
0b0b8 orrs r0, r1
0b0ba adds r0, r0, #4
0b0bc ldr r1, [pc, #12] ; =0xE000ED0C SCB_VTOR+0x4
0b0be str r0, [r1, #0]
0b0c0 dsb sy
0b0c4 nop
0b0c6 nop
0b0c8 b.n 800b0c8 
0b0ca movs r0, r0
0b0cc stc 0, cr14, [ip, #-0]
0b0d0 movs r0, r0
0b0d2 lsls r2, r7, #23

; ===== fn_0800B0D4  (called 1 x)
0b0d4 push {r4, r5, lr}
0b0d6 mov r2, r0
0b0d8 mov r3, r1
0b0da movs r0, #0
0b0dc nop
0b0de cbnz r2, 800b0e4 
0b0e0 movs r0, #1
0b0e2 b.n 800b132 
0b0e4 cbnz r3, 800b0ea 
0b0e6 movs r0, #1
0b0e8 b.n 800b132 
0b0ea movs r1, #0
0b0ec b.n 800b0fc 
0b0ee ldr r4, [pc, #72] ; =0x20002224 ram_20002224
0b0f0 add.w r4, r4, r1, lsl #7
0b0f4 ldrb r4, [r4, #0]
0b0f6 cbnz r4, 800b0fa 
0b0f8 b.n 800b100 
0b0fa adds r1, r1, #1
0b0fc cmp r1, #5
0b0fe bcc.n 800b0ee 
0b100 nop
0b102 cmp r1, #5
0b104 bne.n 800b10a 
0b106 movs r0, #91 @ 0x5b
0b108 b.n 800b132 
0b10a movs r4, #1
0b10c ldr r5, [pc, #40] ; =0x20002224 ram_20002224
0b10e add.w r5, r5, r1, lsl #7
0b112 strb r4, [r5, #0]
0b114 movs r4, #0
0b116 ldr r5, [pc, #32] ; =0x20002224 ram_20002224
0b118 add.w r5, r5, r1, lsl #7
0b11c strb r4, [r5, #1]
0b11e ldr r5, [pc, #24] ; =0x20002224 ram_20002224
0b120 add.w r5, r5, r1, lsl #7
0b124 strb r4, [r5, #2]
0b126 ldr r4, [pc, #16] ; =0x20002224 ram_20002224
0b128 add.w r4, r4, r1, lsl #7
0b12c str r2, [r4, #124] @ 0x7c
0b12e strb r1, [r3, #0]
0b130 nop
0b132 nop
0b134 pop {r4, r5, pc}
0b136 movs r0, r0
0b138 movs r2, #36 @ 0x24
0b13a movs r0, #0

; ===== fn_0800B13C  (called 1 x)
0b13c push {r4, lr}
0b13e mov.w r1, #640 @ 0x280
0b142 ldr r0, [pc, #28] ; =0x20002224 ram_20002224
0b144 bl fn_08008246
0b148 movs r4, #0
0b14a b.n 800b158 
0b14c movs r0, #0
0b14e ldr r1, [pc, #16] ; =0x20002224 ram_20002224
0b150 add.w r1, r1, r4, lsl #7
0b154 strb r0, [r1, #0]
0b156 adds r4, r4, #1
0b158 cmp r4, #5
0b15a bcc.n 800b14c 
0b15c pop {r4, pc}
0b15e movs r0, r0
0b160 movs r2, #36 @ 0x24
0b162 movs r0, #0

; ===== fn_0800B164  (called 1 x)
0b164 stmdb sp!, {r4, r5, r6, r7, r8, lr}
0b168 movs r4, #0
0b16a b.n 800b212 
0b16c ldr r0, [pc, #172] ; =0x20002224 ram_20002224
0b16e add.w r0, r0, r4, lsl #7
0b172 ldrb r0, [r0, #0]
0b174 cbnz r0, 800b178 
0b176 b.n 800b210 
0b178 b.n 800b1f8 
0b17a ldr r0, [pc, #160] ; =0x20002224 ram_20002224
0b17c add.w r0, r0, r4, lsl #7
0b180 ldrb r0, [r0, #2]
0b182 adds r0, r0, #1
0b184 ldr r1, [pc, #148] ; =0x20002224 ram_20002224
0b186 add.w r1, r1, r4, lsl #7
0b18a strb r0, [r1, #2]
0b18c ldr r0, [pc, #140] ; =0x20002224 ram_20002224
0b18e add.w r0, r0, r4, lsl #7
0b192 ldrb r0, [r0, #2]
0b194 movs r1, #10
0b196 sdiv r2, r0, r1
0b19a mls r0, r1, r2, r0
0b19e ldr r1, [pc, #124] ; =0x20002224 ram_20002224
0b1a0 add.w r1, r1, r4, lsl #7
0b1a4 strb r0, [r1, #2]
0b1a6 ldr r0, [pc, #116] ; =0x20002224 ram_20002224
0b1a8 add.w r0, r0, r4, lsl #7
0b1ac ldrb r5, [r0, #2]
0b1ae ldr r6, [pc, #108] ; =0x20002224 ram_20002224
0b1b0 add.w r6, r6, r4, lsl #7
0b1b4 adds r6, r6, #4
0b1b6 add.w r7, r5, r5, lsl #1
0b1ba add.w r6, r6, r7, lsl #2
0b1be ldr r2, [r6, #8]
0b1c0 ldr r6, [pc, #88] ; =0x20002224 ram_20002224
0b1c2 add.w r6, r6, r4, lsl #7
0b1c6 adds r6, r6, #4
0b1c8 add.w r7, r5, r5, lsl #1
0b1cc add.w r6, r6, r7, lsl #2
0b1d0 ldr r1, [r6, #4]
0b1d2 ldr r6, [pc, #72] ; =0x20002224 ram_20002224
0b1d4 add.w r6, r6, r4, lsl #7
0b1d8 adds r6, r6, #4
0b1da add.w r7, r5, r5, lsl #1
0b1de ldrb.w r0, [r6, r7, lsl #2]
0b1e2 ldr r6, [pc, #56] ; =0x20002224 ram_20002224
0b1e4 add.w r6, r6, r4, lsl #7
0b1e8 ldr r3, [r6, #124] @ 0x7c
0b1ea blx r3
0b1ec ldr r0, [pc, #44] ; =0x20002224 ram_20002224
0b1ee add.w r0, r0, r4, lsl #7
0b1f2 ldrb r0, [r0, #0]
0b1f4 cbnz r0, 800b1f8 
0b1f6 b.n 800b20c 
0b1f8 ldr r0, [pc, #32] ; =0x20002224 ram_20002224
0b1fa add.w r0, r0, r4, lsl #7
0b1fe ldrb r0, [r0, #2]
0b200 ldr r1, [pc, #24] ; =0x20002224 ram_20002224
0b202 add.w r1, r1, r4, lsl #7
0b206 ldrb r1, [r1, #1]
0b208 cmp r0, r1
0b20a bne.n 800b17a 
0b20c nop
0b20e nop
0b210 adds r4, r4, #1
0b212 cmp r4, #5
0b214 bcc.n 800b16c 
0b216 ldmia.w sp!, {r4, r5, r6, r7, r8, pc}
0b21a movs r0, r0
0b21c movs r2, #36 @ 0x24
0b21e movs r0, #0
0b220 nop
0b222 b.n 800b222 
0b224 bx lr
0b226 movs r0, r0

; ===== fn_0800B228  (called 2 x)
0b228 push {r4, lr}
0b22a cmp r0, #0
0b22c bge.n 800b23e 
0b22e lsls r2, r1, #28
0b230 lsrs r4, r2, #24
0b232 ldr r2, [pc, #20] ; =0xE000ED18 SCB_VTOR+0x10
0b234 and.w r3, r0, #15
0b238 subs r3, r3, #4
0b23a strb r4, [r2, r3]
0b23c b.n 800b246 
0b23e lsls r2, r1, #28
0b240 lsrs r3, r2, #24
0b242 ldr r2, [pc, #8] ; =0xE000E400 
0b244 strb r3, [r2, r0]
0b246 pop {r4, pc}
0b248 ldc 0, cr14, [r8, #-0]
0b24c b.n 800aa50 
0b24e b.n 800b252 
0b250 bx lr

; ===== fn_0800B252  (called 2 x)
0b252 stmdb sp!, {r3, r4, r5, r6, r7, r8, r9, sl, fp, lr}
0b256 mov r5, r0
0b258 mov r7, r1
0b25a mov r6, r2
0b25c mov.w r8, #0
0b260 mov r9, r5
0b262 mov sl, r7
0b264 nop
0b266 bl fn_0800ABB0
0b26a bl fn_0801542C
0b26e bl fn_0800A2B0
0b272 cbz r0, 800b27e 
0b274 bl fn_0801531C
0b278 bl fn_0800ABD8
0b27c b.n 800b2de 
0b27e movs r4, #0
0b280 b.n 800b2a0 
0b282 ldrh.w r1, [sl]
0b286 mov r0, r9
0b288 bl fn_08015264
0b28c mov r8, r0
0b28e cmp.w r8, #0
0b292 beq.n 800b296 
0b294 b.n 800b2a6 
0b296 add.w r9, r9, #2
0b29a add.w sl, sl, #2
0b29e adds r4, r4, #1
0b2a0 cmp.w r4, r6, asr #1
0b2a4 bcc.n 800b282 
0b2a6 nop
0b2a8 bl fn_0801531C
0b2ac bl fn_0800ABD8
0b2b0 movs r4, #0
0b2b2 b.n 800b2d0 
0b2b4 ldrh r0, [r5, #0]
0b2b6 str r0, [sp, #0]
0b2b8 movs r2, #2
0b2ba mov r1, r7
0b2bc mov r0, sp
0b2be bl fn_080082C2
0b2c2 cbz r0, 800b2ca 
0b2c4 mov.w r8, #3
0b2c8 b.n 800b2da 
0b2ca adds r5, r5, #2
0b2cc adds r7, r7, #2
0b2ce adds r4, r4, #1
0b2d0 add.w r1, r6, r6, lsr #31
0b2d4 cmp.w r4, r1, asr #1
0b2d8 bcc.n 800b2b4 
0b2da nop
0b2dc nop
0b2de nop
0b2e0 movs r0, #0
0b2e2 bl fn_0800A540
0b2e6 movs r0, #0
0b2e8 bl fn_0800A534
0b2ec mov r0, r8
0b2ee ldmia.w sp!, {r3, r4, r5, r6, r7, r8, r9, sl, fp, pc}
0b2f2 movs r0, r0

; ===== fn_0800B2F4  (called 2 x)
0b2f4 push {r4, r5, r6, lr}
0b2f6 mov r5, r0
0b2f8 mov r4, r1
0b2fa cmp r4, #2
0b2fc bne.n 800b308 
0b2fe mov r0, r5
0b300 bl fn_08016898
0b304 cbz r0, 800b308 
0b306 movs r4, #0
0b308 ldr r0, [pc, #4] ; =0x08018B74 rom_08018B74
0b30a ldrb r0, [r0, r4]
0b30c pop {r4, r5, r6, pc}
0b30e movs r0, r0
0b310 ldrh r4, [r6, #26]
0b312 lsrs r1, r0, #32

; ===== fn_0800B314  (called 2 x)
0b314 push {r3, r4, r5, r6, r7, lr}
0b316 mov r4, r0
0b318 ldrb r0, [r4, #2]
0b31a strb.w r0, [sp, #2]
0b31e ldrb r0, [r4, #1]
0b320 strb.w r0, [sp, #1]
0b324 ldrb r0, [r4, #0]
0b326 strb.w r0, [sp]
0b32a ldrb.w r0, [sp, #2]
0b32e subs r0, r0, #1
0b330 uxth r5, r0
0b332 b.n 800b350 
0b334 ldrb.w r0, [sp, #1]
0b338 subs r0, r0, #1
0b33a uxtb r0, r0
0b33c strb.w r0, [sp, #1]
0b340 ldrb.w r1, [sp, #1]
0b344 ldrb.w r0, [sp]
0b348 bl fn_0800B2F4
0b34c add r0, r5
0b34e uxth r5, r0
0b350 ldrb.w r0, [sp, #1]
0b354 cmp r0, #1
0b356 bgt.n 800b334 
0b358 b.n 800b37a 
0b35a ldrb.w r0, [sp]
0b35e subs r0, r0, #1
0b360 uxtb r0, r0
0b362 strb.w r0, [sp]
0b366 addw r0, r5, #365 @ 0x16d
0b36a uxth r5, r0
0b36c ldrb.w r0, [sp]
0b370 bl fn_08016898
0b374 cbz r0, 800b37a 
0b376 adds r0, r5, #1
0b378 uxth r5, r0
0b37a ldrb.w r0, [sp]
0b37e cmp r0, #0
0b380 bne.n 800b35a 
0b382 ldr r0, [pc, #8] ; =0x00015180 
0b384 mul.w r6, r5, r0
0b388 mov r0, r6
0b38a pop {r3, r4, r5, r6, r7, pc}
0b38c str r0, [r0, r6]
0b38e movs r1, r0

; ===== fn_0800B390  (called 4 x)
0b390 push {r4, lr}
0b392 bl fn_080168DC
0b396 mov r4, r0
0b398 mov r0, r4
0b39a pop {r4, pc}
0b39c push {r2, r3, r4, lr}
0b39e movs r0, #1
0b3a0 bl fn_08016920
0b3a4 cbz r0, 800b3c4 
0b3a6 movs r0, #1
0b3a8 bl fn_08016910
0b3ac bl fn_08016948
0b3b0 bl fn_080168DC
0b3b4 ldr r1, [pc, #20] ; =0x00015180 
0b3b6 cmp r0, r1
0b3b8 bne.n 800b3c4 
0b3ba movs r0, #0
0b3bc bl fn_080168F0
0b3c0 bl fn_08016948
0b3c4 mov r0, sp
0b3c6 bl fn_0800B44C
0b3ca pop {r2, r3, r4, pc}
0b3cc str r0, [r0, r6]
0b3ce movs r1, r0

; ===== fn_0800B3D0  (called 1 x)
0b3d0 push {r4, lr}
0b3d2 movs r2, #1
0b3d4 mov r1, r2
0b3d6 movs r0, #3
0b3d8 bl fn_080162CC
0b3dc movs r0, #1
0b3de bl fn_0801451C
0b3e2 movw r1, #42405 @ 0xa5a5
0b3e6 cmp r0, r1
0b3e8 beq.n 800b400 
0b3ea bl fn_0801699C
0b3ee ldr r0, [pc, #88] ; =0x657F0909 
0b3f0 bl fn_0800B50E
0b3f4 movw r1, #42405 @ 0xa5a5
0b3f8 movs r0, #1
0b3fa bl fn_0801457C
0b3fe b.n 800b42a 
0b400 movw r0, #2331 @ 0x91b
0b404 bl fn_08016680
0b408 cbnz r0, 800b41c 
0b40a movw r0, #2332 @ 0x91c
0b40e bl fn_08016680
0b412 cbnz r0, 800b41c 
0b414 movw r0, #2330 @ 0x91a
0b418 bl fn_08016680
0b41c bl fn_0801697C
0b420 movs r0, #1
0b422 bl fn_08016938
0b426 bl fn_08016948
0b42a movw r0, #1819 @ 0x71b
0b42e bl fn_08016820
0b432 movw r0, #1820 @ 0x71c
0b436 bl fn_08016820
0b43a bl fn_080163A4
0b43e bl fn_08014568
0b442 bl fn_08014554
0b446 pop {r4, pc}
0b448 lsrs r1, r1, #4
0b44a str r7, [r7, #84] @ 0x54

; ===== fn_0800B44C  (called 2 x)
0b44c push {r4, r5, r6, lr}
0b44e mov r4, r0
0b450 bl fn_080168DC
0b454 mov r5, r0
0b456 mov r1, r5
0b458 mov r0, r4
0b45a bl fn_0800B468
0b45e mov r1, r5
0b460 adds r0, r4, #3
0b462 bl fn_0800B4D8
0b466 pop {r4, r5, r6, pc}

; ===== fn_0800B468  (called 1 x)
0b468 stmdb sp!, {r4, r5, r6, r7, r8, lr}
0b46c mov r4, r0
0b46e mov r7, r1
0b470 ldr r0, [pc, #96] ; =0x00015180 
0b472 udiv r5, r7, r0
0b476 movs r0, #0
0b478 strb r0, [r4, #0]
0b47a movs r0, #1
0b47c strb r0, [r4, #1]
0b47e strb r0, [r4, #2]
0b480 cbnz r5, 800b486 
0b482 ldmia.w sp!, {r4, r5, r6, r7, r8, pc}
0b486 b.n 800b4c8 
0b488 ldrb r0, [r4, #0]
0b48a bl fn_08016898
0b48e cbz r0, 800b496 
0b490 mov.w r8, #366 @ 0x16e
0b494 b.n 800b49a 
0b496 movw r8, #365 @ 0x16d
0b49a cmp r5, r8
0b49c bcc.n 800b4aa 
0b49e ldrb r0, [r4, #0]
0b4a0 adds r0, r0, #1
0b4a2 strb r0, [r4, #0]
0b4a4 sub.w r5, r5, r8
0b4a8 b.n 800b4c8 
0b4aa ldrb r1, [r4, #1]
0b4ac ldrb r0, [r4, #0]
0b4ae bl fn_0800B2F4
0b4b2 mov r6, r0
0b4b4 cmp r5, r6
0b4b6 bcc.n 800b4c2 
0b4b8 ldrb r0, [r4, #1]
0b4ba adds r0, r0, #1
0b4bc strb r0, [r4, #1]
0b4be subs r5, r5, r6
0b4c0 b.n 800b4c8 
0b4c2 adds r0, r5, #1
0b4c4 strb r0, [r4, #2]
0b4c6 b.n 800b4cc 
0b4c8 cmp r5, #0
0b4ca bne.n 800b488 
0b4cc nop
0b4ce nop
0b4d0 b.n 800b482 
0b4d2 movs r0, r0
0b4d4 str r0, [r0, r6]
0b4d6 movs r1, r0

; ===== fn_0800B4D8  (called 1 x)
0b4d8 movs r2, #60 @ 0x3c
0b4da udiv r3, r1, r2
0b4de mls r2, r2, r3, r1
0b4e2 strb r2, [r0, #2]
0b4e4 movs r2, #60 @ 0x3c
0b4e6 udiv r1, r1, r2
0b4ea udiv r3, r1, r2
0b4ee mls r2, r2, r3, r1
0b4f2 strb r2, [r0, #1]
0b4f4 movs r2, #60 @ 0x3c
0b4f6 udiv r1, r1, r2
0b4fa movs r2, #24
0b4fc udiv r3, r1, r2
0b500 mls r2, r2, r3, r1
0b504 strb r2, [r0, #0]
0b506 movs r2, #24
0b508 udiv r1, r1, r2
0b50c bx lr

; ===== fn_0800B50E  (called 4 x)
0b50e push {r4, lr}
0b510 mov r4, r0
0b512 movw r0, #1819 @ 0x71b
0b516 bl fn_08016820
0b51a movw r0, #1820 @ 0x71c
0b51e bl fn_08016820
0b522 bl fn_080163A4
0b526 bl fn_08016948
0b52a mov r0, r4
0b52c bl fn_080168F0
0b530 bl fn_08016948
0b534 pop {r4, pc}

; ===== fn_0800B536  (called 2 x)
0b536 mov r1, r0
0b538 ldrb r2, [r1, #0]
0b53a mov.w r3, #3600 @ 0xe10
0b53e smulbb r2, r2, r3
0b542 ldrb r3, [r1, #1]
0b544 rsb r3, r3, r3, lsl #4
0b548 add.w r2, r2, r3, lsl #2
0b54c ldrb r3, [r1, #2]
0b54e adds r0, r2, r3
0b550 bx lr
0b552 movs r0, r0

; ===== fn_0800B554  (called 1 x)
0b554 push {lr}
0b556 sub sp, #28
0b558 movw r0, #1538 @ 0x602
0b55c bl fn_08016820
0b560 movw r0, #1548 @ 0x60c
0b564 bl fn_08016820
0b568 movs r3, #16
0b56a movs r2, #3
0b56c mov r1, r3
0b56e ldr r0, [pc, #108] ; =0x40010800 GPIOA
0b570 bl fn_08015B58
0b574 movs r3, #160 @ 0xa0
0b576 movs r2, #3
0b578 movs r1, #24
0b57a ldr r0, [pc, #96] ; =0x40010800 GPIOA
0b57c bl fn_08015B58
0b580 movs r3, #64 @ 0x40
0b582 movs r2, #3
0b584 movs r1, #4
0b586 ldr r0, [pc, #84] ; =0x40010800 GPIOA
0b588 bl fn_08015B58
0b58c ldr r0, [pc, #80] ; =0x40013000 SPI0
0b58e bl fn_08016A0C
0b592 mov r0, sp
0b594 bl fn_08016ABA
0b598 movs r0, #0
0b59a str r0, [sp, #4]
0b59c mov.w r0, #260 @ 0x104
0b5a0 str r0, [sp, #0]
0b5a2 movs r0, #0
0b5a4 str r0, [sp, #8]
0b5a6 movs r0, #3
0b5a8 str r0, [sp, #20]
0b5aa mov.w r0, #512 @ 0x200
0b5ae str r0, [sp, #12]
0b5b0 movs r0, #0
0b5b2 str r0, [sp, #24]
0b5b4 str r0, [sp, #16]
0b5b6 mov r1, sp
0b5b8 ldr r0, [pc, #36] ; =0x40013000 SPI0
0b5ba bl fn_08016A74
0b5be ldr r0, [pc, #32] ; =0x40013000 SPI0
0b5c0 bl fn_08016AB0
0b5c4 ldr r0, [pc, #24] ; =0x40013000 SPI0
0b5c6 bl fn_08016AA6
0b5ca ldr r0, [pc, #20] ; =0x40013000 SPI0
0b5cc bl fn_080169F6
0b5d0 movs r1, #16
0b5d2 ldr r0, [pc, #8] ; =0x40010800 GPIOA
0b5d4 bl fn_08015ABC
0b5d8 add sp, #28
0b5da pop {pc}
0b5dc lsrs r0, r0, #32
0b5de ands r1, r0
0b5e0 adds r0, #0
0b5e2 ands r1, r0

; ===== fn_0800B5E4  (called 1 x)
0b5e4 push {r4, lr}
0b5e6 bl fn_0800B554
0b5ea pop {r4, pc}
0b5ec bx lr

; ===== fn_0800B5EE  (called 4 x)
0b5ee push {r4, lr}
0b5f0 mov r4, r0
0b5f2 mov r0, r4
0b5f4 bl fn_0800A6C0
0b5f8 pop {r4, pc}
0b5fa movs r0, r0

; ===== fn_0800B5FC  (called 1 x)
0b5fc cbz r0, 800b604 
0b5fe ldr r2, [pc, #20] ; =0x20000048 ram_20000048
0b600 ldrb r2, [r2, #0]
0b602 strb r2, [r0, #0]
0b604 cbz r1, 800b612 
0b606 ldr r2, [pc, #16] ; =0x08018B84 rom_08018B84
0b608 ldr r3, [pc, #8] ; =0x20000048 ram_20000048
0b60a ldrb r3, [r3, #0]
0b60c ldr.w r2, [r2, r3, lsl #2]
0b610 str r2, [r1, #0]
0b612 bx lr
0b614 lsls r0, r1, #1
0b616 movs r0, #0
0b618 ldrh r4, [r0, #28]
0b61a lsrs r1, r0, #32

; ===== fn_0800B61C  (called 1 x)
0b61c push {r3, r4, r5, r6, r7, lr}
0b61e movs r6, #0
0b620 movs r5, #0
0b622 b.n 800b62e 
0b624 movs r0, #0
0b626 ldr r1, [pc, #104] ; =0x200024A4 ram_200024A4
0b628 str.w r0, [r1, r5, lsl #2]
0b62c adds r5, r5, #1
0b62e cmp r5, #10
0b630 bcc.n 800b624 
0b632 bl fn_0800A708
0b636 ldr r1, [pc, #92] ; =0x20000048 ram_20000048
0b638 strb r0, [r1, #0]
0b63a mov r0, r1
0b63c ldrb r0, [r0, #0]
0b63e cmp r0, #2
0b640 bne.n 800b644 
0b642 movs r6, #1
0b644 mov r0, r6
0b646 bl fn_08009E70
0b64a bl fn_0800B810
0b64e bl fn_0800A1B0
0b652 bl fn_0800B13C
0b656 ldr r0, [pc, #64] ; =0x2000004C ram_2000004C
0b658 movs r1, #0
0b65a str r1, [r0, #0]
0b65c str r1, [r0, #4]
0b65e mov r1, r0
0b660 ldr r0, [pc, #56] ; =0x08016ACD fn_08016ACC
0b662 bl fn_0800B0D4
0b666 mov r4, r0
0b668 cbnz r4, 800b66c 
0b66a b.n 800b674 
0b66c movs r1, #91 @ 0x5b
0b66e add r0, pc, #48 @ (adr r0, 800b6a0 ) ; =0x0800B6A0 "..\\src\\sys\\sys.c"
0b670 bl fn_08009D9C
0b674 ldr r0, [pc, #60] ; =0x08018B84 rom_08018B84
0b676 ldr r1, [pc, #28] ; =0x20000048 ram_20000048
0b678 ldrb r1, [r1, #0]
0b67a ldr.w r0, [r0, r1, lsl #2]
0b67e add r3, pc, #56 @ (adr r3, 800b6b8 ) ; =0x0800B6B8 "System reboot, reason: %s"
0b680 movs r2, #93 @ 0x5d
0b682 add r1, pc, #28 @ (adr r1, 800b6a0 ) ; =0x0800B6A0 "..\\src\\sys\\sys.c"
0b684 str r0, [sp, #0]
0b686 movs r0, #0
0b688 bl fn_08009EBC
0b68c pop {r3, r4, r5, r6, r7, pc}
0b68e movs r0, r0
0b690 movs r4, #164 @ 0xa4
0b692 movs r0, #0
0b694 lsls r0, r1, #1
0b696 movs r0, #0
0b698 lsls r4, r1, #1
0b69a movs r0, #0
0b69c ldr r5, [r1, #44] @ 0x2c
0b69e lsrs r1, r0, #32
0b6a0 cmp r6, #46 @ 0x2e
0b6a2 strb r4, [r3, #13]
0b6a4 str r2, [r6, #52] @ 0x34
0b6a6 strb r4, [r3, #13]
0b6a8 strb r1, [r7, #13]
0b6aa strb r4, [r3, #13]
0b6ac strb r1, [r7, #13]
0b6ae str r6, [r5, #48] @ 0x30
0b6b0 movs r0, r0
0b6b2 movs r0, r0
0b6b4 ldrh r4, [r0, #28]
0b6b6 lsrs r1, r0, #32
0b6b8 ldrb r3, [r2, #5]
0b6ba strb r3, [r6, #17]
0b6bc ldr r5, [r4, #84] @ 0x54
0b6be strb r0, [r4, #8]
0b6c0 str r5, [r4, #36] @ 0x24
0b6c2 ldr r7, [r5, #116] @ 0x74
0b6c4 cmp r4, #116 @ 0x74
0b6c6 strb r0, [r4, #8]
0b6c8 str r5, [r4, #20]
0b6ca ldr r3, [r6, #116] @ 0x74
0b6cc subs r2, #110 @ 0x6e
0b6ce movs r5, #32
0b6d0 lsls r3, r6, #1
0b6d2 movs r0, r0

; ===== fn_0800B6D4  (called 5 x)
0b6d4 push {r4, lr}
0b6d6 movs r4, #0
0b6d8 b.n 800b6ec 
0b6da ldr r0, [pc, #32] ; =0x200024A4 ram_200024A4
0b6dc ldr.w r0, [r0, r4, lsl #2]
0b6e0 cbz r0, 800b6ea 
0b6e2 ldr r1, [pc, #24] ; =0x200024A4 ram_200024A4
0b6e4 ldr.w r0, [r1, r4, lsl #2]
0b6e8 blx r0
0b6ea adds r4, r4, #1
0b6ec cmp r4, #10
0b6ee bcc.n 800b6da 
0b6f0 movs r0, #100 @ 0x64
0b6f2 bl fn_0800A6C0
0b6f6 bl fn_0800A8E8
0b6fa pop {r4, pc}
0b6fc movs r4, #164 @ 0xa4
0b6fe movs r0, #0

; ===== fn_0800B700  (called 1 x)
0b700 ldr r1, [pc, #4] ; =0x2000004C ram_2000004C
0b702 str r0, [r1, #4]
0b704 bx lr
0b706 movs r0, r0
0b708 lsls r4, r1, #1
0b70a movs r0, #0
0b70c push {r4, lr}
0b70e bl fn_0800ACF0
0b712 pop {r4, pc}

; ===== fn_0800B714  (called 0 x)
0b714 push {r3, lr}
0b716 ldr r0, [pc, #152] ; =0xE000ED88 SCB_VTOR+0x80
0b718 ldr r0, [r0, #0]
0b71a orr.w r0, r0, #15728640 @ 0xf00000
0b71e ldr r1, [pc, #144] ; =0xE000ED88 SCB_VTOR+0x80
0b720 str r0, [r1, #0]
0b722 ldr r0, [pc, #144] ; =0x40021000 RCU
0b724 ldr r0, [r0, #0]
0b726 orr.w r0, r0, #1
0b72a ldr r1, [pc, #136] ; =0x40021000 RCU
0b72c str r0, [r1, #0]
0b72e nop
0b730 ldr r0, [pc, #128] ; =0x40021000 RCU
0b732 ldr r0, [r0, #0]
0b734 and.w r0, r0, #2
0b738 cmp r0, #0
0b73a beq.n 800b730 
0b73c nop
0b73e ldr r0, [pc, #116] ; =0x40021000 RCU
0b740 ldr r0, [r0, #4]
0b742 orr.w r0, r0, #128 @ 0x80
0b746 ldr r1, [pc, #108] ; =0x40021000 RCU
0b748 str r0, [r1, #4]
0b74a movs r0, #0
0b74c str r0, [sp, #0]
0b74e b.n 800b756 
0b750 ldr r0, [sp, #0]
0b752 adds r0, r0, #1
0b754 str r0, [sp, #0]
0b756 ldr r0, [sp, #0]
0b758 cmp r0, #80 @ 0x50
0b75a bcc.n 800b750 
0b75c ldr r0, [pc, #84] ; =0x40021000 RCU
0b75e ldr r0, [r0, #4]
0b760 orr.w r0, r0, #144 @ 0x90
0b764 ldr r1, [pc, #76] ; =0x40021000 RCU
0b766 str r0, [r1, #4]
0b768 movs r0, #0
0b76a str r0, [sp, #0]
0b76c b.n 800b774 
0b76e ldr r0, [sp, #0]
0b770 adds r0, r0, #1
0b772 str r0, [sp, #0]
0b774 ldr r0, [sp, #0]
0b776 cmp r0, #80 @ 0x50
0b778 bcc.n 800b76e 
0b77a nop
0b77c ldr r0, [pc, #52] ; =0x40021000 RCU
0b77e ldr r0, [r0, #4]
0b780 bic.w r0, r0, #3
0b784 ldr r1, [pc, #44] ; =0x40021000 RCU
0b786 str r0, [r1, #4]
0b788 mov r0, r1
0b78a ldr r0, [r0, #0]
0b78c ldr r1, [pc, #40] ; =0xEAF6FFFF 
0b78e ands r0, r1
0b790 ldr r1, [pc, #32] ; =0x40021000 RCU
0b792 str r0, [r1, #0]
0b794 mov.w r0, #16711680 @ 0xff0000
0b798 str r0, [r1, #8]
0b79a mov r0, r1
0b79c ldr r0, [r0, #0]
0b79e bic.w r0, r0, #262144 @ 0x40000
0b7a2 str r0, [r1, #0]
0b7a4 movs r0, #0
0b7a6 str r0, [r1, #4]
0b7a8 str r0, [r1, #44] @ 0x2c
0b7aa bl fn_08016C24
0b7ae pop {r3, pc}
0b7b0 stc 0, cr14, [r8]
0b7b4 asrs r0, r0, #32
0b7b6 ands r2, r0
0b7b8 @ <UNDEFINED> instruction: 0xffffeaf6
0b7bc push {r4, lr}
0b7be bl fn_0800AD50
0b7c2 pop {r4, pc}

; ===== fn_0800B7C4  (called 12 x)
0b7c4 stmdb sp!, {r3, r4, r5, r6, r7, r8, r9, lr}
0b7c8 mov r4, r0
0b7ca mov r5, r1
0b7cc mov r6, r2
0b7ce mov r7, r3
0b7d0 mov.w r8, #0
0b7d4 mov r3, r6
0b7d6 mov r2, r5
0b7d8 mov r1, r4
0b7da movs r0, #0
0b7dc str r7, [sp, #0]
0b7de bl fn_08017174
0b7e2 mov r8, r0
0b7e4 mov r0, r8
0b7e6 ldmia.w sp!, {r3, r4, r5, r6, r7, r8, r9, pc}

; ===== fn_0800B7EA  (called 5 x)
0b7ea stmdb sp!, {r3, r4, r5, r6, r7, r8, r9, lr}
0b7ee mov r4, r0
0b7f0 mov r5, r1
0b7f2 mov r6, r2
0b7f4 mov r7, r3
0b7f6 mov.w r8, #0
0b7fa mov r3, r6
0b7fc mov r2, r5
0b7fe mov r1, r4
0b800 movs r0, #1
0b802 str r7, [sp, #0]
0b804 bl fn_08017174
0b808 mov r8, r0
0b80a mov r0, r8
0b80c ldmia.w sp!, {r3, r4, r5, r6, r7, r8, r9, pc}

; ===== fn_0800B810  (called 1 x)
0b810 push {r4, lr}
0b812 bl fn_0800A88C
0b816 mov.w r1, #400 @ 0x190
0b81a ldr r0, [pc, #36] ; =0x200024CC ram_200024CC
0b81c bl fn_08008246
0b820 movs r4, #0
0b822 b.n 800b834 
0b824 movs r0, #0
0b826 add.w r1, r4, r4, lsl #2
0b82a ldr r2, [pc, #20] ; =0x200024CC ram_200024CC
0b82c strb.w r0, [r2, r1, lsl #2]
0b830 adds r0, r4, #1
0b832 uxtb r4, r0
0b834 cmp r4, #20
0b836 blt.n 800b824 
0b838 bl fn_0800A894
0b83c pop {r4, pc}
0b83e movs r0, r0
0b840 movs r4, #204 @ 0xcc
0b842 movs r0, #0

; ===== fn_0800B844  (called 2 x)
0b844 stmdb sp!, {r4, r5, r6, r7, r8, lr}
0b848 mov r4, r0
0b84a mov r6, r1
0b84c mov.w r8, #0
0b850 nop
0b852 cmp r4, #20
0b854 blt.n 800b85c 
0b856 mov.w r8, #60 @ 0x3c
0b85a b.n 800b87e 
0b85c mov r7, r4
0b85e bl fn_0800A88C
0b862 add.w r0, r7, r7, lsl #2
0b866 ldr r1, [pc, #32] ; =0x200024CC ram_200024CC
0b868 ldrb.w r0, [r1, r0, lsl #2]
0b86c cmp r0, #2
0b86e bne.n 800b874 
0b870 movs r5, #1
0b872 b.n 800b876 
0b874 movs r5, #0
0b876 bl fn_0800A894
0b87a strb r5, [r6, #0]
0b87c nop
0b87e nop
0b880 mov r0, r8
0b882 ldmia.w sp!, {r4, r5, r6, r7, r8, pc}
0b886 movs r0, r0
0b888 movs r4, #204 @ 0xcc
0b88a movs r0, #0

; ===== fn_0800B88C  (called 7 x)
0b88c push {r4, r5, r6, lr}
0b88e mov r4, r0
0b890 movs r6, #0
0b892 nop
0b894 cmp r4, #20
0b896 blt.n 800b89c 
0b898 movs r6, #60 @ 0x3c
0b89a b.n 800b8d8 
0b89c mov r5, r4
0b89e bl fn_0800A88C
0b8a2 add.w r0, r5, r5, lsl #2
0b8a6 ldr r1, [pc, #56] ; =0x200024CC ram_200024CC
0b8a8 ldrb.w r0, [r1, r0, lsl #2]
0b8ac cbnz r0, 800b8b6 
0b8ae movs r6, #62 @ 0x3e
0b8b0 bl fn_0800A894
0b8b4 b.n 800b8d8 
0b8b6 add.w r1, r5, r5, lsl #2
0b8ba ldr r2, [pc, #36] ; =0x200024CC ram_200024CC
0b8bc add.w r0, r2, r1, lsl #2
0b8c0 movs r1, #20
0b8c2 bl fn_08008246
0b8c6 movs r0, #0
0b8c8 add.w r1, r5, r5, lsl #2
0b8cc ldr r2, [pc, #16] ; =0x200024CC ram_200024CC
0b8ce strb.w r0, [r2, r1, lsl #2]
0b8d2 bl fn_0800A894
0b8d6 nop
0b8d8 nop
0b8da mov r0, r6
0b8dc pop {r4, r5, r6, pc}
0b8de movs r0, r0
0b8e0 movs r4, #204 @ 0xcc
0b8e2 movs r0, #0

; ===== fn_0800B8E4  (called 1 x)
0b8e4 stmdb sp!, {r4, r5, r6, r7, r8, lr}
0b8e8 movs r4, #0
0b8ea b.n 800b96e 
0b8ec movs r7, #0
0b8ee bl fn_0800A710
0b8f2 mov r5, r0
0b8f4 bl fn_0800A88C
0b8f8 add.w r0, r4, r4, lsl #2
0b8fc ldr r1, [pc, #120] ; =0x200024CC ram_200024CC
0b8fe ldrb.w r0, [r1, r0, lsl #2]
0b902 cmp r0, #2
0b904 bne.n 800b95e 
0b906 add.w r0, r4, r4, lsl #2
0b90a add.w r0, r1, r0, lsl #2
0b90e ldr r0, [r0, #8]
0b910 subs r6, r5, r0
0b912 add.w r0, r4, r4, lsl #2
0b916 add.w r0, r1, r0, lsl #2
0b91a ldr r0, [r0, #4]
0b91c cmp r0, r6
0b91e bhi.n 800b95e 
0b920 add.w r0, r4, r4, lsl #2
0b924 add.w r0, r1, r0, lsl #2
0b928 ldrb r0, [r0, #1]
0b92a cmp r0, #1
0b92c bne.n 800b93a 
0b92e add.w r0, r4, r4, lsl #2
0b932 add.w r0, r1, r0, lsl #2
0b936 str r5, [r0, #8]
0b938 b.n 800b946 
0b93a movs r0, #3
0b93c add.w r1, r4, r4, lsl #2
0b940 ldr r2, [pc, #52] ; =0x200024CC ram_200024CC
0b942 strb.w r0, [r2, r1, lsl #2]
0b946 add.w r0, r4, r4, lsl #2
0b94a ldr r1, [pc, #44] ; =0x200024CC ram_200024CC
0b94c add.w r0, r1, r0, lsl #2
0b950 ldr r7, [r0, #12]
0b952 add.w r0, r4, r4, lsl #2
0b956 add.w r0, r1, r0, lsl #2
0b95a ldr.w r8, [r0, #16]
0b95e bl fn_0800A894
0b962 cbz r7, 800b96a 
0b964 mov r1, r8
0b966 mov r0, r4
0b968 blx r7
0b96a adds r0, r4, #1
0b96c uxtb r4, r0
0b96e cmp r4, #20
0b970 blt.n 800b8ec 
0b972 ldmia.w sp!, {r4, r5, r6, r7, r8, pc}
0b976 movs r0, r0
0b978 movs r4, #204 @ 0xcc
0b97a movs r0, #0

; ===== fn_0800B97C  (called 23 x)
0b97c push {r4, r5, r6, lr}
0b97e mov r4, r0
0b980 movs r6, #0
0b982 nop
0b984 cmp r4, #20
0b986 blt.n 800b98c 
0b988 movs r6, #60 @ 0x3c
0b98a b.n 800b9c6 
0b98c mov r5, r4
0b98e bl fn_0800A88C
0b992 add.w r0, r5, r5, lsl #2
0b996 ldr r1, [pc, #52] ; =0x200024CC ram_200024CC
0b998 ldrb.w r0, [r1, r0, lsl #2]
0b99c cbnz r0, 800b9a6 
0b99e movs r6, #62 @ 0x3e
0b9a0 bl fn_0800A894
0b9a4 b.n 800b9c6 
0b9a6 bl fn_0800A710
0b9aa add.w r1, r5, r5, lsl #2
0b9ae ldr r2, [pc, #28] ; =0x200024CC ram_200024CC
0b9b0 add.w r1, r2, r1, lsl #2
0b9b4 str r0, [r1, #8]
0b9b6 movs r0, #2
0b9b8 add.w r1, r5, r5, lsl #2
0b9bc strb.w r0, [r2, r1, lsl #2]
0b9c0 bl fn_0800A894
0b9c4 nop
0b9c6 nop
0b9c8 mov r0, r6
0b9ca pop {r4, r5, r6, pc}
0b9cc movs r4, #204 @ 0xcc
0b9ce movs r0, #0

; ===== fn_0800B9D0  (called 11 x)
0b9d0 stmdb sp!, {r4, r5, r6, r7, r8, lr}
0b9d4 mov r4, r0
0b9d6 mov r6, r1
0b9d8 movs r7, #0
0b9da nop
0b9dc cmp r4, #20
0b9de blt.n 800b9e4 
0b9e0 movs r7, #60 @ 0x3c
0b9e2 b.n 800ba26 
0b9e4 mov r5, r4
0b9e6 bl fn_0800A88C
0b9ea add.w r0, r5, r5, lsl #2
0b9ee ldr r1, [pc, #64] ; =0x200024CC ram_200024CC
0b9f0 ldrb.w r0, [r1, r0, lsl #2]
0b9f4 cbnz r0, 800b9fe 
0b9f6 movs r7, #62 @ 0x3e
0b9f8 bl fn_0800A894
0b9fc b.n 800ba26 
0b9fe add.w r0, r5, r5, lsl #2
0ba02 ldr r1, [pc, #44] ; =0x200024CC ram_200024CC
0ba04 ldrb.w r0, [r1, r0, lsl #2]
0ba08 cmp r0, #2
0ba0a bne.n 800ba14 
0ba0c movs r7, #64 @ 0x40
0ba0e bl fn_0800A894
0ba12 b.n 800ba26 
0ba14 add.w r0, r5, r5, lsl #2
0ba18 ldr r1, [pc, #20] ; =0x200024CC ram_200024CC
0ba1a add.w r0, r1, r0, lsl #2
0ba1e str r6, [r0, #4]
0ba20 bl fn_0800A894
0ba24 nop
0ba26 nop
0ba28 mov r0, r7
0ba2a ldmia.w sp!, {r4, r5, r6, r7, r8, pc}
0ba2e movs r0, r0
0ba30 movs r4, #204 @ 0xcc
0ba32 movs r0, #0

; ===== fn_0800BA34  (called 18 x)
0ba34 push {r4, r5, r6, lr}
0ba36 mov r5, r0
0ba38 movs r6, #0
0ba3a nop
0ba3c cmp r5, #20
0ba3e blt.n 800ba44 
0ba40 movs r6, #60 @ 0x3c
0ba42 b.n 800ba94 
0ba44 mov r4, r5
0ba46 bl fn_0800A88C
0ba4a add.w r0, r4, r4, lsl #2
0ba4e ldr r1, [pc, #76] ; =0x200024CC ram_200024CC
0ba50 ldrb.w r0, [r1, r0, lsl #2]
0ba54 cbnz r0, 800ba5e 
0ba56 movs r6, #62 @ 0x3e
0ba58 bl fn_0800A894
0ba5c b.n 800ba94 
0ba5e add.w r0, r4, r4, lsl #2
0ba62 ldr r1, [pc, #56] ; =0x200024CC ram_200024CC
0ba64 ldrb.w r0, [r1, r0, lsl #2]
0ba68 cmp r0, #2
0ba6a bne.n 800ba74 
0ba6c movs r6, #64 @ 0x40
0ba6e bl fn_0800A894
0ba72 b.n 800ba94 
0ba74 bl fn_0800A710
0ba78 add.w r1, r4, r4, lsl #2
0ba7c ldr r2, [pc, #28] ; =0x200024CC ram_200024CC
0ba7e add.w r1, r2, r1, lsl #2
0ba82 str r0, [r1, #8]
0ba84 movs r0, #2
0ba86 add.w r1, r4, r4, lsl #2
0ba8a strb.w r0, [r2, r1, lsl #2]
0ba8e bl fn_0800A894
0ba92 nop
0ba94 nop
0ba96 mov r0, r6
0ba98 pop {r4, r5, r6, pc}
0ba9a movs r0, r0
0ba9c movs r4, #204 @ 0xcc
0ba9e movs r0, #0

; ===== fn_0800BAA0  (called 22 x)
0baa0 push {r4, r5, r6, lr}
0baa2 mov r4, r0
0baa4 movs r6, #0
0baa6 nop
0baa8 cmp r4, #20
0baaa blt.n 800bab0 
0baac movs r6, #60 @ 0x3c
0baae b.n 800baea 
0bab0 mov r5, r4
0bab2 bl fn_0800A88C
0bab6 add.w r0, r5, r5, lsl #2
0baba ldr r1, [pc, #52] ; =0x200024CC ram_200024CC
0babc ldrb.w r0, [r1, r0, lsl #2]
0bac0 cbnz r0, 800baca 
0bac2 movs r6, #62 @ 0x3e
0bac4 bl fn_0800A894
0bac8 b.n 800baea 
0baca add.w r0, r5, r5, lsl #2
0bace ldr r1, [pc, #32] ; =0x200024CC ram_200024CC
0bad0 ldrb.w r0, [r1, r0, lsl #2]
0bad4 cmp r0, #3
0bad6 beq.n 800bae4 
0bad8 movs r0, #3
0bada add.w r1, r5, r5, lsl #2
0bade ldr r2, [pc, #16] ; =0x200024CC ram_200024CC
0bae0 strb.w r0, [r2, r1, lsl #2]
0bae4 bl fn_0800A894
0bae8 nop
0baea nop
0baec mov r0, r6
0baee pop {r4, r5, r6, pc}
0baf0 movs r4, #204 @ 0xcc
0baf2 movs r0, #0
0baf4 push {r4, lr}
0baf6 bl fn_0800BD04
0bafa pop {r4, pc}
0bafc push {r4, lr}
0bafe bl fn_0800BD24
0bb02 pop {r4, pc}

; ===== fn_0800BB04  (called 1 x)
0bb04 push {r4, r5, r6, lr}
0bb06 movs r4, #0
0bb08 nop
0bb0a b.n 800bbf6 
0bb0c movw r0, #389 @ 0x185
0bb10 muls r0, r4
0bb12 ldr r1, [pc, #232] ; =0x20000198 ram_20000198
0bb14 add.w r0, r1, r0, lsl #2
0bb18 ldrh.w r0, [r0, #1032] @ 0x408
0bb1c cmp r0, #0
0bb1e ble.n 800bbf4 
0bb20 movw r0, #389 @ 0x185
0bb24 muls r0, r4
0bb26 add.w r0, r1, r0, lsl #2
0bb2a ldrh.w r0, [r0, #1032] @ 0x408
0bb2e subs r0, r0, #1
0bb30 uxth r1, r0
0bb32 movw r0, #389 @ 0x185
0bb36 muls r0, r4
0bb38 ldr r2, [pc, #192] ; =0x20000198 ram_20000198
0bb3a add.w r0, r2, r0, lsl #2
0bb3e strh.w r1, [r0, #1032] @ 0x408
0bb42 movw r0, #389 @ 0x185
0bb46 muls r0, r4
0bb48 mov r1, r2
0bb4a add.w r0, r1, r0, lsl #2
0bb4e ldrh.w r0, [r0, #1032] @ 0x408
0bb52 cmp r0, #0
0bb54 bne.n 800bbf4 
0bb56 movw r3, #389 @ 0x185
0bb5a muls r3, r4
0bb5c mov r5, r1
0bb5e add.w r3, r5, r3, lsl #2
0bb62 ldrh.w r2, [r3, #1028] @ 0x404
0bb66 movw r3, #389 @ 0x185
0bb6a muls r3, r4
0bb6c add.w r3, r5, r3, lsl #2
0bb70 add.w r1, r3, #516 @ 0x204
0bb74 movw r3, #389 @ 0x185
0bb78 muls r3, r4
0bb7a add.w r3, r5, r3, lsl #2
0bb7e addw r0, r3, #1034 @ 0x40a
0bb82 bl fn_08008214
0bb86 movw r0, #389 @ 0x185
0bb8a muls r0, r4
0bb8c mov r1, r5
0bb8e add.w r0, r1, r0, lsl #2
0bb92 ldrh.w r1, [r0, #1028] @ 0x404
0bb96 movw r0, #389 @ 0x185
0bb9a muls r0, r4
0bb9c mov r2, r5
0bb9e add.w r0, r2, r0, lsl #2
0bba2 strh.w r1, [r0, #1546] @ 0x60a
0bba6 uxtb r0, r4
0bba8 cmp r0, #5
0bbaa bcs.n 800bbde 
0bbac tbb [pc, r0]
0bbb0 lsls r3, r0, #28
0bbb2 lsrs r3, r1, #28
0bbb4 movs r3, r2
0bbb6 movs r0, #0
0bbb8 bl fn_0800AB5C
0bbbc b.n 800bbe0 
0bbbe movs r0, #2
0bbc0 bl fn_0800AB5C
0bbc4 b.n 800bbe0 
0bbc6 movs r0, #4
0bbc8 bl fn_0800AB5C
0bbcc b.n 800bbe0 
0bbce movs r0, #6
0bbd0 bl fn_0800AB5C
0bbd4 b.n 800bbe0 
0bbd6 movs r0, #8
0bbd8 bl fn_0800AB5C
0bbdc b.n 800bbe0 
0bbde nop
0bbe0 nop
0bbe2 movs r1, #0
0bbe4 movw r0, #389 @ 0x185
0bbe8 muls r0, r4
0bbea ldr r2, [pc, #16] ; =0x20000198 ram_20000198
0bbec add.w r0, r2, r0, lsl #2
0bbf0 strh.w r1, [r0, #1028] @ 0x404
0bbf4 adds r4, r4, #1
0bbf6 cmp r4, #5
0bbf8 bcc.n 800bb0c 
0bbfa pop {r4, r5, r6, pc}
0bbfc lsls r0, r3, #6
0bbfe movs r0, #0

; ===== fn_0800BC00  (called 1 x)
0bc00 push {r4, lr}
0bc02 movw r1, #7780 @ 0x1e64
0bc06 ldr r0, [pc, #148] ; =0x20000198 ram_20000198
0bc08 bl fn_08008246
0bc0c ldr r1, [pc, #144] ; =0x08017521 fn_08017520
0bc0e movs r0, #0
0bc10 bl fn_0800AB70
0bc14 ldr r1, [pc, #136] ; =0x08017521 fn_08017520
0bc16 movs r0, #1
0bc18 bl fn_0800AB70
0bc1c movs r2, #0
0bc1e mov r1, r2
0bc20 mov.w r0, #115200 @ 0x1c200
0bc24 bl fn_08017224
0bc28 ldr r1, [pc, #116] ; =0x08017521 fn_08017520
0bc2a movs r0, #2
0bc2c bl fn_0800AB70
0bc30 ldr r1, [pc, #108] ; =0x08017521 fn_08017520
0bc32 movs r0, #3
0bc34 bl fn_0800AB70
0bc38 movs r2, #0
0bc3a mov r1, r2
0bc3c mov.w r0, #19200 @ 0x4b00
0bc40 bl fn_080172BC
0bc44 ldr r1, [pc, #88] ; =0x08017521 fn_08017520
0bc46 movs r0, #4
0bc48 bl fn_0800AB70
0bc4c ldr r1, [pc, #80] ; =0x08017521 fn_08017520
0bc4e movs r0, #5
0bc50 bl fn_0800AB70
0bc54 movs r2, #0
0bc56 mov r1, r2
0bc58 mov.w r0, #19200 @ 0x4b00
0bc5c bl fn_0801734C
0bc60 ldr r1, [pc, #60] ; =0x08017521 fn_08017520
0bc62 movs r0, #6
0bc64 bl fn_0800AB70
0bc68 ldr r1, [pc, #52] ; =0x08017521 fn_08017520
0bc6a movs r0, #7
0bc6c bl fn_0800AB70
0bc70 movs r2, #0
0bc72 mov r1, r2
0bc74 mov.w r0, #115200 @ 0x1c200
0bc78 bl fn_080173EC
0bc7c ldr r1, [pc, #32] ; =0x08017521 fn_08017520
0bc7e movs r0, #8
0bc80 bl fn_0800AB70
0bc84 ldr r1, [pc, #24] ; =0x08017521 fn_08017520
0bc86 movs r0, #9
0bc88 bl fn_0800AB70
0bc8c movs r2, #0
0bc8e mov r1, r2
0bc90 mov.w r0, #115200 @ 0x1c200
0bc94 bl fn_08017480
0bc98 pop {r4, pc}
0bc9a movs r0, r0
0bc9c lsls r0, r3, #6
0bc9e movs r0, #0
0bca0 strb r1, [r4, #20]
0bca2 lsrs r1, r0, #32

; ===== fn_0800BCA4  (called 1 x)
0bca4 push {r4, lr}
0bca6 ldr r1, [pc, #20] ; =0x20000198 ram_20000198
0bca8 ldr r0, [pc, #20] ; =0x40013800 USART0
0bcaa bl fn_0801765C
0bcae mov r4, r0
0bcb0 cbz r4, 800bcb8 
0bcb2 movs r0, #1
0bcb4 bl fn_0800AB5C
0bcb8 pop {r4, pc}
0bcba movs r0, r0
0bcbc lsls r0, r3, #6
0bcbe movs r0, #0
0bcc0 subs r0, #0
0bcc2 ands r1, r0

; ===== fn_0800BCC4  (called 1 x)
0bcc4 push {r4, lr}
0bcc6 ldr r1, [pc, #20] ; =0x200007AC ram_200007AC
0bcc8 ldr r0, [pc, #20] ; =0x40004400 USART1
0bcca bl fn_0801765C
0bcce mov r4, r0
0bcd0 cbz r4, 800bcd8 
0bcd2 movs r0, #3
0bcd4 bl fn_0800AB5C
0bcd8 pop {r4, pc}
0bcda movs r0, r0
0bcdc lsls r4, r5, #30
0bcde movs r0, #0
0bce0 add r0, r0
0bce2 ands r0, r0

; ===== fn_0800BCE4  (called 1 x)
0bce4 push {r4, lr}
0bce6 ldr r1, [pc, #20] ; =0x20000DC0 ram_20000DC0
0bce8 ldr r0, [pc, #20] ; =0x40004800 USART2
0bcea bl fn_0801765C
0bcee mov r4, r0
0bcf0 cbz r4, 800bcf8 
0bcf2 movs r0, #5
0bcf4 bl fn_0800AB5C
0bcf8 pop {r4, pc}
0bcfa movs r0, r0
0bcfc lsrs r0, r0, #23
0bcfe movs r0, #0
0bd00 ldr r0, [pc, #0] ; =0x4905B510 
0bd02 ands r0, r0

; ===== fn_0800BD04  (called 1 x)
0bd04 push {r4, lr}
0bd06 ldr r1, [pc, #20] ; =0x200013D4 ram_200013D4
0bd08 ldr r0, [pc, #20] ; =0x40004C00 UART3
0bd0a bl fn_0801765C
0bd0e mov r4, r0
0bd10 cbz r4, 800bd18 
0bd12 movs r0, #7
0bd14 bl fn_0800AB5C
0bd18 pop {r4, pc}
0bd1a movs r0, r0
0bd1c asrs r4, r2, #15
0bd1e movs r0, #0
0bd20 ldr r4, [pc, #0] ; =0x4905B510 
0bd22 ands r0, r0

; ===== fn_0800BD24  (called 1 x)
0bd24 push {r4, lr}
0bd26 ldr r1, [pc, #20] ; =0x200019E8 ram_200019E8
0bd28 ldr r0, [pc, #20] ; =0x40005000 UART4
0bd2a bl fn_0801765C
0bd2e mov r4, r0
0bd30 cbz r4, 800bd38 
0bd32 movs r0, #9
0bd34 bl fn_0800AB5C
0bd38 pop {r4, pc}
0bd3a movs r0, r0
0bd3c adds r0, r5, r7
0bd3e movs r0, #0
0bd40 str r0, [r0, r0]
0bd42 ands r0, r0

; ===== fn_0800BD44  (called 1 x)
0bd44 push {r4, r5, r6, lr}
0bd46 mov r4, r0
0bd48 movs r5, #1
0bd4a cmp r4, #5
0bd4c bge.n 800bd50 
0bd4e b.n 800bd5a 
0bd50 movw r1, #714 @ 0x2ca
0bd54 add r0, pc, #52 @ (adr r0, 800bd8c ) ; =0x0800BD8C "..\\src\\hal\\uart.c"
0bd56 bl fn_08009D9C
0bd5a bl fn_0800ABB0
0bd5e movw r0, #389 @ 0x185
0bd62 muls r0, r4
0bd64 ldr r1, [pc, #56] ; =0x20000198 ram_20000198
0bd66 add.w r0, r1, r0, lsl #2
0bd6a ldrh.w r1, [r0, #514] @ 0x202
0bd6e movw r0, #389 @ 0x185
0bd72 muls r0, r4
0bd74 ldr r2, [pc, #40] ; =0x20000198 ram_20000198
0bd76 add.w r0, r2, r0, lsl #2
0bd7a ldrh.w r0, [r0, #512] @ 0x200
0bd7e cmp r1, r0
0bd80 beq.n 800bd84 
0bd82 movs r5, #0
0bd84 bl fn_0800ABD8
0bd88 mov r0, r5
0bd8a pop {r4, r5, r6, pc}
0bd8c cmp r6, #46 @ 0x2e
0bd8e strb r4, [r3, #13]
0bd90 str r2, [r6, #52] @ 0x34
0bd92 ldr r4, [r3, #4]
0bd94 ldr r1, [r4, #68] @ 0x44
0bd96 strb r4, [r3, #21]
0bd98 strb r1, [r4, #9]
0bd9a cmp r6, #116 @ 0x74
0bd9c lsls r3, r4, #1
0bd9e movs r0, r0
0bda0 lsls r0, r3, #6
0bda2 movs r0, #0

; ===== fn_0800BDA4  (called 2 x)
0bda4 push {r4, r5, r6, r7, lr}
0bda6 sub sp, #20
0bda8 mov r4, r0
0bdaa mov r6, r1
0bdac mov r7, r2
0bdae nop
0bdb0 movs r2, #20
0bdb2 ldr r1, [pc, #88] ; =0x08018B60 rom_08018B60
0bdb4 mov r0, sp
0bdb6 bl fn_08008214
0bdba cmp r4, #5
0bdbc bge.n 800bdc0 
0bdbe b.n 800bdca 
0bdc0 movw r1, #682 @ 0x2aa
0bdc4 add r0, pc, #72 @ (adr r0, 800be10 ) ; =0x0800BE10 "..\\src\\hal\\uart.c"
0bdc6 bl fn_08009D9C
0bdca cbz r6, 800bdce 
0bdcc b.n 800bdd8 
0bdce movw r1, #683 @ 0x2ab
0bdd2 add r0, pc, #60 @ (adr r0, 800be10 ) ; =0x0800BE10 "..\\src\\hal\\uart.c"
0bdd4 bl fn_08009D9C
0bdd8 bl fn_0800ABB0
0bddc movw r1, #389 @ 0x185
0bde0 muls r1, r4
0bde2 ldr r2, [pc, #64] ; =0x20000198 ram_20000198
0bde4 add.w r0, r2, r1, lsl #2
0bde8 mov r2, r7
0bdea mov r1, r6
0bdec bl fn_08017728
0bdf0 mov r5, r0
0bdf2 cbnz r5, 800be00 
0bdf4 ldr.w r0, [sp, r4, lsl #2]
0bdf8 movw r1, #775 @ 0x307
0bdfc bl fn_08018854
0be00 bl fn_0800ABD8
0be04 mov r0, r5
0be06 add sp, #20
0be08 pop {r4, r5, r6, r7, pc}
0be0a movs r0, r0
0be0c ldrh r0, [r4, #26]
0be0e lsrs r1, r0, #32
0be10 cmp r6, #46 @ 0x2e
0be12 strb r4, [r3, #13]
0be14 str r2, [r6, #52] @ 0x34
0be16 ldr r4, [r3, #4]
0be18 ldr r1, [r4, #68] @ 0x44
0be1a strb r4, [r3, #21]
0be1c strb r1, [r4, #9]
0be1e cmp r6, #116 @ 0x74
0be20 lsls r3, r4, #1
0be22 movs r0, r0
0be24 lsls r0, r3, #6
0be26 movs r0, #0

; ===== fn_0800BE28  (called 1 x)
0be28 stmdb sp!, {r4, r5, r6, r7, r8, lr}
0be2c mov r4, r0
0be2e mov r5, r1
0be30 mov r6, r2
0be32 mov r7, r3
0be34 cmp r4, #5
0be36 bge.n 800be3a 
0be38 b.n 800be44 
0be3a mov.w r1, #548 @ 0x224
0be3e add r0, pc, #88 @ (adr r0, 800be98 ) ; =0x0800BE98 "..\\src\\hal\\uart.c"
0be40 bl fn_08009D9C
0be44 cmp r4, #5
0be46 bcs.n 800be8e 
0be48 tbb [pc, r4]
0be4c lsrs r3, r0, #4
0be4e asrs r7, r1, #20
0be50 movs r3, r3
0be52 mov r2, r7
0be54 mov r1, r6
0be56 mov r0, r5
0be58 bl fn_08017224
0be5c b.n 800be90 
0be5e mov r2, r7
0be60 mov r1, r6
0be62 mov r0, r5
0be64 bl fn_080172BC
0be68 b.n 800be90 
0be6a mov r2, r7
0be6c mov r1, r6
0be6e mov r0, r5
0be70 bl fn_0801734C
0be74 b.n 800be90 
0be76 mov r2, r7
0be78 mov r1, r6
0be7a mov r0, r5
0be7c bl fn_080173EC
0be80 b.n 800be90 
0be82 mov r2, r7
0be84 mov r1, r6
0be86 mov r0, r5
0be88 bl fn_08017480
0be8c b.n 800be90 
0be8e nop
0be90 nop
0be92 ldmia.w sp!, {r4, r5, r6, r7, r8, pc}
0be96 movs r0, r0
0be98 cmp r6, #46 @ 0x2e
0be9a strb r4, [r3, #13]
0be9c str r2, [r6, #52] @ 0x34
0be9e ldr r4, [r3, #4]
0bea0 ldr r1, [r4, #68] @ 0x44
0bea2 strb r4, [r3, #21]
0bea4 strb r1, [r4, #9]
0bea6 cmp r6, #116 @ 0x74
0bea8 lsls r3, r4, #1
0beaa movs r0, r0

; ===== fn_0800BEAC  (called 1 x)
0beac push {r4, r5, r6, lr}
0beae mov r4, r0
0beb0 mov r5, r1
0beb2 movs r6, #0
0beb4 cmp r4, #5
0beb6 bge.n 800beba 
0beb8 b.n 800bec4 
0beba mov.w r1, #604 @ 0x25c
0bebe add r0, pc, #24 @ (adr r0, 800bed8 ) ; =0x0800BED8 "..\\src\\hal\\uart.c"
0bec0 bl fn_08009D9C
0bec4 movw r0, #389 @ 0x185
0bec8 muls r0, r4
0beca ldr r1, [pc, #32] ; =0x20000198 ram_20000198
0becc add.w r0, r1, r0, lsl #2
0bed0 str.w r5, [r0, #1548] @ 0x60c
0bed4 mov r0, r6
0bed6 pop {r4, r5, r6, pc}
0bed8 cmp r6, #46 @ 0x2e
0beda strb r4, [r3, #13]
0bedc str r2, [r6, #52] @ 0x34
0bede ldr r4, [r3, #4]
0bee0 ldr r1, [r4, #68] @ 0x44
0bee2 strb r4, [r3, #21]
0bee4 strb r1, [r4, #9]
0bee6 cmp r6, #116 @ 0x74
0bee8 lsls r3, r4, #1
0beea movs r0, r0
0beec lsls r0, r3, #6
0beee movs r0, #0

; ===== fn_0800BEF0  (called 1 x)
0bef0 push {r4, r5, r6, lr}
0bef2 mov r4, r0
0bef4 mov r5, r1
0bef6 movs r6, #0
0bef8 cmp r4, #5
0befa bge.n 800befe 
0befc b.n 800bf08 
0befe mov.w r1, #652 @ 0x28c
0bf02 add r0, pc, #36 @ (adr r0, 800bf28 ) ; =0x0800BF28 "..\\src\\hal\\uart.c"
0bf04 bl fn_08009D9C
0bf08 add.w r0, r5, #9
0bf0c movs r1, #10
0bf0e udiv r0, r0, r1
0bf12 uxth r1, r0
0bf14 movw r0, #389 @ 0x185
0bf18 muls r0, r4
0bf1a ldr r2, [pc, #32] ; =0x20000198 ram_20000198
0bf1c add.w r0, r2, r0, lsl #2
0bf20 strh.w r1, [r0, #1030] @ 0x406
0bf24 mov r0, r6
0bf26 pop {r4, r5, r6, pc}
0bf28 cmp r6, #46 @ 0x2e
0bf2a strb r4, [r3, #13]
0bf2c str r2, [r6, #52] @ 0x34
0bf2e ldr r4, [r3, #4]
0bf30 ldr r1, [r4, #68] @ 0x44
0bf32 strb r4, [r3, #21]
0bf34 strb r1, [r4, #9]
0bf36 cmp r6, #116 @ 0x74
0bf38 lsls r3, r4, #1
0bf3a movs r0, r0
0bf3c lsls r0, r3, #6
0bf3e movs r0, #0

; ===== fn_0800BF40  (called 1 x)
0bf40 push {r4, r5, r6, lr}
0bf42 mov r4, r0
0bf44 mov r5, r1
0bf46 movs r6, #0
0bf48 cmp r4, #5
0bf4a bge.n 800bf4e 
0bf4c b.n 800bf58 
0bf4e mov.w r1, #628 @ 0x274
0bf52 add r0, pc, #24 @ (adr r0, 800bf6c ) ; =0x0800BF6C "..\\src\\hal\\uart.c"
0bf54 bl fn_08009D9C
0bf58 movw r0, #389 @ 0x185
0bf5c muls r0, r4
0bf5e ldr r1, [pc, #32] ; =0x20000198 ram_20000198
0bf60 add.w r0, r1, r0, lsl #2
0bf64 str.w r5, [r0, #1552] @ 0x610
0bf68 mov r0, r6
0bf6a pop {r4, r5, r6, pc}
0bf6c cmp r6, #46 @ 0x2e
0bf6e strb r4, [r3, #13]
0bf70 str r2, [r6, #52] @ 0x34
0bf72 ldr r4, [r3, #4]
0bf74 ldr r1, [r4, #68] @ 0x44
0bf76 strb r4, [r3, #21]
0bf78 strb r1, [r4, #9]
0bf7a cmp r6, #116 @ 0x74
0bf7c lsls r3, r4, #1
0bf7e movs r0, r0
0bf80 lsls r0, r3, #6
0bf82 movs r0, #0

; ===== fn_0800BF84  (called 11 x)
0bf84 push {r4, lr}
0bf86 mov r4, r0
0bf88 movs r2, #24
0bf8a mov r1, r4
0bf8c ldr r0, [pc, #4] ; =0x08007800 
0bf8e bl fn_0800A564
0bf92 pop {r4, pc}
0bf94 ldrb r0, [r0, #0]
0bf96 lsrs r0, r0, #32

; ===== fn_0800BF98  (called 7 x)
0bf98 push {r4, r5, r6, lr}
0bf9a mov r4, r0
0bf9c ldr r0, [r4, #4]
0bf9e cmp.w r0, #102400 @ 0x19000
0bfa2 bls.n 800bfaa 
0bfa4 mov.w r0, #102400 @ 0x19000
0bfa8 str r0, [r4, #4]
0bfaa ldr r0, [r4, #16]
0bfac cmp.w r0, #102400 @ 0x19000
0bfb0 bls.n 800bfb8 
0bfb2 mov.w r0, #102400 @ 0x19000
0bfb6 str r0, [r4, #16]
0bfb8 bl fn_0800A54C
0bfbc movs r2, #24
0bfbe mov r1, r4
0bfc0 ldr r0, [pc, #20] ; =0x08007800 
0bfc2 bl fn_0800B252
0bfc6 mov r5, r0
0bfc8 cbz r5, 800bfd6 
0bfca add r3, pc, #16 @ (adr r3, 800bfdc ) ; =0x0800BFDC "Flash error"
0bfcc movs r2, #126 @ 0x7e
0bfce add r1, pc, #24 @ (adr r1, 800bfe8 ) ; =0x0800BFE8 "..\\src\\app\\update\\update.c"
0bfd0 movs r0, #3
0bfd2 bl fn_08009EBC
0bfd6 pop {r4, r5, r6, pc}
0bfd8 ldrb r0, [r0, #0]
0bfda lsrs r0, r0, #32
0bfdc ldr r6, [r0, #68] @ 0x44
0bfde strb r1, [r4, #13]
0bfe0 movs r0, #104 @ 0x68
0bfe2 strb r5, [r4, #9]
0bfe4 ldr r2, [r6, #116] @ 0x74
0bfe6 lsls r2, r6, #1
0bfe8 cmp r6, #46 @ 0x2e
0bfea strb r4, [r3, #13]
0bfec str r2, [r6, #52] @ 0x34
0bfee str r4, [r3, #20]
0bff0 strb r0, [r6, #1]
0bff2 strb r4, [r3, #21]
0bff4 str r0, [r6, #68] @ 0x44
0bff6 strb r1, [r4, #17]
0bff8 ldrb r5, [r4, r1]
0bffa strb r5, [r6, #1]
0bffc str r4, [r4, #20]
0bffe str r4, [r6, #84] @ 0x54
0c000 str r6, [r5, #48] @ 0x30
0c002 movs r0, r0

; ===== fn_0800C004  (called 1 x)
0c004 cmp r0, #1
0c006 bne.n 800c010 
0c008 movs r1, #0
0c00a ldr r2, [pc, #12] ; =0x200000C4 ram_200000C4
0c00c strb r1, [r2, #0]
0c00e b.n 800c016 
0c010 movs r1, #1
0c012 ldr r2, [pc, #4] ; =0x200000C4 ram_200000C4
0c014 strb r1, [r2, #0]
0c016 bx lr
0c018 lsls r4, r0, #3
0c01a movs r0, #0

; ===== fn_0800C01C  (called 5 x)
0c01c push {r4, r5, lr}
0c01e sub sp, #28
0c020 mov r4, r0
0c022 movs r5, #0
0c024 add r0, sp, #4
0c026 bl fn_0800BF84
0c02a cmp r4, #1
0c02c bne.n 800c04c 
0c02e ldr r1, [pc, #116] ; =0x62616E6B 
0c030 ldr r0, [sp, #4]
0c032 cmp r0, r1
0c034 bne.n 800c088 
0c036 ldr r0, [sp, #16]
0c038 cmp.w r0, #1515870810 @ 0x5a5a5a5a
0c03c bne.n 800c042 
0c03e mov r0, r1
0c040 str r0, [sp, #16]
0c042 mov.w r0, #1515870810 @ 0x5a5a5a5a
0c046 str r0, [sp, #4]
0c048 movs r5, #1
0c04a b.n 800c088 
0c04c cmp r4, #2
0c04e bne.n 800c06e 
0c050 ldr r1, [pc, #80] ; =0x62616E6B 
0c052 ldr r0, [sp, #16]
0c054 cmp r0, r1
0c056 bne.n 800c088 
0c058 ldr r0, [sp, #4]
0c05a cmp.w r0, #1515870810 @ 0x5a5a5a5a
0c05e bne.n 800c064 
0c060 mov r0, r1
0c062 str r0, [sp, #4]
0c064 mov.w r0, #1515870810 @ 0x5a5a5a5a
0c068 str r0, [sp, #16]
0c06a movs r5, #1
0c06c b.n 800c088 
0c06e cmp r4, #3
0c070 bne.n 800c07c 
0c072 mov.w r0, #1515870810 @ 0x5a5a5a5a
0c076 str r0, [sp, #4]
0c078 movs r5, #1
0c07a b.n 800c088 
0c07c cmp r4, #4
0c07e bne.n 800c088 
0c080 mov.w r0, #1515870810 @ 0x5a5a5a5a
0c084 str r0, [sp, #16]
0c086 movs r5, #1
0c088 cmp r5, #1
0c08a bne.n 800c09c 
0c08c bl fn_0800C0A8
0c090 movs r0, #100 @ 0x64
0c092 bl fn_0800A6C0
0c096 add r0, sp, #4
0c098 bl fn_0800BF98
0c09c mov r0, r5
0c09e add sp, #28
0c0a0 pop {r4, r5, pc}
0c0a2 movs r0, r0
0c0a4 ldr r3, [r5, #100] @ 0x64
0c0a6 str r1, [r4, #36] @ 0x24

; ===== fn_0800C0A8  (called 7 x)
0c0a8 push {r4, lr}
0c0aa add r3, pc, #60 @ (adr r3, 800c0e8 ) ; =0x0800C0E8 "Erase APP info Flash start"
0c0ac movs r2, #197 @ 0xc5
0c0ae add r1, pc, #84 @ (adr r1, 800c104 ) ; =0x0800C104 "..\\src\\app\\update\\update.c"
0c0b0 movs r0, #0
0c0b2 bl fn_08009EBC
0c0b6 movs r0, #10
0c0b8 bl fn_0800B5EE
0c0bc bl fn_0800A54C
0c0c0 movs r2, #1
0c0c2 lsls r1, r2, #11
0c0c4 ldr r0, [pc, #88] ; =0x08007800 
0c0c6 bl fn_0800A24C
0c0ca mov r4, r0
0c0cc cbz r4, 800c0da 
0c0ce add r3, pc, #84 @ (adr r3, 800c124 ) ; =0x0800C124 "Flash error"
0c0d0 movs r2, #204 @ 0xcc
0c0d2 add r1, pc, #48 @ (adr r1, 800c104 ) ; =0x0800C104 "..\\src\\app\\update\\update.c"
0c0d4 movs r0, #3
0c0d6 bl fn_08009EBC
0c0da add r3, pc, #84 @ (adr r3, 800c130 ) ; =0x0800C130 "Erase APP info Flash end"
0c0dc movs r2, #207 @ 0xcf
0c0de add r1, pc, #36 @ (adr r1, 800c104 ) ; =0x0800C104 "..\\src\\app\\update\\update.c"
0c0e0 movs r0, #0
0c0e2 bl fn_08009EBC
0c0e6 pop {r4, pc}
0c0e8 strb r5, [r0, #9]
0c0ea strb r1, [r4, #13]
0c0ec movs r0, #101 @ 0x65
0c0ee str r1, [r0, r1]
0c0f0 movs r0, #80 @ 0x50
0c0f2 ldr r1, [r5, #100] @ 0x64
0c0f4 ldr r6, [r4, #116] @ 0x74
0c0f6 mov r0, r4
0c0f8 str r4, [r5, #20]
0c0fa ldr r3, [r6, #4]
0c0fc strb r0, [r4, #12]
0c0fe str r4, [r6, #20]
0c100 strb r2, [r6, #17]
0c102 movs r0, r0
0c104 cmp r6, #46 @ 0x2e
0c106 strb r4, [r3, #13]
0c108 str r2, [r6, #52] @ 0x34
0c10a str r4, [r3, #20]
0c10c strb r0, [r6, #1]
0c10e strb r4, [r3, #21]
0c110 str r0, [r6, #68] @ 0x44
0c112 strb r1, [r4, #17]
0c114 ldrb r5, [r4, r1]
0c116 strb r5, [r6, #1]
0c118 str r4, [r4, #20]
0c11a str r4, [r6, #84] @ 0x54
0c11c str r6, [r5, #48] @ 0x30
0c11e movs r0, r0
0c120 ldrb r0, [r0, #0]
0c122 lsrs r0, r0, #32
0c124 ldr r6, [r0, #68] @ 0x44
0c126 strb r1, [r4, #13]
0c128 movs r0, #104 @ 0x68
0c12a strb r5, [r4, #9]
0c12c ldr r2, [r6, #116] @ 0x74
0c12e lsls r2, r6, #1
0c130 strb r5, [r0, #9]
0c132 strb r1, [r4, #13]
0c134 movs r0, #101 @ 0x65
0c136 str r1, [r0, r1]
0c138 movs r0, #80 @ 0x50
0c13a ldr r1, [r5, #100] @ 0x64
0c13c ldr r6, [r4, #116] @ 0x74
0c13e mov r0, r4
0c140 str r4, [r5, #20]
0c142 ldr r3, [r6, #4]
0c144 str r0, [r4, #80] @ 0x50
0c146 str r6, [r5, #68] @ 0x44
0c148 movs r0, r0
0c14a movs r0, r0

; ===== fn_0800C14C  (called 2 x)
0c14c push {r4, lr}
0c14e bl fn_0800C6BC
0c152 ldr r1, [pc, #28] ; =0x200029D0 ram_200029D0
0c154 ldrb.w r0, [r1, #412] @ 0x19c
0c158 bl fn_0800BAA0
0c15c movs r0, #0
0c15e ldr r1, [pc, #16] ; =0x200029D0 ram_200029D0
0c160 strb r0, [r1, #1]
0c162 mov r0, r1
0c164 ldrb r0, [r0, #0]
0c166 cbnz r0, 800c16c 
0c168 bl fn_0800A028
0c16c pop {r4, pc}
0c16e movs r0, r0
0c170 cmp r1, #208 @ 0xd0
0c172 movs r0, #0

; ===== fn_0800C174  (called 3 x)
0c174 push {r4, r5, r6, lr}
0c176 mov r4, r0
0c178 mov.w r1, #416 @ 0x1a0
0c17c ldr r0, [pc, #132] ; =0x200029D0 ram_200029D0
0c17e bl fn_08008246
0c182 movs r0, #0
0c184 ldr r1, [pc, #124] ; =0x200029D0 ram_200029D0
0c186 strb r0, [r1, #1]
0c188 mov.w r0, #102400 @ 0x19000
0c18c str r0, [r1, #12]
0c18e mov r0, r1
0c190 strb r4, [r0, #0]
0c192 add.w r3, r0, #412 @ 0x19c
0c196 movs r2, #0
0c198 ldr r1, [pc, #108] ; =0x08017E9D fn_08017E9C
0c19a movs r0, #200 @ 0xc8
0c19c bl fn_0800B7C4
0c1a0 mov r5, r0
0c1a2 cbnz r5, 800c1a6 
0c1a4 b.n 800c1b0 
0c1a6 movw r1, #1151 @ 0x47f
0c1aa add r0, pc, #96 @ (adr r0, 800c20c ) ; =0x0800C20C "..\\src\\app\\update\\update.c"
0c1ac bl fn_08009D9C
0c1b0 add r6, pc, #116 @ (adr r6, 800c228 ) ; =0x0800C228 "update"
0c1b2 mov r0, r6
0c1b4 bl fn_08018418
0c1b8 add r0, pc, #116 @ (adr r0, 800c230 ) ; =0x0800C230 rom_0800C230
0c1ba bl fn_08018418
0c1be ldr r1, [pc, #68] ; =0x200029D0 ram_200029D0
0c1c0 ldrb.w r0, [r1, #412] @ 0x19c
0c1c4 bl fn_0800BAA0
0c1c8 ldr r1, [pc, #56] ; =0x200029D0 ram_200029D0
0c1ca ldrb.w r0, [r1, #412] @ 0x19c
0c1ce movs r1, #200 @ 0xc8
0c1d0 bl fn_0800B9D0
0c1d4 ldr r1, [pc, #44] ; =0x200029D0 ram_200029D0
0c1d6 ldrb.w r0, [r1, #412] @ 0x19c
0c1da bl fn_0800B97C
0c1de ldr r3, [pc, #84] ; =0x200000C5 ram_200000C5
0c1e0 movs r2, #0
0c1e2 ldr r1, [pc, #84] ; =0x08017AA1 fn_08017AA0
0c1e4 movs r0, #200 @ 0xc8
0c1e6 bl fn_0800B7EA
0c1ea mov r5, r0
0c1ec cbnz r5, 800c1f0 
0c1ee b.n 800c1fa 
0c1f0 movw r1, #1169 @ 0x491
0c1f4 add r0, pc, #20 @ (adr r0, 800c20c ) ; =0x0800C20C "..\\src\\app\\update\\update.c"
0c1f6 bl fn_08009D9C
0c1fa ldr r0, [pc, #56] ; =0x200000C5 ram_200000C5
0c1fc ldrb r0, [r0, #0]
0c1fe bl fn_0800BA34
0c202 pop {r4, r5, r6, pc}
0c204 cmp r1, #208 @ 0xd0
0c206 movs r0, #0
0c208 ldrb r5, [r3, #26]
0c20a lsrs r1, r0, #32
0c20c cmp r6, #46 @ 0x2e
0c20e strb r4, [r3, #13]
0c210 str r2, [r6, #52] @ 0x34
0c212 str r4, [r3, #20]
0c214 strb r0, [r6, #1]
0c216 strb r4, [r3, #21]
0c218 str r0, [r6, #68] @ 0x44
0c21a strb r1, [r4, #17]
0c21c ldrb r5, [r4, r1]
0c21e strb r5, [r6, #1]
0c220 str r4, [r4, #20]
0c222 str r4, [r6, #84] @ 0x54
0c224 str r6, [r5, #48] @ 0x30
0c226 movs r0, r0
0c228 strb r5, [r6, #1]
0c22a str r4, [r4, #20]
0c22c str r4, [r6, #84] @ 0x54
0c22e movs r0, r0
0c230 movs r0, r0
0c232 movs r0, r0
0c234 lsls r5, r0, #3
0c236 movs r0, #0
0c238 ldrb r1, [r4, #10]
0c23a lsrs r1, r0, #32

; ===== fn_0800C23C  (called 3 x)
0c23c push {r4, r5, r6, lr}
0c23e mov r5, r0
0c240 mov r6, r1
0c242 movs r4, #0
0c244 mov r1, r6
0c246 mov r0, r5
0c248 bl fn_080182CC
0c24c mov r4, r0
0c24e cbz r4, 800c258 
0c250 add r0, pc, #44 @ (adr r0, 800c280 ) ; =0x0800C280 "app len overflow"
0c252 bl fn_08018418
0c256 b.n 800c27c 
0c258 bl fn_0800C2A8
0c25c bl fn_08017970
0c260 add r0, pc, #48 @ (adr r0, 800c294 ) ; =0x0800C294 "Update by oms start"
0c262 bl fn_08018418
0c266 movs r0, #200 @ 0xc8
0c268 bl fn_0800B5EE
0c26c add r0, pc, #32 @ (adr r0, 800c290 ) ; =0x0800C290 rom_0800C290
0c26e bl fn_08018418
0c272 movs r0, #200 @ 0xc8
0c274 bl fn_0800B5EE
0c278 bl fn_08018354
0c27c mov r0, r4
0c27e pop {r4, r5, r6, pc}
0c280 strb r1, [r4, #1]
0c282 movs r0, #112 @ 0x70
0c284 str r4, [r5, #84] @ 0x54
0c286 movs r0, #110 @ 0x6e
0c288 strb r7, [r5, #25]
0c28a strb r5, [r4, #9]
0c28c ldr r6, [r4, #68] @ 0x44
0c28e strb r7, [r5, #29]
0c290 movs r0, r0
0c292 movs r0, r0
0c294 strb r5, [r2, #1]
0c296 str r4, [r4, #20]
0c298 str r4, [r6, #84] @ 0x54
0c29a str r0, [r4, #32]
0c29c movs r0, #121 @ 0x79
0c29e ldr r7, [r5, #84] @ 0x54
0c2a0 movs r0, #115 @ 0x73
0c2a2 strb r3, [r6, #17]
0c2a4 strb r1, [r4, #9]
0c2a6 lsls r4, r6, #1

; ===== fn_0800C2A8  (called 1 x)
0c2a8 push {r4, lr}
0c2aa bl fn_0800C14C
0c2ae ldr r1, [pc, #56] ; =0x200029D0 ram_200029D0
0c2b0 ldrb.w r0, [r1, #412] @ 0x19c
0c2b4 bl fn_0800BAA0
0c2b8 ldr r1, [pc, #44] ; =0x200029D0 ram_200029D0
0c2ba ldrb.w r0, [r1, #412] @ 0x19c
0c2be movw r1, #5000 @ 0x1388
0c2c2 bl fn_0800B9D0
0c2c6 ldr r1, [pc, #32] ; =0x200029D0 ram_200029D0
0c2c8 ldrb.w r0, [r1, #412] @ 0x19c
0c2cc bl fn_0800B97C
0c2d0 movs r0, #1
0c2d2 ldr r1, [pc, #20] ; =0x200029D0 ram_200029D0
0c2d4 strb r0, [r1, #1]
0c2d6 movs r0, #0
0c2d8 str.w r0, [r1, #400] @ 0x190
0c2dc str.w r0, [r1, #404] @ 0x194
0c2e0 str.w r0, [r1, #408] @ 0x198
0c2e4 pop {r4, pc}
0c2e6 movs r0, r0
0c2e8 cmp r1, #208 @ 0xd0
0c2ea movs r0, #0
0c2ec push {r4, lr}
0c2ee bl fn_0800BCA4
0c2f2 pop {r4, pc}
0c2f4 push {r4, lr}
0c2f6 bl fn_0800BCC4
0c2fa pop {r4, pc}
0c2fc push {r4, lr}
0c2fe bl fn_0800BCE4
0c302 pop {r4, pc}

; ===== fn_0800C304  (called 2 x)
0c304 stmdb sp!, {r4, r5, r6, r7, r8, r9, lr}
0c308 mov r4, r0
0c30a mov r6, r1
0c30c mov r7, r2
0c30e movs r0, #0
0c310 nop
0c312 cbz r4, 800c316 
0c314 cbnz r7, 800c31a 
0c316 movs r0, #1
0c318 b.n 800c38a 
0c31a cbz r6, 800c31e 
0c31c cbnz r3, 800c322 
0c31e movs r0, #2
0c320 b.n 800c38a 
0c322 sub.w r9, r6, #1
0c326 cmp.w r9, r3, lsl #1
0c32a bcs.n 800c330 
0c32c movs r0, #3
0c32e b.n 800c38a 
0c330 movs r5, #0
0c332 movs r2, #0
0c334 b.n 800c37c 
0c336 ldrb.w r8, [r7, r2]
0c33a mov.w ip, #0
0c33e b.n 800c374 
0c340 mov r1, r8
0c342 cmp.w ip, #0
0c346 bne.n 800c34a 
0c348 asrs r1, r1, #4
0c34a and.w r1, r1, #15
0c34e cmp r1, #10
0c350 bge.n 800c35c 
0c352 add.w r9, r1, #48 @ 0x30
0c356 and.w r1, r9, #255 @ 0xff
0c35a b.n 800c36c 
0c35c sub.w r9, r1, #10
0c360 and.w r1, r9, #255 @ 0xff
0c364 add.w r9, r1, #65 @ 0x41
0c368 and.w r1, r9, #255 @ 0xff
0c36c strb r1, [r4, r5]
0c36e adds r5, r5, #1
0c370 add.w ip, ip, #1
0c374 cmp.w ip, #2
0c378 bcc.n 800c340 
0c37a adds r2, r2, #1
0c37c cmp r2, r3
0c37e bcc.n 800c336 
0c380 mov.w r9, #0
0c384 strb.w r9, [r4, r5]
0c388 nop
0c38a nop
0c38c ldmia.w sp!, {r4, r5, r6, r7, r8, r9, pc}

; ===== fn_0800C390  (called 7 x)
0c390 stmdb sp!, {r4, r5, r6, r7, r8, r9, sl, lr}
0c394 mov r4, r0
0c396 mov r6, r1
0c398 mov r7, r2
0c39a movs r0, #0
0c39c nop
0c39e cbz r4, 800c3a2 
0c3a0 cbnz r7, 800c3a6 
0c3a2 movs r0, #1
0c3a4 b.n 800c422 
0c3a6 cbz r6, 800c3aa 
0c3a8 cbnz r3, 800c3ae 
0c3aa movs r0, #2
0c3ac b.n 800c422 
0c3ae sub.w r9, r6, #1
0c3b2 add.w sl, r3, r3, lsl #1
0c3b6 cmp r9, sl
0c3b8 bcs.n 800c3be 
0c3ba movs r0, #3
0c3bc b.n 800c422 
0c3be movs r2, #0
0c3c0 movs r5, #0
0c3c2 b.n 800c414 
0c3c4 ldrb.w r8, [r7, r5]
0c3c8 mov.w ip, #0
0c3cc b.n 800c402 
0c3ce mov r1, r8
0c3d0 cmp.w ip, #0
0c3d4 bne.n 800c3d8 
0c3d6 asrs r1, r1, #4
0c3d8 and.w r1, r1, #15
0c3dc cmp r1, #10
0c3de bge.n 800c3ea 
0c3e0 add.w r9, r1, #48 @ 0x30
0c3e4 and.w r1, r9, #255 @ 0xff
0c3e8 b.n 800c3fa 
0c3ea sub.w r9, r1, #10
0c3ee and.w r1, r9, #255 @ 0xff
0c3f2 add.w r9, r1, #65 @ 0x41
0c3f6 and.w r1, r9, #255 @ 0xff
0c3fa strb r1, [r4, r2]
0c3fc adds r2, r2, #1
0c3fe add.w ip, ip, #1
0c402 cmp.w ip, #2
0c406 bcc.n 800c3ce 
0c408 mov.w r9, #32
0c40c strb.w r9, [r4, r2]
0c410 adds r2, r2, #1
0c412 adds r5, r5, #1
0c414 cmp r5, r3
0c416 bcc.n 800c3c4 
0c418 mov.w r9, #0
0c41c strb.w r9, [r4, r2]
0c420 nop
0c422 nop
0c424 ldmia.w sp!, {r4, r5, r6, r7, r8, r9, sl, pc}

; ===== fn_0800C428  (called 1 x)
0c428 stmdb sp!, {r4, r5, r6, r7, r8, lr}
0c42c mov r4, r0
0c42e mov r7, r1
0c430 mov r0, r7
0c432 bl fn_08008298
0c436 and.w r8, r0, #255 @ 0xff
0c43a mov r5, r4
0c43c movs r6, #0
0c43e b.n 800c444 
0c440 mov r6, r5
0c442 add r5, r8
0c444 mov r1, r7
0c446 mov r0, r5
0c448 bl fn_0800825C
0c44c subs r5, r0, #0
0c44e bne.n 800c440 
0c450 cbnz r6, 800c458 
0c452 subs r0, r0, #1
0c454 ldmia.w sp!, {r4, r5, r6, r7, r8, pc}
0c458 subs r0, r6, r4
0c45a sxtb r0, r0
0c45c b.n 800c454 

; ===== fn_0800C45E  (called 3 x)
0c45e stmdb sp!, {r4, r5, r6, r7, r8, r9, sl, fp, ip, lr}
0c462 mov r8, r0
0c464 mov r7, r1
0c466 mov r9, r2
0c468 mov.w fp, #0
0c46c nop
0c46e cmp.w r8, #0
0c472 beq.n 800c476 
0c474 cbnz r7, 800c47c 
0c476 mov.w fp, #1
0c47a b.n 800c510 
0c47c cmp.w r9, #0
0c480 bne.n 800c488 
0c482 mov.w fp, #2
0c486 b.n 800c510 
0c488 mov r0, r8
0c48a bl fn_08008298
0c48e mov r5, r0
0c490 and.w r0, r5, #1
0c494 cbz r0, 800c49c 
0c496 mov.w fp, #5
0c49a b.n 800c510 
0c49c cmp.w r9, r5, lsr #1
0c4a0 bcs.n 800c4a8 
0c4a2 mov.w fp, #3
0c4a6 b.n 800c510 
0c4a8 mov.w sl, #0
0c4ac movs r6, #0
0c4ae b.n 800c508 
0c4b0 ldrb.w r4, [r8, r6]
0c4b4 cmp r4, #48 @ 0x30
0c4b6 blt.n 800c4c4 
0c4b8 cmp r4, #57 @ 0x39
0c4ba bgt.n 800c4c4 
0c4bc sub.w r0, r4, #48 @ 0x30
0c4c0 uxtb r4, r0
0c4c2 b.n 800c4ea 
0c4c4 cmp r4, #65 @ 0x41
0c4c6 blt.n 800c4d4 
0c4c8 cmp r4, #70 @ 0x46
0c4ca bgt.n 800c4d4 
0c4cc sub.w r0, r4, #55 @ 0x37
0c4d0 uxtb r4, r0
0c4d2 b.n 800c4ea 
0c4d4 cmp r4, #97 @ 0x61
0c4d6 blt.n 800c4e4 
0c4d8 cmp r4, #102 @ 0x66
0c4da bgt.n 800c4e4 
0c4dc sub.w r0, r4, #87 @ 0x57
0c4e0 uxtb r4, r0
0c4e2 b.n 800c4ea 
0c4e4 mov.w fp, #5
0c4e8 b.n 800c50c 
0c4ea and.w r0, r6, #1
0c4ee cbnz r0, 800c4f8 
0c4f0 lsls r0, r4, #28
0c4f2 mov.w sl, r0, lsr #24
0c4f6 b.n 800c506 
0c4f8 add.w r0, sl, r4
0c4fc and.w sl, r0, #255 @ 0xff
0c500 strb.w sl, [r7]
0c504 adds r7, r7, #1
0c506 adds r6, r6, #1
0c508 cmp r6, r5
0c50a bcc.n 800c4b0 
0c50c nop
0c50e nop
0c510 nop
0c512 mov r0, fp
0c514 ldmia.w sp!, {r4, r5, r6, r7, r8, r9, sl, fp, ip, pc}

; ===== fn_0800C518  (called 2 x)
0c518 stmdb sp!, {r4, r5, r6, r7, r8, r9, sl, fp, ip, lr}
0c51c mov r4, r0
0c51e nop
0c520 mov.w sl, #0
0c524 cbnz r4, 800c528 
0c526 b.n 800c5c4 
0c528 mov r0, r4
0c52a bl fn_08008298
0c52e mov r5, r0
0c530 cmp r5, #7
0c532 bcc.n 800c538 
0c534 cmp r5, #15
0c536 bls.n 800c53a 
0c538 b.n 800c5c4 
0c53a ldrb r0, [r4, #0]
0c53c cmp r0, #48 @ 0x30
0c53e blt.n 800c556 
0c540 ldrb r0, [r4, #0]
0c542 cmp r0, #57 @ 0x39
0c544 bgt.n 800c556 
0c546 subs r0, r5, #1
0c548 ldrb r0, [r4, r0]
0c54a cmp r0, #48 @ 0x30
0c54c blt.n 800c556 
0c54e subs r0, r5, #1
0c550 ldrb r0, [r4, r0]
0c552 cmp r0, #57 @ 0x39
0c554 ble.n 800c558 
0c556 b.n 800c5c4 
0c558 mov r0, r4
0c55a bl fn_080082FE
0c55e mov r7, r0
0c560 cmp r7, #255 @ 0xff
0c562 bls.n 800c566 
0c564 b.n 800c5c4 
0c566 mov.w r9, #0
0c56a mov.w fp, #4294967295
0c56e movs r6, #0
0c570 b.n 800c5aa 
0c572 ldrb.w r8, [r4, r6]
0c576 cmp.w r8, #46 @ 0x2e
0c57a bne.n 800c59a 
0c57c add.w r9, r9, #1
0c580 add.w r0, fp, #1
0c584 cmp r6, r0
0c586 bne.n 800c58a 
0c588 b.n 800c5ae 
0c58a adds r1, r6, #1
0c58c adds r0, r4, r1
0c58e bl fn_080082FE
0c592 mov r7, r0
0c594 cmp r7, #255 @ 0xff
0c596 bls.n 800c5a8 
0c598 b.n 800c5ae 
0c59a cmp.w r8, #48 @ 0x30
0c59e blt.n 800c5a6 
0c5a0 cmp.w r8, #57 @ 0x39
0c5a4 ble.n 800c5a8 
0c5a6 b.n 800c5ae 
0c5a8 adds r6, r6, #1
0c5aa cmp r6, r5
0c5ac bcc.n 800c572 
0c5ae nop
0c5b0 cmp r5, r6
0c5b2 beq.n 800c5b6 
0c5b4 b.n 800c5c4 
0c5b6 cmp.w r9, #3
0c5ba beq.n 800c5be 
0c5bc b.n 800c5c4 
0c5be mov.w sl, #1
0c5c2 nop
0c5c4 nop
0c5c6 mov r0, sl
0c5c8 ldmia.w sp!, {r4, r5, r6, r7, r8, r9, sl, fp, ip, pc}

; ===== fn_0800C5CC  (called 8 x)
0c5cc push {r4, r5, r6, lr}
0c5ce mov r4, r0
0c5d0 movs r5, #0
0c5d2 add r1, pc, #24 @ (adr r1, 800c5ec ) ; =0x0800C5EC "\r\n"
0c5d4 mov r0, r4
0c5d6 bl fn_080082DC
0c5da uxth r5, r0
0c5dc mov r2, r5
0c5de mov r1, r4
0c5e0 mov r0, r4
0c5e2 bl fn_08008280
0c5e6 movs r0, #0
0c5e8 strb r0, [r4, r5]
0c5ea pop {r4, r5, r6, pc}
0c5ec lsrs r5, r1, #8
0c5ee movs r0, r0

; ===== fn_0800C5F0  (called 1 x)
0c5f0 push {r4, lr}
0c5f2 mov r1, r0
0c5f4 movs r0, #0
0c5f6 cbnz r1, 800c5fc 
0c5f8 movs r0, #1
0c5fa b.n 800c618 
0c5fc movs r2, #0
0c5fe ldrb r3, [r1, r2]
0c600 b.n 800c614 
0c602 cmp r3, #65 @ 0x41
0c604 blt.n 800c610 
0c606 cmp r3, #90 @ 0x5a
0c608 bgt.n 800c610 
0c60a add.w r4, r3, #32
0c60e strb r4, [r1, r2]
0c610 adds r2, r2, #1
0c612 ldrb r3, [r1, r2]
0c614 cmp r3, #0
0c616 bne.n 800c602 
0c618 pop {r4, pc}

; ===== fn_0800C61A  (called 2 x)
0c61a mov r2, r0
0c61c movs r0, #0
0c61e movs r1, #0
0c620 b.n 800c630 
0c622 lsls r0, r0, #8
0c624 lsls r3, r1, #3
0c626 lsr.w r3, r2, r3
0c62a uxtb r3, r3
0c62c add r0, r3
0c62e adds r1, r1, #1
0c630 cmp r1, #4
0c632 bcc.n 800c622 
0c634 bx lr
0c636 nop
0c638 b.n 800c638 

; ===== fn_0800C63A  (called 1 x)
0c63a push {r4, lr}
0c63c bl fn_08015590
0c640 pop {r4, pc}

; ===== fn_0800C642  (called 1 x)
0c642 push {r4, lr}
0c644 movs r1, #4
0c646 movw r0, #3125 @ 0xc35
0c64a bl fn_08015528
0c64e movw r0, #2333 @ 0x91d
0c652 bl fn_08016680
0c656 cbz r0, 800c65c 
0c658 bl fn_08016424
0c65c bl fn_080155A0
0c660 pop {r4, pc}

; ===== fn_0800C662  (called 2 x)
0c662 push {r4, r5, lr}
0c664 mov r2, r0
0c666 mov r3, r1
0c668 movs r0, #0
0c66a b.n 800c698 
0c66c ldrb.w r5, [r2], #1
0c670 eor.w r0, r0, r5, lsl #8
0c674 movs r1, #0
0c676 b.n 800c694 
0c678 and.w r4, r0, #32768 @ 0x8000
0c67c cbz r4, 800c68a 
0c67e movw r4, #4129 @ 0x1021
0c682 eor.w r4, r4, r0, lsl #1
0c686 uxth r0, r4
0c688 b.n 800c692 
0c68a movw r4, #65535 @ 0xffff
0c68e and.w r0, r4, r0, lsl #1
0c692 adds r1, r1, #1
0c694 cmp r1, #8
0c696 bcc.n 800c678 
0c698 subs r4, r3, #0
0c69a sub.w r3, r3, #1
0c69e bne.n 800c66c 
0c6a0 pop {r4, r5, pc}

; ===== fn_0800C6A2  (called 2 x)
0c6a2 push {r4, lr}
0c6a4 mov r2, r0
0c6a6 movs r0, #0
0c6a8 movs r3, #0
0c6aa b.n 800c6b6 
0c6ac ldrb r4, [r2, #0]
0c6ae add r4, r0
0c6b0 uxtb r0, r4
0c6b2 adds r2, r2, #1
0c6b4 adds r3, r3, #1
0c6b6 cmp r3, r1
0c6b8 bcc.n 800c6ac 
0c6ba pop {r4, pc}

; ===== fn_0800C6BC  (called 1 x)
0c6bc push {r4, lr}
0c6be ldr r0, [pc, #12] ; =0x20002D08 ram_20002D08
0c6c0 ldrb r0, [r0, #19]
0c6c2 cbz r0, 800c6c8 
0c6c4 bl fn_0801894C
0c6c8 pop {r4, pc}
0c6ca movs r0, r0
0c6cc cmp r5, #8
0c6ce movs r0, #0

; ===== fn_0800C6D0  (called 1 x)
0c6d0 stmdb sp!, {r4, r5, r6, r7, r8, lr}
0c6d4 sub sp, #40 @ 0x28
0c6d6 mov r7, r0
0c6d8 mov r5, r1
0c6da mov.w r8, #0
0c6de nop
0c6e0 cmp r5, #1
0c6e2 beq.n 800c6f4 
0c6e4 movw r0, #389 @ 0x185
0c6e8 cmp r5, r0
0c6ea beq.n 800c6f4 
0c6ec movs r0, #21
0c6ee bl fn_08018964
0c6f2 b.n 800c886 
0c6f4 movs r0, #0
0c6f6 str r0, [sp, #24]
0c6f8 str r0, [sp, #28]
0c6fa str r0, [sp, #32]
0c6fc str r0, [sp, #36] @ 0x24
0c6fe str r0, [sp, #8]
0c700 str r0, [sp, #12]
0c702 str r0, [sp, #16]
0c704 str r0, [sp, #20]
0c706 str r7, [sp, #24]
0c708 str r5, [sp, #28]
0c70a ldr r0, [pc, #388] ; =0x20002D08 ram_20002D08
0c70c ldr r0, [r0, #0]
0c70e str r0, [sp, #32]
0c710 ldr r0, [pc, #380] ; =0x20002D08 ram_20002D08
0c712 ldrb r0, [r0, #4]
0c714 strb.w r0, [sp, #36] @ 0x24
0c718 add r1, sp, #8
0c71a add r0, sp, #24
0c71c bl fn_080188EE
0c720 ldr r1, [pc, #364] ; =0x20002D08 ram_20002D08
0c722 ldrb r0, [r1, #18]
0c724 bl fn_0800BAA0
0c728 ldr r0, [pc, #356] ; =0x20002D08 ram_20002D08
0c72a ldrb r4, [r0, #19]
0c72c ldrb.w r0, [sp, #8]
0c730 cmp r0, #1
0c732 beq.n 800c73a 
0c734 cmp r0, #4
0c736 bne.n 800c82c 
0c738 b.n 800c836 
0c73a cmp r4, #1
0c73c beq.n 800c742 
0c73e cmp r4, #2
0c740 bne.n 800c830 
0c742 ldr r0, [pc, #332] ; =0x20002D08 ram_20002D08
0c744 ldrb r0, [r0, #4]
0c746 cbnz r0, 800c754 
0c748 ldrd r0, r1, [sp, #12]
0c74c bl fn_0800C662
0c750 mov r6, r0
0c752 b.n 800c766 
0c754 ldr r0, [pc, #312] ; =0x20002D08 ram_20002D08
0c756 ldrb r0, [r0, #4]
0c758 cmp r0, #1
0c75a bne.n 800c766 
0c75c ldrd r0, r1, [sp, #12]
0c760 bl fn_0800C6A2
0c764 mov r6, r0
0c766 ldrb.w r0, [sp, #9]
0c76a ldrb.w r1, [sp, #10]
0c76e mvns r1, r1
0c770 uxtb r1, r1
0c772 cmp r0, r1
0c774 bne.n 800c77e 
0c776 ldrh.w r0, [sp, #20]
0c77a cmp r0, r6
0c77c beq.n 800c79c 
0c77e add r3, pc, #276 @ (adr r3, 800c894 ) ; =0x0800C894 rom_0800C894
0c780 mov.w r2, #450 @ 0x1c2
0c784 add r1, pc, #272 @ (adr r1, 800c898 ) ; =0x0800C898 "..\\src\\app\\update\\xmodem.c"
0c786 movs r0, #3
0c788 bl fn_08009EBC
0c78c movs r0, #21
0c78e bl fn_08018964
0c792 ldr r1, [pc, #252] ; =0x20002D08 ram_20002D08
0c794 ldrb r0, [r1, #18]
0c796 bl fn_0800B97C
0c79a b.n 800c834 
0c79c ldr r0, [pc, #240] ; =0x20002D08 ram_20002D08
0c79e ldrb r0, [r0, #16]
0c7a0 ldrb.w r1, [sp, #9]
0c7a4 cmp r0, r1
0c7a6 bne.n 800c7cc 
0c7a8 add r3, pc, #232 @ (adr r3, 800c894 ) ; =0x0800C894 rom_0800C894
0c7aa mov.w r2, #460 @ 0x1cc
0c7ae add r1, pc, #232 @ (adr r1, 800c898 ) ; =0x0800C898 "..\\src\\app\\update\\xmodem.c"
0c7b0 movs r0, #1
0c7b2 bl fn_08009EBC
0c7b6 movs r0, #6
0c7b8 bl fn_08018964
0c7bc ldr r1, [pc, #208] ; =0x20002D08 ram_20002D08
0c7be ldrb r0, [r1, #18]
0c7c0 bl fn_0800B97C
0c7c4 movs r0, #0
0c7c6 ldr r1, [pc, #200] ; =0x20002D08 ram_20002D08
0c7c8 strb r0, [r1, #17]
0c7ca b.n 800c834 
0c7cc ldr r0, [pc, #192] ; =0x20002D08 ram_20002D08
0c7ce ldrb r0, [r0, #16]
0c7d0 adds r0, r0, #1
0c7d2 uxtb r0, r0
0c7d4 ldrb.w r1, [sp, #9]
0c7d8 cmp r0, r1
0c7da bne.n 800c808 
0c7dc movs r0, #6
0c7de bl fn_08018964
0c7e2 ldr r1, [pc, #172] ; =0x20002D08 ram_20002D08
0c7e4 ldrb r0, [r1, #18]
0c7e6 bl fn_0800B97C
0c7ea movs r0, #0
0c7ec ldr r1, [pc, #160] ; =0x20002D08 ram_20002D08
0c7ee strb r0, [r1, #17]
0c7f0 mov r0, r1
0c7f2 ldrb r0, [r0, #16]
0c7f4 adds r0, r0, #1
0c7f6 strb r0, [r1, #16]
0c7f8 movs r0, #2
0c7fa strb r0, [r1, #19]
0c7fc movs r0, #0
0c7fe ldrd r1, r2, [sp, #12]
0c802 bl fn_080189C0
0c806 b.n 800c834 
0c808 add r3, pc, #136 @ (adr r3, 800c894 ) ; =0x0800C894 rom_0800C894
0c80a movw r2, #479 @ 0x1df
0c80e add r1, pc, #136 @ (adr r1, 800c898 ) ; =0x0800C898 "..\\src\\app\\update\\xmodem.c"
0c810 movs r0, #3
0c812 bl fn_08009EBC
0c816 movs r0, #24
0c818 bl fn_08018964
0c81c bl fn_0801894C
0c820 movs r2, #0
0c822 mov r1, r2
0c824 movs r0, #2
0c826 bl fn_080189C0
0c82a b.n 800c834 
0c82c b.n 800c85a 
0c82e b.n 800c830 
0c830 mov.w r8, #6
0c834 b.n 800c860 
0c836 cmp r4, #1
0c838 beq.n 800c83e 
0c83a cmp r4, #2
0c83c bne.n 800c854 
0c83e movs r0, #6
0c840 bl fn_08018964
0c844 bl fn_0801894C
0c848 movs r2, #0
0c84a mov r1, r2
0c84c movs r0, #1
0c84e bl fn_080189C0
0c852 b.n 800c858 
0c854 mov.w r8, #6
0c858 b.n 800c860 
0c85a mov.w r8, #6
0c85e nop
0c860 nop
0c862 cmp.w r8, #0
0c866 beq.n 800c884 
0c868 ldr r0, [pc, #72] ; =0x20002B70 ram_20002B70
0c86a ldrb.w r0, [r0, #407] @ 0x197
0c86e ldrb.w r1, [sp, #8]
0c872 add r3, pc, #68 @ (adr r3, 800c8b8 ) ; =0x0800C8B8 "Send msg CMD error: %d, %d"
0c874 movw r2, #518 @ 0x206
0c878 strd r1, r0, [sp]
0c87c add r1, pc, #24 @ (adr r1, 800c898 ) ; =0x0800C898 "..\\src\\app\\update\\xmodem.c"
0c87e movs r0, #3
0c880 bl fn_08009EBC
0c884 nop
0c886 nop
0c888 add sp, #40 @ 0x28
0c88a ldmia.w sp!, {r4, r5, r6, r7, r8, pc}
0c88e movs r0, r0
0c890 cmp r5, #8
0c892 movs r0, #0
0c894 movs r0, r0
0c896 movs r0, r0
0c898 cmp r6, #46 @ 0x2e
0c89a strb r4, [r3, #13]
0c89c str r2, [r6, #52] @ 0x34
0c89e str r4, [r3, #20]
0c8a0 strb r0, [r6, #1]
0c8a2 strb r4, [r3, #21]
0c8a4 str r0, [r6, #68] @ 0x44
0c8a6 strb r1, [r4, #17]
0c8a8 ldrb r5, [r4, r1]
0c8aa ldr r0, [r7, #84] @ 0x54
0c8ac str r7, [r5, #68] @ 0x44
0c8ae ldr r5, [r4, #84] @ 0x54
0c8b0 str r6, [r5, #48] @ 0x30
0c8b2 movs r0, r0
0c8b4 cmp r3, #112 @ 0x70
0c8b6 movs r0, #0
0c8b8 str r3, [r2, #84] @ 0x54
0c8ba str r6, [r5, #68] @ 0x44
0c8bc ldr r0, [r4, #80] @ 0x50
0c8be str r3, [r6, #116] @ 0x74
0c8c0 orrs r0, r4
0c8c2 add r5, r9
0c8c4 str r0, [r4, #80] @ 0x50
0c8c6 strb r2, [r6, #9]
0c8c8 strb r7, [r5, #9]
0c8ca movs r0, #58 @ 0x3a
0c8cc str r5, [r4, #64] @ 0x40
0c8ce movs r0, #44 @ 0x2c
0c8d0 str r5, [r4, #64] @ 0x40
0c8d2 movs r0, r0

; ===== fn_0800C8D4  (called 1 x)
0c8d4 push {r4, r5, r6, lr}
0c8d6 mov r4, r0
0c8d8 ldrb r0, [r4, #4]
0c8da cbz r0, 800c8e2 
0c8dc ldrb r0, [r4, #4]
0c8de cmp r0, #1
0c8e0 bne.n 800c8e4 
0c8e2 b.n 800c8ee 
0c8e4 movw r1, #341 @ 0x155
0c8e8 add r0, pc, #80 @ (adr r0, 800c93c ) ; =0x0800C93C "..\\src\\app\\update\\xmodem.c"
0c8ea bl fn_08009D9C
0c8ee ldr r1, [pc, #104] ; =0x20002D08 ram_20002D08
0c8f0 ldr r0, [r4, #0]
0c8f2 str r0, [r1, #0]
0c8f4 ldrb r0, [r4, #4]
0c8f6 strb r0, [r1, #4]
0c8f8 ldr r0, [r4, #8]
0c8fa str r0, [r1, #8]
0c8fc ldr r0, [r4, #12]
0c8fe str r0, [r1, #12]
0c900 add.w r3, r1, #18
0c904 movs r2, #0
0c906 ldr r1, [pc, #84] ; =0x080189E1 fn_080189E0
0c908 movw r0, #5000 @ 0x1388
0c90c bl fn_0800B7C4
0c910 mov r5, r0
0c912 cbnz r5, 800c916 
0c914 b.n 800c920 
0c916 mov.w r1, #350 @ 0x15e
0c91a add r0, pc, #32 @ (adr r0, 800c93c ) ; =0x0800C93C "..\\src\\app\\update\\xmodem.c"
0c91c bl fn_08009D9C
0c920 movs r0, #67 @ 0x43
0c922 bl fn_08018964
0c926 ldr r1, [pc, #48] ; =0x20002D08 ram_20002D08
0c928 ldrb r0, [r1, #18]
0c92a bl fn_0800B97C
0c92e movs r0, #0
0c930 ldr r1, [pc, #36] ; =0x20002D08 ram_20002D08
0c932 strb r0, [r1, #17]
0c934 strb r0, [r1, #16]
0c936 movs r0, #1
0c938 strb r0, [r1, #19]
0c93a pop {r4, r5, r6, pc}
0c93c cmp r6, #46 @ 0x2e
0c93e strb r4, [r3, #13]
0c940 str r2, [r6, #52] @ 0x34
0c942 str r4, [r3, #20]
0c944 strb r0, [r6, #1]
0c946 strb r4, [r3, #21]
0c948 str r0, [r6, #68] @ 0x44
0c94a strb r1, [r4, #17]
0c94c ldrb r5, [r4, r1]
0c94e ldr r0, [r7, #84] @ 0x54
0c950 str r7, [r5, #68] @ 0x44
0c952 ldr r5, [r4, #84] @ 0x54
0c954 str r6, [r5, #48] @ 0x30
0c956 movs r0, r0
0c958 cmp r5, #8
0c95a movs r0, #0
0c95c ldrh r1, [r4, #14]
0c95e lsrs r1, r0, #32

; ===== fn_0800C960  (called 2 x)
0c960 push {r0, r1, r2, r3}
0c962 push {r2, r3, r4, lr}
0c964 mov r2, r0
0c966 movs r0, #0
0c968 add r4, sp, #28
0c96a cmp r1, #0
0c96c beq.n 800c986 
0c96e subs r1, r1, #1
0c970 strd r2, r1, [sp]
0c974 ldr r3, [pc, #20] ; =0x0800D601 fn_0800D600
0c976 mov r2, sp
0c978 mov r1, r4
0c97a ldr r0, [sp, #24]
0c97c bl fn_0800CB90
0c980 ldr r2, [sp, #0]
0c982 movs r1, #0
0c984 strb r1, [r2, #0]
0c986 pop {r2, r3, r4}
0c988 ldr.w pc, [sp], #20
0c98c bvs.n 800c992 
0c98e lsrs r0, r0, #32

; ===== fn_0800C990  (called 63 x)
0c990 push {r0, r1, r2, r3}
0c992 ldr r3, [pc, #32] ; =0x0800D62D fn_0800D62C
0c994 push {r4, lr}
0c996 add r1, sp, #16
0c998 add r2, sp, #8
0c99a ldr r0, [sp, #12]
0c99c bl fn_0800CB90
0c9a0 mov r4, r0
0c9a2 add r1, sp, #8
0c9a4 movs r0, #0
0c9a6 bl fn_0800D62C
0c9aa mov r0, r4
0c9ac pop {r4}
0c9ae ldr.w pc, [sp], #20
0c9b2 movs r0, r0
0c9b4 bvs.n 800ca12 
0c9b6 lsrs r0, r0, #32

; ===== fn_0800C9B8  (called 2 x)
0c9b8 push {r2, r3, r4, r5, r6, lr}
0c9ba mov r4, r0
0c9bc movs r0, #0
0c9be mov r5, r3
0c9c0 mov r6, r2
0c9c2 cmp r1, #0
0c9c4 beq.n 800c9de 
0c9c6 subs r1, r1, #1
0c9c8 strd r4, r1, [sp]
0c9cc ldr r3, [pc, #16] ; =0x0800D617 fn_0800D616
0c9ce mov r2, sp
0c9d0 mov r1, r5
0c9d2 mov r0, r6
0c9d4 bl fn_0800CE80
0c9d8 ldr r2, [sp, #0]
0c9da movs r1, #0
0c9dc strb r1, [r2, #0]
0c9de pop {r2, r3, r4, r5, r6, pc}
0c9e0 bvs.n 800ca12 
0c9e2 lsrs r0, r0, #32

; ===== fn_0800C9E4  (called 4 x)
0c9e4 ldr r0, [pc, #0] ; =0x200000C8 ram_200000C8
0c9e6 bx lr
0c9e8 lsls r0, r1, #3
0c9ea movs r0, #0
0c9ec b.n 800c9f4 
0c9ee ldmia r0!, {r3}
0c9f0 subs r2, r2, #4
0c9f2 stmia r1!, {r3}
0c9f4 cmp r2, #0
0c9f6 bne.n 800c9ee 
0c9f8 bx lr
0c9fa bx lr
0c9fc movs r0, #0
0c9fe b.n 800ca04 
0ca00 stmia r1!, {r0}
0ca02 subs r2, r2, #4
0ca04 cmp r2, #0
0ca06 bne.n 800ca00 
0ca08 bx lr
0ca0a movs r0, r0

; ===== fn_0800CA0C  (called 3 x)
0ca0c stmdb sp!, {r0, r1, r2, r3, r4, r5, r6, r7, r8, r9, sl, fp, ip, lr}
0ca10 sub sp, #8
0ca12 movs r1, #0
0ca14 ldrd r3, r0, [sp, #16]
0ca18 lsrs r2, r0, #20
0ca1a ldr.w fp, [sp, #64] @ 0x40
0ca1e orrs r3, r0
0ca20 beq.n 800ca54 
0ca22 movw r0, #19728 @ 0x4d10
0ca26 subw r2, r2, #1023 @ 0x3ff
0ca2a muls r2, r0
0ca2c asrs r5, r2, #16
0ca2e ldr r0, [sp, #68] @ 0x44
0ca30 cmp r0, #1
0ca32 beq.n 800ca74 
0ca34 sub.w r0, r5, fp
0ca38 adds r0, r0, #1
0ca3a movs.w sl, r0
0ca3e mov.w r6, #0
0ca42 ldr r7, [pc, #312] ; =0x40140000 
0ca44 ldr.w r9, [pc, #312] ; =0x3FF00000 
0ca48 mov r8, r6
0ca4a mov r0, sl
0ca4c bpl.n 800ca7a 
0ca4e rsb r4, sl, #0
0ca52 b.n 800ca7c 
0ca54 ldr r0, [sp, #68] @ 0x44
0ca56 movs r4, #1
0ca58 add r3, pc, #296 @ (adr r3, 800cb84 ) ; =0x0800CB84 rom_0800CB84
0ca5a cmp r0, #1
0ca5c bne.n 800ca62 
0ca5e mvn.w r1, fp
0ca62 ldr r0, [sp, #8]
0ca64 ldr r2, [sp, #68] @ 0x44
0ca66 strd r3, r1, [r0]
0ca6a strd r4, r2, [r0, #8]
0ca6e add sp, #24
0ca70 ldmia.w sp!, {r4, r5, r6, r7, r8, r9, sl, fp, ip, pc}
0ca74 rsb r0, fp, #0
0ca78 b.n 800ca3a 
0ca7a mov r4, r0
0ca7c movs r1, #0
0ca7e ldr r2, [pc, #256] ; =0x3FF00000 
0ca80 adds r1, r1, r1
0ca82 adc.w r0, r2, r4, lsl #20
0ca86 strd r1, r0, [sp]
0ca8a b.n 800cab2 
0ca8c lsls r0, r4, #31
0ca8e beq.n 800caa0 
0ca90 mov r2, r6
0ca92 mov r3, r7
0ca94 mov r0, r8
0ca96 mov r1, r9
0ca98 bl fn_08008520
0ca9c mov r8, r0
0ca9e mov r9, r1
0caa0 mov r2, r6
0caa2 mov r3, r7
0caa4 mov r0, r2
0caa6 mov r1, r3
0caa8 bl fn_08008520
0caac mov r6, r0
0caae mov r7, r1
0cab0 asrs r4, r4, #1
0cab2 cmp r4, #0
0cab4 bne.n 800ca8c 
0cab6 ldrd r0, r1, [sp, #16]
0caba ldrd r2, r3, [sp]
0cabe cmp.w sl, #0
0cac2 bge.n 800cad2 
0cac4 bl fn_08008520
0cac8 mov r2, r8
0caca mov r3, r9
0cacc bl fn_08008520
0cad0 b.n 800cade 
0cad2 bl fn_08008604
0cad6 mov r2, r8
0cad8 mov r3, r9
0cada bl fn_08008604
0cade mov r4, r0
0cae0 mov r6, r1
0cae2 movs r2, #0
0cae4 ldr r3, [pc, #160] ; =0x43F00000 
0cae6 bl fn_08008714
0caea bhi.n 800caf4 
0caec mov.w r0, #4294967295
0caf0 mov r1, r0
0caf2 b.n 800cb04 
0caf4 movs r2, #0
0caf6 ldr r3, [pc, #148] ; =0x3FE00000 
0caf8 mov r0, r4
0cafa mov r1, r6
0cafc bl fn_080083D2
0cb00 bl fn_080086E2
0cb04 movs r4, #16
0cb06 b.n 800cb1c 
0cb08 cmp r4, #0
0cb0a blt.n 800cb22 
0cb0c movs r2, #10
0cb0e movs r3, #0
0cb10 bl fn_08008188
0cb14 ldr r3, [sp, #12]
0cb16 adds r2, #48 @ 0x30
0cb18 strb r2, [r3, r4]
0cb1a subs r4, r4, #1
0cb1c orrs.w r2, r0, r1
0cb20 bne.n 800cb08 
0cb22 adds r4, r4, #1
0cb24 ldr r2, [sp, #12]
0cb26 rsb r3, r4, #17
0cb2a add r4, r2
0cb2c ldr r2, [sp, #68] @ 0x44
0cb2e cmp r2, #1
0cb30 beq.n 800cb3a 
0cb32 movs r2, #1
0cb34 orrs r0, r1
0cb36 bne.n 800cb54 
0cb38 b.n 800cb50 
0cb3a orrs r0, r1
0cb3c beq.n 800cb48 
0cb3e movs r0, #0
0cb40 mov.w fp, #17
0cb44 str r0, [sp, #68] @ 0x44
0cb46 b.n 800ca2e 
0cb48 sub.w r5, r3, fp
0cb4c subs r5, r5, #1
0cb4e b.n 800cb6c 
0cb50 cmp r3, fp
0cb52 ble.n 800cb5e 
0cb54 mov.w r2, #0
0cb58 add.w r5, r5, #1
0cb5c b.n 800cb68 
0cb5e bge.n 800cb68 
0cb60 mov.w r2, #0
0cb64 sub.w r5, r5, #1
0cb68 cmp r2, #0
0cb6a beq.n 800cb46 
0cb6c ldr r0, [sp, #8]
0cb6e ldr r1, [sp, #68] @ 0x44
0cb70 strd r3, r1, [r0, #8]
0cb74 strd r4, r5, [r0]
0cb78 b.n 800ca6e 
0cb7a movs r0, r0
0cb7c movs r0, r0
0cb7e ands r4, r2
0cb80 movs r0, r0
0cb82 subs r7, #240 @ 0xf0
0cb84 movs r0, r6
0cb86 movs r0, r0
0cb88 movs r0, r0
0cb8a mvns r0, r6
0cb8c movs r0, r0
0cb8e subs r7, #224 @ 0xe0

; ===== fn_0800CB90  (called 2 x)
0cb90 stmdb sp!, {r0, r1, r2, r3, r4, r5, r6, r7, r8, r9, sl, fp, lr}
0cb94 sub sp, #44 @ 0x2c
0cb96 mov r8, r1
0cb98 mov r5, r0
0cb9a movs r6, #0
0cb9c b.n 800cbac 
0cb9e cmp r0, #37 @ 0x25
0cba0 beq.n 800cbba 
0cba2 ldrd r1, r2, [sp, #52] @ 0x34
0cba6 blx r2
0cba8 adds r5, r5, #1
0cbaa adds r6, r6, #1
0cbac ldrb r0, [r5, #0]
0cbae cmp r0, #0
0cbb0 bne.n 800cb9e 
0cbb2 add sp, #60 @ 0x3c
0cbb4 mov r0, r6
0cbb6 ldmia.w sp!, {r4, r5, r6, r7, r8, r9, sl, fp, pc}
0cbba movs r4, #0
0cbbc mov r9, r4
0cbbe mov sl, r4
0cbc0 movs r2, #1
0cbc2 ldr r1, [pc, #696] ; =0x00012809 
0cbc4 b.n 800cbc8 
0cbc6 orrs r4, r0
0cbc8 ldrb.w r3, [r5, #1]!
0cbcc subs r3, #32
0cbce lsl.w r0, r2, r3
0cbd2 tst r0, r1
0cbd4 bne.n 800cbc6 
0cbd6 ldrb r0, [r5, #0]
0cbd8 cmp r0, #42 @ 0x2a
0cbda beq.n 800cbfe 
0cbdc mvn.w r2, #47 @ 0x2f
0cbe0 ldrb r0, [r5, #0]
0cbe2 sub.w r1, r0, #48 @ 0x30
0cbe6 cmp r1, #9
0cbe8 bhi.n 800cc16 
0cbea add.w r1, r9, r9, lsl #2
0cbee add.w r1, r2, r1, lsl #1
0cbf2 orr.w r4, r4, #2
0cbf6 add.w r9, r0, r1
0cbfa adds r5, r5, #1
0cbfc b.n 800cbe0 
0cbfe ldr.w r1, [r8], #4
0cc02 movs.w r9, r1
0cc06 bpl.n 800cc10 
0cc08 orr.w r4, r4, #8192 @ 0x2000
0cc0c rsb r9, r9, #0
0cc10 orr.w r4, r4, #2
0cc14 adds r5, r5, #1
0cc16 ldrb r0, [r5, #0]
0cc18 cmp r0, #46 @ 0x2e
0cc1a bne.n 800cc4c 
0cc1c ldrb.w r0, [r5, #1]!
0cc20 orr.w r4, r4, #4
0cc24 cmp r0, #42 @ 0x2a
0cc26 beq.n 800cc46 
0cc28 mvn.w r2, #47 @ 0x2f
0cc2c ldrb r0, [r5, #0]
0cc2e sub.w r1, r0, #48 @ 0x30
0cc32 cmp r1, #9
0cc34 bhi.n 800cc4c 
0cc36 add.w r1, sl, sl, lsl #2
0cc3a add.w r1, r2, r1, lsl #1
0cc3e add.w sl, r0, r1
0cc42 adds r5, r5, #1
0cc44 b.n 800cc2c 
0cc46 ldr.w sl, [r8], #4
0cc4a adds r5, r5, #1
0cc4c ldrb r0, [r5, #0]
0cc4e cmp r0, #108 @ 0x6c
0cc50 beq.n 800cc72 
0cc52 bgt.n 800cc62 
0cc54 cmp r0, #76 @ 0x4c
0cc56 beq.n 800cc88 
0cc58 cmp r0, #104 @ 0x68
0cc5a beq.n 800cc78 
0cc5c cmp r0, #106 @ 0x6a
0cc5e bne.n 800cc8a 
0cc60 b.n 800cc6c 
0cc62 cmp r0, #116 @ 0x74
0cc64 beq.n 800cc88 
0cc66 cmp r0, #122 @ 0x7a
0cc68 bne.n 800cc8a 
0cc6a b.n 800cc88 
0cc6c orr.w r4, r4, #2097152 @ 0x200000
0cc70 b.n 800cc88 
0cc72 orr.w r4, r4, #1048576 @ 0x100000
0cc76 b.n 800cc7c 
0cc78 orr.w r4, r4, #3145728 @ 0x300000
0cc7c ldrb r1, [r5, #1]
0cc7e cmp r1, r0
0cc80 bne.n 800cc88 
0cc82 add.w r4, r4, #1048576 @ 0x100000
0cc86 adds r5, r5, #1
0cc88 adds r5, r5, #1
0cc8a ldrb r0, [r5, #0]
0cc8c cmp r0, #105 @ 0x69
0cc8e beq.n 800cd5c 
0cc90 bgt.n 800cca0 
0cc92 cmp r0, #0
0cc94 beq.n 800cbb2 
0cc96 cmp r0, #99 @ 0x63
0cc98 beq.n 800ccea 
0cc9a cmp r0, #100 @ 0x64
0cc9c bne.n 800ccac 
0cc9e b.n 800cd5c 
0cca0 cmp r0, #110 @ 0x6e
0cca2 beq.n 800ccb6 
0cca4 cmp r0, #115 @ 0x73
0cca6 beq.n 800ccfe 
0cca8 cmp r0, #117 @ 0x75
0ccaa beq.n 800cd9c 
0ccac ldrd r1, r2, [sp, #52] @ 0x34
0ccb0 blx r2
0ccb2 adds r6, r6, #1
0ccb4 b.n 800ce78 
0ccb6 ubfx r0, r4, #20, #3
0ccba cmp r0, #2
0ccbc beq.n 800ccd2 
0ccbe cmp r0, #3
0ccc0 beq.n 800ccde 
0ccc2 ldr.w r1, [r8]
0ccc6 cmp r0, #4
0ccc8 beq.n 800cce6 
0ccca str r6, [r1, #0]
0cccc add.w r8, r8, #4
0ccd0 b.n 800ce78 
0ccd2 ldr.w r1, [r8]
0ccd6 asrs r2, r6, #31
0ccd8 strd r6, r2, [r1]
0ccdc b.n 800cccc 
0ccde ldr.w r1, [r8]
0cce2 strh r6, [r1, #0]
0cce4 b.n 800cccc 
0cce6 strb r6, [r1, #0]
0cce8 b.n 800cccc 
0ccea ldrb.w r1, [r8], #4
0ccee strb.w r1, [sp]
0ccf2 movs r0, #0
0ccf4 strb.w r0, [sp, #1]
0ccf8 mov fp, sp
0ccfa movs r0, #1
0ccfc b.n 800cd06 
0ccfe ldr.w fp, [r8], #4
0cd02 mov.w r0, #4294967295
0cd06 lsls r1, r4, #29
0cd08 mov.w r7, #0
0cd0c bmi.n 800cd12 
0cd0e b.n 800cd26 
0cd10 adds r7, r7, #1
0cd12 cmp r7, sl
0cd14 bge.n 800cd32 
0cd16 cmp r7, r0
0cd18 blt.n 800cd10 
0cd1a ldrb.w r1, [fp, r7]
0cd1e cmp r1, #0
0cd20 bne.n 800cd10 
0cd22 b.n 800cd32 
0cd24 adds r7, r7, #1
0cd26 cmp r7, r0
0cd28 blt.n 800cd24 
0cd2a ldrb.w r1, [fp, r7]
0cd2e cmp r1, #0
0cd30 bne.n 800cd24 
0cd32 ldrd r2, r3, [sp, #52] @ 0x34
0cd36 sub.w r0, r9, r7
0cd3a mov r9, r0
0cd3c mov r1, r4
0cd3e bl fn_0800D5A4
0cd42 add r0, r6
0cd44 adds r6, r0, r7
0cd46 b.n 800cd52 
0cd48 ldrd r1, r2, [sp, #52] @ 0x34
0cd4c ldrb.w r0, [fp], #1
0cd50 blx r2
0cd52 subs r7, r7, #1
0cd54 bcs.n 800cd48 
0cd56 mov r1, r4
0cd58 mov r0, r9
0cd5a b.n 800ce6e 
0cd5c ldr.w r0, [r8], #4
0cd60 ubfx r1, r4, #20, #3
0cd64 mov.w fp, #10
0cd68 cmp r1, #3
0cd6a bne.n 800cd6e 
0cd6c sxth r0, r0
0cd6e cmp r1, #4
0cd70 bne.n 800cd74 
0cd72 sxtb r0, r0
0cd74 cmp r0, #0
0cd76 bge.n 800cd7e 
0cd78 negs r0, r0
0cd7a movs r1, #45 @ 0x2d
0cd7c b.n 800cd84 
0cd7e lsls r1, r4, #20
0cd80 bpl.n 800cd8e 
0cd82 movs r1, #43 @ 0x2b
0cd84 strb.w r1, [sp, #36] @ 0x24
0cd88 movs r1, #1
0cd8a b.n 800cd96 
0cd8c b.n 800cd9c 
0cd8e lsls r1, r4, #31
0cd90 beq.n 800cdb4 
0cd92 movs r1, #32
0cd94 b.n 800cd84 
0cd96 add r7, sp, #32
0cd98 str r1, [sp, #32]
0cd9a b.n 800cdc4 
0cd9c ldr.w r0, [r8], #4
0cda0 ubfx r1, r4, #20, #3
0cda4 mov.w fp, #10
0cda8 cmp r1, #3
0cdaa bne.n 800cdae 
0cdac uxth r0, r0
0cdae cmp r1, #4
0cdb0 bne.n 800cdb4 
0cdb2 uxtb r0, r0
0cdb4 movs r1, #0
0cdb6 b.n 800cd96 
0cdb8 mov r1, fp
0cdba bl fn_08008318
0cdbe adds r1, #48 @ 0x30
0cdc0 strb.w r1, [r7, #-1]!
0cdc4 cmp r0, #0
0cdc6 bne.n 800cdb8 
0cdc8 sub.w r0, sp, r7
0cdcc add.w fp, r0, #32
0cdd0 lsls r0, r4, #29
0cdd2 bpl.n 800cdda 
0cdd4 bic.w r4, r4, #65536 @ 0x10000
0cdd8 b.n 800cdde 
0cdda mov.w sl, #1
0cdde cmp sl, fp
0cde0 ble.n 800cde8 
0cde2 sub.w r0, sl, fp
0cde6 b.n 800cdea 
0cde8 movs r0, #0
0cdea mov sl, r0
0cdec add.w r1, r0, fp
0cdf0 ldr r0, [sp, #32]
0cdf2 add r1, r0
0cdf4 sub.w r0, r9, r1
0cdf8 str r0, [sp, #40] @ 0x28
0cdfa lsls r0, r4, #15
0cdfc bmi.n 800ce0c 
0cdfe ldrd r2, r3, [sp, #52] @ 0x34
0ce02 mov r1, r4
0ce04 ldr r0, [sp, #40] @ 0x28
0ce06 bl fn_0800D5A4
0ce0a add r6, r0
0ce0c mov.w r9, #0
0ce10 b.n 800ce24 
0ce12 add r1, sp, #36 @ 0x24
0ce14 ldrb.w r0, [r1, r9]
0ce18 ldrd r1, r2, [sp, #52] @ 0x34
0ce1c blx r2
0ce1e add.w r9, r9, #1
0ce22 adds r6, r6, #1
0ce24 ldr r1, [sp, #32]
0ce26 cmp r9, r1
0ce28 blt.n 800ce12 
0ce2a lsls r0, r4, #15
0ce2c bpl.n 800ce48 
0ce2e ldrd r2, r3, [sp, #52] @ 0x34
0ce32 mov r1, r4
0ce34 ldr r0, [sp, #40] @ 0x28
0ce36 bl fn_0800D5A4
0ce3a add r6, r0
0ce3c b.n 800ce48 
0ce3e ldrd r1, r2, [sp, #52] @ 0x34
0ce42 movs r0, #48 @ 0x30
0ce44 blx r2
0ce46 adds r6, r6, #1
0ce48 subs.w r1, sl, #0
0ce4c sub.w sl, sl, #1
0ce50 bgt.n 800ce3e 
0ce52 b.n 800ce60 
0ce54 ldrd r1, r2, [sp, #52] @ 0x34
0ce58 ldrb.w r0, [r7], #1
0ce5c blx r2
0ce5e adds r6, r6, #1
0ce60 subs.w r1, fp, #0
0ce64 sub.w fp, fp, #1
0ce68 bgt.n 800ce54 
0ce6a ldr r0, [sp, #40] @ 0x28
0ce6c mov r1, r4
0ce6e ldrd r2, r3, [sp, #52] @ 0x34
0ce72 bl fn_0800D55C
0ce76 add r6, r0
0ce78 adds r5, r5, #1
0ce7a b.n 800cbac 
0ce7c cmp r0, #9
0ce7e movs r1, r0

; ===== fn_0800CE80  (called 1 x)
0ce80 stmdb sp!, {r0, r1, r2, r3, r4, r5, r6, r7, r8, r9, sl, fp, lr}
0ce84 sub sp, #84 @ 0x54
0ce86 mov fp, r3
0ce88 mov r9, r1
0ce8a mov r6, r0
0ce8c movs r5, #0
0ce8e b.n 800d2b0 
0ce90 cmp r0, #37 @ 0x25
0ce92 bne.n 800cf84 
0ce94 movs r4, #0
0ce96 mov r7, r4
0ce98 ldr r2, [pc, #992] ; =0x00012809 
0ce9a movs r1, #1
0ce9c str r4, [sp, #20]
0ce9e b.n 800cea2 
0cea0 orrs r4, r0
0cea2 ldrb.w r3, [r6, #1]!
0cea6 subs r3, #32
0cea8 lsl.w r0, r1, r3
0ceac tst r0, r2
0ceae bne.n 800cea0 
0ceb0 ldrb r0, [r6, #0]
0ceb2 cmp r0, #42 @ 0x2a
0ceb4 beq.n 800ceda 
0ceb6 mvn.w r3, #47 @ 0x2f
0ceba ldrb r0, [r6, #0]
0cebc sub.w r2, r0, #48 @ 0x30
0cec0 cmp r2, #9
0cec2 bhi.n 800cef2 
0cec4 ldr r2, [sp, #20]
0cec6 orr.w r4, r4, #2
0ceca add.w r2, r2, r2, lsl #2
0cece add.w r2, r3, r2, lsl #1
0ced2 add r0, r2
0ced4 adds r6, r6, #1
0ced6 str r0, [sp, #20]
0ced8 b.n 800ceba 
0ceda ldr.w r2, [r9], #4
0cede str r2, [sp, #20]
0cee0 cmp r2, #0
0cee2 bge.n 800ceec 
0cee4 negs r0, r2
0cee6 orr.w r4, r4, #8192 @ 0x2000
0ceea str r0, [sp, #20]
0ceec orr.w r4, r4, #2
0cef0 adds r6, r6, #1
0cef2 ldrb r0, [r6, #0]
0cef4 cmp r0, #46 @ 0x2e
0cef6 bne.n 800cf26 
0cef8 ldrb.w r0, [r6, #1]!
0cefc orr.w r4, r4, #4
0cf00 cmp r0, #42 @ 0x2a
0cf02 beq.n 800cf20 
0cf04 mvn.w r2, #47 @ 0x2f
0cf08 ldrb r0, [r6, #0]
0cf0a sub.w r3, r0, #48 @ 0x30
0cf0e cmp r3, #9
0cf10 bhi.n 800cf26 
0cf12 add.w r3, r7, r7, lsl #2
0cf16 add.w r3, r2, r3, lsl #1
0cf1a adds r7, r0, r3
0cf1c adds r6, r6, #1
0cf1e b.n 800cf08 
0cf20 ldr.w r7, [r9], #4
0cf24 adds r6, r6, #1
0cf26 ldrb r0, [r6, #0]
0cf28 cmp r0, #108 @ 0x6c
0cf2a beq.n 800cf4c 
0cf2c bgt.n 800cf3c 
0cf2e cmp r0, #76 @ 0x4c
0cf30 beq.n 800cf62 
0cf32 cmp r0, #104 @ 0x68
0cf34 beq.n 800cf52 
0cf36 cmp r0, #106 @ 0x6a
0cf38 bne.n 800cf64 
0cf3a b.n 800cf46 
0cf3c cmp r0, #116 @ 0x74
0cf3e beq.n 800cf62 
0cf40 cmp r0, #122 @ 0x7a
0cf42 bne.n 800cf64 
0cf44 b.n 800cf62 
0cf46 orr.w r4, r4, #2097152 @ 0x200000
0cf4a b.n 800cf62 
0cf4c orr.w r4, r4, #1048576 @ 0x100000
0cf50 b.n 800cf56 
0cf52 orr.w r4, r4, #3145728 @ 0x300000
0cf56 ldrb r2, [r6, #1]
0cf58 cmp r2, r0
0cf5a bne.n 800cf62 
0cf5c add.w r4, r4, #1048576 @ 0x100000
0cf60 adds r6, r6, #1
0cf62 adds r6, r6, #1
0cf64 ldrb r0, [r6, #0]
0cf66 cmp r0, #102 @ 0x66
0cf68 beq.n 800cf82 
0cf6a bgt.n 800cf94 
0cf6c cmp r0, #88 @ 0x58
0cf6e beq.n 800d060 
0cf70 bgt.n 800cf86 
0cf72 cmp r0, #0
0cf74 beq.n 800d062 
0cf76 cmp r0, #69 @ 0x45
0cf78 beq.n 800cf68 
0cf7a cmp r0, #70 @ 0x46
0cf7c beq.n 800cf68 
0cf7e cmp r0, #71 @ 0x47
0cf80 bne.n 800cfb8 
0cf82 b.n 800d2c0 
0cf84 b.n 800cfb8 
0cf86 cmp r0, #99 @ 0x63
0cf88 beq.n 800cff6 
0cf8a cmp r0, #100 @ 0x64
0cf8c beq.n 800d082 
0cf8e cmp r0, #101 @ 0x65
0cf90 bne.n 800cfb8 
0cf92 b.n 800d2c0 
0cf94 cmp r0, #112 @ 0x70
0cf96 beq.n 800d080 
0cf98 bgt.n 800cfac 
0cf9a cmp r0, #103 @ 0x67
0cf9c beq.n 800cf82 
0cf9e cmp r0, #105 @ 0x69
0cfa0 beq.n 800d082 
0cfa2 cmp r0, #110 @ 0x6e
0cfa4 beq.n 800cfc2 
0cfa6 cmp r0, #111 @ 0x6f
0cfa8 bne.n 800cfb8 
0cfaa b.n 800d118 
0cfac cmp r0, #115 @ 0x73
0cfae beq.n 800d00a 
0cfb0 cmp r0, #117 @ 0x75
0cfb2 beq.n 800d0a0 
0cfb4 cmp r0, #120 @ 0x78
0cfb6 beq.n 800d0a2 
0cfb8 mov r2, fp
0cfba ldr r1, [sp, #92] @ 0x5c
0cfbc blx r2
0cfbe adds r5, r5, #1
0cfc0 b.n 800d2ae 
0cfc2 ubfx r0, r4, #20, #3
0cfc6 cmp r0, #2
0cfc8 beq.n 800cfde 
0cfca cmp r0, #3
0cfcc beq.n 800cfea 
0cfce ldr.w r1, [r9]
0cfd2 cmp r0, #4
0cfd4 beq.n 800cff2 
0cfd6 str r5, [r1, #0]
0cfd8 add.w r9, r9, #4
0cfdc b.n 800d2ae 
0cfde ldr.w r1, [r9]
0cfe2 asrs r2, r5, #31
0cfe4 strd r5, r2, [r1]
0cfe8 b.n 800cfd8 
0cfea ldr.w r1, [r9]
0cfee strh r5, [r1, #0]
0cff0 b.n 800cfd8 
0cff2 strb r5, [r1, #0]
0cff4 b.n 800cfd8 
0cff6 ldrb.w r1, [r9], #4
0cffa strb.w r1, [sp]
0cffe movs r0, #0
0d000 strb.w r0, [sp, #1]
0d004 mov sl, sp
0d006 movs r0, #1
0d008 b.n 800d012 
0d00a ldr.w sl, [r9], #4
0d00e mov.w r0, #4294967295
0d012 lsls r1, r4, #29
0d014 mov.w r1, #0
0d018 bmi.n 800d020 
0d01a b.n 800d038 
0d01c add.w r1, r8, #1
0d020 mov r8, r1
0d022 cmp r1, r7
0d024 bge.n 800d046 
0d026 cmp r8, r0
0d028 blt.n 800d01c 
0d02a ldrb.w r1, [sl, r8]
0d02e cmp r1, #0
0d030 bne.n 800d01c 
0d032 b.n 800d046 
0d034 add.w r1, r8, #1
0d038 mov r8, r1
0d03a cmp r1, r0
0d03c blt.n 800d034 
0d03e ldrb.w r1, [sl, r8]
0d042 cmp r1, #0
0d044 bne.n 800d034 
0d046 ldr r0, [sp, #20]
0d048 mov r3, fp
0d04a sub.w r7, r0, r8
0d04e mov r1, r4
0d050 mov r0, r7
0d052 ldr r2, [sp, #92] @ 0x5c
0d054 bl fn_0800D5D2
0d058 add r0, r5
0d05a add.w r5, r0, r8
0d05e b.n 800d070 
0d060 b.n 800d0fe 
0d062 b.n 800d2b8 
0d064 b.n 800d082 
0d066 ldrb.w r0, [sl], #1
0d06a mov r2, fp
0d06c ldr r1, [sp, #92] @ 0x5c
0d06e blx r2
0d070 subs.w r8, r8, #1
0d074 bcs.n 800d066 
0d076 mov r3, fp
0d078 mov r1, r4
0d07a mov r0, r7
0d07c ldr r2, [sp, #92] @ 0x5c
0d07e b.n 800d2a8 
0d080 b.n 800d108 
0d082 movs r2, #10
0d084 str r2, [sp, #0]
0d086 ubfx r2, r4, #20, #3
0d08a mov.w sl, #0
0d08e cmp r2, #2
0d090 beq.n 800d0a4 
0d092 ldr.w ip, [r9], #4
0d096 cmp r2, #3
0d098 mov.w r1, ip, asr #31
0d09c beq.n 800d0b4 
0d09e b.n 800d0bc 
0d0a0 b.n 800d0f6 
0d0a2 b.n 800d0fa 
0d0a4 add.w r1, r9, #7
0d0a8 bic.w r2, r1, #7
0d0ac ldrd ip, r1, [r2], #8
0d0b0 mov r9, r2
0d0b2 b.n 800d0c8 
0d0b4 sxth.w ip, ip
0d0b8 mov.w r1, ip, asr #31
0d0bc cmp r2, #4
0d0be bne.n 800d0c8 
0d0c0 sxtb.w ip, ip
0d0c4 mov.w r1, ip, asr #31
0d0c8 cmp r1, #0
0d0ca bge.n 800d0dc 
0d0cc mov r2, r1
0d0ce movs r1, #0
0d0d0 rsbs ip, ip, #0
0d0d4 sbc.w r1, r1, r2
0d0d8 movs r2, #45 @ 0x2d
0d0da b.n 800d0e2 
0d0dc lsls r2, r4, #20
0d0de bpl.n 800d0ea 
0d0e0 movs r2, #43 @ 0x2b
0d0e2 strb.w r2, [sp, #4]
0d0e6 movs r2, #1
0d0e8 b.n 800d0f2 
0d0ea lsls r2, r4, #31
0d0ec beq.n 800d0f2 
0d0ee movs r2, #32
0d0f0 b.n 800d0e2 
0d0f2 mov r8, r2
0d0f4 b.n 800d1aa 
0d0f6 movs r1, #10
0d0f8 b.n 800d100 
0d0fa movs r2, #16
0d0fc b.n 800d11a 
0d0fe movs r1, #16
0d100 mov.w sl, #0
0d104 str r1, [sp, #0]
0d106 b.n 800d120 
0d108 movs r2, #16
0d10a mov.w sl, #0
0d10e orr.w r4, r4, #4
0d112 movs r7, #8
0d114 str r2, [sp, #0]
0d116 b.n 800d120 
0d118 movs r2, #8
0d11a mov.w sl, #0
0d11e str r2, [sp, #0]
0d120 ubfx r2, r4, #20, #3
0d124 cmp r2, #2
0d126 beq.n 800d134 
0d128 ldr.w ip, [r9], #4
0d12c movs r1, #0
0d12e cmp r2, #3
0d130 beq.n 800d144 
0d132 b.n 800d148 
0d134 add.w r1, r9, #7
0d138 bic.w r2, r1, #7
0d13c ldrd ip, r1, [r2], #8
0d140 mov r9, r2
0d142 b.n 800d150 
0d144 uxth.w ip, ip
0d148 cmp r2, #4
0d14a bne.n 800d150 
0d14c and.w ip, ip, #255 @ 0xff
0d150 mov.w r8, #0
0d154 lsls r2, r4, #28
0d156 bpl.n 800d1aa 
0d158 cmp r0, #112 @ 0x70
0d15a beq.n 800d16a 
0d15c ldr r3, [sp, #0]
0d15e eor.w r3, r3, #16
0d162 orrs.w r3, r3, sl
0d166 beq.n 800d174 
0d168 b.n 800d188 
0d16a movs r2, #64 @ 0x40
0d16c strb.w r2, [sp, #4]
0d170 movs r2, #1
0d172 b.n 800d186 
0d174 orrs.w r2, ip, r1
0d178 beq.n 800d188 
0d17a movs r2, #48 @ 0x30
0d17c strb.w r2, [sp, #4]
0d180 strb.w r0, [sp, #5]
0d184 movs r2, #2
0d186 mov r8, r2
0d188 ldr r3, [sp, #0]
0d18a eor.w r3, r3, #8
0d18e orrs.w r3, r3, sl
0d192 bne.n 800d1aa 
0d194 orrs.w r2, ip, r1
0d198 bne.n 800d19e 
0d19a lsls r2, r4, #29
0d19c bpl.n 800d1aa 
0d19e movs r2, #48 @ 0x30
0d1a0 strb.w r2, [sp, #4]
0d1a4 mov.w r8, #1
0d1a8 subs r7, r7, #1
0d1aa cmp r0, #88 @ 0x58
0d1ac beq.n 800d1b8 
0d1ae add r0, pc, #208 @ (adr r0, 800d280 ) ; =0x0800D280 "0123456789abcdef"
0d1b0 str r0, [sp, #12]
0d1b2 add r0, sp, #56 @ 0x38
0d1b4 str r0, [sp, #8]
0d1b6 b.n 800d1d4 
0d1b8 add r0, pc, #216 @ (adr r0, 800d294 ) ; =0x0800D294 "0123456789ABCDEF"
0d1ba b.n 800d1b0 
0d1bc mov r3, sl
0d1be mov r0, ip
0d1c0 ldr r2, [sp, #0]
0d1c2 bl fn_08008188
0d1c6 mov ip, r0
0d1c8 ldr r0, [sp, #12]
0d1ca ldrb r2, [r0, r2]
0d1cc ldr r0, [sp, #8]
0d1ce subs r0, r0, #1
0d1d0 str r0, [sp, #8]
0d1d2 strb r2, [r0, #0]
0d1d4 orrs.w r0, ip, r1
0d1d8 bne.n 800d1bc 
0d1da ldr r0, [sp, #8]
0d1dc add r1, sp, #24
0d1de subs r0, r1, r0
0d1e0 add.w sl, r0, #32
0d1e4 lsls r0, r4, #29
0d1e6 bpl.n 800d1ee 
0d1e8 bic.w r4, r4, #65536 @ 0x10000
0d1ec b.n 800d1f0 
0d1ee movs r7, #1
0d1f0 cmp r7, sl
0d1f2 ble.n 800d1fa 
0d1f4 sub.w r0, r7, sl
0d1f8 b.n 800d1fc 
0d1fa movs r0, #0
0d1fc add.w r1, r0, sl
0d200 str r0, [sp, #0]
0d202 ldr r0, [sp, #20]
0d204 add r1, r8
0d206 subs r0, r0, r1
0d208 str r0, [sp, #20]
0d20a lsls r0, r4, #15
0d20c bmi.n 800d21c 
0d20e mov r3, fp
0d210 mov r1, r4
0d212 ldr r2, [sp, #92] @ 0x5c
0d214 ldr r0, [sp, #20]
0d216 bl fn_0800D5D2
0d21a add r5, r0
0d21c movs r7, #0
0d21e b.n 800d22e 
0d220 add r0, sp, #4
0d222 mov r2, fp
0d224 ldrb r0, [r0, r7]
0d226 ldr r1, [sp, #92] @ 0x5c
0d228 blx r2
0d22a adds r5, r5, #1
0d22c adds r7, r7, #1
0d22e cmp r7, r8
0d230 blt.n 800d220 
0d232 lsls r0, r4, #15
0d234 bpl.n 800d250 
0d236 mov r3, fp
0d238 mov r1, r4
0d23a ldr r2, [sp, #92] @ 0x5c
0d23c ldr r0, [sp, #20]
0d23e bl fn_0800D5D2
0d242 add r5, r0
0d244 b.n 800d250 
0d246 movs r0, #48 @ 0x30
0d248 mov r2, fp
0d24a ldr r1, [sp, #92] @ 0x5c
0d24c blx r2
0d24e adds r5, r5, #1
0d250 ldr r1, [sp, #0]
0d252 subs r0, r1, #1
0d254 str r0, [sp, #0]
0d256 cmp r1, #0
0d258 bgt.n 800d246 
0d25a b.n 800d26e 
0d25c ldr r0, [sp, #8]
0d25e ldr r1, [sp, #8]
0d260 mov r2, fp
0d262 ldrb r0, [r0, #0]
0d264 adds r1, r1, #1
0d266 str r1, [sp, #8]
0d268 ldr r1, [sp, #92] @ 0x5c
0d26a blx r2
0d26c adds r5, r5, #1
0d26e subs.w r1, sl, #0
0d272 sub.w sl, sl, #1
0d276 bgt.n 800d25c 
0d278 b.n 800d546 
0d27a movs r0, r0
0d27c cmp r0, #9
0d27e movs r1, r0
0d280 adds r1, #48 @ 0x30
0d282 adds r3, #50 @ 0x32
0d284 adds r5, #52 @ 0x34
0d286 adds r7, #54 @ 0x36
0d288 subs r1, #56 @ 0x38
0d28a str r1, [r4, #36] @ 0x24
0d28c str r3, [r4, #68] @ 0x44
0d28e str r5, [r4, #100] @ 0x64
0d290 movs r0, r0
0d292 movs r0, r0
0d294 adds r1, #48 @ 0x30
0d296 adds r3, #50 @ 0x32
0d298 adds r5, #52 @ 0x34
0d29a adds r7, #54 @ 0x36
0d29c subs r1, #56 @ 0x38
0d29e negs r1, r0
0d2a0 add r3, r8
0d2a2 mov r5, r8
0d2a4 movs r0, r0
0d2a6 movs r0, r0
0d2a8 bl fn_0800D580
0d2ac add r5, r0
0d2ae adds r6, r6, #1
0d2b0 ldrb r0, [r6, #0]
0d2b2 cmp r0, #0
0d2b4 bne.w 800ce90 
0d2b8 add sp, #100 @ 0x64
0d2ba mov r0, r5
0d2bc ldmia.w sp!, {r4, r5, r6, r7, r8, r9, sl, fp, pc}
0d2c0 lsls r2, r4, #29
0d2c2 bmi.n 800d2c6 
0d2c4 movs r7, #6
0d2c6 add.w r2, r9, #7
0d2ca bic.w ip, r2, #7
0d2ce ldrd r2, r3, [ip], #8
0d2d2 mov r9, ip
0d2d4 and.w r8, r3, #2147483648 @ 0x80000000
0d2d8 movs.w ip, r8
0d2dc beq.n 800d2e4 
0d2de addw ip, pc, #624 @ 0x270
0d2e2 b.n 800d300 
0d2e4 movs.w ip, r4, lsl #20
0d2e8 bpl.n 800d2f0 
0d2ea addw ip, pc, #616 @ 0x268
0d2ee b.n 800d300 
0d2f0 movs.w ip, r4, lsl #31
0d2f4 beq.n 800d2fc 
0d2f6 addw ip, pc, #608 @ 0x260
0d2fa b.n 800d300 
0d2fc subw ip, pc, #112 @ 0x70
0d300 mov.w r8, #4294967295
0d304 bic.w r3, r3, #2147483648 @ 0x80000000
0d308 str.w ip, [sp, #80] @ 0x50
0d30c cmp r0, #101 @ 0x65
0d30e beq.n 800d32a 
0d310 bgt.n 800d320 
0d312 cmp r0, #69 @ 0x45
0d314 beq.n 800d32a 
0d316 cmp r0, #70 @ 0x46
0d318 beq.n 800d356 
0d31a cmp r0, #71 @ 0x47
0d31c bne.n 800d39a 
0d31e b.n 800d39c 
0d320 cmp r0, #102 @ 0x66
0d322 beq.n 800d356 
0d324 cmp r0, #103 @ 0x67
0d326 bne.n 800d426 
0d328 b.n 800d39c 
0d32a movs r1, #0
0d32c cmp r7, #17
0d32e blt.n 800d334 
0d330 movs r0, #17
0d332 b.n 800d336 
0d334 adds r0, r7, #1
0d336 strd r0, r1, [sp]
0d33a add r1, sp, #24
0d33c add r0, sp, #56 @ 0x38
0d33e bl fn_0800CA0C
0d342 ldrd r0, r1, [sp, #60] @ 0x3c
0d346 ldr r2, [sp, #56] @ 0x38
0d348 str r1, [sp, #12]
0d34a movs r1, #0
0d34c str r2, [sp, #0]
0d34e add.w sl, r7, #1
0d352 str r1, [sp, #16]
0d354 b.n 800d3f2 
0d356 mov.w r0, #2147483648 @ 0x80000000
0d35a str r7, [sp, #0]
0d35c strd r1, r0, [sp, #4]
0d360 add r1, sp, #24
0d362 add r0, sp, #56 @ 0x38
0d364 bl fn_0800CA0C
0d368 ldrd r0, r2, [sp, #60] @ 0x3c
0d36c str r2, [sp, #12]
0d36e ldr r3, [sp, #56] @ 0x38
0d370 ldr r1, [sp, #68] @ 0x44
0d372 movs r2, #0
0d374 ldr.w sl, [sp, #12]
0d378 str r3, [sp, #0]
0d37a str r2, [sp, #16]
0d37c cbnz r1, 800d384 
0d37e adds r1, r7, #1
0d380 add.w sl, r0, r1
0d384 subs.w r0, r7, sl
0d388 bmi.n 800d394 
0d38a rsb r0, r0, #4294967295
0d38e add.w sl, r7, #1
0d392 str r0, [sp, #16]
0d394 sub.w r0, sl, r7
0d398 str r0, [sp, #4]
0d39a b.n 800d426 
0d39c cmp r7, #1
0d39e bge.n 800d3a2 
0d3a0 movs r7, #1
0d3a2 movs r1, #0
0d3a4 cmp r7, #17
0d3a6 ble.n 800d3ac 
0d3a8 movs r0, #17
0d3aa b.n 800d3ae 
0d3ac mov r0, r7
0d3ae strd r0, r1, [sp]
0d3b2 add r1, sp, #24
0d3b4 add r0, sp, #56 @ 0x38
0d3b6 bl fn_0800CA0C
0d3ba ldrd r0, r1, [sp, #60] @ 0x3c
0d3be ldr r2, [sp, #56] @ 0x38
0d3c0 str r1, [sp, #12]
0d3c2 movs r1, #0
0d3c4 str r1, [sp, #16]
0d3c6 str r2, [sp, #0]
0d3c8 mov sl, r7
0d3ca lsls r1, r4, #28
0d3cc bmi.n 800d3e8 
0d3ce ldr r1, [sp, #12]
0d3d0 cmp r1, sl
0d3d2 bge.n 800d3d6 
0d3d4 mov sl, r1
0d3d6 cmp.w sl, #1
0d3da ble.n 800d3e8 
0d3dc ldr r2, [sp, #0]
0d3de sub.w r1, sl, #1
0d3e2 ldrb r1, [r2, r1]
0d3e4 cmp r1, #48 @ 0x30
0d3e6 beq.n 800d3fa 
0d3e8 cmp r0, r7
0d3ea bge.n 800d3f2 
0d3ec cmn.w r0, #4
0d3f0 bge.n 800d400 
0d3f2 movs r1, #1
0d3f4 strd r1, r0, [sp, #4]
0d3f8 b.n 800d426 
0d3fa sub.w r1, sl, #1
0d3fe b.n 800d3d4 
0d400 cmp r0, #0
0d402 bgt.n 800d410 
0d404 ldr r1, [sp, #16]
0d406 add r1, r0
0d408 str r1, [sp, #16]
0d40a sub.w r1, sl, r0
0d40e b.n 800d416 
0d410 adds r1, r0, #1
0d412 cmp r1, sl
0d414 ble.n 800d418 
0d416 mov sl, r1
0d418 ldr r1, [sp, #16]
0d41a subs r0, r0, r1
0d41c adds r0, r0, #1
0d41e str r0, [sp, #4]
0d420 mov.w r0, #2147483648 @ 0x80000000
0d424 str r0, [sp, #8]
0d426 lsls r0, r4, #28
0d428 bmi.n 800d434 
0d42a ldr r0, [sp, #4]
0d42c cmp r0, sl
0d42e blt.n 800d434 
0d430 str.w r8, [sp, #4]
0d434 movs r0, #0
0d436 strb.w r0, [sp, #79] @ 0x4f
0d43a ldr r0, [sp, #8]
0d43c add.w r7, sp, #79 @ 0x4f
0d440 cmp.w r0, #2147483648 @ 0x80000000
0d444 beq.n 800d492 
0d446 movs r0, #43 @ 0x2b
0d448 str r0, [sp, #56] @ 0x38
0d44a ldr r0, [sp, #8]
0d44c mov.w r8, #2
0d450 cmp r0, #0
0d452 bge.n 800d46e 
0d454 negs r0, r0
0d456 str r0, [sp, #8]
0d458 movs r0, #45 @ 0x2d
0d45a str r0, [sp, #56] @ 0x38
0d45c b.n 800d46e 
0d45e movs r1, #10
0d460 ldr r0, [sp, #8]
0d462 bl fn_08008318
0d466 adds r1, #48 @ 0x30
0d468 str r0, [sp, #8]
0d46a strb.w r1, [r7, #-1]!
0d46e subs.w r1, r8, #0
0d472 sub.w r8, r8, #1
0d476 bgt.n 800d45e 
0d478 ldr r0, [sp, #8]
0d47a cmp r0, #0
0d47c bne.n 800d45e 
0d47e subs r1, r7, #1
0d480 ldr r0, [sp, #56] @ 0x38
0d482 strb r0, [r1, #0]
0d484 ldrb r0, [r6, #0]
0d486 and.w r0, r0, #32
0d48a orr.w r0, r0, #69 @ 0x45
0d48e strb.w r0, [r7, #-2]!
0d492 add r0, sp, #72 @ 0x48
0d494 subs r0, r0, r7
0d496 add.w r8, r0, #7
0d49a ldr r0, [sp, #80] @ 0x50
0d49c ldrb r0, [r0, #0]
0d49e cbz r0, 800d4a2 
0d4a0 movs r0, #1
0d4a2 add.w r1, r0, sl
0d4a6 ldr r0, [sp, #4]
0d4a8 add.w r1, r1, r0, asr #31
0d4ac ldr r0, [sp, #20]
0d4ae add r1, r8
0d4b0 subs r0, r0, r1
0d4b2 subs r0, r0, #1
0d4b4 str r0, [sp, #20]
0d4b6 lsls r0, r4, #15
0d4b8 bmi.n 800d4c8 
0d4ba mov r3, fp
0d4bc mov r1, r4
0d4be ldr r2, [sp, #92] @ 0x5c
0d4c0 ldr r0, [sp, #20]
0d4c2 bl fn_0800D5D2
0d4c6 add r5, r0
0d4c8 ldr r0, [sp, #80] @ 0x50
0d4ca ldrb r0, [r0, #0]
0d4cc cbz r0, 800d4d6 
0d4ce mov r2, fp
0d4d0 ldr r1, [sp, #92] @ 0x5c
0d4d2 blx r2
0d4d4 adds r5, r5, #1
0d4d6 lsls r0, r4, #15
0d4d8 bpl.n 800d524 
0d4da mov r3, fp
0d4dc mov r1, r4
0d4de ldr r2, [sp, #92] @ 0x5c
0d4e0 ldr r0, [sp, #20]
0d4e2 bl fn_0800D5D2
0d4e6 add r5, r0
0d4e8 b.n 800d524 
0d4ea ldr r0, [sp, #16]
0d4ec cmp r0, #0
0d4ee blt.n 800d500 
0d4f0 ldrd r0, r1, [sp, #12]
0d4f4 cmp r0, r1
0d4f6 ble.n 800d500 
0d4f8 ldr r0, [sp, #0]
0d4fa ldrb r0, [r0, r1]
0d4fc ldr r1, [sp, #92] @ 0x5c
0d4fe b.n 800d504 
0d500 ldr r1, [sp, #92] @ 0x5c
0d502 movs r0, #48 @ 0x30
0d504 mov r2, fp
0d506 blx r2
0d508 ldr r0, [sp, #16]
0d50a add.w r5, r5, #1
0d50e adds r0, r0, #1
0d510 str r0, [sp, #16]
0d512 ldr r0, [sp, #4]
0d514 subs r0, r0, #1
0d516 str r0, [sp, #4]
0d518 bne.n 800d524 
0d51a movs r0, #46 @ 0x2e
0d51c mov r2, fp
0d51e ldr r1, [sp, #92] @ 0x5c
0d520 blx r2
0d522 adds r5, r5, #1
0d524 subs.w r1, sl, #0
0d528 sub.w sl, sl, #1
0d52c bgt.n 800d4ea 
0d52e b.n 800d53c 
0d530 ldrb.w r0, [r7], #1
0d534 mov r2, fp
0d536 ldr r1, [sp, #92] @ 0x5c
0d538 blx r2
0d53a adds r5, r5, #1
0d53c subs.w r1, r8, #0
0d540 sub.w r8, r8, #1
0d544 bgt.n 800d530 
0d546 mov r3, fp
0d548 mov r1, r4
0d54a ldr r2, [sp, #92] @ 0x5c
0d54c ldr r0, [sp, #20]
0d54e b.n 800d2a8 
0d550 movs r5, r5
0d552 movs r0, r0
0d554 movs r3, r5
0d556 movs r0, r0
0d558 movs r0, r4
0d55a movs r0, r0

; ===== fn_0800D55C  (called 1 x)
0d55c stmdb sp!, {r4, r5, r6, r7, r8, lr}
0d560 mov r4, r0
0d562 movs r5, #0
0d564 mov r6, r3
0d566 mov r7, r2
0d568 lsls r0, r1, #18
0d56a bmi.n 800d576 
0d56c b.n 800d57a 
0d56e mov r1, r7
0d570 movs r0, #32
0d572 blx r6
0d574 adds r5, r5, #1
0d576 subs r4, r4, #1
0d578 bpl.n 800d56e 
0d57a mov r0, r5
0d57c ldmia.w sp!, {r4, r5, r6, r7, r8, pc}

; ===== fn_0800D580  (called 1 x)
0d580 stmdb sp!, {r4, r5, r6, r7, r8, lr}
0d584 mov r4, r0
0d586 movs r5, #0
0d588 mov r6, r3
0d58a mov r7, r2
0d58c lsls r0, r1, #18
0d58e bmi.n 800d59a 
0d590 b.n 800d59e 
0d592 mov r1, r7
0d594 movs r0, #32
0d596 blx r6
0d598 adds r5, r5, #1
0d59a subs r4, r4, #1
0d59c bpl.n 800d592 
0d59e mov r0, r5
0d5a0 ldmia.w sp!, {r4, r5, r6, r7, r8, pc}

; ===== fn_0800D5A4  (called 3 x)
0d5a4 stmdb sp!, {r4, r5, r6, r7, r8, lr}
0d5a8 mov r4, r0
0d5aa movs r5, #0
0d5ac mov r6, r3
0d5ae mov r8, r2
0d5b0 lsls r0, r1, #15
0d5b2 bpl.n 800d5b8 
0d5b4 movs r7, #48 @ 0x30
0d5b6 b.n 800d5ba 
0d5b8 movs r7, #32
0d5ba lsls r0, r1, #18
0d5bc bpl.n 800d5c8 
0d5be b.n 800d5cc 
0d5c0 mov r1, r8
0d5c2 mov r0, r7
0d5c4 blx r6
0d5c6 adds r5, r5, #1
0d5c8 subs r4, r4, #1
0d5ca bpl.n 800d5c0 
0d5cc mov r0, r5
0d5ce ldmia.w sp!, {r4, r5, r6, r7, r8, pc}

; ===== fn_0800D5D2  (called 5 x)
0d5d2 stmdb sp!, {r4, r5, r6, r7, r8, lr}
0d5d6 mov r4, r0
0d5d8 movs r5, #0
0d5da mov r6, r3
0d5dc mov r8, r2
0d5de lsls r0, r1, #15
0d5e0 bpl.n 800d5e6 
0d5e2 movs r7, #48 @ 0x30
0d5e4 b.n 800d5e8 
0d5e6 movs r7, #32
0d5e8 lsls r0, r1, #18
0d5ea bpl.n 800d5f6 
0d5ec b.n 800d5fa 
0d5ee mov r1, r8
0d5f0 mov r0, r7
0d5f2 blx r6
0d5f4 adds r5, r5, #1
0d5f6 subs r4, r4, #1
0d5f8 bpl.n 800d5ee 
0d5fa mov r0, r5
0d5fc ldmia.w sp!, {r4, r5, r6, r7, r8, pc}

; ===== fn_0800D600  (called 0 x)
0d600 ldr r2, [r1, #4]
0d602 cmp r2, #0
0d604 beq.n 800d614 
0d606 ldr r2, [r1, #0]
0d608 adds r3, r2, #1
0d60a str r3, [r1, #0]
0d60c strb r0, [r2, #0]
0d60e ldr r0, [r1, #4]
0d610 subs r0, r0, #1
0d612 str r0, [r1, #4]
0d614 bx lr

; ===== fn_0800D616  (called 0 x)
0d616 ldr r2, [r1, #4]
0d618 cmp r2, #0
0d61a beq.n 800d62a 
0d61c ldr r2, [r1, #0]
0d61e adds r3, r2, #1
0d620 str r3, [r1, #0]
0d622 strb r0, [r2, #0]
0d624 ldr r0, [r1, #4]
0d626 subs r0, r0, #1
0d628 str r0, [r1, #4]
0d62a bx lr

; ===== fn_0800D62C  (called 1 x)
0d62c ldr r2, [r1, #0]
0d62e adds r3, r2, #1
0d630 str r3, [r1, #0]
0d632 strb r0, [r2, #0]
0d634 bx lr

; ===== fn_0800D636  (called 1 x)
0d636 ldr r1, [r0, #8]
0d638 orr.w r1, r1, #8
0d63c str r1, [r0, #8]
0d63e nop
0d640 ldr r1, [r0, #8]
0d642 and.w r1, r1, #8
0d646 cmp r1, #0
0d648 bne.n 800d640 
0d64a ldr r1, [r0, #8]
0d64c orr.w r1, r1, #4
0d650 str r1, [r0, #8]
0d652 nop
0d654 ldr r1, [r0, #8]
0d656 and.w r1, r1, #4
0d65a cmp r1, #0
0d65c bne.n 800d654 
0d65e bx lr

; ===== fn_0800D660  (called 1 x)
0d660 push {r4, r5, lr}
0d662 cmp r1, #1
0d664 beq.n 800d66c 
0d666 cmp r1, #2
0d668 bne.n 800d6a0 
0d66a b.n 800d686 
0d66c ldr r3, [r0, #44] @ 0x2c
0d66e bic.w r3, r3, #15728640 @ 0xf00000
0d672 str r3, [r0, #44] @ 0x2c
0d674 ldr r3, [r0, #44] @ 0x2c
0d676 subs r4, r2, #1
0d678 mov.w r5, #15728640 @ 0xf00000
0d67c and.w r4, r5, r4, lsl #20
0d680 orrs r3, r4
0d682 str r3, [r0, #44] @ 0x2c
0d684 b.n 800d6a2 
0d686 ldr r3, [r0, #56] @ 0x38
0d688 bic.w r3, r3, #3145728 @ 0x300000
0d68c str r3, [r0, #56] @ 0x38
0d68e ldr r3, [r0, #56] @ 0x38
0d690 subs r4, r2, #1
0d692 mov.w r5, #3145728 @ 0x300000
0d696 and.w r4, r5, r4, lsl #20
0d69a orrs r3, r4
0d69c str r3, [r0, #56] @ 0x38
0d69e b.n 800d6a2 
0d6a0 nop
0d6a2 nop
0d6a4 pop {r4, r5, pc}

; ===== fn_0800D6A6  (called 1 x)
0d6a6 cbz r1, 800d6b2 
0d6a8 ldr r2, [r0, #8]
0d6aa orr.w r2, r2, #2048 @ 0x800
0d6ae str r2, [r0, #8]
0d6b0 b.n 800d6ba 
0d6b2 ldr r2, [r0, #8]
0d6b4 bic.w r2, r2, #2048 @ 0x800
0d6b8 str r2, [r0, #8]
0d6ba bx lr

; ===== fn_0800D6BC  (called 1 x)
0d6bc ldr r1, [r0, #8]
0d6be and.w r1, r1, #1
0d6c2 cbnz r1, 800d6cc 
0d6c4 ldr r1, [r0, #8]
0d6c6 orr.w r1, r1, #1
0d6ca str r1, [r0, #8]
0d6cc bx lr

; ===== fn_0800D6CE  (called 1 x)
0d6ce cbz r2, 800d6ee 
0d6d0 and.w r3, r1, #1
0d6d4 cbz r3, 800d6de 
0d6d6 ldr r3, [r0, #8]
0d6d8 orr.w r3, r3, #1048576 @ 0x100000
0d6dc str r3, [r0, #8]
0d6de and.w r3, r1, #2
0d6e2 cbz r3, 800d70a 
0d6e4 ldr r3, [r0, #8]
0d6e6 orr.w r3, r3, #32768 @ 0x8000
0d6ea str r3, [r0, #8]
0d6ec b.n 800d70a 
0d6ee and.w r3, r1, #1
0d6f2 cbz r3, 800d6fc 
0d6f4 ldr r3, [r0, #8]
0d6f6 bic.w r3, r3, #1048576 @ 0x100000
0d6fa str r3, [r0, #8]
0d6fc and.w r3, r1, #2
0d700 cbz r3, 800d70a 
0d702 ldr r3, [r0, #8]
0d704 bic.w r3, r3, #32768 @ 0x8000
0d708 str r3, [r0, #8]
0d70a bx lr

; ===== fn_0800D70C  (called 1 x)
0d70c cmp r1, #1
0d70e beq.n 800d716 
0d710 cmp r1, #2
0d712 bne.n 800d736 
0d714 b.n 800d726 
0d716 ldr r3, [r0, #8]
0d718 bic.w r3, r3, #917504 @ 0xe0000
0d71c str r3, [r0, #8]
0d71e ldr r3, [r0, #8]
0d720 orrs r3, r2
0d722 str r3, [r0, #8]
0d724 b.n 800d738 
0d726 ldr r3, [r0, #8]
0d728 bic.w r3, r3, #28672 @ 0x7000
0d72c str r3, [r0, #8]
0d72e ldr r3, [r0, #8]
0d730 orrs r3, r2
0d732 str r3, [r0, #8]
0d734 b.n 800d738 
0d736 nop
0d738 nop
0d73a bx lr

; ===== fn_0800D73C  (called 1 x)
0d73c mvns r2, r1
0d73e str r2, [r0, #0]
0d740 bx lr

; ===== fn_0800D742  (called 1 x)
0d742 mov r2, r0
0d744 movs r0, #0
0d746 ldr r3, [r2, #0]
0d748 ands r3, r1
0d74a cbz r3, 800d74e 
0d74c movs r0, #1
0d74e bx lr

; ===== fn_0800D750  (called 1 x)
0d750 ldr r1, [pc, #20] ; =0x40012404 ADC0+0x4
0d752 ldr r1, [r1, #0]
0d754 bic.w r1, r1, #983040 @ 0xf0000
0d758 ldr r2, [pc, #12] ; =0x40012404 ADC0+0x4
0d75a str r1, [r2, #0]
0d75c mov r1, r2
0d75e ldr r1, [r1, #0]
0d760 orrs r1, r0
0d762 str r1, [r2, #0]
0d764 bx lr
0d766 movs r0, r0
0d768 movs r4, #4
0d76a ands r1, r0

; ===== fn_0800D76C  (called 1 x)
0d76c push {r4, r5, r6, r7, lr}
0d76e mov r5, r3
0d770 cmp r1, #6
0d772 bcs.n 800d78e 
0d774 ldr r3, [r0, #52] @ 0x34
0d776 add.w r7, r1, r1, lsl #2
0d77a movs r6, #31
0d77c lsls r6, r7
0d77e bics r3, r6
0d780 add.w r6, r1, r1, lsl #2
0d784 lsl.w r6, r2, r6
0d788 orrs r3, r6
0d78a str r3, [r0, #52] @ 0x34
0d78c b.n 800d7d4 
0d78e cmp r1, #12
0d790 bcs.n 800d7b0 
0d792 ldr r3, [r0, #48] @ 0x30
0d794 subs r6, r1, #6
0d796 add.w r7, r6, r6, lsl #2
0d79a movs r6, #31
0d79c lsls r6, r7
0d79e bics r3, r6
0d7a0 subs r6, r1, #6
0d7a2 add.w r6, r6, r6, lsl #2
0d7a6 lsl.w r6, r2, r6
0d7aa orrs r3, r6
0d7ac str r3, [r0, #48] @ 0x30
0d7ae b.n 800d7d4 
0d7b0 cmp r1, #16
0d7b2 bcs.n 800d7d4 
0d7b4 ldr r3, [r0, #44] @ 0x2c
0d7b6 sub.w r6, r1, #12
0d7ba add.w r7, r6, r6, lsl #2
0d7be movs r6, #31
0d7c0 lsls r6, r7
0d7c2 bics r3, r6
0d7c4 sub.w r6, r1, #12
0d7c8 add.w r6, r6, r6, lsl #2
0d7cc lsl.w r6, r2, r6
0d7d0 orrs r3, r6
0d7d2 str r3, [r0, #44] @ 0x2c
0d7d4 cmp r2, #10
0d7d6 bcs.n 800d7f2 
0d7d8 ldr r4, [r0, #16]
0d7da add.w r7, r2, r2, lsl #1
0d7de movs r6, #7
0d7e0 lsls r6, r7
0d7e2 bics r4, r6
0d7e4 add.w r6, r2, r2, lsl #1
0d7e8 lsl.w r6, r5, r6
0d7ec orrs r4, r6
0d7ee str r4, [r0, #16]
0d7f0 b.n 800d816 
0d7f2 cmp r2, #18
0d7f4 bcs.n 800d816 
0d7f6 ldr r4, [r0, #12]
0d7f8 sub.w r6, r2, #10
0d7fc add.w r7, r6, r6, lsl #1
0d800 movs r6, #7
0d802 lsls r6, r7
0d804 bics r4, r6
0d806 sub.w r6, r2, #10
0d80a add.w r6, r6, r6, lsl #1
0d80e lsl.w r6, r5, r6
0d812 orrs r4, r6
0d814 str r4, [r0, #12]
0d816 pop {r4, r5, r6, r7, pc}

; ===== fn_0800D818  (called 1 x)
0d818 mov r1, r0
0d81a ldr r0, [r1, #76] @ 0x4c
0d81c uxth r0, r0
0d81e bx lr

; ===== fn_0800D820  (called 1 x)
0d820 and.w r2, r1, #1
0d824 cbz r2, 800d82e 
0d826 ldr r2, [r0, #8]
0d828 orr.w r2, r2, #4194304 @ 0x400000
0d82c str r2, [r0, #8]
0d82e and.w r2, r1, #2
0d832 cbz r2, 800d83c 
0d834 ldr r2, [r0, #8]
0d836 orr.w r2, r2, #2097152 @ 0x200000
0d83a str r2, [r0, #8]
0d83c bx lr
0d83e movs r0, r0

; ===== fn_0800D840  (called 0 x)
0d840 push {r3, r4, r5, lr}
0d842 mov r4, r0
0d844 mov r5, r1
0d846 ldr r0, [pc, #48] ; =0x2000006D ram_2000006D
0d848 ldrb r0, [r0, #0]
0d84a add r3, pc, #48 @ (adr r3, 800d87c ) ; =0x0800D87C "appBtReSendCmdTimeOut %d"
0d84c movw r2, #530 @ 0x212
0d850 add r1, pc, #68 @ (adr r1, 800d898 ) ; =0x0800D898 "..\\src\\app\\app_bt.c"
0d852 str r0, [sp, #0]
0d854 movs r0, #0
0d856 bl fn_08009EBC
0d85a ldr r0, [pc, #28] ; =0x2000006D ram_2000006D
0d85c ldrb r0, [r0, #0]
0d85e cmp r0, #3
0d860 bge.n 800d86c 
0d862 movs r1, #0
0d864 ldr r0, [pc, #68] ; =0x2000005A ram_2000005A
0d866 ldrb r0, [r0, #0]
0d868 bl fn_0800A1F4
0d86c ldr r0, [pc, #8] ; =0x2000006D ram_2000006D
0d86e ldrb r0, [r0, #0]
0d870 adds r0, r0, #1
0d872 ldr r1, [pc, #4] ; =0x2000006D ram_2000006D
0d874 strb r0, [r1, #0]
0d876 pop {r3, r4, r5, pc}
0d878 lsls r5, r5, #1
0d87a movs r0, #0
0d87c strb r1, [r4, #1]
0d87e negs r0, r6
0d880 strh r4, [r6, r1]
0d882 strh r5, [r4, r5]
0d884 ldr r5, [r4, #100] @ 0x64
0d886 muls r4, r4
0d888 str r5, [r5, #68] @ 0x44
0d88a ldr r4, [r2, #20]
0d88c str r5, [r5, #84] @ 0x54
0d88e strb r7, [r1, #21]
0d890 movs r0, #116 @ 0x74
0d892 str r5, [r4, #64] @ 0x40
0d894 movs r0, r0
0d896 movs r0, r0
0d898 cmp r6, #46 @ 0x2e
0d89a strb r4, [r3, #13]
0d89c str r2, [r6, #52] @ 0x34
0d89e str r4, [r3, #20]
0d8a0 strb r0, [r6, #1]
0d8a2 str r4, [r3, #20]
0d8a4 strb r0, [r6, #1]
0d8a6 str r7, [r3, #36] @ 0x24
0d8a8 cmp r6, #116 @ 0x74
0d8aa lsls r3, r4, #1
0d8ac lsls r2, r3, #1
0d8ae movs r0, #0

; ===== fn_0800D8B0  (called 0 x)
0d8b0 push {r4, r5, r6, lr}
0d8b2 mov r4, r0
0d8b4 mov r5, r1
0d8b6 movs r1, #0
0d8b8 movs r0, #3
0d8ba bl fn_0800AFE0
0d8be movs r1, #0
0d8c0 movs r0, #1
0d8c2 bl fn_0800AFE0
0d8c6 movs r1, #0
0d8c8 mov r0, r1
0d8ca bl fn_0800AFE0
0d8ce movs r1, #0
0d8d0 movs r0, #2
0d8d2 bl fn_0800AFE0
0d8d6 bl fn_08008E94
0d8da bl fn_080090F0
0d8de bl fn_080089E8
0d8e2 bl fn_08009868
0d8e6 ldr r0, [pc, #20] ; =0x20000054 ram_20000054
0d8e8 ldrb r0, [r0, #0]
0d8ea bl fn_0800B88C
0d8ee add r3, pc, #16 @ (adr r3, 800d900 ) ; =0x0800D900 "---APP Init Ok!---"
0d8f0 movs r2, #80 @ 0x50
0d8f2 add r1, pc, #32 @ (adr r1, 800d914 ) ; =0x0800D914 "..\\src\\app\\app.c"
0d8f4 movs r0, #1
0d8f6 bl fn_08009EBC
0d8fa pop {r4, r5, r6, pc}
0d8fc lsls r4, r2, #1
0d8fe movs r0, #0
0d900 cmp r5, #45 @ 0x2d
0d902 asrs r5, r5
0d904 str r0, [r2, r1]
0d906 ldr r1, [pc, #128] ; =0x5C081C60 
0d908 ldr r6, [r5, #20]
0d90a movs r0, #116 @ 0x74
0d90c ldr r7, [r1, #52] @ 0x34
0d90e cmp r5, #33 @ 0x21
0d910 cmp r5, #45 @ 0x2d
0d912 movs r0, r0
0d914 cmp r6, #46 @ 0x2e
0d916 strb r4, [r3, #13]
0d918 str r2, [r6, #52] @ 0x34
0d91a str r4, [r3, #20]
0d91c strb r0, [r6, #1]
0d91e str r4, [r3, #20]
0d920 strb r0, [r6, #1]
0d922 str r6, [r5, #48] @ 0x30
0d924 movs r0, r0
0d926 movs r0, r0

; ===== fn_0800D928  (called 0 x)
0d928 cbz r0, 800d930 
0d92a cmp r0, #4
0d92c bne.n 800d934 
0d92e b.n 800d932 
0d930 b.n 800d936 
0d932 b.n 800d936 
0d934 nop
0d936 nop
0d938 bx lr
0d93a movs r0, r0

; ===== fn_0800D93C  (called 0 x)
0d93c stmdb sp!, {r4, r5, r6, r7, r8, lr}
0d940 sub.w sp, sp, #1032 @ 0x408
0d944 mov r7, r0
0d946 mov r6, r1
0d948 movs r5, #0
0d94a movs r4, #0
0d94c mov r8, r4
0d94e ldr r0, [pc, #764] ; =0x20000059 ram_20000059
0d950 ldrb r0, [r0, #0]
0d952 bl fn_0800BAA0
0d956 movs r1, #3
0d958 movs r0, #1
0d95a bl fn_0800AE38
0d95e mov.w r1, #512 @ 0x200
0d962 add r0, sp, #520 @ 0x208
0d964 bl fn_08008246
0d968 mov.w r1, #512 @ 0x200
0d96c add r0, sp, #8
0d96e bl fn_08008246
0d972 mov r2, r6
0d974 mov r1, r7
0d976 add r0, sp, #520 @ 0x208
0d978 bl fn_08008214
0d97c b.n 800dbb6 
0d97e add r0, sp, #520 @ 0x208
0d980 ldrb r0, [r0, r4]
0d982 cmp r0, #2
0d984 bne.n 800d9e0 
0d986 add r1, sp, #520 @ 0x208
0d988 adds r0, r4, #1
0d98a ldrb r0, [r1, r0]
0d98c cmp r0, #7
0d98e bne.n 800d9e0 
0d990 movs r0, #0
0d992 ldr r1, [pc, #700] ; =0x2000006E ram_2000006E
0d994 strb r0, [r1, #0]
0d996 cmp r5, #5
0d998 ble.n 800d9ae 
0d99a subs r0, r5, #2
0d99c add r1, sp, #8
0d99e ldrb r0, [r1, r0]
0d9a0 cmp r0, #13
0d9a2 bne.n 800d9ae 
0d9a4 subs r0, r5, #1
0d9a6 ldrb r0, [r1, r0]
0d9a8 cmp r0, #10
0d9aa bne.n 800d9ae 
0d9ac b.n 800dbbe 
0d9ae adds r0, r4, #2
0d9b0 uxtb r4, r0
0d9b2 add r3, sp, #520 @ 0x208
0d9b4 ldrb r2, [r3, r4]
0d9b6 mov ip, r3
0d9b8 adds r3, r4, #1
0d9ba add.w r1, ip, r3
0d9be add r3, sp, #8
0d9c0 adds r0, r3, r5
0d9c2 bl fn_08008214
0d9c6 add r0, sp, #520 @ 0x208
0d9c8 ldrb r0, [r0, r4]
0d9ca add r0, r5
0d9cc uxth r5, r0
0d9ce add r0, sp, #520 @ 0x208
0d9d0 ldrb r0, [r0, r4]
0d9d2 add r0, r4
0d9d4 uxtb r4, r0
0d9d6 adds r0, r4, #1
0d9d8 uxtb r4, r0
0d9da mov.w r8, #1
0d9de b.n 800dbb6 
0d9e0 add r0, sp, #520 @ 0x208
0d9e2 ldrb r0, [r0, r4]
0d9e4 cmp r0, #2
0d9e6 bne.n 800da56 
0d9e8 add r1, sp, #520 @ 0x208
0d9ea adds r0, r4, #1
0d9ec ldrb r0, [r1, r0]
0d9ee cmp r0, #8
0d9f0 bne.n 800da56 
0d9f2 movs r0, #1
0d9f4 ldr r1, [pc, #600] ; =0x2000006E ram_2000006E
0d9f6 strb r0, [r1, #0]
0d9f8 cmp r5, #5
0d9fa ble.n 800da1e 
0d9fc subs r0, r5, #2
0d9fe add r1, sp, #8
0da00 ldrb r0, [r1, r0]
0da02 cmp r0, #13
0da04 bne.n 800da1e 
0da06 subs r0, r5, #1
0da08 ldrb r0, [r1, r0]
0da0a cmp r0, #10
0da0c bne.n 800da1e 
0da0e add r3, pc, #580 @ (adr r3, 800dc54 ) ; =0x0800DC54 "u16DataLen = %d"
0da10 movs r2, #209 @ 0xd1
0da12 add r1, pc, #592 @ (adr r1, 800dc64 ) ; =0x0800DC64 "..\\src\\app\\app_bt.c"
0da14 movs r0, #1
0da16 str r6, [sp, #0]
0da18 bl fn_08009EBC
0da1c b.n 800dbbe 
0da1e adds r0, r4, #2
0da20 uxtb r4, r0
0da22 add r3, sp, #520 @ 0x208
0da24 ldrb r3, [r3, r4]
0da26 subs r2, r3, #2
0da28 add.w ip, sp, #520 @ 0x208
0da2c adds r3, r4, #3
0da2e add.w r1, ip, r3
0da32 add r3, sp, #8
0da34 adds r0, r3, r5
0da36 bl fn_08008214
0da3a add r0, sp, #520 @ 0x208
0da3c ldrb r0, [r0, r4]
0da3e subs r0, r0, #2
0da40 add r0, r5
0da42 uxth r5, r0
0da44 add r0, sp, #520 @ 0x208
0da46 ldrb r0, [r0, r4]
0da48 add r0, r4
0da4a uxtb r4, r0
0da4c adds r0, r4, #1
0da4e uxtb r4, r0
0da50 mov.w r8, #1
0da54 b.n 800dbb6 
0da56 add r0, sp, #520 @ 0x208
0da58 ldrb r0, [r0, r4]
0da5a cmp r0, #2
0da5c bne.n 800db0e 
0da5e add r1, sp, #520 @ 0x208
0da60 adds r0, r4, #1
0da62 ldrb r0, [r1, r0]
0da64 cmp r0, #6
0da66 bne.n 800db0e 
0da68 adds r0, r4, #2
0da6a ldrb r0, [r1, r0]
0da6c cmp r0, #2
0da6e bne.n 800dabc 
0da70 adds r0, r4, #3
0da72 ldrb r0, [r1, r0]
0da74 cmp r0, #5
0da76 beq.n 800da80 
0da78 adds r0, r4, #3
0da7a ldrb r0, [r1, r0]
0da7c cmp r0, #9
0da7e bne.n 800dabc 
0da80 adds r0, r4, #2
0da82 uxtb r4, r0
0da84 add r3, sp, #520 @ 0x208
0da86 ldrb r2, [r3, r4]
0da88 mov ip, r3
0da8a adds r3, r4, #1
0da8c add.w r1, ip, r3
0da90 add r3, sp, #8
0da92 adds r0, r3, r5
0da94 bl fn_08008214
0da98 add r0, sp, #520 @ 0x208
0da9a ldrb r0, [r0, r4]
0da9c add r0, r5
0da9e uxth r5, r0
0daa0 adds r0, r4, #1
0daa2 uxtb r4, r0
0daa4 adds r0, r4, r5
0daa6 uxtb r4, r0
0daa8 ldr r0, [pc, #460] ; =0x20000068 ram_20000068
0daaa ldr r0, [r0, #0]
0daac cmp r0, #0
0daae beq.n 800db0c 
0dab0 mov r1, r5
0dab2 add r0, sp, #8
0dab4 ldr r2, [pc, #448] ; =0x20000068 ram_20000068
0dab6 ldr r2, [r2, #0]
0dab8 blx r2
0daba b.n 800db0c 
0dabc add r1, sp, #520 @ 0x208
0dabe adds r0, r4, #2
0dac0 ldrb r0, [r1, r0]
0dac2 cmp r0, #3
0dac4 bne.n 800daee 
0dac6 adds r0, r4, #3
0dac8 ldrb r0, [r1, r0]
0daca cmp r0, #103 @ 0x67
0dacc bne.n 800daee 
0dace adds r0, r4, #5
0dad0 ldrb r0, [r1, r0]
0dad2 sxtb r0, r0
0dad4 ldr r1, [pc, #420] ; =0x2000006F ram_2000006F
0dad6 strb r0, [r1, #0]
0dad8 mov r0, r1
0dada ldrsb.w r0, [r0]
0dade add r3, pc, #416 @ (adr r3, 800dc80 ) ; =0x0800DC80 "bt rssi %d"
0dae0 movs r2, #239 @ 0xef
0dae2 add r1, pc, #384 @ (adr r1, 800dc64 ) ; =0x0800DC64 "..\\src\\app\\app_bt.c"
0dae4 str r0, [sp, #0]
0dae6 movs r0, #1
0dae8 bl fn_08009EBC
0daec b.n 800db0c 
0daee add r1, sp, #520 @ 0x208
0daf0 adds r0, r4, #2
0daf2 ldrb r0, [r1, r0]
0daf4 cmp r0, #2
0daf6 bne.n 800db0c 
0daf8 adds r0, r4, #3
0dafa ldrb r0, [r1, r0]
0dafc cmp r0, #103 @ 0x67
0dafe bne.n 800db0c 
0db00 add r3, pc, #392 @ (adr r3, 800dc8c ) ; =0x0800DC8C "bt is disconnect!"
0db02 movs r2, #243 @ 0xf3
0db04 add r1, pc, #348 @ (adr r1, 800dc64 ) ; =0x0800DC64 "..\\src\\app\\app_bt.c"
0db06 movs r0, #1
0db08 bl fn_08009EBC
0db0c b.n 800dbbe 
0db0e add r0, sp, #520 @ 0x208
0db10 ldrb r0, [r0, r4]
0db12 cmp r0, #2
0db14 bne.n 800db6e 
0db16 add r1, sp, #520 @ 0x208
0db18 adds r0, r4, #1
0db1a ldrb r0, [r1, r0]
0db1c cbz r0, 800db26 
0db1e adds r0, r4, #1
0db20 ldrb r0, [r1, r0]
0db22 cmp r0, #2
0db24 bne.n 800db6e 
0db26 movs r0, #1
0db28 ldr r1, [pc, #372] ; =0x20000058 ram_20000058
0db2a strb r0, [r1, #0]
0db2c add r1, sp, #520 @ 0x208
0db2e adds r0, r4, #1
0db30 ldrb r0, [r1, r0]
0db32 cbnz r0, 800db46 
0db34 movs r0, #0
0db36 ldr r1, [pc, #280] ; =0x2000006E ram_2000006E
0db38 strb r0, [r1, #0]
0db3a add r3, pc, #360 @ (adr r3, 800dca4 ) ; =0x0800DCA4 "---bt is online---"
0db3c movs r2, #254 @ 0xfe
0db3e add r1, pc, #292 @ (adr r1, 800dc64 ) ; =0x0800DC64 "..\\src\\app\\app_bt.c"
0db40 bl fn_08009EBC
0db44 b.n 800db64 
0db46 add r1, sp, #520 @ 0x208
0db48 adds r0, r4, #1
0db4a ldrb r0, [r1, r0]
0db4c cmp r0, #2
0db4e bne.n 800db64 
0db50 movs r0, #1
0db52 ldr r1, [pc, #252] ; =0x2000006E ram_2000006E
0db54 strb r0, [r1, #0]
0db56 add r3, pc, #352 @ (adr r3, 800dcb8 ) ; =0x0800DCB8 "---ble is online---"
0db58 movw r2, #259 @ 0x103
0db5c add r1, pc, #260 @ (adr r1, 800dc64 ) ; =0x0800DC64 "..\\src\\app\\app_bt.c"
0db5e movs r0, #0
0db60 bl fn_08009EBC
0db64 movs r1, #1
0db66 mov r0, r1
0db68 bl fn_0800AFE0
0db6c b.n 800dbbe 
0db6e add r0, sp, #520 @ 0x208
0db70 ldrb r0, [r0, r4]
0db72 cmp r0, #2
0db74 bne.n 800dba4 
0db76 add r1, sp, #520 @ 0x208
0db78 adds r0, r4, #1
0db7a ldrb r0, [r1, r0]
0db7c cmp r0, #3
0db7e beq.n 800db88 
0db80 adds r0, r4, #1
0db82 ldrb r0, [r1, r0]
0db84 cmp r0, #5
0db86 bne.n 800dba4 
0db88 movs r0, #0
0db8a ldr r1, [pc, #276] ; =0x20000058 ram_20000058
0db8c strb r0, [r1, #0]
0db8e add r3, pc, #316 @ (adr r3, 800dccc ) ; =0x0800DCCC "---bt is offline---"
0db90 movw r2, #269 @ 0x10d
0db94 add r1, pc, #204 @ (adr r1, 800dc64 ) ; =0x0800DC64 "..\\src\\app\\app_bt.c"
0db96 bl fn_08009EBC
0db9a movs r1, #0
0db9c movs r0, #1
0db9e bl fn_0800AFE0
0dba2 b.n 800dbbe 
0dba4 add r3, pc, #312 @ (adr r3, 800dce0 ) ; =0x0800DCE0 "u8ReadLen00 = %d"
0dba6 mov.w r2, #276 @ 0x114
0dbaa add r1, pc, #184 @ (adr r1, 800dc64 ) ; =0x0800DC64 "..\\src\\app\\app_bt.c"
0dbac movs r0, #0
0dbae str r4, [sp, #0]
0dbb0 bl fn_08009EBC
0dbb4 b.n 800dbbe 
0dbb6 subs r0, r6, #1
0dbb8 cmp r0, r4
0dbba bgt.w 800d97e 
0dbbe nop
0dbc0 ldr r0, [pc, #304] ; =0x20000064 ram_20000064
0dbc2 ldr r0, [r0, #0]
0dbc4 cbz r0, 800dc1a 
0dbc6 cmp.w r8, #1
0dbca bne.n 800dc1a 
0dbcc movs r0, #0
0dbce bl fn_08009230
0dbd2 movs r0, #0
0dbd4 bl fn_08009088
0dbd8 mov r1, r5
0dbda add r0, sp, #8
0dbdc ldr r2, [pc, #276] ; =0x20000064 ram_20000064
0dbde ldr r2, [r2, #0]
0dbe0 blx r2
0dbe2 add r1, pc, #276 @ (adr r1, 800dcf8 ) ; =0x0800DCF8 "Update"
0dbe4 add r0, sp, #8
0dbe6 bl fn_0800825C
0dbea cbz r0, 800dbf4 
0dbec mov r1, r5
0dbee add r0, sp, #8
0dbf0 bl fn_0800E1B0
0dbf4 cmp r5, #128 @ 0x80
0dbf6 bge.n 800dc1a 
0dbf8 mov r3, r5
0dbfa add r2, sp, #8
0dbfc mov.w r1, #512 @ 0x200
0dc00 add r0, sp, #520 @ 0x208
0dc02 bl fn_0800C390
0dc06 add r0, sp, #520 @ 0x208
0dc08 add r3, pc, #244 @ (adr r3, 800dd00 ) ; =0x0800DD00 "Rcv bt data: len = %d, %s"
0dc0a movw r2, #293 @ 0x125
0dc0e add r1, pc, #84 @ (adr r1, 800dc64 ) ; =0x0800DC64 "..\\src\\app\\app_bt.c"
0dc10 strd r5, r0, [sp]
0dc14 movs r0, #1
0dc16 bl fn_08009EBC
0dc1a cmp r5, #128 @ 0x80
0dc1c bge.n 800dc44 
0dc1e mov.w r1, #256 @ 0x100
0dc22 add r0, sp, #520 @ 0x208
0dc24 bl fn_08008246
0dc28 mov r3, r6
0dc2a mov r2, r7
0dc2c mov.w r1, #512 @ 0x200
0dc30 add r0, sp, #520 @ 0x208
0dc32 bl fn_0800C390
0dc36 add r3, sp, #520 @ 0x208
0dc38 mov.w r2, #300 @ 0x12c
0dc3c add r1, pc, #36 @ (adr r1, 800dc64 ) ; =0x0800DC64 "..\\src\\app\\app_bt.c"
0dc3e movs r0, #1
0dc40 bl fn_08009EBC
0dc44 add.w sp, sp, #1032 @ 0x408
0dc48 ldmia.w sp!, {r4, r5, r6, r7, r8, pc}
0dc4c lsls r1, r3, #1
0dc4e movs r0, #0
0dc50 lsls r6, r5, #1
0dc52 movs r0, #0
0dc54 adds r1, #117 @ 0x75
0dc56 add r6, r6
0dc58 strb r1, [r4, #17]
0dc5a ldr r4, [pc, #388] ; =0xBF0000C7 
0dc5c ldr r5, [r4, #100] @ 0x64
0dc5e subs r5, #32
0dc60 movs r5, #32
0dc62 lsls r4, r4, #1
0dc64 cmp r6, #46 @ 0x2e
0dc66 strb r4, [r3, #13]
0dc68 str r2, [r6, #52] @ 0x34
0dc6a str r4, [r3, #20]
0dc6c strb r0, [r6, #1]
0dc6e str r4, [r3, #20]
0dc70 strb r0, [r6, #1]
0dc72 str r7, [r3, #36] @ 0x24
0dc74 cmp r6, #116 @ 0x74
0dc76 lsls r3, r4, #1
0dc78 lsls r0, r5, #1
0dc7a movs r0, #0
0dc7c lsls r7, r5, #1
0dc7e movs r0, #0
0dc80 strb r2, [r4, #17]
0dc82 strb r0, [r4, #8]
0dc84 strb r3, [r6, #13]
0dc86 movs r0, #105 @ 0x69
0dc88 str r5, [r4, #64] @ 0x40
0dc8a movs r0, r0
0dc8c strb r2, [r4, #17]
0dc8e ldr r0, [r4, #16]
0dc90 movs r0, #115 @ 0x73
0dc92 ldr r4, [r4, #20]
0dc94 str r3, [r6, #52] @ 0x34
0dc96 ldr r7, [r5, #100] @ 0x64
0dc98 str r6, [r5, #84] @ 0x54
0dc9a strb r3, [r4, #17]
0dc9c movs r1, r4
0dc9e movs r0, r0
0dca0 lsls r0, r3, #1
0dca2 movs r0, #0
0dca4 cmp r5, #45 @ 0x2d
0dca6 str r5, [r5, #32]
0dca8 movs r0, #116 @ 0x74
0dcaa strb r1, [r5, #13]
0dcac ldr r0, [r4, #112] @ 0x70
0dcae ldr r6, [r5, #68] @ 0x44
0dcb0 ldr r1, [r5, #100] @ 0x64
0dcb2 cmp r5, #101 @ 0x65
0dcb4 cmp r5, #45 @ 0x2d
0dcb6 movs r0, r0
0dcb8 cmp r5, #45 @ 0x2d
0dcba str r5, [r5, #32]
0dcbc str r4, [r5, #84] @ 0x54
0dcbe ldr r0, [r4, #16]
0dcc0 movs r0, #115 @ 0x73
0dcc2 ldr r7, [r5, #100] @ 0x64
0dcc4 ldr r4, [r5, #20]
0dcc6 str r6, [r5, #84] @ 0x54
0dcc8 cmp r5, #45 @ 0x2d
0dcca movs r5, r5
0dccc cmp r5, #45 @ 0x2d
0dcce str r5, [r5, #32]
0dcd0 movs r0, #116 @ 0x74
0dcd2 strb r1, [r5, #13]
0dcd4 ldr r0, [r4, #112] @ 0x70
0dcd6 str r6, [r4, #100] @ 0x64
0dcd8 ldr r4, [r5, #20]
0dcda str r6, [r5, #84] @ 0x54
0dcdc cmp r5, #45 @ 0x2d
0dcde movs r5, r5
0dce0 subs r0, #117 @ 0x75
0dce2 str r2, [r2, #84] @ 0x54
0dce4 str r1, [r4, #68] @ 0x44
0dce6 str r4, [r1, #84] @ 0x54
0dce8 adds r0, #110 @ 0x6e
0dcea movs r0, #48 @ 0x30
0dcec movs r0, #61 @ 0x3d
0dcee str r5, [r4, #64] @ 0x40
0dcf0 movs r0, r0
0dcf2 movs r0, r0
0dcf4 lsls r4, r4, #1
0dcf6 movs r0, #0
0dcf8 strb r5, [r2, #1]
0dcfa str r4, [r4, #20]
0dcfc str r4, [r6, #84] @ 0x54
0dcfe movs r0, r0
0dd00 str r2, [r2, #52] @ 0x34
0dd02 movs r0, #118 @ 0x76
0dd04 strb r2, [r4, #17]
0dd06 str r0, [r4, #64] @ 0x40
0dd08 strb r1, [r4, #17]
0dd0a subs r2, #97 @ 0x61
0dd0c ldr r0, [r4, #64] @ 0x40
0dd0e ldr r5, [r4, #100] @ 0x64
0dd10 subs r5, #32
0dd12 movs r5, #32
0dd14 cmp r4, #100 @ 0x64
0dd16 movs r5, #32
0dd18 lsls r3, r6, #1
0dd1a movs r0, r0

; ===== fn_0800DD1C  (called 0 x)
0dd1c stmdb sp!, {r4, r5, r6, r7, r8, lr}
0dd20 sub.w sp, sp, #744 @ 0x2e8
0dd24 mov r8, r0
0dd26 movs r4, #0
0dd28 movs r6, #0
0dd2a movs r7, #0
0dd2c movs r5, #0
0dd2e mov.w r1, #256 @ 0x100
0dd32 add r0, sp, #488 @ 0x1e8
0dd34 bl fn_08008246
0dd38 ldr r0, [pc, #668] ; =0x2000005C ram_2000005C
0dd3a ldr r0, [r0, #0]
0dd3c ldr r1, [pc, #668] ; =0x20000060 ram_20000060
0dd3e ldr r1, [r1, #0]
0dd40 cmp r0, r1
0dd42 bcs.n 800dd90 
0dd44 ldr r0, [pc, #664] ; =0x08018B9C rom_08018B9C
0dd46 ldr r1, [pc, #656] ; =0x2000005C ram_2000005C
0dd48 ldr r1, [r1, #0]
0dd4a ldrb r6, [r0, r1]
0dd4c ldr r0, [pc, #648] ; =0x2000005C ram_2000005C
0dd4e ldr r0, [r0, #0]
0dd50 adds r0, r0, #1
0dd52 ldr r1, [pc, #644] ; =0x2000005C ram_2000005C
0dd54 str r0, [r1, #0]
0dd56 ldr r0, [pc, #648] ; =0x08018B9C rom_08018B9C
0dd58 mov r2, r1
0dd5a ldr r2, [r2, #0]
0dd5c adds r1, r0, r2
0dd5e mov r2, r6
0dd60 add r0, sp, #488 @ 0x1e8
0dd62 bl fn_08008214
0dd66 ldr r0, [pc, #624] ; =0x2000005C ram_2000005C
0dd68 ldr r0, [r0, #0]
0dd6a add r0, r6
0dd6c ldr r1, [pc, #616] ; =0x2000005C ram_2000005C
0dd6e str r0, [r1, #0]
0dd70 nop
0dd72 b.n 800dd84 
0dd74 add r0, sp, #488 @ 0x1e8
0dd76 adds r1, r0, r7
0dd78 movs r2, #1
0dd7a movs r0, #3
0dd7c bl fn_0800A924
0dd80 adds r0, r7, #1
0dd82 uxth r7, r0
0dd84 cmp r7, r6
0dd86 blt.n 800dd74 
0dd88 movs r0, #0
0dd8a ldr r1, [pc, #600] ; =0x2000006C ram_2000006C
0dd8c strb r0, [r1, #0]
0dd8e b.n 800dfc8 
0dd90 movs r1, #116 @ 0x74
0dd92 add r0, sp, #116 @ 0x74
0dd94 bl fn_08008246
0dd98 mov r0, sp
0dd9a bl fn_08008DF8
0dd9e movs r2, #116 @ 0x74
0dda0 mov r1, sp
0dda2 add r0, sp, #116 @ 0x74
0dda4 bl fn_08008214
0dda8 mov.w r1, #256 @ 0x100
0ddac add r0, sp, #488 @ 0x1e8
0ddae bl fn_08008246
0ddb2 movs r4, #0
0ddb4 movs r2, #1
0ddb6 mov r1, r4
0ddb8 adds r4, r4, #1
0ddba add r0, sp, #488 @ 0x1e8
0ddbc strb r2, [r0, r1]
0ddbe ldr r0, [pc, #552] ; =0x0801B32B fn_0801B32A
0ddc0 ldr r1, [pc, #544] ; =0x2000006C ram_2000006C
0ddc2 ldrb r1, [r1, #0]
0ddc4 ldrb r2, [r0, r1]
0ddc6 mov r1, r4
0ddc8 adds r4, r4, #1
0ddca add r0, sp, #488 @ 0x1e8
0ddcc strb r2, [r0, r1]
0ddce ldr r0, [pc, #532] ; =0x2000006C ram_2000006C
0ddd0 ldrb r0, [r0, #0]
0ddd2 cmp r0, #7
0ddd4 bcs.n 800ded4 
0ddd6 tbb [pc, r0]
0ddda lsls r4, r0, #20
0dddc ldr r4, [r1, r5]
0ddde strh r2, [r0, #28]
0dde0 lsls r7, r0, #3
0dde2 nop
0dde4 ldrb.w r0, [sp, #118] @ 0x76
0dde8 cmp r0, #90 @ 0x5a
0ddea bne.n 800de0c 
0ddec add r0, sp, #152 @ 0x98
0ddee bl fn_08008298
0ddf2 uxtb r2, r0
0ddf4 mov r0, r4
0ddf6 adds r1, r4, #1
0ddf8 uxtb r4, r1
0ddfa add r1, sp, #488 @ 0x1e8
0ddfc strb r2, [r1, r0]
0ddfe ldrb.w r2, [sp, #490] @ 0x1ea
0de02 adds r0, r1, r4
0de04 add r1, sp, #152 @ 0x98
0de06 bl fn_08008214
0de0a b.n 800de24 
0de0c movs r2, #10
0de0e mov r0, r4
0de10 adds r1, r4, #1
0de12 uxtb r4, r1
0de14 add r1, sp, #488 @ 0x1e8
0de16 strb r2, [r1, r0]
0de18 ldrb.w r2, [sp, #490] @ 0x1ea
0de1c adds r0, r1, r4
0de1e add r1, pc, #460 @ (adr r1, 800dfec ) ; =0x0800DFEC "PandaBrain"
0de20 bl fn_08008214
0de24 ldr r0, [pc, #444] ; =0x2000006C ram_2000006C
0de26 ldrb r0, [r0, #0]
0de28 cmp r0, #1
0de2a bne.n 800de70 
0de2c add r0, sp, #488 @ 0x1e8
0de2e bl fn_08008298
0de32 subs r0, r0, #3
0de34 uxtb r4, r0
0de36 cmp r4, #13
0de38 bge.n 800de58 
0de3a adds r0, r4, #3
0de3c uxtb r0, r0
0de3e strb.w r0, [sp, #490] @ 0x1ea
0de42 movs r1, #66 @ 0x42
0de44 adds r0, r4, #3
0de46 add r2, sp, #488 @ 0x1e8
0de48 strb r1, [r2, r0]
0de4a movs r1, #76 @ 0x4c
0de4c adds r0, r4, #4
0de4e strb r1, [r2, r0]
0de50 movs r1, #69 @ 0x45
0de52 adds r0, r4, #5
0de54 strb r1, [r2, r0]
0de56 b.n 800de70 
0de58 movs r0, #16
0de5a strb.w r0, [sp, #490] @ 0x1ea
0de5e movs r0, #66 @ 0x42
0de60 strb.w r0, [sp, #504] @ 0x1f8
0de64 movs r0, #76 @ 0x4c
0de66 strb.w r0, [sp, #505] @ 0x1f9
0de6a movs r0, #69 @ 0x45
0de6c strb.w r0, [sp, #506] @ 0x1fa
0de70 b.n 800df84 
0de72 movs r2, #1
0de74 mov r0, r4
0de76 adds r1, r4, #1
0de78 uxtb r4, r1
0de7a add r1, sp, #488 @ 0x1e8
0de7c strb r2, [r1, r0]
0de7e movs r2, #0
0de80 mov r0, r4
0de82 adds r1, r4, #1
0de84 uxtb r4, r1
0de86 add r1, sp, #488 @ 0x1e8
0de88 strb r2, [r1, r0]
0de8a b.n 800df84 
0de8c movs r2, #4
0de8e mov r0, r4
0de90 adds r1, r4, #1
0de92 uxtb r4, r1
0de94 add r1, sp, #488 @ 0x1e8
0de96 strb r2, [r1, r0]
0de98 ldrb.w r0, [sp, #119] @ 0x77
0de9c cmp r0, #90 @ 0x5a
0de9e bne.n 800dea8 
0dea0 ldr r0, [sp, #168] @ 0xa8
0dea2 str.w r0, [sp, #491] @ 0x1eb
0dea6 b.n 800dedc 
0dea8 movs r2, #49 @ 0x31
0deaa mov r0, r4
0deac adds r1, r4, #1
0deae uxtb r4, r1
0deb0 add r1, sp, #488 @ 0x1e8
0deb2 strb r2, [r1, r0]
0deb4 movs r2, #50 @ 0x32
0deb6 mov r0, r4
0deb8 adds r1, r4, #1
0deba uxtb r4, r1
0debc add r1, sp, #488 @ 0x1e8
0debe strb r2, [r1, r0]
0dec0 movs r2, #51 @ 0x33
0dec2 mov r0, r4
0dec4 adds r1, r4, #1
0dec6 uxtb r4, r1
0dec8 add r1, sp, #488 @ 0x1e8
0deca strb r2, [r1, r0]
0decc movs r2, #52 @ 0x34
0dece mov r0, r4
0ded0 adds r1, r4, #1
0ded2 b.n 800ded6 
0ded4 b.n 800df82 
0ded6 uxtb r4, r1
0ded8 add r1, sp, #488 @ 0x1e8
0deda strb r2, [r1, r0]
0dedc b.n 800df84 
0dede nop
0dee0 movs r2, #6
0dee2 mov r0, r4
0dee4 adds r1, r4, #1
0dee6 uxtb r4, r1
0dee8 add r1, sp, #488 @ 0x1e8
0deea strb r2, [r1, r0]
0deec ldr r0, [pc, #264] ; =0x1FFFF7E8 UID
0deee ldr r0, [r0, #0]
0def0 ldr r1, [pc, #240] ; =0x2000006C ram_2000006C
0def2 ldrb r1, [r1, #0]
0def4 adds r5, r0, r1
0def6 ldr r0, [pc, #236] ; =0x2000006C ram_2000006C
0def8 ldrb r0, [r0, #0]
0defa cmp r0, #4
0defc bne.n 800df22 
0defe uxtb r1, r5
0df00 ubfx r2, r5, #8, #8
0df04 ubfx r3, r5, #16, #8
0df08 lsrs r0, r5, #24
0df0a strd r3, r2, [sp, #4]
0df0e str r1, [sp, #12]
0df10 str r0, [sp, #0]
0df12 add r3, pc, #232 @ (adr r3, 800dffc ) ; =0x0800DFFC "BT_MAC=24:06:%.2X:%.2X:%.2X:%.2X"
0df14 mov.w r2, #482 @ 0x1e2
0df18 add r1, pc, #260 @ (adr r1, 800e020 ) ; =0x0800E020 "..\\src\\app\\app_bt.c"
0df1a movs r0, #1
0df1c bl fn_08009EBC
0df20 b.n 800df44 
0df22 uxtb r2, r5
0df24 ubfx r1, r5, #8, #8
0df28 ubfx r3, r5, #16, #8
0df2c lsrs r0, r5, #24
0df2e strd r3, r1, [sp, #4]
0df32 str r2, [sp, #12]
0df34 str r0, [sp, #0]
0df36 add r3, pc, #252 @ (adr r3, 800e034 ) ; =0x0800E034 "BLE_MAC=24:06:%.2X:%.2X:%.2X:%.2X"
0df38 movw r2, #487 @ 0x1e7
0df3c add r1, pc, #224 @ (adr r1, 800e020 ) ; =0x0800E020 "..\\src\\app\\app_bt.c"
0df3e movs r0, #1
0df40 bl fn_08009EBC
0df44 add r0, sp, #488 @ 0x1e8
0df46 add r0, r4
0df48 str r5, [r0, #0]
0df4a adds r0, r4, #4
0df4c uxtb r4, r0
0df4e movs r2, #17
0df50 mov r0, r4
0df52 adds r1, r4, #1
0df54 uxtb r4, r1
0df56 add r1, sp, #488 @ 0x1e8
0df58 strb r2, [r1, r0]
0df5a movs r2, #37 @ 0x25
0df5c mov r0, r4
0df5e adds r1, r4, #1
0df60 uxtb r4, r1
0df62 add r1, sp, #488 @ 0x1e8
0df64 strb r2, [r1, r0]
0df66 b.n 800df84 
0df68 movs r2, #1
0df6a mov r0, r4
0df6c adds r1, r4, #1
0df6e uxtb r4, r1
0df70 add r1, sp, #488 @ 0x1e8
0df72 strb r2, [r1, r0]
0df74 movs r2, #7
0df76 mov r0, r4
0df78 adds r1, r4, #1
0df7a uxtb r4, r1
0df7c add r1, sp, #488 @ 0x1e8
0df7e strb r2, [r1, r0]
0df80 b.n 800df84 
0df82 nop
0df84 nop
0df86 ldr r0, [pc, #92] ; =0x2000006C ram_2000006C
0df88 ldrb r0, [r0, #0]
0df8a add r3, pc, #204 @ (adr r3, 800e058 ) ; =0x0800E058 "\n\r-----Send---%d---\n\r"
0df8c movw r2, #505 @ 0x1f9
0df90 add r1, pc, #140 @ (adr r1, 800e020 ) ; =0x0800E020 "..\\src\\app\\app_bt.c"
0df92 str r0, [sp, #0]
0df94 movs r0, #0
0df96 bl fn_08009EBC
0df9a ldrb.w r0, [sp, #490] @ 0x1ea
0df9e adds r0, r0, #3
0dfa0 uxtb r4, r0
0dfa2 mov r2, r4
0dfa4 add r1, sp, #488 @ 0x1e8
0dfa6 movs r0, #3
0dfa8 bl fn_0800A924
0dfac mov r3, r4
0dfae add r2, sp, #488 @ 0x1e8
0dfb0 mov.w r1, #256 @ 0x100
0dfb4 add r0, sp, #232 @ 0xe8
0dfb6 bl fn_0800C390
0dfba add r3, sp, #232 @ 0xe8
0dfbc movw r2, #509 @ 0x1fd
0dfc0 add r1, pc, #92 @ (adr r1, 800e020 ) ; =0x0800E020 "..\\src\\app\\app_bt.c"
0dfc2 movs r0, #0
0dfc4 bl fn_08009EBC
0dfc8 ldr r0, [pc, #164] ; =0x20000059 ram_20000059
0dfca ldrb r0, [r0, #0]
0dfcc bl fn_0800B97C
0dfd0 add.w sp, sp, #744 @ 0x2e8
0dfd4 ldmia.w sp!, {r4, r5, r6, r7, r8, pc}
0dfd8 lsls r4, r3, #1
0dfda movs r0, #0
0dfdc lsls r0, r4, #1
0dfde movs r0, #0
0dfe0 ldrh r4, [r3, #28]
0dfe2 lsrs r1, r0, #32
0dfe4 lsls r4, r5, #1
0dfe6 movs r0, #0
0dfe8 cbz r3, 800e036 
0dfea lsrs r1, r0, #32
0dfec str r0, [r2, #20]
0dfee str r6, [r5, #68] @ 0x44
0dff0 negs r1, r4
0dff2 str r2, [r6, #20]
0dff4 ldr r1, [r5, #100] @ 0x64
0dff6 movs r0, r0
0dff8 @ <UNDEFINED> instruction: 0xf7e81fff
0dffc strb r2, [r0, r1]
0dffe ldr r5, [pc, #380] ; =0x615C6372 
0e000 muls r1, r0
0e002 adds r2, #61 @ 0x3d
0e004 subs r2, #52 @ 0x34
0e006 adds r6, #48 @ 0x30
0e008 movs r5, #58 @ 0x3a
0e00a adds r2, #46 @ 0x2e
0e00c subs r2, #88 @ 0x58
0e00e cmp r6, #37 @ 0x25
0e010 ldr r2, [r6, r0]
0e012 movs r5, #58 @ 0x3a
0e014 adds r2, #46 @ 0x2e
0e016 subs r2, #88 @ 0x58
0e018 cmp r6, #37 @ 0x25
0e01a ldr r2, [r6, r0]
0e01c movs r0, r0
0e01e movs r0, r0
0e020 cmp r6, #46 @ 0x2e
0e022 strb r4, [r3, #13]
0e024 str r2, [r6, #52] @ 0x34
0e026 str r4, [r3, #20]
0e028 strb r0, [r6, #1]
0e02a str r4, [r3, #20]
0e02c strb r0, [r6, #1]
0e02e str r7, [r3, #36] @ 0x24
0e030 cmp r6, #116 @ 0x74
0e032 lsls r3, r4, #1
0e034 ldr r4, [pc, #264] ; =0x20034919 
0e036 ldrsh r5, [r0, r5]
0e038 adcs r5, r1
0e03a subs r5, #67 @ 0x43
0e03c adds r4, #50 @ 0x32
0e03e adds r0, #58 @ 0x3a
0e040 subs r2, #54 @ 0x36
0e042 cmp r6, #37 @ 0x25
0e044 ldr r2, [r6, r0]
0e046 movs r5, #58 @ 0x3a
0e048 adds r2, #46 @ 0x2e
0e04a subs r2, #88 @ 0x58
0e04c cmp r6, #37 @ 0x25
0e04e ldr r2, [r6, r0]
0e050 movs r5, #58 @ 0x3a
0e052 adds r2, #46 @ 0x2e
0e054 lsls r0, r3, #1
0e056 movs r0, r0
0e058 lsrs r2, r1, #20
0e05a cmp r5, #45 @ 0x2d
0e05c cmp r5, #45 @ 0x2d
0e05e strh r5, [r5, r4]
0e060 ldr r5, [r4, #100] @ 0x64
0e062 cmp r5, #100 @ 0x64
0e064 cmp r5, #45 @ 0x2d
0e066 str r5, [r4, #64] @ 0x40
0e068 cmp r5, #45 @ 0x2d
0e06a lsrs r5, r5, #8
0e06c movs r5, r1
0e06e movs r0, r0
0e070 lsls r1, r3, #1
0e072 movs r0, #0

; ===== fn_0800E074  (called 0 x)
0e074 push {r4, r5, lr}
0e076 sub sp, #260 @ 0x104
0e078 mov r5, r0
0e07a mov r4, r1
0e07c mov.w r1, #256 @ 0x100
0e080 add r0, sp, #4
0e082 bl fn_08008246
0e086 cmp r4, #8
0e088 bne.n 800e08c 
0e08a adds r5, r5, #1
0e08c mov.w r1, #256 @ 0x100
0e090 add r0, sp, #4
0e092 bl fn_08008246
0e096 mov r2, r4
0e098 mov r1, r5
0e09a add r0, sp, #4
0e09c bl fn_08008214
0e0a0 ldrb.w r0, [sp, #4]
0e0a4 cmp r0, #4
0e0a6 bne.n 800e0d2 
0e0a8 ldrb.w r0, [sp, #5]
0e0ac cmp r0, #14
0e0ae bne.n 800e0d2 
0e0b0 ldrb.w r0, [sp, #9]
0e0b4 cmp r0, #252 @ 0xfc
0e0b6 bne.n 800e0d2 
0e0b8 ldrb.w r0, [sp, #10]
0e0bc cbnz r0, 800e0d2 
0e0be movs r0, #0
0e0c0 ldr r1, [pc, #152] ; =0x2000006D ram_2000006D
0e0c2 strb r0, [r1, #0]
0e0c4 movs r1, #0
0e0c6 ldr r0, [pc, #152] ; =0x2000005A ram_2000005A
0e0c8 ldrb r0, [r0, #0]
0e0ca bl fn_0800A1F4
0e0ce add sp, #260 @ 0x104
0e0d0 pop {r4, r5, pc}
0e0d2 ldrb.w r0, [sp, #4]
0e0d6 cmp r0, #2
0e0d8 bne.n 800e158 
0e0da ldrb.w r0, [sp, #5]
0e0de cmp r0, #6
0e0e0 bne.n 800e158 
0e0e2 ldrb.w r0, [sp, #6]
0e0e6 cmp r0, #2
0e0e8 bne.n 800e158 
0e0ea ldr r0, [pc, #120] ; =0x0801B32B fn_0801B32A
0e0ec ldr r1, [pc, #120] ; =0x2000006C ram_2000006C
0e0ee ldrb r1, [r1, #0]
0e0f0 ldrb r0, [r0, r1]
0e0f2 ldrb.w r1, [sp, #7]
0e0f6 cmp r0, r1
0e0f8 bne.n 800e158 
0e0fa ldr r0, [pc, #104] ; =0x0801B32B fn_0801B32A
0e0fc ldr r1, [pc, #104] ; =0x2000006C ram_2000006C
0e0fe ldrb r1, [r1, #0]
0e100 ldrb r0, [r0, r1]
0e102 add r3, pc, #104 @ (adr r3, 800e16c ) ; =0x0800E16C "set ok %0x"
0e104 mov.w r2, #350 @ 0x15e
0e108 add r1, pc, #108 @ (adr r1, 800e178 ) ; =0x0800E178 "..\\src\\app\\app_bt.c"
0e10a str r0, [sp, #0]
0e10c movs r0, #1
0e10e bl fn_08009EBC
0e112 ldr r0, [pc, #84] ; =0x2000006C ram_2000006C
0e114 ldrb r0, [r0, #0]
0e116 adds r0, r0, #1
0e118 ldr r1, [pc, #76] ; =0x2000006C ram_2000006C
0e11a strb r0, [r1, #0]
0e11c mov r0, r1
0e11e ldrb r0, [r0, #0]
0e120 cmp r0, #7
0e122 bge.n 800e130 
0e124 movs r1, #0
0e126 ldr r0, [pc, #56] ; =0x2000005A ram_2000005A
0e128 ldrb r0, [r0, #0]
0e12a bl fn_0800A1F4
0e12e b.n 800e150 
0e130 add r3, pc, #88 @ (adr r3, 800e18c ) ; =0x0800E18C "BT Program is update ok!"
0e132 mov.w r2, #358 @ 0x166
0e136 add r1, pc, #64 @ (adr r1, 800e178 ) ; =0x0800E178 "..\\src\\app\\app_bt.c"
0e138 movs r0, #1
0e13a bl fn_08009EBC
0e13e movs r2, #0
0e140 ldr r1, [pc, #100] ; =0x0800D93D fn_0800D93C
0e142 movs r0, #3
0e144 bl fn_0800AA4C
0e148 ldr r0, [pc, #96] ; =0x20000059 ram_20000059
0e14a ldrb r0, [r0, #0]
0e14c bl fn_0800BAA0
0e150 movs r0, #0
0e152 ldr r1, [pc, #8] ; =0x2000006D ram_2000006D
0e154 strb r0, [r1, #0]
0e156 b.n 800e0ce 
0e158 nop
0e15a b.n 800e0ce 
0e15c lsls r5, r5, #1
0e15e movs r0, #0
0e160 lsls r2, r3, #1
0e162 movs r0, #0
0e164 cbz r3, 800e1b2 
0e166 lsrs r1, r0, #32
0e168 lsls r4, r5, #1
0e16a movs r0, #0
0e16c str r3, [r6, #84] @ 0x54
0e16e movs r0, #116 @ 0x74
0e170 ldr r7, [r5, #52] @ 0x34
0e172 movs r5, #32
0e174 ldrb r0, [r6, #0]
0e176 movs r0, r0
0e178 cmp r6, #46 @ 0x2e
0e17a strb r4, [r3, #13]
0e17c str r2, [r6, #52] @ 0x34
0e17e str r4, [r3, #20]
0e180 strb r0, [r6, #1]
0e182 str r4, [r3, #20]
0e184 strb r0, [r6, #1]
0e186 str r7, [r3, #36] @ 0x24
0e188 cmp r6, #116 @ 0x74
0e18a lsls r3, r4, #1
0e18c strb r2, [r0, r1]
0e18e str r0, [r4, r0]
0e190 ldr r2, [r6, #116] @ 0x74
0e192 strb r7, [r4, #9]
0e194 ldr r1, [r4, #84] @ 0x54
0e196 ldr r0, [r4, #16]
0e198 movs r0, #115 @ 0x73
0e19a strb r5, [r6, #1]
0e19c str r4, [r4, #20]
0e19e str r4, [r6, #84] @ 0x54
0e1a0 ldr r0, [r4, #112] @ 0x70
0e1a2 movs r1, #107 @ 0x6b
0e1a4 movs r0, r0
0e1a6 movs r0, r0
0e1a8 bls.n 800e226 
0e1aa lsrs r0, r0, #32
0e1ac lsls r1, r3, #1
0e1ae movs r0, #0

; ===== fn_0800E1B0  (called 1 x)
0e1b0 stmdb sp!, {r4, r5, r6, r7, r8, lr}
0e1b4 sub sp, #112 @ 0x70
0e1b6 mov r7, r0
0e1b8 mov r6, r1
0e1ba movs r5, #0
0e1bc mov r8, r5
0e1be movs r4, #0
0e1c0 movs r0, #0
0e1c2 str r0, [sp, #24]
0e1c4 str r0, [sp, #28]
0e1c6 str r0, [sp, #32]
0e1c8 mov r2, r6
0e1ca mov r1, r7
0e1cc add r0, sp, #48 @ 0x30
0e1ce bl fn_08008214
0e1d2 ldr r0, [pc, #364] ; =0x20000070 ram_20000070
0e1d4 ldrb r0, [r0, #0]
0e1d6 cbz r0, 800e1de 
0e1d8 add sp, #112 @ 0x70
0e1da ldmia.w sp!, {r4, r5, r6, r7, r8, pc}
0e1de movs r4, #0
0e1e0 b.n 800e296 
0e1e2 add r0, sp, #48 @ 0x30
0e1e4 ldrb r0, [r0, r4]
0e1e6 cmp r0, #32
0e1e8 beq.n 800e1f2 
0e1ea add r0, sp, #48 @ 0x30
0e1ec ldrb r0, [r0, r4]
0e1ee cmp r0, #44 @ 0x2c
0e1f0 bne.n 800e24e 
0e1f2 cmp r5, #4
0e1f4 bne.n 800e1f8 
0e1f6 b.n 800e29a 
0e1f8 cbnz r5, 800e20c 
0e1fa add r1, pc, #328 @ (adr r1, 800e344 ) ; =0x0800E344 "Update"
0e1fc add r0, sp, #36 @ 0x24
0e1fe bl fn_0800825C
0e202 cbnz r0, 800e244 
0e204 movs r0, #0
0e206 ldr r1, [pc, #312] ; =0x20000070 ram_20000070
0e208 strb r0, [r1, #0]
0e20a b.n 800e29a 
0e20c cmp r5, #1
0e20e bne.n 800e244 
0e210 add r1, pc, #312 @ (adr r1, 800e34c ) ; =0x0800E34C "app"
0e212 add r0, sp, #36 @ 0x24
0e214 bl fn_0800825C
0e218 cbnz r0, 800e222 
0e21a movs r0, #0
0e21c ldr r1, [pc, #288] ; =0x20000070 ram_20000070
0e21e strb r0, [r1, #0]
0e220 b.n 800e29a 
0e222 add r1, pc, #300 @ (adr r1, 800e350 ) ; =0x0800E350 "app1"
0e224 add r0, sp, #36 @ 0x24
0e226 bl fn_0800825C
0e22a cbz r0, 800e234 
0e22c movs r0, #1
0e22e ldr r1, [pc, #272] ; =0x20000070 ram_20000070
0e230 strb r0, [r1, #0]
0e232 b.n 800e244 
0e234 add r1, pc, #288 @ (adr r1, 800e358 ) ; =0x0800E358 "app2"
0e236 add r0, sp, #36 @ 0x24
0e238 bl fn_0800825C
0e23c cbz r0, 800e244 
0e23e movs r0, #2
0e240 ldr r1, [pc, #252] ; =0x20000070 ram_20000070
0e242 strb r0, [r1, #0]
0e244 mov.w r8, #0
0e248 adds r0, r5, #1
0e24a uxtb r5, r0
0e24c b.n 800e292 
0e24e cmp r5, #2
0e250 bge.n 800e266 
0e252 add r0, sp, #48 @ 0x30
0e254 ldrb r0, [r0, r4]
0e256 add r1, sp, #36 @ 0x24
0e258 strb.w r0, [r1, r8]
0e25c add.w r0, r8, #1
0e260 and.w r8, r0, #255 @ 0xff
0e264 b.n 800e292 
0e266 add r0, sp, #48 @ 0x30
0e268 ldrb r0, [r0, r4]
0e26a cmp r0, #48 @ 0x30
0e26c blt.n 800e292 
0e26e add r0, sp, #48 @ 0x30
0e270 ldrb r0, [r0, r4]
0e272 cmp r0, #57 @ 0x39
0e274 bgt.n 800e292 
0e276 add r0, sp, #48 @ 0x30
0e278 ldrb r0, [r0, r4]
0e27a subs r0, #48 @ 0x30
0e27c subs r1, r5, #2
0e27e add r2, sp, #24
0e280 ldr.w r1, [r2, r1, lsl #2]
0e284 movs r2, #10
0e286 mla r1, r2, r1, r0
0e28a subs r0, r5, #2
0e28c add r2, sp, #24
0e28e str.w r1, [r2, r0, lsl #2]
0e292 adds r0, r4, #1
0e294 uxtb r4, r0
0e296 cmp r4, r6
0e298 blt.n 800e1e2 
0e29a nop
0e29c ldr r0, [pc, #160] ; =0x20000070 ram_20000070
0e29e ldrb r0, [r0, #0]
0e2a0 cmp r0, #1
0e2a2 beq.n 800e2ac 
0e2a4 ldr r0, [pc, #152] ; =0x20000070 ram_20000070
0e2a6 ldrb r0, [r0, #0]
0e2a8 cmp r0, #2
0e2aa bne.n 800e33a 
0e2ac mov r0, sp
0e2ae bl fn_0800BF84
0e2b2 ldr r0, [pc, #140] ; =0x20000070 ram_20000070
0e2b4 ldrb r0, [r0, #0]
0e2b6 cmp r0, #1
0e2b8 bne.n 800e2ec 
0e2ba ldr r0, [sp, #0]
0e2bc cmp.w r0, #1515870810 @ 0x5a5a5a5a
0e2c0 beq.n 800e2d8 
0e2c2 ldr r0, [sp, #12]
0e2c4 cmp.w r0, #1515870810 @ 0x5a5a5a5a
0e2c8 bne.n 800e2d8 
0e2ca ldr r0, [pc, #148] ; =0x61707031 
0e2cc str r0, [sp, #0]
0e2ce ldr r0, [sp, #24]
0e2d0 str r0, [sp, #4]
0e2d2 ldr r0, [sp, #28]
0e2d4 str r0, [sp, #8]
0e2d6 b.n 800e316 
0e2d8 movs r0, #0
0e2da ldr r1, [pc, #100] ; =0x20000070 ram_20000070
0e2dc strb r0, [r1, #0]
0e2de add r3, pc, #132 @ (adr r3, 800e364 ) ; =0x0800E364 "APP1 is running, Can not update!"
0e2e0 movs r2, #125 @ 0x7d
0e2e2 add r1, pc, #164 @ (adr r1, 800e388 ) ; =0x0800E388 "..\\src\\app\\app_bt.c"
0e2e4 movs r0, #3
0e2e6 bl fn_08009EBC
0e2ea b.n 800e316 
0e2ec ldr r0, [sp, #12]
0e2ee cmp.w r0, #1515870810 @ 0x5a5a5a5a
0e2f2 beq.n 800e304 
0e2f4 ldr r0, [pc, #104] ; =0x61707031 
0e2f6 adds r0, r0, #1
0e2f8 str r0, [sp, #12]
0e2fa ldr r0, [sp, #24]
0e2fc str r0, [sp, #16]
0e2fe ldr r0, [sp, #28]
0e300 str r0, [sp, #20]
0e302 b.n 800e316 
0e304 movs r0, #0
0e306 ldr r1, [pc, #56] ; =0x20000070 ram_20000070
0e308 strb r0, [r1, #0]
0e30a add r3, pc, #144 @ (adr r3, 800e39c ) ; =0x0800E39C "APP2 is running, Can not update!"
0e30c movs r2, #139 @ 0x8b
0e30e add r1, pc, #120 @ (adr r1, 800e388 ) ; =0x0800E388 "..\\src\\app\\app_bt.c"
0e310 movs r0, #3
0e312 bl fn_08009EBC
0e316 ldr r0, [pc, #40] ; =0x20000070 ram_20000070
0e318 ldrb r0, [r0, #0]
0e31a cbz r0, 800e33a 
0e31c bl fn_0800C0A8
0e320 movs r0, #50 @ 0x32
0e322 bl fn_0800A6C0
0e326 ldr r0, [pc, #152] ; =0x2000006E ram_2000006E
0e328 ldrb r0, [r0, #0]
0e32a bl fn_0800C004
0e32e mov r0, sp
0e330 bl fn_0800BF98
0e334 movs r0, #3
0e336 bl fn_0800C174
0e33a nop
0e33c b.n 800e1d8 
0e33e movs r0, r0
0e340 lsls r0, r6, #1
0e342 movs r0, #0
0e344 strb r5, [r2, #1]
0e346 str r4, [r4, #20]
0e348 str r4, [r6, #84] @ 0x54
0e34a movs r0, r0
0e34c strb r1, [r4, #1]
0e34e lsls r0, r6, #1
0e350 strb r1, [r4, #1]
0e352 adds r1, #112 @ 0x70
0e354 movs r0, r0
0e356 movs r0, r0
0e358 strb r1, [r4, #1]
0e35a adds r2, #112 @ 0x70
0e35c movs r0, r0
0e35e movs r0, r0
0e360 strb r1, [r6, #0]
0e362 str r0, [r6, #20]
0e364 str r1, [r0, r1]
0e366 adds r1, #80 @ 0x50
0e368 ldr r0, [r4, #16]
0e36a movs r0, #115 @ 0x73
0e36c strb r2, [r6, #21]
0e36e ldr r6, [r5, #100] @ 0x64
0e370 ldr r1, [r5, #100] @ 0x64
0e372 cmp r4, #103 @ 0x67
0e374 orrs r0, r4
0e376 ldr r1, [r4, #100] @ 0x64
0e378 ldr r0, [r4, #96] @ 0x60
0e37a strb r7, [r5, #17]
0e37c strb r0, [r4, #20]
0e37e str r0, [r6, #68] @ 0x44
0e380 strb r1, [r4, #17]
0e382 movs r1, #101 @ 0x65
0e384 movs r0, r0
0e386 movs r0, r0
0e388 cmp r6, #46 @ 0x2e
0e38a strb r4, [r3, #13]
0e38c str r2, [r6, #52] @ 0x34
0e38e str r4, [r3, #20]
0e390 strb r0, [r6, #1]
0e392 str r4, [r3, #20]
0e394 strb r0, [r6, #1]
0e396 str r7, [r3, #36] @ 0x24
0e398 cmp r6, #116 @ 0x74
0e39a lsls r3, r4, #1
0e39c str r1, [r0, r1]
0e39e adds r2, #80 @ 0x50
0e3a0 ldr r0, [r4, #16]
0e3a2 movs r0, #115 @ 0x73
0e3a4 strb r2, [r6, #21]
0e3a6 ldr r6, [r5, #100] @ 0x64
0e3a8 ldr r1, [r5, #100] @ 0x64
0e3aa cmp r4, #103 @ 0x67
0e3ac orrs r0, r4
0e3ae ldr r1, [r4, #100] @ 0x64
0e3b0 ldr r0, [r4, #96] @ 0x60
0e3b2 strb r7, [r5, #17]
0e3b4 strb r0, [r4, #20]
0e3b6 str r0, [r6, #68] @ 0x44
0e3b8 strb r1, [r4, #17]
0e3ba movs r1, #101 @ 0x65
0e3bc movs r0, r0
0e3be movs r0, r0
0e3c0 lsls r6, r5, #1
0e3c2 movs r0, #0

; ===== fn_0800E3C4  (called 0 x)
0e3c4 push {r4, r5, r6, lr}
0e3c6 sub sp, #360 @ 0x168
0e3c8 mov r5, r0
0e3ca mov r6, r1
0e3cc movs r1, #128 @ 0x80
0e3ce add r0, sp, #232 @ 0xe8
0e3d0 bl fn_08008246
0e3d4 movs r4, #0
0e3d6 ldr r0, [pc, #228] ; =0x20000087 ram_20000087
0e3d8 ldrb r0, [r0, #0]
0e3da cmp r0, #0
0e3dc bne.n 800e4b6 
0e3de ldr r0, [pc, #224] ; =0x20000088 ram_20000088
0e3e0 ldrb r0, [r0, #0]
0e3e2 cmp r0, #4
0e3e4 beq.n 800e3ee 
0e3e6 ldr r0, [pc, #216] ; =0x20000088 ram_20000088
0e3e8 ldrb r0, [r0, #0]
0e3ea cmp r0, #5
0e3ec ble.n 800e47c 
0e3ee ldr r0, [pc, #212] ; =0x20000089 ram_20000089
0e3f0 ldrb r0, [r0, #0]
0e3f2 cmp r0, #12
0e3f4 beq.n 800e406 
0e3f6 add r1, pc, #208 @ (adr r1, 800e4c8 ) ; =0x0800E4C8 "AT+QICLOSE=0\r\n"
0e3f8 add r0, sp, #232 @ 0xe8
0e3fa bl fn_0800C990
0e3fe movs r0, #12
0e400 ldr r1, [pc, #192] ; =0x20000089 ram_20000089
0e402 strb r0, [r1, #0]
0e404 b.n 800e44a 
0e406 mov r0, sp
0e408 bl fn_08008DF8
0e40c movs r2, #116 @ 0x74
0e40e mov r1, sp
0e410 add r0, sp, #116 @ 0x74
0e412 bl fn_08008214
0e416 add.w r0, sp, #187 @ 0xbb
0e41a bl fn_0800C518
0e41e cbz r0, 800e432 
0e420 add.w r3, sp, #202 @ 0xca
0e424 add.w r2, sp, #187 @ 0xbb
0e428 add r1, pc, #172 @ (adr r1, 800e4d8 ) ; =0x0800E4D8 "AT+QIOPEN=1,0,"TCP","%s",%s,0,0\r\n"
0e42a add r0, sp, #232 @ 0xe8
0e42c bl fn_0800C990
0e430 b.n 800e43e 
0e432 add r3, pc, #200 @ (adr r3, 800e4fc ) ; =0x0800E4FC "9090"
0e434 add r2, pc, #204 @ (adr r2, 800e504 ) ; =0x0800E504 "118.89.111.211"
0e436 add r1, pc, #160 @ (adr r1, 800e4d8 ) ; =0x0800E4D8 "AT+QIOPEN=1,0,"TCP","%s",%s,0,0\r\n"
0e438 add r0, sp, #232 @ 0xe8
0e43a bl fn_0800C990
0e43e movs r0, #1
0e440 ldr r1, [pc, #124] ; =0x20000088 ram_20000088
0e442 strb r0, [r1, #0]
0e444 movs r0, #11
0e446 ldr r1, [pc, #124] ; =0x20000089 ram_20000089
0e448 strb r0, [r1, #0]
0e44a add r0, sp, #232 @ 0xe8
0e44c bl fn_08008298
0e450 uxth r4, r0
0e452 movs r0, #0
0e454 add r1, sp, #232 @ 0xe8
0e456 strb r0, [r1, r4]
0e458 movs r0, #1
0e45a ldr r1, [pc, #96] ; =0x20000087 ram_20000087
0e45c strb r0, [r1, #0]
0e45e mov r2, r4
0e460 add r1, sp, #232 @ 0xe8
0e462 movs r0, #4
0e464 bl fn_0800A924
0e468 add r0, sp, #232 @ 0xe8
0e46a add r3, pc, #168 @ (adr r3, 800e514 ) ; =0x0800E514 "reconect server , %s"
0e46c movw r2, #945 @ 0x3b1
0e470 add r1, pc, #184 @ (adr r1, 800e52c ) ; =0x0800E52C "..\\src\\app\\app_ec20.c"
0e472 str r0, [sp, #0]
0e474 movs r0, #1
0e476 bl fn_08009EBC
0e47a b.n 800e4b6 
0e47c movs r0, #1
0e47e ldr r1, [pc, #60] ; =0x20000087 ram_20000087
0e480 strb r0, [r1, #0]
0e482 movs r2, #8
0e484 add r1, pc, #188 @ (adr r1, 800e544 ) ; =0x0800E544 "AT+CSQ\r\n"
0e486 movs r0, #4
0e488 bl fn_0800A924
0e48c ldr r0, [pc, #192] ; =0x2000008B ram_2000008B
0e48e ldrb r0, [r0, #0]
0e490 cmp r0, #1
0e492 bne.n 800e4b6 
0e494 ldr r0, [pc, #188] ; =0x20000077 ram_20000077
0e496 ldrb r0, [r0, #0]
0e498 bl fn_0800BAA0
0e49c movw r1, #15000 @ 0x3a98
0e4a0 ldr r0, [pc, #176] ; =0x20000077 ram_20000077
0e4a2 ldrb r0, [r0, #0]
0e4a4 bl fn_0800B9D0
0e4a8 ldr r0, [pc, #168] ; =0x20000077 ram_20000077
0e4aa ldrb r0, [r0, #0]
0e4ac bl fn_0800B97C
0e4b0 movs r0, #0
0e4b2 ldr r1, [pc, #156] ; =0x2000008B ram_2000008B
0e4b4 strb r0, [r1, #0]
0e4b6 add sp, #360 @ 0x168
0e4b8 pop {r4, r5, r6, pc}
0e4ba movs r0, r0
0e4bc lsls r7, r0, #2
0e4be movs r0, #0
0e4c0 lsls r0, r1, #2
0e4c2 movs r0, #0
0e4c4 lsls r1, r1, #2
0e4c6 movs r0, #0
0e4c8 strb r1, [r0, r1]
0e4ca str r3, [r5, r4]
0e4cc muls r1, r1
0e4ce ldr r7, [pc, #304] ; =0x5508A911 
0e4d0 cmp r3, sl
0e4d2 adds r0, #61 @ 0x3d
0e4d4 lsrs r5, r1, #8
0e4d6 movs r0, r0
0e4d8 strb r1, [r0, r1]
0e4da str r3, [r5, r4]
0e4dc ldr r7, [pc, #292] ; =0x20044622 
0e4de cmp r0, sl
0e4e0 subs r5, #78 @ 0x4e
0e4e2 cmp r4, #49 @ 0x31
0e4e4 cmp r4, #48 @ 0x30
0e4e6 strb r2, [r4, r0]
0e4e8 str r3, [r0, r1]
0e4ea cmp r4, #34 @ 0x22
0e4ec movs r5, #34 @ 0x22
0e4ee movs r2, #115 @ 0x73
0e4f0 movs r5, #44 @ 0x2c
0e4f2 cmp r4, #115 @ 0x73
0e4f4 cmp r4, #48 @ 0x30
0e4f6 lsrs r0, r6, #20
0e4f8 movs r2, r1
0e4fa movs r0, r0
0e4fc adds r0, #57 @ 0x39
0e4fe adds r0, #57 @ 0x39
0e500 movs r0, r0
0e502 movs r0, r0
0e504 adds r1, #49 @ 0x31
0e506 cmp r6, #56 @ 0x38
0e508 subs r1, #56 @ 0x38
0e50a adds r1, #46 @ 0x2e
0e50c adds r1, #49 @ 0x31
0e50e adds r2, #46 @ 0x2e
0e510 adds r1, #49 @ 0x31
0e512 movs r0, r0
0e514 str r2, [r6, #84] @ 0x54
0e516 ldr r3, [r4, #116] @ 0x74
0e518 str r6, [r5, #84] @ 0x54
0e51a strb r3, [r4, #17]
0e51c strb r0, [r4, #12]
0e51e strb r5, [r4, #9]
0e520 str r6, [r6, #84] @ 0x54
0e522 movs r0, #114 @ 0x72
0e524 movs r0, #44 @ 0x2c
0e526 strb r5, [r4, #12]
0e528 movs r0, r0
0e52a movs r0, r0
0e52c cmp r6, #46 @ 0x2e
0e52e strb r4, [r3, #13]
0e530 str r2, [r6, #52] @ 0x34
0e532 str r4, [r3, #20]
0e534 strb r0, [r6, #1]
0e536 str r4, [r3, #20]
0e538 strb r0, [r6, #1]
0e53a str r7, [r3, #84] @ 0x54
0e53c adds r2, #99 @ 0x63
0e53e cmp r6, #48 @ 0x30
0e540 lsls r3, r4, #1
0e542 movs r0, r0
0e544 strb r1, [r0, r1]
0e546 orrs r3, r5
0e548 str r3, [r2, r5]
0e54a lsrs r5, r1, #8
0e54c movs r0, r0
0e54e movs r0, r0
0e550 lsls r3, r1, #2
0e552 movs r0, #0
0e554 lsls r7, r6, #1
0e556 movs r0, #0

; ===== fn_0800E558  (called 0 x)
0e558 push {r4, r5, lr}
0e55a sub sp, #28
0e55c mov r5, r0
0e55e movs r4, #0
0e560 movs r2, #24
0e562 add r1, pc, #52 @ (adr r1, 800e598 ) ; =0x0800E598 "AT+QGPSGNMEA="RMC"\r\n"
0e564 add r0, sp, #4
0e566 bl fn_08008214
0e56a add r0, sp, #4
0e56c bl fn_08008298
0e570 uxtb r4, r0
0e572 ldr r0, [pc, #60] ; =0x20000087 ram_20000087
0e574 ldrb r0, [r0, #0]
0e576 cbnz r0, 800e58a 
0e578 movs r0, #1
0e57a ldr r1, [pc, #52] ; =0x20000087 ram_20000087
0e57c strb r0, [r1, #0]
0e57e mov r2, r4
0e580 add r1, sp, #4
0e582 movs r0, #4
0e584 bl fn_0800A924
0e588 b.n 800e594 
0e58a movs r1, #0
0e58c ldr r0, [pc, #36] ; =0x20000079 ram_20000079
0e58e ldrb r0, [r0, #0]
0e590 bl fn_0800A1F4
0e594 add sp, #28
0e596 pop {r4, r5, pc}
0e598 strb r1, [r0, r1]
0e59a str r3, [r5, r4]
0e59c str r7, [r0, r1]
0e59e bx sl
0e5a0 ldr r5, [pc, #312] ; =0xA811F959 
0e5a2 adcs r5, r0
0e5a4 movs r2, #61 @ 0x3d
0e5a6 ldr r5, [pc, #328] ; =0xFDA4F7FA 
0e5a8 movs r2, #67 @ 0x43
0e5aa lsrs r5, r1, #8
0e5ac movs r0, r0
0e5ae movs r0, r0
0e5b0 lsls r7, r0, #2
0e5b2 movs r0, #0
0e5b4 lsls r1, r7, #1
0e5b6 movs r0, #0

; ===== fn_0800E5B8  (called 0 x)
0e5b8 stmdb sp!, {r4, r5, r6, r7, r8, r9, sl, fp, lr}
0e5bc sub sp, #196 @ 0xc4
0e5be movs r1, #128 @ 0x80
0e5c0 add r0, sp, #68 @ 0x44
0e5c2 bl fn_08008246
0e5c6 movs r4, #0
0e5c8 movs r1, #128 @ 0x80
0e5ca add r0, sp, #68 @ 0x44
0e5cc bl fn_08008246
0e5d0 ldr r0, [pc, #300] ; =0x20000088 ram_20000088
0e5d2 ldrb r0, [r0, #0]
0e5d4 cmp r0, #2
0e5d6 bne.n 800e626 
0e5d8 ldr r0, [pc, #296] ; =0x20000087 ram_20000087
0e5da ldrb r0, [r0, #0]
0e5dc cmp r0, #0
0e5de bne.n 800e5d6 
0e5e0 movs r0, #1
0e5e2 ldr r1, [pc, #288] ; =0x20000087 ram_20000087
0e5e4 strb r0, [r1, #0]
0e5e6 ldr r0, [pc, #288] ; =0x2000008A ram_2000008A
0e5e8 ldrb r0, [r0, #0]
0e5ea cmp r0, #0
0e5ec bne.n 800e628 
0e5ee add r1, pc, #284 @ (adr r1, 800e70c ) ; =0x0800E70C "AT+QISTATE?\r\n"
0e5f0 add r0, sp, #68 @ 0x44
0e5f2 bl fn_0800C990
0e5f6 add r0, sp, #68 @ 0x44
0e5f8 bl fn_08008298
0e5fc uxth r4, r0
0e5fe movs r0, #0
0e600 add r1, sp, #68 @ 0x44
0e602 strb r0, [r1, r4]
0e604 mov r2, r4
0e606 movs r0, #4
0e608 bl fn_0800A924
0e60c add r3, pc, #268 @ (adr r3, 800e71c ) ; =0x0800E71C "---check server status---"
0e60e movw r2, #875 @ 0x36b
0e612 add r1, pc, #292 @ (adr r1, 800e738 ) ; =0x0800E738 "..\\src\\app\\app_ec20.c"
0e614 movs r0, #1
0e616 bl fn_08009EBC
0e61a movs r0, #13
0e61c ldr r1, [pc, #304] ; =0x20000089 ram_20000089
0e61e strb r0, [r1, #0]
0e620 movs r0, #1
0e622 ldr r1, [pc, #228] ; =0x2000008A ram_2000008A
0e624 strb r0, [r1, #0]
0e626 b.n 800e6fa 
0e628 ldr r0, [pc, #296] ; =0x20002690 ram_20002690
0e62a ldr r0, [r0, #20]
0e62c movs r1, #10
0e62e udiv r2, r0, r1
0e632 mls r5, r1, r2, r0
0e636 ldr r0, [pc, #284] ; =0x20002690 ram_20002690
0e638 ldr r0, [r0, #20]
0e63a udiv r6, r0, r1
0e63e ldr r0, [pc, #276] ; =0x20002690 ram_20002690
0e640 ldr r0, [r0, #16]
0e642 udiv r2, r0, r1
0e646 mls r7, r1, r2, r0
0e64a ldr r0, [pc, #264] ; =0x20002690 ram_20002690
0e64c ldr r0, [r0, #16]
0e64e udiv r8, r0, r1
0e652 ldr r0, [pc, #256] ; =0x20002690 ram_20002690
0e654 ldr r0, [r0, #12]
0e656 udiv r2, r0, r1
0e65a mls r9, r1, r2, r0
0e65e ldr r0, [pc, #244] ; =0x20002690 ram_20002690
0e660 ldr r0, [r0, #12]
0e662 udiv sl, r0, r1
0e666 ldr r0, [pc, #236] ; =0x20002690 ram_20002690
0e668 ldr r0, [r0, #8]
0e66a udiv r2, r0, r1
0e66e mls fp, r1, r2, r0
0e672 ldr r0, [pc, #224] ; =0x20002690 ram_20002690
0e674 ldr r0, [r0, #8]
0e676 udiv r0, r0, r1
0e67a str r0, [sp, #64] @ 0x40
0e67c ldr r0, [pc, #212] ; =0x20002690 ram_20002690
0e67e ldr r0, [r0, #4]
0e680 udiv r2, r0, r1
0e684 mls r0, r1, r2, r0
0e688 str r0, [sp, #60] @ 0x3c
0e68a ldr r0, [pc, #200] ; =0x20002690 ram_20002690
0e68c ldr r0, [r0, #4]
0e68e udiv r0, r0, r1
0e692 str r0, [sp, #56] @ 0x38
0e694 ldr r0, [pc, #188] ; =0x20002690 ram_20002690
0e696 ldr r0, [r0, #0]
0e698 udiv r2, r0, r1
0e69c mls r0, r1, r2, r0
0e6a0 str r0, [sp, #52] @ 0x34
0e6a2 ldr r0, [pc, #176] ; =0x20002690 ram_20002690
0e6a4 ldr r0, [r0, #0]
0e6a6 udiv r0, r0, r1
0e6aa str r0, [sp, #48] @ 0x30
0e6ac bl fn_0800B390
0e6b0 strd r8, r7, [sp, #28]
0e6b4 strd r6, r5, [sp, #36] @ 0x24
0e6b8 str r0, [sp, #44] @ 0x2c
0e6ba ldr r0, [sp, #64] @ 0x40
0e6bc strd fp, sl, [sp, #16]
0e6c0 str.w r9, [sp, #24]
0e6c4 str r0, [sp, #12]
0e6c6 ldrd r1, r2, [sp, #52] @ 0x34
0e6ca ldr r0, [sp, #60] @ 0x3c
0e6cc strd r1, r2, [sp]
0e6d0 str r0, [sp, #8]
0e6d2 add r1, pc, #132 @ (adr r1, 800e758 ) ; =0x0800E758 "Heart,%d,%d.%01d,%d.%01d,%d.%01d,%d.%01d,%d.%01d,%d.%01d"
0e6d4 add r0, sp, #68 @ 0x44
0e6d6 ldrd r2, r3, [sp, #44] @ 0x2c
0e6da bl fn_0800C990
0e6de add r0, sp, #68 @ 0x44
0e6e0 bl fn_08008298
0e6e4 uxth r4, r0
0e6e6 movs r0, #0
0e6e8 add r1, sp, #68 @ 0x44
0e6ea strb r0, [r1, r4]
0e6ec mov r1, r4
0e6ee add r0, sp, #68 @ 0x44
0e6f0 bl fn_0800923C
0e6f4 movs r0, #0
0e6f6 ldr r1, [pc, #16] ; =0x2000008A ram_2000008A
0e6f8 strb r0, [r1, #0]
0e6fa add sp, #196 @ 0xc4
0e6fc ldmia.w sp!, {r4, r5, r6, r7, r8, r9, sl, fp, pc}
0e700 lsls r0, r1, #2
0e702 movs r0, #0
0e704 lsls r7, r0, #2
0e706 movs r0, #0
0e708 lsls r2, r1, #2
0e70a movs r0, #0
0e70c strb r1, [r0, r1]
0e70e str r3, [r5, r4]
0e710 strh r1, [r1, r5]
0e712 adcs r4, r2
0e714 cmp r4, sl
0e716 lsrs r7, r7, #20
0e718 movs r2, r1
0e71a movs r0, r0
0e71c cmp r5, #45 @ 0x2d
0e71e str r5, [r5, #48] @ 0x30
0e720 str r0, [r5, #84] @ 0x54
0e722 ldr r3, [r4, #52] @ 0x34
0e724 strb r0, [r4, #12]
0e726 strb r5, [r4, #9]
0e728 str r6, [r6, #84] @ 0x54
0e72a movs r0, #114 @ 0x72
0e72c strb r3, [r6, #17]
0e72e strb r1, [r4, #17]
0e730 strb r5, [r6, #13]
0e732 cmp r5, #45 @ 0x2d
0e734 movs r5, r5
0e736 movs r0, r0
0e738 cmp r6, #46 @ 0x2e
0e73a strb r4, [r3, #13]
0e73c str r2, [r6, #52] @ 0x34
0e73e str r4, [r3, #20]
0e740 strb r0, [r6, #1]
0e742 str r4, [r3, #20]
0e744 strb r0, [r6, #1]
0e746 str r7, [r3, #84] @ 0x54
0e748 adds r2, #99 @ 0x63
0e74a cmp r6, #48 @ 0x30
0e74c lsls r3, r4, #1
0e74e movs r0, r0
0e750 lsls r1, r1, #2
0e752 movs r0, #0
0e754 movs r6, #144 @ 0x90
0e756 movs r0, #0
0e758 str r0, [r1, #84] @ 0x54
0e75a strb r1, [r4, #9]
0e75c cmp r4, #116 @ 0x74
0e75e str r5, [r4, #64] @ 0x40
0e760 movs r5, #44 @ 0x2c
0e762 cmp r6, #100 @ 0x64
0e764 adds r0, #37 @ 0x25
0e766 str r1, [r6, #64] @ 0x40
0e768 movs r5, #44 @ 0x2c
0e76a cmp r6, #100 @ 0x64
0e76c adds r0, #37 @ 0x25
0e76e str r1, [r6, #64] @ 0x40
0e770 movs r5, #44 @ 0x2c
0e772 cmp r6, #100 @ 0x64
0e774 adds r0, #37 @ 0x25
0e776 str r1, [r6, #64] @ 0x40
0e778 movs r5, #44 @ 0x2c
0e77a cmp r6, #100 @ 0x64
0e77c adds r0, #37 @ 0x25
0e77e str r1, [r6, #64] @ 0x40
0e780 movs r5, #44 @ 0x2c
0e782 cmp r6, #100 @ 0x64
0e784 adds r0, #37 @ 0x25
0e786 str r1, [r6, #64] @ 0x40
0e788 movs r5, #44 @ 0x2c
0e78a cmp r6, #100 @ 0x64
0e78c adds r0, #37 @ 0x25
0e78e str r1, [r6, #64] @ 0x40
0e790 movs r0, r0
0e792 movs r0, r0

; ===== fn_0800E794  (called 0 x)
0e794 stmdb sp!, {r4, r5, r6, r7, r8, r9, sl, fp, lr}
0e798 sub.w sp, sp, #836 @ 0x344
0e79c mov sl, r0
0e79e mov r5, r1
0e7a0 movs r4, #0
0e7a2 movs r6, #0
0e7a4 mov r9, r4
0e7a6 movs r7, #0
0e7a8 mov r8, r4
0e7aa movs r0, #0
0e7ac str r0, [sp, #52] @ 0x34
0e7ae str r0, [sp, #56] @ 0x38
0e7b0 str r0, [sp, #16]
0e7b2 nop
0e7b4 cmp r5, #2
0e7b6 blt.n 800e7be 
0e7b8 cmp.w r5, #256 @ 0x100
0e7bc ble.n 800e7c0 
0e7be b.n 800edc2 
0e7c0 mov.w r1, #256 @ 0x100
0e7c4 add r0, sp, #580 @ 0x244
0e7c6 bl fn_08008246
0e7ca mov r2, r5
0e7cc mov r1, sl
0e7ce add r0, sp, #580 @ 0x244
0e7d0 bl fn_08008214
0e7d4 add r0, sp, #580 @ 0x244
0e7d6 add r3, pc, #984 @ (adr r3, 800ebb0 ) ; =0x0800EBB0 "WIFI----%d----%s-----"
0e7d8 movs r2, #134 @ 0x86
0e7da add r1, pc, #1004 @ (adr r1, 800ebc8 ) ; =0x0800EBC8 "..\\src\\app\\app_ec20.c"
0e7dc strd r5, r0, [sp]
0e7e0 movs r0, #0
0e7e2 bl fn_08009EBC
0e7e6 add r1, pc, #1016 @ (adr r1, 800ebe0 ) ; =0x0800EBE0 "SEND OK"
0e7e8 add r0, sp, #580 @ 0x244
0e7ea bl fn_0800825C
0e7ee cbz r0, 800e806 
0e7f0 mov r1, r5
0e7f2 mov r0, sl
0e7f4 ldr r2, [pc, #1008] ; =0x20000080 ram_20000080
0e7f6 ldr r2, [r2, #0]
0e7f8 blx r2
0e7fa movs r0, #2
0e7fc bl fn_08009088
0e800 movs r0, #1
0e802 ldr r1, [pc, #1000] ; =0x2000008A ram_2000008A
0e804 strb r0, [r1, #0]
0e806 add r1, pc, #1000 @ (adr r1, 800ebf0 ) ; =0x0800EBF0 "OK"
0e808 add r0, sp, #580 @ 0x244
0e80a bl fn_0800825C
0e80e cbz r0, 800e822 
0e810 ldr r0, [pc, #992] ; =0x2000007B ram_2000007B
0e812 ldrb r0, [r0, #0]
0e814 cmp r0, #1
0e816 bne.n 800e822 
0e818 mov r1, r5
0e81a mov r0, sl
0e81c ldr r2, [pc, #968] ; =0x20000080 ram_20000080
0e81e ldr r2, [r2, #0]
0e820 blx r2
0e822 add r1, pc, #980 @ (adr r1, 800ebf8 ) ; =0x0800EBF8 "CSQ"
0e824 add r0, sp, #580 @ 0x244
0e826 bl fn_0800825C
0e82a cbz r0, 800e878 
0e82c movs r4, #0
0e82e b.n 800e83a 
0e830 adds r0, r4, #1
0e832 uxtb r4, r0
0e834 cmp r4, r5
0e836 ble.n 800e83a 
0e838 b.n 800e84a 
0e83a add r0, sp, #580 @ 0x244
0e83c ldrb r0, [r0, r4]
0e83e cmp r0, #48 @ 0x30
0e840 blt.n 800e830 
0e842 add r0, sp, #580 @ 0x244
0e844 ldrb r0, [r0, r4]
0e846 cmp r0, #57 @ 0x39
0e848 bgt.n 800e830 
0e84a nop
0e84c add r1, sp, #580 @ 0x244
0e84e adds r0, r4, #1
0e850 ldrb r1, [r1, r0]
0e852 add r0, sp, #580 @ 0x244
0e854 ldrb r0, [r0, r4]
0e856 subs r0, #48 @ 0x30
0e858 movs r2, #10
0e85a smlabb r0, r2, r0, r1
0e85e subs r0, #48 @ 0x30
0e860 ldr r1, [pc, #920] ; =0x20000084 ram_20000084
0e862 strb r0, [r1, #0]
0e864 mov r0, r1
0e866 ldrb r0, [r0, #0]
0e868 add r3, pc, #916 @ (adr r3, 800ec00 ) ; =0x0800EC00 "g_u8Csq = %d"
0e86a movs r2, #160 @ 0xa0
0e86c add r1, pc, #856 @ (adr r1, 800ebc8 ) ; =0x0800EBC8 "..\\src\\app\\app_ec20.c"
0e86e str r0, [sp, #0]
0e870 movs r0, #0
0e872 bl fn_08009EBC
0e876 b.n 800ef6e 
0e878 add r1, pc, #916 @ (adr r1, 800ec10 ) ; =0x0800EC10 "QWIFIND"
0e87a add r0, sp, #580 @ 0x244
0e87c bl fn_0800825C
0e880 cbz r0, 800e8d0 
0e882 movs r4, #0
0e884 b.n 800e89e 
0e886 add r0, sp, #580 @ 0x244
0e888 ldrb r0, [r0, r4]
0e88a cmp r0, #81 @ 0x51
0e88c bne.n 800e89a 
0e88e add r1, sp, #580 @ 0x244
0e890 adds r0, r4, #1
0e892 ldrb r0, [r1, r0]
0e894 cmp r0, #87 @ 0x57
0e896 bne.n 800e89a 
0e898 b.n 800e8a2 
0e89a adds r0, r4, #1
0e89c uxtb r4, r0
0e89e cmp r4, #10
0e8a0 blt.n 800e886 
0e8a2 nop
0e8a4 add r1, sp, #580 @ 0x244
0e8a6 add.w r0, r4, #9
0e8aa ldrb r0, [r1, r0]
0e8ac cmp r0, #49 @ 0x31
0e8ae bne.n 800e8c0 
0e8b0 movs r0, #1
0e8b2 ldr r1, [pc, #832] ; =0x2000007B ram_2000007B
0e8b4 strb r0, [r1, #0]
0e8b6 movs r1, #1
0e8b8 movs r0, #0
0e8ba bl fn_0800AFE0
0e8be b.n 800e876 
0e8c0 movs r0, #0
0e8c2 ldr r1, [pc, #816] ; =0x2000007B ram_2000007B
0e8c4 strb r0, [r1, #0]
0e8c6 movs r1, #0
0e8c8 mov r0, r1
0e8ca bl fn_0800AFE0
0e8ce b.n 800e876 
0e8d0 add r1, pc, #836 @ (adr r1, 800ec18 ) ; =0x0800EC18 "QDATAFWD"
0e8d2 add r0, sp, #580 @ 0x244
0e8d4 bl fn_0800825C
0e8d8 cmp r0, #0
0e8da beq.n 800e9c4 
0e8dc cmp r5, #15
0e8de ble.n 800e9c4 
0e8e0 cmp r5, #255 @ 0xff
0e8e2 bge.n 800e9c4 
0e8e4 movs r1, #3
0e8e6 movs r0, #0
0e8e8 bl fn_0800AE38
0e8ec movs r0, #1
0e8ee ldr r1, [pc, #820] ; =0x2000007A ram_2000007A
0e8f0 strb r0, [r1, #0]
0e8f2 ldr r1, [pc, #768] ; =0x2000007B ram_2000007B
0e8f4 strb r0, [r1, #0]
0e8f6 add r1, pc, #800 @ (adr r1, 800ec18 ) ; =0x0800EC18 "QDATAFWD"
0e8f8 add r0, sp, #580 @ 0x244
0e8fa bl fn_0800C428
0e8fe uxtb r4, r0
0e900 cmp r4, #12
0e902 ble.n 800e90a 
0e904 movs r0, #1
0e906 ldr r1, [pc, #800] ; =0x2000008C ram_2000008C
0e908 strb r0, [r1, #0]
0e90a add r3, pc, #800 @ (adr r3, 800ec2c ) ; =0x0800EC2C "u32DataLen = %d"
0e90c movs r2, #220 @ 0xdc
0e90e add r1, pc, #696 @ (adr r1, 800ebc8 ) ; =0x0800EBC8 "..\\src\\app\\app_ec20.c"
0e910 movs r0, #1
0e912 str r5, [sp, #0]
0e914 bl fn_08009EBC
0e918 b.n 800e932 
0e91a add r0, sp, #580 @ 0x244
0e91c ldrb r0, [r0, r4]
0e91e cmp r0, #87 @ 0x57
0e920 bne.n 800e92e 
0e922 add r1, sp, #580 @ 0x244
0e924 adds r0, r4, #1
0e926 ldrb r0, [r1, r0]
0e928 cmp r0, #68 @ 0x44
0e92a bne.n 800e92e 
0e92c b.n 800e936 
0e92e adds r0, r4, #1
0e930 uxtb r4, r0
0e932 cmp r4, r5
0e934 blt.n 800e91a 
0e936 nop
0e938 mov.w r1, #256 @ 0x100
0e93c add r0, sp, #68 @ 0x44
0e93e bl fn_08008246
0e942 add r3, pc, #760 @ (adr r3, 800ec3c ) ; =0x0800EC3C "u8Index = %d, u32DataLen = %d"
0e944 movs r2, #229 @ 0xe5
0e946 add r1, pc, #640 @ (adr r1, 800ebc8 ) ; =0x0800EBC8 "..\\src\\app\\app_ec20.c"
0e948 movs r0, #1
0e94a strd r4, r5, [sp]
0e94e bl fn_08009EBC
0e952 subs r0, r5, r4
0e954 subs r2, r0, #2
0e956 add r3, sp, #580 @ 0x244
0e958 adds r0, r4, #4
0e95a adds r1, r3, r0
0e95c add r0, sp, #68 @ 0x44
0e95e bl fn_08008214
0e962 add r0, sp, #68 @ 0x44
0e964 add r3, pc, #756 @ (adr r3, 800ec5c ) ; =0x0800EC5C "--au8RevBuf-- %s"
0e966 movs r2, #232 @ 0xe8
0e968 add r1, pc, #604 @ (adr r1, 800ebc8 ) ; =0x0800EBC8 "..\\src\\app\\app_ec20.c"
0e96a str r0, [sp, #0]
0e96c movs r0, #1
0e96e bl fn_08009EBC
0e972 add r0, sp, #68 @ 0x44
0e974 bl fn_08008298
0e978 uxth r5, r0
0e97a ldr r0, [pc, #756] ; =0x2000007C ram_2000007C
0e97c ldr r0, [r0, #0]
0e97e cmp r0, #0
0e980 beq.n 800ea6e 
0e982 mov.w r1, #256 @ 0x100
0e986 add r0, sp, #580 @ 0x244
0e988 bl fn_08008246
0e98c ldr r0, [pc, #664] ; =0x2000008C ram_2000008C
0e98e ldrb r0, [r0, #0]
0e990 cmp r0, #1
0e992 bne.n 800e9c6 
0e994 movs r0, #126 @ 0x7e
0e996 strb.w r0, [sp, #580] @ 0x244
0e99a mov.w r2, #256 @ 0x100
0e99e addw r1, sp, #581 @ 0x245
0e9a2 add r0, sp, #68 @ 0x44
0e9a4 bl fn_0800C45E
0e9a8 str r0, [sp, #16]
0e9aa movs r0, #0
0e9ac ldr r1, [pc, #632] ; =0x2000008C ram_2000008C
0e9ae strb r0, [r1, #0]
0e9b0 adds r0, r5, #2
0e9b2 uxth r5, r0
0e9b4 add r3, pc, #700 @ (adr r3, 800ec74 ) ; =0x0800EC74 "u16DataLen0 = %d"
0e9b6 movs r2, #245 @ 0xf5
0e9b8 add r1, pc, #524 @ (adr r1, 800ebc8 ) ; =0x0800EBC8 "..\\src\\app\\app_ec20.c"
0e9ba movs r0, #1
0e9bc str r5, [sp, #0]
0e9be bl fn_08009EBC
0e9c2 b.n 800e9e2 
0e9c4 b.n 800ea70 
0e9c6 mov.w r2, #256 @ 0x100
0e9ca add r1, sp, #580 @ 0x244
0e9cc add r0, sp, #68 @ 0x44
0e9ce bl fn_0800C45E
0e9d2 str r0, [sp, #16]
0e9d4 add r3, pc, #688 @ (adr r3, 800ec88 ) ; =0x0800EC88 "u16DataLen1 = %d"
0e9d6 movs r2, #250 @ 0xfa
0e9d8 add r1, pc, #492 @ (adr r1, 800ebc8 ) ; =0x0800EBC8 "..\\src\\app\\app_ec20.c"
0e9da movs r0, #1
0e9dc str r5, [sp, #0]
0e9de bl fn_08009EBC
0e9e2 ldr r0, [pc, #580] ; =0x2000008C ram_2000008C
0e9e4 ldrb r0, [r0, #0]
0e9e6 cbnz r0, 800ea0a 
0e9e8 cmp r5, #2
0e9ea bne.n 800ea0a 
0e9ec ldrb.w r0, [sp, #580] @ 0x244
0e9f0 cmp r0, #126 @ 0x7e
0e9f2 bne.n 800ea0a 
0e9f4 add r3, pc, #676 @ (adr r3, 800ec9c ) ; =0x0800EC9C "u16DataLen2 = %d"
0e9f6 movs r2, #255 @ 0xff
0e9f8 add r1, pc, #460 @ (adr r1, 800ebc8 ) ; =0x0800EBC8 "..\\src\\app\\app_ec20.c"
0e9fa movs r0, #1
0e9fc str r5, [sp, #0]
0e9fe bl fn_08009EBC
0ea02 movs r0, #1
0ea04 ldr r1, [pc, #544] ; =0x2000008C ram_2000008C
0ea06 strb r0, [r1, #0]
0ea08 b.n 800ea6e 
0ea0a add r3, pc, #676 @ (adr r3, 800ecb0 ) ; =0x0800ECB0 "u16DataLen3 = %d"
0ea0c mov.w r2, #260 @ 0x104
0ea10 add r1, pc, #436 @ (adr r1, 800ebc8 ) ; =0x0800EBC8 "..\\src\\app\\app_ec20.c"
0ea12 movs r0, #1
0ea14 str r5, [sp, #0]
0ea16 bl fn_08009EBC
0ea1a cmp r5, #30
0ea1c blt.n 800ea36 
0ea1e ldrb.w r0, [sp, #580] @ 0x244
0ea22 cmp r0, #126 @ 0x7e
0ea24 bne.n 800ea36 
0ea26 movs r0, #7
0ea28 rsb r2, r0, r5, lsr #1
0ea2c addw r1, sp, #587 @ 0x24b
0ea30 subs r0, r1, #6
0ea32 bl fn_08008214
0ea36 movs r0, #1
0ea38 bl fn_08009088
0ea3c mov fp, r5
0ea3e add.w r0, r5, fp, lsr #31
0ea42 ubfx r1, r0, #1, #16
0ea46 add r0, sp, #580 @ 0x244
0ea48 ldr r2, [pc, #548] ; =0x2000007C ram_2000007C
0ea4a ldr r2, [r2, #0]
0ea4c blx r2
0ea4e ldr r0, [sp, #16]
0ea50 cbnz r0, 800ea64 
0ea52 add.w r0, r5, fp, lsr #31
0ea56 ubfx r1, r0, #1, #16
0ea5a add r0, sp, #580 @ 0x244
0ea5c ldr r2, [pc, #528] ; =0x2000007C ram_2000007C
0ea5e ldr r2, [r2, #0]
0ea60 blx r2
0ea62 b.n 800ea6e 
0ea64 mov r1, r5
0ea66 add r0, sp, #68 @ 0x44
0ea68 ldr r2, [pc, #516] ; =0x2000007C ram_2000007C
0ea6a ldr r2, [r2, #0]
0ea6c blx r2
0ea6e b.n 800e7be 
0ea70 add r1, pc, #592 @ (adr r1, 800ecc4 ) ; =0x0800ECC4 "+QIURC"
0ea72 add r0, sp, #580 @ 0x244
0ea74 bl fn_0800825C
0ea78 cmp r0, #0
0ea7a beq.n 800eb04 
0ea7c cmp r5, #10
0ea7e ble.n 800eb04 
0ea80 cmp r5, #255 @ 0xff
0ea82 bge.n 800eb04 
0ea84 add r1, pc, #580 @ (adr r1, 800eccc ) ; =0x0800ECCC "recv"
0ea86 add r0, sp, #580 @ 0x244
0ea88 bl fn_0800825C
0ea8c cbz r0, 800eaba 
0ea8e movs r1, #3
0ea90 mov r0, r1
0ea92 bl fn_0800AE38
0ea96 mov.w r1, #256 @ 0x100
0ea9a add r0, sp, #68 @ 0x44
0ea9c bl fn_08008246
0eaa0 add r1, pc, #560 @ (adr r1, 800ecd4 ) ; =0x0800ECD4 "AT+QIRD=0,256\r\n"
0eaa2 add r0, sp, #68 @ 0x44
0eaa4 bl fn_0800C990
0eaa8 add r0, sp, #68 @ 0x44
0eaaa bl fn_08008298
0eaae uxtb r6, r0
0eab0 mov r2, r6
0eab2 add r1, sp, #68 @ 0x44
0eab4 movs r0, #4
0eab6 bl fn_0800A924
0eaba add r1, pc, #552 @ (adr r1, 800ece4 ) ; =0x0800ECE4 "close"
0eabc add r0, sp, #580 @ 0x244
0eabe bl fn_0800825C
0eac2 cbz r0, 800eb02 
0eac4 movs r0, #4
0eac6 ldr r1, [pc, #548] ; =0x20000088 ram_20000088
0eac8 strb r0, [r1, #0]
0eaca add r3, pc, #548 @ (adr r3, 800ecf0 ) ; =0x0800ECF0 "TCP is close!"
0eacc movw r2, #295 @ 0x127
0ead0 add r1, pc, #244 @ (adr r1, 800ebc8 ) ; =0x0800EBC8 "..\\src\\app\\app_ec20.c"
0ead2 movs r0, #0
0ead4 bl fn_08009EBC
0ead8 movs r1, #3
0eada mov r0, r1
0eadc bl fn_0800AFE0
0eae0 movs r0, #1
0eae2 ldr r1, [pc, #540] ; =0x2000008B ram_2000008B
0eae4 strb r0, [r1, #0]
0eae6 ldr r0, [pc, #540] ; =0x20000077 ram_20000077
0eae8 ldrb r0, [r0, #0]
0eaea bl fn_0800BAA0
0eaee mov.w r1, #1000 @ 0x3e8
0eaf2 ldr r0, [pc, #528] ; =0x20000077 ram_20000077
0eaf4 ldrb r0, [r0, #0]
0eaf6 bl fn_0800B9D0
0eafa ldr r0, [pc, #520] ; =0x20000077 ram_20000077
0eafc ldrb r0, [r0, #0]
0eafe bl fn_0800B97C
0eb02 b.n 800e7be 
0eb04 add r1, pc, #512 @ (adr r1, 800ed08 ) ; =0x0800ED08 "+QIRD"
0eb06 add r0, sp, #580 @ 0x244
0eb08 bl fn_0800825C
0eb0c cmp r0, #0
0eb0e beq.n 800ebac 
0eb10 cmp r5, #10
0eb12 ble.n 800ebac 
0eb14 cmp r5, #255 @ 0xff
0eb16 bge.n 800ebac 
0eb18 b.n 800eb24 
0eb1a adds r0, r4, #1
0eb1c uxtb r4, r0
0eb1e cmp r4, r5
0eb20 ble.n 800eb24 
0eb22 b.n 800eb36 
0eb24 add r0, sp, #580 @ 0x244
0eb26 ldrb r0, [r0, r4]
0eb28 cmp r0, #82 @ 0x52
0eb2a beq.n 800eb36 
0eb2c add r1, sp, #580 @ 0x244
0eb2e adds r0, r4, #1
0eb30 ldrb r0, [r1, r0]
0eb32 cmp r0, #68 @ 0x44
0eb34 bne.n 800eb1a 
0eb36 nop
0eb38 adds r0, r4, #4
0eb3a uxtb r4, r0
0eb3c movs r6, #0
0eb3e b.n 800eb58 
0eb40 add r0, sp, #580 @ 0x244
0eb42 ldrb r0, [r0, r4]
0eb44 subs r0, #48 @ 0x30
0eb46 movs r1, #10
0eb48 mla r0, r1, r6, r0
0eb4c uxtb r6, r0
0eb4e adds r0, r4, #1
0eb50 uxtb r4, r0
0eb52 cmp r4, r5
0eb54 ble.n 800eb58 
0eb56 b.n 800eb6a 
0eb58 add r0, sp, #580 @ 0x244
0eb5a ldrb r0, [r0, r4]
0eb5c cmp r0, #13
0eb5e beq.n 800eb6a 
0eb60 add r1, sp, #580 @ 0x244
0eb62 adds r0, r4, #1
0eb64 ldrb r0, [r1, r0]
0eb66 cmp r0, #10
0eb68 bne.n 800eb40 
0eb6a nop
0eb6c cbnz r6, 800eb8c 
0eb6e movs r0, #4
0eb70 ldr r1, [pc, #376] ; =0x20000088 ram_20000088
0eb72 strb r0, [r1, #0]
0eb74 add r3, pc, #376 @ (adr r3, 800ecf0 ) ; =0x0800ECF0 "TCP is close!"
0eb76 movw r2, #333 @ 0x14d
0eb7a add r1, pc, #76 @ (adr r1, 800ebc8 ) ; =0x0800EBC8 "..\\src\\app\\app_ec20.c"
0eb7c movs r0, #0
0eb7e bl fn_08009EBC
0eb82 movs r1, #3
0eb84 mov r0, r1
0eb86 bl fn_0800AFE0
0eb8a b.n 800f352 
0eb8c adds r0, r4, #2
0eb8e uxtb r4, r0
0eb90 add r0, sp, #580 @ 0x244
0eb92 add r0, r4
0eb94 add r3, pc, #24 @ (adr r3, 800ebb0 ) ; =0x0800EBB0 "WIFI----%d----%s-----"
0eb96 movw r2, #339 @ 0x153
0eb9a add r1, pc, #44 @ (adr r1, 800ebc8 ) ; =0x0800EBC8 "..\\src\\app\\app_ec20.c"
0eb9c strd r5, r0, [sp]
0eba0 movs r0, #0
0eba2 bl fn_08009EBC
0eba6 mov.w r1, #512 @ 0x200
0ebaa b.n 800ed10 
0ebac b.n 800ef10 
0ebae movs r0, r0
0ebb0 ldr r1, [pc, #348] ; =0xF7F9A811 
0ebb2 ldr r1, [pc, #280] ; =0x76636572 
0ebb4 cmp r5, #45 @ 0x2d
0ebb6 cmp r5, #45 @ 0x2d
0ebb8 str r5, [r4, #64] @ 0x40
0ebba cmp r5, #45 @ 0x2d
0ebbc cmp r5, #45 @ 0x2d
0ebbe strb r5, [r4, #12]
0ebc0 cmp r5, #45 @ 0x2d
0ebc2 cmp r5, #45 @ 0x2d
0ebc4 movs r5, r5
0ebc6 movs r0, r0
0ebc8 cmp r6, #46 @ 0x2e
0ebca strb r4, [r3, #13]
0ebcc str r2, [r6, #52] @ 0x34
0ebce str r4, [r3, #20]
0ebd0 strb r0, [r6, #1]
0ebd2 str r4, [r3, #20]
0ebd4 strb r0, [r6, #1]
0ebd6 str r7, [r3, #84] @ 0x54
0ebd8 adds r2, #99 @ 0x63
0ebda cmp r6, #48 @ 0x30
0ebdc lsls r3, r4, #1
0ebde movs r0, r0
0ebe0 cmp r3, sl
0ebe2 add r6, r9
0ebe4 ldr r7, [pc, #128] ; =0x7325202D 
0ebe6 lsls r3, r1, #1
0ebe8 lsls r0, r0, #2
0ebea movs r0, #0
0ebec lsls r2, r1, #2
0ebee movs r0, #0
0ebf0 ldr r3, [pc, #316] ; =0x2405B3A8 
0ebf2 movs r0, r0
0ebf4 lsls r3, r7, #1
0ebf6 movs r0, #0
0ebf8 strh r3, [r0, r5]
0ebfa lsls r1, r2, #1
0ebfc lsls r4, r0, #2
0ebfe movs r0, #0
0ec00 ldrsh r7, [r4, r5]
0ec02 subs r0, #117 @ 0x75
0ec04 strb r3, [r0, #13]
0ec06 movs r0, #113 @ 0x71
0ec08 movs r0, #61 @ 0x3d
0ec0a str r5, [r4, #64] @ 0x40
0ec0c movs r0, r0
0ec0e movs r0, r0
0ec10 ldrsb r1, [r2, r5]
0ec12 mov r1, r9
0ec14 ldr r6, [pc, #292] ; =0xE008DD00 
0ec16 lsls r4, r0, #1
0ec18 add r1, sl
0ec1a strb r1, [r0, r1]
0ec1c mov r1, r8
0ec1e add r7, sl
0ec20 movs r0, r0
0ec22 movs r0, r0
0ec24 lsls r2, r7, #1
0ec26 movs r0, #0
0ec28 lsls r4, r1, #2
0ec2a movs r0, #0
0ec2c adds r3, #117 @ 0x75
0ec2e add r2, r6
0ec30 strb r1, [r4, #17]
0ec32 ldr r4, [pc, #388] ; =0x11F4F2AF 
0ec34 ldr r5, [r4, #100] @ 0x64
0ec36 subs r5, #32
0ec38 movs r5, #32
0ec3a lsls r4, r4, #1
0ec3c subs r0, #117 @ 0x75
0ec3e ldr r1, [r1, #100] @ 0x64
0ec40 str r4, [r4, #84] @ 0x54
0ec42 movs r0, #120 @ 0x78
0ec44 movs r0, #61 @ 0x3d
0ec46 str r5, [r4, #64] @ 0x40
0ec48 movs r0, #44 @ 0x2c
0ec4a adds r3, #117 @ 0x75
0ec4c add r2, r6
0ec4e strb r1, [r4, #17]
0ec50 ldr r4, [pc, #388] ; =0xA911D1F6 
0ec52 ldr r5, [r4, #100] @ 0x64
0ec54 subs r5, #32
0ec56 movs r5, #32
0ec58 lsls r4, r4, #1
0ec5a movs r0, r0
0ec5c cmp r5, #45 @ 0x2d
0ec5e strb r1, [r4, #21]
0ec60 strh r0, [r7, r0]
0ec62 strb r5, [r4, #25]
0ec64 strb r2, [r0, #21]
0ec66 cmp r5, #102 @ 0x66
0ec68 movs r0, #45 @ 0x2d
0ec6a strb r5, [r4, #12]
0ec6c movs r0, r0
0ec6e movs r0, r0
0ec70 lsls r4, r7, #1
0ec72 movs r0, #0
0ec74 adds r1, #117 @ 0x75
0ec76 add r6, r6
0ec78 strb r1, [r4, #17]
0ec7a ldr r4, [pc, #388] ; =0xD003282C 
0ec7c ldr r5, [r4, #100] @ 0x64
0ec7e movs r0, #48 @ 0x30
0ec80 movs r0, #61 @ 0x3d
0ec82 str r5, [r4, #64] @ 0x40
0ec84 movs r0, r0
0ec86 movs r0, r0
0ec88 adds r1, #117 @ 0x75
0ec8a add r6, r6
0ec8c strb r1, [r4, #17]
0ec8e ldr r4, [pc, #388] ; =0xE013B2C7 
0ec90 ldr r5, [r4, #100] @ 0x64
0ec92 movs r0, #49 @ 0x31
0ec94 movs r0, #61 @ 0x3d
0ec96 str r5, [r4, #64] @ 0x40
0ec98 movs r0, r0
0ec9a movs r0, r0
0ec9c adds r1, #117 @ 0x75
0ec9e add r6, r6
0eca0 strb r1, [r4, #17]
0eca2 ldr r4, [pc, #388] ; =0x5D00A811 
0eca4 ldr r5, [r4, #100] @ 0x64
0eca6 movs r0, #50 @ 0x32
0eca8 movs r0, #61 @ 0x3d
0ecaa str r5, [r4, #64] @ 0x40
0ecac movs r0, r0
0ecae movs r0, r0
0ecb0 adds r1, #117 @ 0x75
0ecb2 add r6, r6
0ecb4 strb r1, [r4, #17]
0ecb6 ldr r4, [pc, #388] ; =0x0027F841 
0ecb8 ldr r5, [r4, #100] @ 0x64
0ecba movs r0, #51 @ 0x33
0ecbc movs r0, #61 @ 0x3d
0ecbe str r5, [r4, #64] @ 0x40
0ecc0 movs r0, r0
0ecc2 movs r0, r0
0ecc4 str r3, [r5, r4]
0ecc6 strb r1, [r1, r5]
0ecc8 muls r2, r2
0ecca movs r0, r0
0eccc str r2, [r6, #84] @ 0x54
0ecce strb r3, [r4, #25]
0ecd0 movs r0, r0
0ecd2 movs r0, r0
0ecd4 strb r1, [r0, r1]
0ecd6 str r3, [r5, r4]
0ecd8 strh r1, [r1, r1]
0ecda subs r5, #68 @ 0x44
0ecdc cmp r4, #48 @ 0x30
0ecde adds r5, #50 @ 0x32
0ece0 lsrs r6, r6, #20
0ece2 movs r2, r1
0ece4 ldr r3, [r4, #68] @ 0x44
0ece6 strb r7, [r5, #13]
0ece8 lsls r5, r4, #1
0ecea movs r0, r0
0ecec lsls r0, r1, #2
0ecee movs r0, #0
0ecf0 muls r4, r2
0ecf2 movs r0, #80 @ 0x50
0ecf4 strb r1, [r5, #13]
0ecf6 str r0, [r4, #48] @ 0x30
0ecf8 ldr r4, [r5, #116] @ 0x74
0ecfa str r3, [r6, #84] @ 0x54
0ecfc movs r1, r4
0ecfe movs r0, r0
0ed00 lsls r3, r1, #2
0ed02 movs r0, #0
0ed04 lsls r7, r6, #1
0ed06 movs r0, #0
0ed08 str r3, [r5, r4]
0ed0a strh r1, [r1, r1]
0ed0c lsls r4, r0, #1
0ed0e movs r0, r0
0ed10 add r0, sp, #68 @ 0x44
0ed12 bl fn_08008246
0ed16 add r0, sp, #580 @ 0x244
0ed18 adds r1, r0, r4
0ed1a mov r2, r6
0ed1c add r0, sp, #68 @ 0x44
0ed1e bl fn_08008214
0ed22 movs r0, #2
0ed24 bl fn_08009088
0ed28 add r1, pc, #1008 @ (adr r1, 800f11c ) ; =0x0800F11C "Update Imei"
0ed2a add r0, sp, #68 @ 0x44
0ed2c bl fn_0800825C
0ed30 cbz r0, 800ed9e 
0ed32 movs r4, #5
0ed34 b.n 800ed40 
0ed36 adds r0, r4, #1
0ed38 uxtb r4, r0
0ed3a cmp r4, r6
0ed3c ble.n 800ed40 
0ed3e b.n 800ed52 
0ed40 add r0, sp, #68 @ 0x44
0ed42 ldrb r0, [r0, r4]
0ed44 cmp r0, #105 @ 0x69
0ed46 bne.n 800ed36 
0ed48 add r1, sp, #68 @ 0x44
0ed4a adds r0, r4, #1
0ed4c ldrb r0, [r1, r0]
0ed4e cmp r0, #44 @ 0x2c
0ed50 bne.n 800ed36 
0ed52 nop
0ed54 adds r0, r4, #2
0ed56 uxtb r4, r0
0ed58 add r0, sp, #68 @ 0x44
0ed5a adds r1, r0, r4
0ed5c movs r2, #15
0ed5e ldr r0, [pc, #968] ; =0x20002670 ram_20002670
0ed60 bl fn_080082C2
0ed64 cbnz r0, 800ed8c 
0ed66 add r3, pc, #964 @ (adr r3, 800f12c ) ; =0x0800F12C "imei is ok!"
0ed68 mov.w r2, #360 @ 0x168
0ed6c subw r1, pc, #424 @ 0x1a8
0ed70 movs r0, #0
0ed72 bl fn_08009EBC
0ed76 ldr r0, [pc, #960] ; =0x20000086 ram_20000086
0ed78 ldrb r0, [r0, #0]
0ed7a cbnz r0, 800ed82 
0ed7c movs r0, #1
0ed7e ldr r1, [pc, #952] ; =0x20000086 ram_20000086
0ed80 strb r0, [r1, #0]
0ed82 movs r1, #10
0ed84 add r0, pc, #948 @ (adr r0, 800f13c ) ; =0x0800F13C "LxUpdate 0"
0ed86 bl fn_0800923C
0ed8a b.n 800ef00 
0ed8c add r3, pc, #952 @ (adr r3, 800f148 ) ; =0x0800F148 "imei is error!"
0ed8e movw r2, #369 @ 0x171
0ed92 subw r1, pc, #460 @ 0x1cc
0ed96 movs r0, #0
0ed98 bl fn_08009EBC
0ed9c b.n 800ef00 
0ed9e b.n 800eda0 
0eda0 add r1, pc, #948 @ (adr r1, 800f158 ) ; =0x0800F158 "Update App"
0eda2 add r0, sp, #68 @ 0x44
0eda4 bl fn_0800825C
0eda8 cmp r0, #0
0edaa beq.n 800ee92 
0edac ldr r0, [pc, #904] ; =0x20000086 ram_20000086
0edae ldrb r0, [r0, #0]
0edb0 cbnz r0, 800edc4 
0edb2 add r3, pc, #944 @ (adr r3, 800f164 ) ; =0x0800F164 "please send imei!"
0edb4 mov.w r2, #376 @ 0x178
0edb8 subw r1, pc, #500 @ 0x1f4
0edbc movs r0, #0
0edbe bl fn_08009EBC
0edc2 b.n 800f352 
0edc4 movs r4, #5
0edc6 b.n 800edd2 
0edc8 adds r0, r4, #1
0edca uxtb r4, r0
0edcc cmp r4, r6
0edce ble.n 800edd2 
0edd0 b.n 800ede4 
0edd2 add r0, sp, #68 @ 0x44
0edd4 ldrb r0, [r0, r4]
0edd6 cmp r0, #112 @ 0x70
0edd8 bne.n 800edc8 
0edda add r1, sp, #68 @ 0x44
0eddc adds r0, r4, #1
0edde ldrb r0, [r1, r0]
0ede0 cmp r0, #112 @ 0x70
0ede2 bne.n 800edc8 
0ede4 nop
0ede6 adds r0, r4, #2
0ede8 uxtb r4, r0
0edea add r0, sp, #68 @ 0x44
0edec ldrb r0, [r0, r4]
0edee subs r0, #48 @ 0x30
0edf0 and.w r9, r0, #255 @ 0xff
0edf4 adds r0, r4, #2
0edf6 uxtb r4, r0
0edf8 movs r7, #0
0edfa b.n 800ee44 
0edfc add r0, sp, #68 @ 0x44
0edfe ldrb r0, [r0, r4]
0ee00 cmp r0, #44 @ 0x2c
0ee02 beq.n 800ee0c 
0ee04 add r0, sp, #68 @ 0x44
0ee06 ldrb r0, [r0, r4]
0ee08 cmp r0, #13
0ee0a bne.n 800ee18 
0ee0c cmp r7, #2
0ee0e bne.n 800ee12 
0ee10 b.n 800ee48 
0ee12 adds r0, r7, #1
0ee14 uxtb r7, r0
0ee16 b.n 800ee40 
0ee18 add r0, sp, #68 @ 0x44
0ee1a ldrb r0, [r0, r4]
0ee1c cmp r0, #48 @ 0x30
0ee1e blt.n 800ee40 
0ee20 add r0, sp, #68 @ 0x44
0ee22 ldrb r0, [r0, r4]
0ee24 cmp r0, #57 @ 0x39
0ee26 bgt.n 800ee40 
0ee28 add r0, sp, #68 @ 0x44
0ee2a ldrb r0, [r0, r4]
0ee2c subs r0, #48 @ 0x30
0ee2e add r1, sp, #52 @ 0x34
0ee30 ldr.w r1, [r1, r7, lsl #2]
0ee34 movs r2, #10
0ee36 mla r0, r2, r1, r0
0ee3a add r1, sp, #52 @ 0x34
0ee3c str.w r0, [r1, r7, lsl #2]
0ee40 adds r0, r4, #1
0ee42 uxtb r4, r0
0ee44 cmp r4, r5
0ee46 blt.n 800edfc 
0ee48 nop
0ee4a ldrd r1, r0, [sp, #52] @ 0x34
0ee4e add r3, pc, #808 @ (adr r3, 800f178 ) ; =0x0800F178 "Update APP%d,%d,%d"
0ee50 mov.w r2, #410 @ 0x19a
0ee54 strd r9, r1, [sp]
0ee58 str r0, [sp, #8]
0ee5a subw r1, pc, #660 @ 0x294
0ee5e movs r0, #0
0ee60 bl fn_08009EBC
0ee64 cmp.w r9, #1
0ee68 beq.n 800ee70 
0ee6a cmp.w r9, #2
0ee6e bne.n 800ef00 
0ee70 add r0, sp, #20
0ee72 bl fn_0800BF84
0ee76 cmp.w r9, #1
0ee7a bne.n 800eea6 
0ee7c ldr r0, [sp, #20]
0ee7e cmp.w r0, #1515870810 @ 0x5a5a5a5a
0ee82 beq.n 800ee94 
0ee84 ldr r0, [pc, #772] ; =0x61707031 
0ee86 str r0, [sp, #20]
0ee88 ldr r0, [sp, #52] @ 0x34
0ee8a str r0, [sp, #24]
0ee8c ldr r0, [sp, #56] @ 0x38
0ee8e str r0, [sp, #28]
0ee90 b.n 800eed0 
0ee92 b.n 800eef0 
0ee94 add r3, pc, #760 @ (adr r3, 800f190 ) ; =0x0800F190 "APP1 is running, Can not update!"
0ee96 mov.w r2, #424 @ 0x1a8
0ee9a subw r1, pc, #724 @ 0x2d4
0ee9e movs r0, #3
0eea0 bl fn_08009EBC
0eea4 b.n 800f352 
0eea6 ldr r0, [sp, #32]
0eea8 cmp.w r0, #1515870810 @ 0x5a5a5a5a
0eeac beq.n 800eebe 
0eeae ldr r0, [pc, #732] ; =0x61707031 
0eeb0 adds r0, r0, #1
0eeb2 str r0, [sp, #32]
0eeb4 ldr r0, [sp, #52] @ 0x34
0eeb6 str r0, [sp, #36] @ 0x24
0eeb8 ldr r0, [sp, #56] @ 0x38
0eeba str r0, [sp, #40] @ 0x28
0eebc b.n 800eed0 
0eebe add r3, pc, #756 @ (adr r3, 800f1b4 ) ; =0x0800F1B4 "APP2 is running, Can not update!"
0eec0 mov.w r2, #438 @ 0x1b6
0eec4 subw r1, pc, #768 @ 0x300
0eec8 movs r0, #3
0eeca bl fn_08009EBC
0eece b.n 800f352 
0eed0 ldr r0, [pc, #772] ; =0x20000076 ram_20000076
0eed2 ldrb r0, [r0, #0]
0eed4 bl fn_0800BAA0
0eed8 bl fn_0800C0A8
0eedc movs r0, #100 @ 0x64
0eede bl fn_0800A6C0
0eee2 add r0, sp, #20
0eee4 bl fn_0800BF98
0eee8 movs r0, #1
0eeea bl fn_0800C174
0eeee b.n 800ef00 
0eef0 ldr r0, [pc, #744] ; =0x2000007C ram_2000007C
0eef2 ldr r0, [r0, #0]
0eef4 cbz r0, 800ef00 
0eef6 mov r1, r6
0eef8 add r0, sp, #68 @ 0x44
0eefa ldr r2, [pc, #736] ; =0x2000007C ram_2000007C
0eefc ldr r2, [r2, #0]
0eefe blx r2
0ef00 movs r0, #2
0ef02 ldr r1, [pc, #732] ; =0x20000088 ram_20000088
0ef04 strb r0, [r1, #0]
0ef06 ldr r0, [pc, #720] ; =0x20000076 ram_20000076
0ef08 ldrb r0, [r0, #0]
0ef0a bl fn_0800B97C
0ef0e b.n 800f352 
0ef10 add r1, pc, #720 @ (adr r1, 800f1e4 ) ; =0x0800F1E4 "+QIOPEN"
0ef12 add r0, sp, #580 @ 0x244
0ef14 bl fn_0800825C
0ef18 cbz r0, 800ef88 
0ef1a movs r4, #0
0ef1c b.n 800ef28 
0ef1e adds r0, r4, #1
0ef20 uxtb r4, r0
0ef22 cmp r4, r5
0ef24 ble.n 800ef28 
0ef26 b.n 800ef3a 
0ef28 add r0, sp, #580 @ 0x244
0ef2a ldrb r0, [r0, r4]
0ef2c cmp r0, #78 @ 0x4e
0ef2e bne.n 800ef1e 
0ef30 add r1, sp, #580 @ 0x244
0ef32 adds r0, r4, #1
0ef34 ldrb r0, [r1, r0]
0ef36 cmp r0, #58 @ 0x3a
0ef38 bne.n 800ef1e 
0ef3a nop
0ef3c adds r0, r4, #5
0ef3e uxtb r4, r0
0ef40 add r0, sp, #580 @ 0x244
0ef42 ldrb r0, [r0, r4]
0ef44 cmp r0, #48 @ 0x30
0ef46 bne.n 800ef70 
0ef48 movs r1, #0
0ef4a ldr r0, [pc, #672] ; =0x20000078 ram_20000078
0ef4c ldrb r0, [r0, #0]
0ef4e bl fn_0800A1F4
0ef52 movs r0, #15
0ef54 ldr r1, [pc, #664] ; =0x20000074 ram_20000074
0ef56 strb r0, [r1, #0]
0ef58 movs r0, #2
0ef5a ldr r1, [pc, #644] ; =0x20000088 ram_20000088
0ef5c strb r0, [r1, #0]
0ef5e add r3, pc, #660 @ (adr r3, 800f1f4 ) ; =0x0800F1F4 "tcp is connect!"
0ef60 movw r2, #477 @ 0x1dd
0ef64 subw r1, pc, #928 @ 0x3a0
0ef68 movs r0, #0
0ef6a bl fn_08009EBC
0ef6e b.n 800f350 
0ef70 movs r0, #4
0ef72 ldr r1, [pc, #620] ; =0x20000088 ram_20000088
0ef74 strb r0, [r1, #0]
0ef76 add r3, pc, #652 @ (adr r3, 800f204 ) ; =0x0800F204 "tcp is close!"
0ef78 mov.w r2, #482 @ 0x1e2
0ef7c subw r1, pc, #952 @ 0x3b8
0ef80 movs r0, #0
0ef82 bl fn_08009EBC
0ef86 b.n 800f350 
0ef88 b.n 800ef8a 
0ef8a add r1, pc, #648 @ (adr r1, 800f214 ) ; =0x0800F214 "+QISTATE"
0ef8c add r0, sp, #580 @ 0x244
0ef8e bl fn_0800825C
0ef92 cbz r0, 800eff0 
0ef94 movs r4, #0
0ef96 b.n 800efae 
0ef98 add r0, sp, #580 @ 0x244
0ef9a ldrb r0, [r0, r4]
0ef9c cmp r0, #44 @ 0x2c
0ef9e bne.n 800efaa 
0efa0 cmp r7, #4
0efa2 bne.n 800efa6 
0efa4 b.n 800efb2 
0efa6 adds r0, r7, #1
0efa8 uxtb r7, r0
0efaa adds r0, r4, #1
0efac uxtb r4, r0
0efae cmp r4, r5
0efb0 blt.n 800ef98 
0efb2 nop
0efb4 adds r0, r4, #1
0efb6 uxtb r4, r0
0efb8 add r0, sp, #580 @ 0x244
0efba ldrb r0, [r0, r4]
0efbc add r3, pc, #608 @ (adr r3, 800f220 ) ; =0x0800F220 "u8Index = %d, socket_state = %c"
0efbe mov.w r2, #500 @ 0x1f4
0efc2 subw r1, pc, #1020 @ 0x3fc
0efc6 strd r4, r0, [sp]
0efca movs r0, #0
0efcc bl fn_08009EBC
0efd0 add r0, sp, #580 @ 0x244
0efd2 ldrb r0, [r0, r4]
0efd4 subs r0, #48 @ 0x30
0efd6 ldr r1, [pc, #520] ; =0x20000088 ram_20000088
0efd8 strb r0, [r1, #0]
0efda mov r0, r1
0efdc ldrb r0, [r0, #0]
0efde cmp r0, #2
0efe0 beq.n 800efee 
0efe2 movs r0, #4
0efe4 strb r0, [r1, #0]
0efe6 movs r1, #3
0efe8 mov r0, r1
0efea bl fn_0800AFE0
0efee b.n 800f352 
0eff0 add r1, pc, #588 @ (adr r1, 800f240 ) ; =0x0800F240 "GPGGA"
0eff2 add r0, sp, #580 @ 0x244
0eff4 bl fn_0800825C
0eff8 cbz r0, 800f078 
0effa cmp r5, #50 @ 0x32
0effc ble.n 800ef6e 
0effe movs r1, #20
0f000 ldr r0, [pc, #580] ; =0x2000265C ram_2000265C
0f002 bl fn_08008246
0f006 ldr.w r0, [sp, #601] @ 0x259
0f00a str r0, [sp, #60] @ 0x3c
0f00c ldrh.w r0, [sp, #605] @ 0x25d
0f010 strh.w r0, [sp, #64] @ 0x40
0f014 movs r0, #0
0f016 strb.w r0, [sp, #66] @ 0x42
0f01a add r0, sp, #60 @ 0x3c
0f01c bl fn_080082FE
0f020 ldr r1, [pc, #548] ; =0x2000265C ram_2000265C
0f022 str r0, [r1, #16]
0f024 ldr.w r0, [sp, #611] @ 0x263
0f028 str r0, [sp, #60] @ 0x3c
0f02a movs r0, #0
0f02c strb.w r0, [sp, #64] @ 0x40
0f030 add r0, sp, #60 @ 0x3c
0f032 bl fn_080082FE
0f036 lsls r0, r0, #1
0f038 ldr r1, [pc, #524] ; =0x2000265C ram_2000265C
0f03a str r0, [r1, #0]
0f03c ldrb.w r0, [sp, #623] @ 0x26f
0f040 cmp r0, #78 @ 0x4e
0f042 bne.n 800f04e 
0f044 mov r0, r1
0f046 ldr r0, [r0, #0]
0f048 orr.w r0, r0, #1
0f04c str r0, [r1, #0]
0f04e ldr.w r0, [sp, #625] @ 0x271
0f052 str r0, [sp, #60] @ 0x3c
0f054 ldrb.w r0, [sp, #629] @ 0x275
0f058 strb.w r0, [sp, #64] @ 0x40
0f05c movs r0, #0
0f05e strb.w r0, [sp, #65] @ 0x41
0f062 add r0, sp, #60 @ 0x3c
0f064 bl fn_080082FE
0f068 lsls r0, r0, #1
0f06a ldr r1, [pc, #476] ; =0x2000265C ram_2000265C
0f06c str r0, [r1, #4]
0f06e ldrb.w r0, [sp, #638] @ 0x27e
0f072 cmp r0, #87 @ 0x57
0f074 bne.n 800f084 
0f076 b.n 800f07a 
0f078 b.n 800f086 
0f07a mov r0, r1
0f07c ldr r0, [r0, #4]
0f07e orr.w r0, r0, #1
0f082 str r0, [r1, #4]
0f084 b.n 800f350 
0f086 add r1, pc, #452 @ (adr r1, 800f24c ) ; =0x0800F24C "GPRMC"
0f088 add r0, sp, #580 @ 0x244
0f08a bl fn_0800825C
0f08e cbz r0, 800f0f4 
0f090 cmp r5, #50 @ 0x32
0f092 ble.n 800f0f4 
0f094 movs r1, #3
0f096 movs r0, #2
0f098 bl fn_0800AE38
0f09c movs r1, #20
0f09e ldr r0, [pc, #424] ; =0x2000265C ram_2000265C
0f0a0 bl fn_08008246
0f0a4 ldr.w r0, [sp, #601] @ 0x259
0f0a8 str r0, [sp, #60] @ 0x3c
0f0aa ldrh.w r0, [sp, #605] @ 0x25d
0f0ae strh.w r0, [sp, #64] @ 0x40
0f0b2 movs r0, #0
0f0b4 strb.w r0, [sp, #66] @ 0x42
0f0b8 add r0, sp, #60 @ 0x3c
0f0ba bl fn_080082FE
0f0be mov r8, r0
0f0c0 movw r0, #10000 @ 0x2710
0f0c4 udiv r0, r8, r0
0f0c8 uxtb r0, r0
0f0ca strb.w r0, [sp, #48] @ 0x30
0f0ce movs r0, #100 @ 0x64
0f0d0 udiv r0, r8, r0
0f0d4 movs r1, #100 @ 0x64
0f0d6 udiv r2, r0, r1
0f0da mls r0, r1, r2, r0
0f0de strb.w r0, [sp, #49] @ 0x31
0f0e2 movs r0, #100 @ 0x64
0f0e4 udiv r1, r8, r0
0f0e8 mls r0, r0, r1, r8
0f0ec strb.w r0, [sp, #50] @ 0x32
0f0f0 movs r4, #66 @ 0x42
0f0f2 b.n 800f258 
0f0f4 b.n 800f350 
0f0f6 add r0, sp, #580 @ 0x244
0f0f8 ldrb r0, [r0, r4]
0f0fa cmp r0, #44 @ 0x2c
0f0fc bne.n 800f118 
0f0fe add r1, sp, #580 @ 0x244
0f100 adds r0, r4, #7
0f102 ldrb r0, [r1, r0]
0f104 cmp r0, #44 @ 0x2c
0f106 bne.n 800f118 
0f108 adds r0, r4, #1
0f10a add r0, r1
0f10c ldr r1, [r0, #0]
0f10e str r1, [sp, #60] @ 0x3c
0f110 ldrh r0, [r0, #4]
0f112 strh.w r0, [sp, #64] @ 0x40
0f116 b.n 800f260 
0f118 b.n 800f254 
0f11a movs r0, r0
0f11c strb r5, [r2, #1]
0f11e str r4, [r4, #20]
0f120 str r4, [r6, #84] @ 0x54
0f122 ldr r1, [pc, #128] ; =0x746F6E20 
0f124 str r5, [r5, #84] @ 0x54
0f126 lsls r1, r5, #1
0f128 movs r6, #112 @ 0x70
0f12a movs r0, #0
0f12c ldr r1, [r5, #84] @ 0x54
0f12e ldr r5, [r4, #20]
0f130 ldr r0, [r4, #16]
0f132 movs r0, #115 @ 0x73
0f134 ldr r7, [r5, #52] @ 0x34
0f136 movs r1, r4
0f138 lsls r6, r0, #2
0f13a movs r0, #0
0f13c ldrb r4, [r1, #1]
0f13e strb r5, [r2, #1]
0f140 str r4, [r4, #20]
0f142 str r4, [r6, #84] @ 0x54
0f144 adds r0, #32
0f146 movs r0, r0
0f148 ldr r1, [r5, #84] @ 0x54
0f14a ldr r5, [r4, #20]
0f14c ldr r0, [r4, #16]
0f14e movs r0, #115 @ 0x73
0f150 strb r5, [r4, #9]
0f152 ldr r2, [r6, #116] @ 0x74
0f154 movs r1, #114 @ 0x72
0f156 movs r0, r0
0f158 strb r5, [r2, #1]
0f15a str r4, [r4, #20]
0f15c str r4, [r6, #84] @ 0x54
0f15e asrs r0, r4
0f160 strb r0, [r6, #1]
0f162 movs r0, r0
0f164 ldr r0, [r6, #68] @ 0x44
0f166 str r5, [r4, #20]
0f168 str r3, [r6, #84] @ 0x54
0f16a strb r0, [r4, #12]
0f16c ldr r5, [r4, #100] @ 0x64
0f16e movs r0, #100 @ 0x64
0f170 ldr r1, [r5, #84] @ 0x54
0f172 ldr r5, [r4, #20]
0f174 movs r1, r4
0f176 movs r0, r0
0f178 strb r5, [r2, #1]
0f17a str r4, [r4, #20]
0f17c str r4, [r6, #84] @ 0x54
0f17e asrs r0, r4
0f180 str r0, [r2, r1]
0f182 str r5, [r4, #64] @ 0x40
0f184 movs r5, #44 @ 0x2c
0f186 cmp r4, #100 @ 0x64
0f188 str r5, [r4, #64] @ 0x40
0f18a movs r0, r0
0f18c strb r1, [r6, #0]
0f18e str r0, [r6, #20]
0f190 str r1, [r0, r1]
0f192 adds r1, #80 @ 0x50
0f194 ldr r0, [r4, #16]
0f196 movs r0, #115 @ 0x73
0f198 strb r2, [r6, #21]
0f19a ldr r6, [r5, #100] @ 0x64
0f19c ldr r1, [r5, #100] @ 0x64
0f19e cmp r4, #103 @ 0x67
0f1a0 orrs r0, r4
0f1a2 ldr r1, [r4, #100] @ 0x64
0f1a4 ldr r0, [r4, #96] @ 0x60
0f1a6 strb r7, [r5, #17]
0f1a8 strb r0, [r4, #20]
0f1aa str r0, [r6, #68] @ 0x44
0f1ac strb r1, [r4, #17]
0f1ae movs r1, #101 @ 0x65
0f1b0 movs r0, r0
0f1b2 movs r0, r0
0f1b4 str r1, [r0, r1]
0f1b6 adds r2, #80 @ 0x50
0f1b8 ldr r0, [r4, #16]
0f1ba movs r0, #115 @ 0x73
0f1bc strb r2, [r6, #21]
0f1be ldr r6, [r5, #100] @ 0x64
0f1c0 ldr r1, [r5, #100] @ 0x64
0f1c2 cmp r4, #103 @ 0x67
0f1c4 orrs r0, r4
0f1c6 ldr r1, [r4, #100] @ 0x64
0f1c8 ldr r0, [r4, #96] @ 0x60
0f1ca strb r7, [r5, #17]
0f1cc strb r0, [r4, #20]
0f1ce str r0, [r6, #68] @ 0x44
0f1d0 strb r1, [r4, #17]
0f1d2 movs r1, #101 @ 0x65
0f1d4 movs r0, r0
0f1d6 movs r0, r0
0f1d8 lsls r6, r6, #1
0f1da movs r0, #0
0f1dc lsls r4, r7, #1
0f1de movs r0, #0
0f1e0 lsls r0, r1, #2
0f1e2 movs r0, #0
0f1e4 str r3, [r5, r4]
0f1e6 ldr r7, [pc, #292] ; =0xF88D2000 
0f1e8 cmp r0, sl
0f1ea lsls r6, r1, #1
0f1ec lsls r0, r7, #1
0f1ee movs r0, #0
0f1f0 lsls r4, r6, #1
0f1f2 movs r0, #0
0f1f4 str r4, [r6, #52] @ 0x34
0f1f6 movs r0, #112 @ 0x70
0f1f8 strb r1, [r5, #13]
0f1fa str r0, [r4, #48] @ 0x30
0f1fc ldr r7, [r5, #100] @ 0x64
0f1fe str r6, [r5, #84] @ 0x54
0f200 strb r3, [r4, #17]
0f202 movs r1, r4
0f204 str r4, [r6, #52] @ 0x34
0f206 movs r0, #112 @ 0x70
0f208 strb r1, [r5, #13]
0f20a str r0, [r4, #48] @ 0x30
0f20c ldr r4, [r5, #116] @ 0x74
0f20e str r3, [r6, #84] @ 0x54
0f210 movs r1, r4
0f212 movs r0, r0
0f214 str r3, [r5, r4]
0f216 strh r1, [r1, r5]
0f218 adcs r4, r2
0f21a cmp r4, sl
0f21c movs r0, r0
0f21e movs r0, r0
0f220 subs r0, #117 @ 0x75
0f222 ldr r1, [r1, #100] @ 0x64
0f224 str r4, [r4, #84] @ 0x54
0f226 movs r0, #120 @ 0x78
0f228 movs r0, #61 @ 0x3d
0f22a str r5, [r4, #64] @ 0x40
0f22c movs r0, #44 @ 0x2c
0f22e ldr r3, [r6, #116] @ 0x74
0f230 ldr r3, [r4, #52] @ 0x34
0f232 strb r5, [r4, #17]
0f234 strb r7, [r3, #13]
0f236 str r4, [r6, #20]
0f238 str r4, [r6, #84] @ 0x54
0f23a subs r5, #32
0f23c movs r5, #32
0f23e lsls r3, r4, #1
0f240 str r7, [r0, r1]
0f242 bx r8
0f244 lsls r1, r0, #1
0f246 movs r0, r0
0f248 movs r6, #92 @ 0x5c
0f24a movs r0, #0
0f24c str r7, [r0, r1]
0f24e ldr r5, [pc, #328] ; =0xA3D6A83B 
0f250 lsls r3, r0, #1
0f252 movs r0, r0
0f254 adds r0, r4, #1
0f256 uxtb r4, r0
0f258 subs r0, r5, #6
0f25a cmp r0, r4
0f25c bgt.w 800f0f6 
0f260 nop
0f262 movs r0, #0
0f264 strb.w r0, [sp, #66] @ 0x42
0f268 add r0, sp, #60 @ 0x3c
0f26a bl fn_080082FE
0f26e mov r8, r0
0f270 movw r0, #10000 @ 0x2710
0f274 udiv r0, r8, r0
0f278 uxtb r0, r0
0f27a strb.w r0, [sp, #46] @ 0x2e
0f27e movs r0, #100 @ 0x64
0f280 udiv r0, r8, r0
0f284 movs r1, #100 @ 0x64
0f286 udiv r2, r0, r1
0f28a mls r0, r1, r2, r0
0f28e strb.w r0, [sp, #45] @ 0x2d
0f292 movs r0, #100 @ 0x64
0f294 udiv r1, r8, r0
0f298 mls r0, r0, r1, r8
0f29c adds r0, #30
0f29e strb.w r0, [sp, #44] @ 0x2c
0f2a2 add r0, sp, #48 @ 0x30
0f2a4 bl fn_0800B536
0f2a8 mov fp, r0
0f2aa add r0, sp, #44 @ 0x2c
0f2ac bl fn_0800B314
0f2b0 add r0, fp
0f2b2 ldr r1, [pc, #168] ; =0x2000265C ram_2000265C
0f2b4 str r0, [r1, #16]
0f2b6 ldr.w r0, [sp, #613] @ 0x265
0f2ba str r0, [sp, #60] @ 0x3c
0f2bc movs r0, #0
0f2be strb.w r0, [sp, #64] @ 0x40
0f2c2 add r0, sp, #60 @ 0x3c
0f2c4 bl fn_080082FE
0f2c8 lsls r0, r0, #1
0f2ca ldr r1, [pc, #144] ; =0x2000265C ram_2000265C
0f2cc str r0, [r1, #0]
0f2ce ldr.w r0, [sp, #618] @ 0x26a
0f2d2 str r0, [sp, #60] @ 0x3c
0f2d4 ldrh.w r0, [sp, #622] @ 0x26e
0f2d8 strh.w r0, [sp, #64] @ 0x40
0f2dc movs r0, #0
0f2de strb.w r0, [sp, #66] @ 0x42
0f2e2 add r0, sp, #60 @ 0x3c
0f2e4 bl fn_080082FE
0f2e8 ldr r1, [pc, #112] ; =0x2000265C ram_2000265C
0f2ea str r0, [r1, #8]
0f2ec ldrb.w r0, [sp, #625] @ 0x271
0f2f0 cmp r0, #78 @ 0x4e
0f2f2 bne.n 800f2fe 
0f2f4 mov r0, r1
0f2f6 ldr r0, [r0, #0]
0f2f8 orr.w r0, r0, #1
0f2fc str r0, [r1, #0]
0f2fe ldr.w r0, [sp, #627] @ 0x273
0f302 str r0, [sp, #60] @ 0x3c
0f304 ldrb.w r0, [sp, #631] @ 0x277
0f308 strb.w r0, [sp, #64] @ 0x40
0f30c movs r0, #0
0f30e strb.w r0, [sp, #65] @ 0x41
0f312 add r0, sp, #60 @ 0x3c
0f314 bl fn_080082FE
0f318 lsls r0, r0, #1
0f31a ldr r1, [pc, #64] ; =0x2000265C ram_2000265C
0f31c str r0, [r1, #4]
0f31e ldr.w r0, [sp, #633] @ 0x279
0f322 str r0, [sp, #60] @ 0x3c
0f324 ldrh.w r0, [sp, #637] @ 0x27d
0f328 strh.w r0, [sp, #64] @ 0x40
0f32c movs r0, #0
0f32e strb.w r0, [sp, #66] @ 0x42
0f332 add r0, sp, #60 @ 0x3c
0f334 bl fn_080082FE
0f338 lsls r0, r0, #1
0f33a ldr r1, [pc, #32] ; =0x2000265C ram_2000265C
0f33c str r0, [r1, #12]
0f33e ldrb.w r0, [sp, #640] @ 0x280
0f342 cmp r0, #87 @ 0x57
0f344 bne.n 800f350 
0f346 mov r0, r1
0f348 ldr r0, [r0, #4]
0f34a orr.w r0, r0, #1
0f34e str r0, [r1, #4]
0f350 nop
0f352 nop
0f354 add.w sp, sp, #836 @ 0x344
0f358 ldmia.w sp!, {r4, r5, r6, r7, r8, r9, sl, fp, pc}
0f35c movs r6, #92 @ 0x5c
0f35e movs r0, #0

; ===== fn_0800F360  (called 0 x)
0f360 push {r4, r5, r6, r7, lr}
0f362 sub sp, #492 @ 0x1ec
0f364 mov r6, r0
0f366 mov r5, r1
0f368 movs r7, #0
0f36a movs r4, #0
0f36c nop
0f36e cmp r5, #2
0f370 blt.n 800f378 
0f372 cmp.w r5, #256 @ 0x100
0f376 ble.n 800f37a 
0f378 b.n 800f6e6 
0f37a ldrb r0, [r6, #0]
0f37c cbnz r0, 800f384 
0f37e adds r6, r6, #1
0f380 subs r0, r5, #1
0f382 uxth r5, r0
0f384 mov.w r1, #256 @ 0x100
0f388 add r0, sp, #236 @ 0xec
0f38a bl fn_08008246
0f38e mov r2, r5
0f390 mov r1, r6
0f392 add r0, sp, #236 @ 0xec
0f394 bl fn_08008214
0f398 add r0, sp, #236 @ 0xec
0f39a add r3, pc, #856 @ (adr r3, 800f6f4 ) ; =0x0800F6F4 "WIFI----%d----%s-----"
0f39c mov.w r2, #644 @ 0x284
0f3a0 add r1, pc, #872 @ (adr r1, 800f70c ) ; =0x0800F70C "..\\src\\app\\app_ec20.c"
0f3a2 strd r5, r0, [sp]
0f3a6 movs r0, #0
0f3a8 bl fn_08009EBC
0f3ac ldr r0, [pc, #884] ; =0x20000075 ram_20000075
0f3ae ldrb r0, [r0, #0]
0f3b0 bl fn_0800BAA0
0f3b4 add r1, pc, #880 @ (adr r1, 800f728 ) ; =0x0800F728 "RDY"
0f3b6 add r0, sp, #236 @ 0xec
0f3b8 bl fn_0800825C
0f3bc mov r7, r0
0f3be cbz r7, 800f3d0 
0f3c0 ldr r0, [pc, #864] ; =0x20000075 ram_20000075
0f3c2 ldrb r0, [r0, #0]
0f3c4 bl fn_0800B97C
0f3c8 movs r0, #0
0f3ca ldr r1, [pc, #864] ; =0x20000074 ram_20000074
0f3cc strb r0, [r1, #0]
0f3ce b.n 800f6e6 
0f3d0 add r1, pc, #860 @ (adr r1, 800f730 ) ; =0x0800F730 "+CGSN"
0f3d2 add r0, sp, #236 @ 0xec
0f3d4 bl fn_0800825C
0f3d8 cmp r0, #0
0f3da beq.n 800f448 
0f3dc b.n 800f3e4 
0f3de cmp r4, r5
0f3e0 ble.n 800f3e4 
0f3e2 b.n 800f3f2 
0f3e4 mov r0, r4
0f3e6 adds r1, r4, #1
0f3e8 uxtb r4, r1
0f3ea add r1, sp, #236 @ 0xec
0f3ec ldrb r0, [r1, r0]
0f3ee cmp r0, #34 @ 0x22
0f3f0 bne.n 800f3de 
0f3f2 nop
0f3f4 add r0, sp, #236 @ 0xec
0f3f6 adds r1, r0, r4
0f3f8 movs r2, #15
0f3fa ldr r0, [pc, #828] ; =0x20002670 ram_20002670
0f3fc bl fn_08008214
0f400 movs r0, #0
0f402 ldr r1, [pc, #820] ; =0x20002670 ram_20002670
0f404 strb r0, [r1, #15]
0f406 mov r0, r1
0f408 add r3, pc, #816 @ (adr r3, 800f73c ) ; =0x0800F73C "IMEI:%s"
0f40a movw r2, #667 @ 0x29b
0f40e add r1, pc, #764 @ (adr r1, 800f70c ) ; =0x0800F70C "..\\src\\app\\app_ec20.c"
0f410 str r0, [sp, #0]
0f412 movs r0, #1
0f414 bl fn_08009EBC
0f418 add r0, sp, #4
0f41a bl fn_08008DF8
0f41e movs r2, #116 @ 0x74
0f420 add r1, sp, #4
0f422 add r0, sp, #120 @ 0x78
0f424 bl fn_08008214
0f428 movs r2, #15
0f42a ldr r1, [pc, #780] ; =0x20002670 ram_20002670
0f42c add r0, sp, #176 @ 0xb0
0f42e bl fn_080082C2
0f432 cmp r0, #0
0f434 beq.n 800f49e 
0f436 movs r2, #15
0f438 ldr r1, [pc, #764] ; =0x20002670 ram_20002670
0f43a add r0, sp, #176 @ 0xb0
0f43c bl fn_08008214
0f440 add r0, sp, #120 @ 0x78
0f442 bl fn_08008FEC
0f446 b.n 800f49e 
0f448 add r1, pc, #760 @ (adr r1, 800f744 ) ; =0x0800F744 "+QIOPEN"
0f44a add r0, sp, #236 @ 0xec
0f44c bl fn_0800825C
0f450 cbz r0, 800f49e 
0f452 movs r4, #0
0f454 b.n 800f460 
0f456 adds r0, r4, #1
0f458 uxtb r4, r0
0f45a cmp r4, r5
0f45c ble.n 800f460 
0f45e b.n 800f472 
0f460 add r0, sp, #236 @ 0xec
0f462 ldrb r0, [r0, r4]
0f464 cmp r0, #78 @ 0x4e
0f466 bne.n 800f456 
0f468 add r1, sp, #236 @ 0xec
0f46a adds r0, r4, #1
0f46c ldrb r0, [r1, r0]
0f46e cmp r0, #58 @ 0x3a
0f470 bne.n 800f456 
0f472 nop
0f474 adds r0, r4, #5
0f476 uxtb r4, r0
0f478 add r0, sp, #236 @ 0xec
0f47a ldrb r0, [r0, r4]
0f47c cmp r0, #48 @ 0x30
0f47e bne.n 800f49c 
0f480 movs r0, #2
0f482 ldr r1, [pc, #712] ; =0x20000088 ram_20000088
0f484 strb r0, [r1, #0]
0f486 add r3, pc, #712 @ (adr r3, 800f750 ) ; =0x0800F750 "tcp is connect!"
0f488 movw r2, #691 @ 0x2b3
0f48c add r1, pc, #636 @ (adr r1, 800f70c ) ; =0x0800F70C "..\\src\\app\\app_ec20.c"
0f48e movs r0, #0
0f490 bl fn_08009EBC
0f494 ldr r0, [pc, #712] ; =0x20000076 ram_20000076
0f496 ldrb r0, [r0, #0]
0f498 bl fn_0800BA34
0f49c b.n 800f6e6 
0f49e ldr r0, [pc, #652] ; =0x20000074 ram_20000074
0f4a0 ldrb r0, [r0, #0]
0f4a2 cmp r0, #15
0f4a4 bge.n 800f5a2 
0f4a6 ldr r0, [pc, #700] ; =0x0801B370 rom_0801B370
0f4a8 ldr r2, [pc, #640] ; =0x20000074 ram_20000074
0f4aa ldrb r2, [r2, #0]
0f4ac ldr.w r1, [r0, r2, lsl #2]
0f4b0 add r0, sp, #236 @ 0xec
0f4b2 bl fn_0800825C
0f4b6 mov r7, r0
0f4b8 cmp r7, #0
0f4ba beq.n 800f5a2 
0f4bc ldr r0, [pc, #680] ; =0x20000089 ram_20000089
0f4be ldrb r0, [r0, #0]
0f4c0 cmp r0, #8
0f4c2 bne.n 800f524 
0f4c4 movs r4, #0
0f4c6 b.n 800f4d2 
0f4c8 adds r0, r4, #1
0f4ca uxtb r4, r0
0f4cc cmp r4, r5
0f4ce ble.n 800f4d2 
0f4d0 b.n 800f4e2 
0f4d2 add r0, sp, #236 @ 0xec
0f4d4 ldrb r0, [r0, r4]
0f4d6 cmp r0, #48 @ 0x30
0f4d8 blt.n 800f4c8 
0f4da add r0, sp, #236 @ 0xec
0f4dc ldrb r0, [r0, r4]
0f4de cmp r0, #57 @ 0x39
0f4e0 bgt.n 800f4c8 
0f4e2 nop
0f4e4 cmp r4, r5
0f4e6 bge.n 800f522 
0f4e8 add r0, sp, #236 @ 0xec
0f4ea adds r1, r0, r4
0f4ec movs r2, #15
0f4ee ldr r0, [pc, #636] ; =0x20002680 ram_20002680
0f4f0 bl fn_08008214
0f4f4 movs r0, #0
0f4f6 ldr r1, [pc, #628] ; =0x20002680 ram_20002680
0f4f8 strb r0, [r1, #15]
0f4fa mov r0, r1
0f4fc add r3, pc, #624 @ (adr r3, 800f770 ) ; =0x0800F770 "CIMI:%s"
0f4fe mov.w r2, #720 @ 0x2d0
0f502 add r1, pc, #520 @ (adr r1, 800f70c ) ; =0x0800F70C "..\\src\\app\\app_ec20.c"
0f504 str r0, [sp, #0]
0f506 movs r0, #0
0f508 bl fn_08009EBC
0f50c movs r0, #1
0f50e ldr r1, [pc, #616] ; =0x20000085 ram_20000085
0f510 strb r0, [r1, #0]
0f512 ldr r0, [pc, #616] ; =0x20000077 ram_20000077
0f514 ldrb r0, [r0, #0]
0f516 bl fn_0800BA34
0f51a movs r1, #3
0f51c mov r0, r1
0f51e bl fn_0800AFE0
0f522 b.n 800f5fa 
0f524 ldr r0, [pc, #576] ; =0x20000089 ram_20000089
0f526 ldrb r0, [r0, #0]
0f528 cmp r0, #16
0f52a bne.n 800f5a4 
0f52c movs r4, #0
0f52e b.n 800f53a 
0f530 adds r0, r4, #1
0f532 uxtb r4, r0
0f534 cmp r4, r5
0f536 ble.n 800f53a 
0f538 b.n 800f54a 
0f53a add r0, sp, #236 @ 0xec
0f53c ldrb r0, [r0, r4]
0f53e cmp r0, #48 @ 0x30
0f540 blt.n 800f530 
0f542 add r0, sp, #236 @ 0xec
0f544 ldrb r0, [r0, r4]
0f546 cmp r0, #57 @ 0x39
0f548 bgt.n 800f530 
0f54a nop
0f54c cmp r4, r5
0f54e bge.n 800f5fa 
0f550 add r0, sp, #236 @ 0xec
0f552 adds r1, r0, r4
0f554 movs r2, #15
0f556 ldr r0, [pc, #480] ; =0x20002670 ram_20002670
0f558 bl fn_08008214
0f55c movs r0, #0
0f55e ldr r1, [pc, #472] ; =0x20002670 ram_20002670
0f560 strb r0, [r1, #15]
0f562 add r0, sp, #4
0f564 bl fn_08008DF8
0f568 movs r2, #116 @ 0x74
0f56a add r1, sp, #4
0f56c add r0, sp, #120 @ 0x78
0f56e bl fn_08008214
0f572 movs r2, #15
0f574 ldr r1, [pc, #448] ; =0x20002670 ram_20002670
0f576 add r0, sp, #176 @ 0xb0
0f578 bl fn_080082C2
0f57c cbz r0, 800f58e 
0f57e movs r2, #15
0f580 ldr r1, [pc, #436] ; =0x20002670 ram_20002670
0f582 add r0, sp, #176 @ 0xb0
0f584 bl fn_08008214
0f588 add r0, sp, #120 @ 0x78
0f58a bl fn_08008FEC
0f58e ldr r0, [pc, #424] ; =0x20002670 ram_20002670
0f590 add r3, pc, #424 @ (adr r3, 800f73c ) ; =0x0800F73C "IMEI:%s"
0f592 mov.w r2, #748 @ 0x2ec
0f596 add r1, pc, #372 @ (adr r1, 800f70c ) ; =0x0800F70C "..\\src\\app\\app_ec20.c"
0f598 str r0, [sp, #0]
0f59a movs r0, #0
0f59c bl fn_08009EBC
0f5a0 b.n 800f5fa 
0f5a2 b.n 800f642 
0f5a4 ldr r0, [pc, #448] ; =0x20000089 ram_20000089
0f5a6 ldrb r0, [r0, #0]
0f5a8 cmp r0, #6
0f5aa bne.n 800f5fa 
0f5ac movs r4, #0
0f5ae b.n 800f5ba 
0f5b0 adds r0, r4, #1
0f5b2 uxtb r4, r0
0f5b4 cmp r4, r5
0f5b6 ble.n 800f5ba 
0f5b8 b.n 800f5ca 
0f5ba add r0, sp, #236 @ 0xec
0f5bc ldrb r0, [r0, r4]
0f5be cmp r0, #48 @ 0x30
0f5c0 blt.n 800f5b0 
0f5c2 add r0, sp, #236 @ 0xec
0f5c4 ldrb r0, [r0, r4]
0f5c6 cmp r0, #57 @ 0x39
0f5c8 bgt.n 800f5b0 
0f5ca nop
0f5cc add r1, sp, #236 @ 0xec
0f5ce adds r0, r4, #1
0f5d0 ldrb r1, [r1, r0]
0f5d2 add r0, sp, #236 @ 0xec
0f5d4 ldrb r0, [r0, r4]
0f5d6 subs r0, #48 @ 0x30
0f5d8 movs r2, #10
0f5da smlabb r0, r2, r0, r1
0f5de subs r0, #48 @ 0x30
0f5e0 ldr r1, [pc, #412] ; =0x20000084 ram_20000084
0f5e2 strb r0, [r1, #0]
0f5e4 mov r0, r1
0f5e6 ldrb r0, [r0, #0]
0f5e8 add r3, pc, #408 @ (adr r3, 800f784 ) ; =0x0800F784 "g_u8Csq = %d"
0f5ea mov.w r2, #764 @ 0x2fc
0f5ee add r1, pc, #284 @ (adr r1, 800f70c ) ; =0x0800F70C "..\\src\\app\\app_ec20.c"
0f5f0 str r0, [sp, #0]
0f5f2 movs r0, #0
0f5f4 bl fn_08009EBC
0f5f8 nop
0f5fa ldr r0, [pc, #304] ; =0x20000074 ram_20000074
0f5fc ldrb r0, [r0, #0]
0f5fe adds r0, r0, #1
0f600 ldr r1, [pc, #296] ; =0x20000074 ram_20000074
0f602 strb r0, [r1, #0]
0f604 movs r0, #0
0f606 ldr r1, [pc, #396] ; =0x2000008D ram_2000008D
0f608 strb r0, [r1, #0]
0f60a movs r0, #100 @ 0x64
0f60c bl fn_0800A6C0
0f610 movs r1, #0
0f612 ldr r0, [pc, #388] ; =0x20000078 ram_20000078
0f614 ldrb r0, [r0, #0]
0f616 bl fn_0800A1F4
0f61a ldr r1, [pc, #384] ; =0x0801B334 rom_0801B334
0f61c ldr r2, [pc, #268] ; =0x20000074 ram_20000074
0f61e ldrb r2, [r2, #0]
0f620 ldr.w r0, [r1, r2, lsl #2]
0f624 add r1, pc, #376 @ (adr r1, 800f7a0 ) ; =0x0800F7A0 "QWIFI"
0f626 bl fn_0800825C
0f62a cbz r0, 800f638 
0f62c movw r1, #10000 @ 0x2710
0f630 ldr r0, [pc, #240] ; =0x20000075 ram_20000075
0f632 ldrb r0, [r0, #0]
0f634 bl fn_0800B9D0
0f638 ldr r0, [pc, #232] ; =0x20000075 ram_20000075
0f63a ldrb r0, [r0, #0]
0f63c bl fn_0800B97C
0f640 b.n 800f6e6 
0f642 ldr r0, [pc, #336] ; =0x2000008D ram_2000008D
0f644 ldrb r0, [r0, #0]
0f646 cmp r0, #2
0f648 bge.n 800f6a2 
0f64a ldr r0, [pc, #328] ; =0x2000008D ram_2000008D
0f64c ldrb r0, [r0, #0]
0f64e adds r0, r0, #1
0f650 ldr r1, [pc, #320] ; =0x2000008D ram_2000008D
0f652 strb r0, [r1, #0]
0f654 add r1, pc, #336 @ (adr r1, 800f7a8 ) ; =0x0800F7A8 "+CME ERROR"
0f656 add r0, sp, #236 @ 0xec
0f658 bl fn_0800825C
0f65c cbz r0, 800f664 
0f65e movs r0, #0
0f660 ldr r1, [pc, #276] ; =0x20000085 ram_20000085
0f662 strb r0, [r1, #0]
0f664 add r1, pc, #332 @ (adr r1, 800f7b4 ) ; =0x0800F7B4 "ERROR"
0f666 add r0, sp, #236 @ 0xec
0f668 bl fn_0800825C
0f66c mov r7, r0
0f66e cbz r7, 800f67e 
0f670 mov.w r1, #2000 @ 0x7d0
0f674 ldr r0, [pc, #172] ; =0x20000075 ram_20000075
0f676 ldrb r0, [r0, #0]
0f678 bl fn_0800B9D0
0f67c b.n 800f68a 
0f67e movw r1, #5000 @ 0x1388
0f682 ldr r0, [pc, #160] ; =0x20000075 ram_20000075
0f684 ldrb r0, [r0, #0]
0f686 bl fn_0800B9D0
0f68a ldr r0, [pc, #152] ; =0x20000075 ram_20000075
0f68c ldrb r0, [r0, #0]
0f68e bl fn_0800B97C
0f692 add r3, pc, #296 @ (adr r3, 800f7bc ) ; =0x0800F7BC "send time out!"
0f694 movw r2, #802 @ 0x322
0f698 add r1, pc, #112 @ (adr r1, 800f70c ) ; =0x0800F70C "..\\src\\app\\app_ec20.c"
0f69a movs r0, #3
0f69c bl fn_08009EBC
0f6a0 b.n 800f6e4 
0f6a2 ldr r0, [pc, #136] ; =0x20000074 ram_20000074
0f6a4 ldrb r0, [r0, #0]
0f6a6 add r3, pc, #292 @ (adr r3, 800f7cc ) ; =0x0800F7CC "EC20 Cmd fail %d!"
0f6a8 movw r2, #806 @ 0x326
0f6ac add r1, pc, #92 @ (adr r1, 800f70c ) ; =0x0800F70C "..\\src\\app\\app_ec20.c"
0f6ae str r0, [sp, #0]
0f6b0 movs r0, #3
0f6b2 bl fn_08009EBC
0f6b6 ldr r0, [pc, #176] ; =0x20000089 ram_20000089
0f6b8 ldrb r0, [r0, #0]
0f6ba cmp r0, #8
0f6bc bne.n 800f6c4 
0f6be movs r0, #0
0f6c0 ldr r1, [pc, #180] ; =0x20000085 ram_20000085
0f6c2 strb r0, [r1, #0]
0f6c4 ldr r0, [pc, #100] ; =0x20000074 ram_20000074
0f6c6 ldrb r0, [r0, #0]
0f6c8 cbz r0, 800f6d4 
0f6ca ldr r0, [pc, #96] ; =0x20000074 ram_20000074
0f6cc ldrb r0, [r0, #0]
0f6ce adds r0, r0, #1
0f6d0 ldr r1, [pc, #88] ; =0x20000074 ram_20000074
0f6d2 strb r0, [r1, #0]
0f6d4 movs r0, #0
0f6d6 ldr r1, [pc, #188] ; =0x2000008D ram_2000008D
0f6d8 strb r0, [r1, #0]
0f6da movs r1, #0
0f6dc ldr r0, [pc, #184] ; =0x20000078 ram_20000078
0f6de ldrb r0, [r0, #0]
0f6e0 bl fn_0800A1F4
0f6e4 nop
0f6e6 nop
0f6e8 movs r0, #0
0f6ea ldr r1, [pc, #124] ; =0x20000089 ram_20000089
0f6ec strb r0, [r1, #0]
0f6ee add sp, #492 @ 0x1ec
0f6f0 pop {r4, r5, r6, r7, pc}
0f6f2 movs r0, r0
0f6f4 ldr r1, [pc, #348] ; =0x4A8C498B 
0f6f6 ldr r1, [pc, #280] ; =0x2274FAF3 
0f6f8 cmp r5, #45 @ 0x2d
0f6fa cmp r5, #45 @ 0x2d
0f6fc str r5, [r4, #64] @ 0x40
0f6fe cmp r5, #45 @ 0x2d
0f700 cmp r5, #45 @ 0x2d
0f702 strb r5, [r4, #12]
0f704 cmp r5, #45 @ 0x2d
0f706 cmp r5, #45 @ 0x2d
0f708 movs r5, r5
0f70a movs r0, r0
0f70c cmp r6, #46 @ 0x2e
0f70e strb r4, [r3, #13]
0f710 str r2, [r6, #52] @ 0x34
0f712 str r4, [r3, #20]
0f714 strb r0, [r6, #1]
0f716 str r4, [r3, #20]
0f718 strb r0, [r6, #1]
0f71a str r7, [r3, #84] @ 0x54
0f71c adds r2, #99 @ 0x63
0f71e cmp r6, #48 @ 0x30
0f720 lsls r3, r4, #1
0f722 movs r0, r0
0f724 lsls r5, r6, #1
0f726 movs r0, #0
0f728 add r2, sl
0f72a lsls r1, r3, #1
0f72c lsls r4, r6, #1
0f72e movs r0, #0
0f730 orrs r3, r5
0f732 strh r7, [r0, r5]
0f734 lsls r6, r1, #1
0f736 movs r0, r0
0f738 movs r6, #112 @ 0x70
0f73a movs r0, #0
0f73c ldr r5, [pc, #292] ; =0x488BB170 
0f73e ldr r1, [pc, #276] ; =0x4A8C498B 
0f740 movs r5, #58 @ 0x3a
0f742 lsls r3, r6, #1
0f744 str r3, [r5, r4]
0f746 ldr r7, [pc, #292] ; =0x78004886 
0f748 cmp r0, sl
0f74a lsls r6, r1, #1
0f74c lsls r0, r1, #2
0f74e movs r0, #0
0f750 str r4, [r6, #52] @ 0x34
0f752 movs r0, #112 @ 0x70
0f754 strb r1, [r5, #13]
0f756 str r0, [r4, #48] @ 0x30
0f758 ldr r7, [r5, #100] @ 0x64
0f75a str r6, [r5, #84] @ 0x54
0f75c strb r3, [r4, #17]
0f75e movs r1, r4
0f760 lsls r6, r6, #1
0f762 movs r0, #0
0f764 cbz r0, 800f7c4 
0f766 lsrs r1, r0, #32
0f768 lsls r1, r1, #2
0f76a movs r0, #0
0f76c movs r6, #128 @ 0x80
0f76e movs r0, #0
0f770 ldr r1, [pc, #268] ; =0xFB1CF7FA 
0f772 ldr r1, [pc, #308] ; =0x2021F850 
0f774 movs r5, #58 @ 0x3a
0f776 lsls r3, r6, #1
0f778 lsls r5, r0, #2
0f77a movs r0, #0
0f77c lsls r7, r6, #1
0f77e movs r0, #0
0f780 lsls r4, r0, #2
0f782 movs r0, #0
0f784 ldrsh r7, [r4, r5]
0f786 subs r0, #117 @ 0x75
0f788 strb r3, [r0, #13]
0f78a movs r0, #113 @ 0x71
0f78c movs r0, #61 @ 0x3d
0f78e str r5, [r4, #64] @ 0x40
0f790 movs r0, r0
0f792 movs r0, r0
0f794 lsls r5, r1, #2
0f796 movs r0, #0
0f798 lsls r0, r7, #1
0f79a movs r0, #0
0f79c cbz r4, 800f7ec 
0f79e lsrs r1, r0, #32
0f7a0 ldrsb r1, [r2, r5]
0f7a2 mov r1, r9
0f7a4 lsls r1, r1, #1
0f7a6 movs r0, r0
0f7a8 orrs r3, r5
0f7aa cmp r5, r9
0f7ac cmp r0, r4
0f7ae strh r2, [r2, r1]
0f7b0 strh r7, [r1, r1]
0f7b2 movs r0, r0
0f7b4 strh r5, [r0, r1]
0f7b6 ldr r7, [pc, #328] ; =0x4960E036 
0f7b8 lsls r2, r2, #1
0f7ba movs r0, r0
0f7bc str r3, [r6, #84] @ 0x54
0f7be str r6, [r5, #68] @ 0x44
0f7c0 strb r0, [r4, #16]
0f7c2 ldr r1, [r5, #84] @ 0x54
0f7c4 movs r0, #101 @ 0x65
0f7c6 strb r7, [r5, #21]
0f7c8 movs r1, #116 @ 0x74
0f7ca movs r0, r0
0f7cc muls r5, r0
0f7ce adds r0, #50 @ 0x32
0f7d0 orrs r0, r4
0f7d2 str r5, [r5, #68] @ 0x44
0f7d4 str r0, [r4, #96] @ 0x60
0f7d6 ldr r1, [r4, #20]
0f7d8 movs r0, #108 @ 0x6c
0f7da str r5, [r4, #64] @ 0x40
0f7dc movs r1, r4
0f7de movs r0, r0

; ===== fn_0800F7E0  (called 0 x)
0f7e0 push {r4, r5, r6, lr}
0f7e2 mov r4, r0
0f7e4 mov r5, r1
0f7e6 ldr r0, [pc, #20] ; =0x20000074 ram_20000074
0f7e8 ldrb r0, [r0, #0]
0f7ea cmp r0, #15
0f7ec bge.n 800f7f8 
0f7ee movs r1, #0
0f7f0 ldr r0, [pc, #12] ; =0x20000078 ram_20000078
0f7f2 ldrb r0, [r0, #0]
0f7f4 bl fn_0800A1F4
0f7f8 pop {r4, r5, r6, pc}
0f7fa movs r0, r0
0f7fc lsls r4, r6, #1
0f7fe movs r0, #0
0f800 lsls r0, r7, #1
0f802 movs r0, #0

; ===== fn_0800F804  (called 0 x)
0f804 push {r4, r5, lr}
0f806 sub sp, #364 @ 0x16c
0f808 mov r5, r0
0f80a movs r4, #0
0f80c add r0, sp, #4
0f80e bl fn_08008DF8
0f812 movs r2, #116 @ 0x74
0f814 add r1, sp, #4
0f816 add r0, sp, #120 @ 0x78
0f818 bl fn_08008214
0f81c movs r1, #128 @ 0x80
0f81e add r0, sp, #236 @ 0xec
0f820 bl fn_08008246
0f824 ldr r1, [pc, #604] ; =0x0801B334 rom_0801B334
0f826 ldr r2, [pc, #608] ; =0x20000074 ram_20000074
0f828 ldrb r2, [r2, #0]
0f82a ldr.w r0, [r1, r2, lsl #2]
0f82e add r1, pc, #604 @ (adr r1, 800fa8c ) ; =0x0800FA8C "QIOPEN"
0f830 bl fn_0800825C
0f834 cbz r0, 800f854 
0f836 ldr r0, [pc, #604] ; =0x20000085 ram_20000085
0f838 ldrb r0, [r0, #0]
0f83a cbnz r0, 800f854 
0f83c ldr r0, [pc, #584] ; =0x20000074 ram_20000074
0f83e ldrb r0, [r0, #0]
0f840 adds r0, r0, #1
0f842 ldr r1, [pc, #580] ; =0x20000074 ram_20000074
0f844 strb r0, [r1, #0]
0f846 add r3, pc, #592 @ (adr r3, 800fa98 ) ; =0x0800FA98 "No sim, jump this cmd QIOPEN!"
0f848 mov.w r2, #988 @ 0x3dc
0f84c add r1, pc, #616 @ (adr r1, 800fab8 ) ; =0x0800FAB8 "..\\src\\app\\app_ec20.c"
0f84e movs r0, #0
0f850 bl fn_08009EBC
0f854 ldr r1, [pc, #556] ; =0x0801B334 rom_0801B334
0f856 ldr r2, [pc, #560] ; =0x20000074 ram_20000074
0f858 ldrb r2, [r2, #0]
0f85a ldr.w r0, [r1, r2, lsl #2]
0f85e add r1, pc, #624 @ (adr r1, 800fad0 ) ; =0x0800FAD0 "QIACT"
0f860 bl fn_0800825C
0f864 cbz r0, 800f884 
0f866 ldr r0, [pc, #556] ; =0x20000085 ram_20000085
0f868 ldrb r0, [r0, #0]
0f86a cbnz r0, 800f884 
0f86c ldr r0, [pc, #536] ; =0x20000074 ram_20000074
0f86e ldrb r0, [r0, #0]
0f870 adds r0, r0, #1
0f872 ldr r1, [pc, #532] ; =0x20000074 ram_20000074
0f874 strb r0, [r1, #0]
0f876 add r3, pc, #608 @ (adr r3, 800fad8 ) ; =0x0800FAD8 "No sim, jump this cmd QIACT!"
0f878 movw r2, #995 @ 0x3e3
0f87c add r1, pc, #568 @ (adr r1, 800fab8 ) ; =0x0800FAB8 "..\\src\\app\\app_ec20.c"
0f87e movs r0, #0
0f880 bl fn_08009EBC
0f884 ldr r0, [pc, #512] ; =0x20000074 ram_20000074
0f886 ldrb r0, [r0, #0]
0f888 cmp r0, #15
0f88a bge.n 800f988 
0f88c ldr r1, [pc, #500] ; =0x0801B334 rom_0801B334
0f88e ldr r2, [pc, #504] ; =0x20000074 ram_20000074
0f890 ldrb r2, [r2, #0]
0f892 ldr.w r0, [r1, r2, lsl #2]
0f896 bl fn_08008298
0f89a mov r4, r0
0f89c ldr r0, [pc, #488] ; =0x20000074 ram_20000074
0f89e ldrb r0, [r0, #0]
0f8a0 cbnz r0, 800f8b6 
0f8a2 ldr r0, [pc, #480] ; =0x0801B334 rom_0801B334
0f8a4 ldr r1, [pc, #480] ; =0x20000074 ram_20000074
0f8a6 ldrb r1, [r1, #0]
0f8a8 ldr.w r2, [r0, r1, lsl #2]
0f8ac add r1, pc, #584 @ (adr r1, 800faf8 ) ; =0x0800FAF8 "%s\r\n"
0f8ae add r0, sp, #236 @ 0xec
0f8b0 bl fn_0800C990
0f8b4 b.n 800f970 
0f8b6 ldr r1, [pc, #460] ; =0x0801B334 rom_0801B334
0f8b8 ldr r2, [pc, #460] ; =0x20000074 ram_20000074
0f8ba ldrb r2, [r2, #0]
0f8bc ldr.w r0, [r1, r2, lsl #2]
0f8c0 add r1, pc, #572 @ (adr r1, 800fb00 ) ; =0x0800FB00 "QWSSID"
0f8c2 bl fn_0800825C
0f8c6 cbz r0, 800f8dc 
0f8c8 ldrb.w r0, [sp, #120] @ 0x78
0f8cc cmp r0, #90 @ 0x5a
0f8ce bne.n 800f8dc 
0f8d0 add r2, sp, #124 @ 0x7c
0f8d2 add r1, pc, #564 @ (adr r1, 800fb08 ) ; =0x0800FB08 "AT+QWSSID=%s\r\n"
0f8d4 add r0, sp, #236 @ 0xec
0f8d6 bl fn_0800C990
0f8da b.n 800f970 
0f8dc ldr r1, [pc, #420] ; =0x0801B334 rom_0801B334
0f8de ldr r2, [pc, #424] ; =0x20000074 ram_20000074
0f8e0 ldrb r2, [r2, #0]
0f8e2 ldr.w r0, [r1, r2, lsl #2]
0f8e6 add r1, pc, #560 @ (adr r1, 800fb18 ) ; =0x0800FB18 "QWAUTH"
0f8e8 bl fn_0800825C
0f8ec cbz r0, 800f902 
0f8ee ldrb.w r0, [sp, #121] @ 0x79
0f8f2 cmp r0, #90 @ 0x5a
0f8f4 bne.n 800f902 
0f8f6 add r2, sp, #140 @ 0x8c
0f8f8 add r1, pc, #548 @ (adr r1, 800fb20 ) ; =0x0800FB20 "AT+QWAUTH=5,4,"%s"\r\n"
0f8fa add r0, sp, #236 @ 0xec
0f8fc bl fn_0800C990
0f900 b.n 800f970 
0f902 ldr r1, [pc, #384] ; =0x0801B334 rom_0801B334
0f904 ldr r2, [pc, #384] ; =0x20000074 ram_20000074
0f906 ldrb r2, [r2, #0]
0f908 ldr.w r0, [r1, r2, lsl #2]
0f90c add r1, pc, #380 @ (adr r1, 800fa8c ) ; =0x0800FA8C "QIOPEN"
0f90e bl fn_0800825C
0f912 cbz r0, 800f93e 
0f914 add.w r0, sp, #191 @ 0xbf
0f918 bl fn_0800C518
0f91c cbz r0, 800f930 
0f91e add.w r3, sp, #206 @ 0xce
0f922 add.w r2, sp, #191 @ 0xbf
0f926 add r1, pc, #528 @ (adr r1, 800fb38 ) ; =0x0800FB38 "AT+QIOPEN=1,0,"TCP","%s",%s,0,0\r\n"
0f928 add r0, sp, #236 @ 0xec
0f92a bl fn_0800C990
0f92e b.n 800f970 
0f930 add r3, pc, #552 @ (adr r3, 800fb5c ) ; =0x0800FB5C "9090"
0f932 add r2, pc, #560 @ (adr r2, 800fb64 ) ; =0x0800FB64 "118.89.111.211"
0f934 add r1, pc, #512 @ (adr r1, 800fb38 ) ; =0x0800FB38 "AT+QIOPEN=1,0,"TCP","%s",%s,0,0\r\n"
0f936 add r0, sp, #236 @ 0xec
0f938 bl fn_0800C990
0f93c b.n 800f970 
0f93e ldr r1, [pc, #324] ; =0x0801B334 rom_0801B334
0f940 ldr r2, [pc, #324] ; =0x20000074 ram_20000074
0f942 ldrb r2, [r2, #0]
0f944 ldr.w r0, [r1, r2, lsl #2]
0f948 add r1, pc, #552 @ (adr r1, 800fb74 ) ; =0x0800FB74 "QICSGP"
0f94a bl fn_0800825C
0f94e cbz r0, 800f95e 
0f950 add.w r2, sp, #214 @ 0xd6
0f954 add r1, pc, #548 @ (adr r1, 800fb7c ) ; =0x0800FB7C "AT+QICSGP=1,1,"%s","","",1\r\n"
0f956 add r0, sp, #236 @ 0xec
0f958 bl fn_0800C990
0f95c b.n 800f970 
0f95e ldr r0, [pc, #292] ; =0x0801B334 rom_0801B334
0f960 ldr r1, [pc, #292] ; =0x20000074 ram_20000074
0f962 ldrb r1, [r1, #0]
0f964 ldr.w r2, [r0, r1, lsl #2]
0f968 add r1, pc, #560 @ (adr r1, 800fb9c ) ; =0x0800FB9C "AT+%s\r\n"
0f96a add r0, sp, #236 @ 0xec
0f96c bl fn_0800C990
0f970 ldr r1, [pc, #272] ; =0x0801B334 rom_0801B334
0f972 ldr r2, [pc, #276] ; =0x20000074 ram_20000074
0f974 ldrb r2, [r2, #0]
0f976 ldr.w r0, [r1, r2, lsl #2]
0f97a add r1, pc, #552 @ (adr r1, 800fba4 ) ; =0x0800FBA4 "CIMI"
0f97c bl fn_0800825C
0f980 cbz r0, 800f98e 
0f982 movs r0, #8
0f984 ldr r1, [pc, #548] ; =0x20000089 ram_20000089
0f986 b.n 800f98a 
0f988 b.n 800fa1c 
0f98a strb r0, [r1, #0]
0f98c b.n 800f9f0 
0f98e ldr r1, [pc, #244] ; =0x0801B334 rom_0801B334
0f990 ldr r2, [pc, #244] ; =0x20000074 ram_20000074
0f992 ldrb r2, [r2, #0]
0f994 ldr.w r0, [r1, r2, lsl #2]
0f998 add r1, pc, #532 @ (adr r1, 800fbb0 ) ; =0x0800FBB0 "CGSN"
0f99a bl fn_0800825C
0f99e cbz r0, 800f9a8 
0f9a0 movs r0, #16
0f9a2 ldr r1, [pc, #520] ; =0x20000089 ram_20000089
0f9a4 strb r0, [r1, #0]
0f9a6 b.n 800f9f0 
0f9a8 ldr r1, [pc, #216] ; =0x0801B334 rom_0801B334
0f9aa ldr r2, [pc, #220] ; =0x20000074 ram_20000074
0f9ac ldrb r2, [r2, #0]
0f9ae ldr.w r0, [r1, r2, lsl #2]
0f9b2 add r1, pc, #516 @ (adr r1, 800fbb8 ) ; =0x0800FBB8 "CSQ"
0f9b4 bl fn_0800825C
0f9b8 cbz r0, 800f9c2 
0f9ba movs r0, #6
0f9bc ldr r1, [pc, #492] ; =0x20000089 ram_20000089
0f9be strb r0, [r1, #0]
0f9c0 b.n 800f9f0 
0f9c2 ldr r1, [pc, #192] ; =0x0801B334 rom_0801B334
0f9c4 ldr r2, [pc, #192] ; =0x20000074 ram_20000074
0f9c6 ldrb r2, [r2, #0]
0f9c8 ldr.w r0, [r1, r2, lsl #2]
0f9cc add r1, pc, #492 @ (adr r1, 800fbbc ) ; =0x0800FBBC "QWTOCLIEN"
0f9ce bl fn_0800825C
0f9d2 cbz r0, 800f9f0 
0f9d4 ldr r0, [pc, #468] ; =0x20000089 ram_20000089
0f9d6 ldrb r0, [r0, #0]
0f9d8 cmp r0, #5
0f9da beq.n 800f9e4 
0f9dc movs r0, #5
0f9de ldr r1, [pc, #460] ; =0x20000089 ram_20000089
0f9e0 strb r0, [r1, #0]
0f9e2 b.n 800f9f0 
0f9e4 ldrb.w r0, [sp, #254] @ 0xfe
0f9e8 adds r0, r0, #1
0f9ea uxtb r0, r0
0f9ec strb.w r0, [sp, #254] @ 0xfe
0f9f0 add r0, sp, #236 @ 0xec
0f9f2 bl fn_08008298
0f9f6 mov r4, r0
0f9f8 movs r0, #0
0f9fa add r1, sp, #236 @ 0xec
0f9fc strb r0, [r1, r4]
0f9fe uxth r2, r4
0fa00 movs r0, #4
0fa02 bl fn_0800A924
0fa06 add r0, sp, #236 @ 0xec
0fa08 add r3, pc, #444 @ (adr r3, 800fbc8 ) ; =0x0800FBC8 "Send to EC20, %s---%d"
0fa0a mov.w r2, #1064 @ 0x428
0fa0e add r1, pc, #168 @ (adr r1, 800fab8 ) ; =0x0800FAB8 "..\\src\\app\\app_ec20.c"
0fa10 strd r0, r4, [sp]
0fa14 movs r0, #1
0fa16 bl fn_08009EBC
0fa1a b.n 800fa7e 
0fa1c ldr r0, [pc, #448] ; =0x20000075 ram_20000075
0fa1e ldrb r0, [r0, #0]
0fa20 bl fn_0800BAA0
0fa24 ldr r2, [pc, #444] ; =0x0800FC1D fn_0800FC1C
0fa26 ldr r1, [pc, #448] ; =0x0800E795 fn_0800E794
0fa28 movs r0, #4
0fa2a bl fn_0800AA4C
0fa2e ldr r0, [pc, #444] ; =0x20000088 ram_20000088
0fa30 ldrb r0, [r0, #0]
0fa32 cmp r0, #2
0fa34 bne.n 800fa70 
0fa36 movs r2, #11
0fa38 add r1, pc, #436 @ (adr r1, 800fbf0 ) ; =0x0800FBF0 "write(IMEI,"
0fa3a add r0, sp, #236 @ 0xec
0fa3c bl fn_08008214
0fa40 movs r2, #15
0fa42 ldr r1, [pc, #440] ; =0x20002670 ram_20002670
0fa44 add.w r0, sp, #247 @ 0xf7
0fa48 bl fn_08008214
0fa4c movs r0, #41 @ 0x29
0fa4e strb.w r0, [sp, #262] @ 0x106
0fa52 movs r0, #0
0fa54 strb.w r0, [sp, #263] @ 0x107
0fa58 movs r1, #27
0fa5a add r0, sp, #236 @ 0xec
0fa5c bl fn_0800923C
0fa60 movs r1, #1
0fa62 movs r0, #3
0fa64 bl fn_0800AFE0
0fa68 ldr r0, [pc, #404] ; =0x20000076 ram_20000076
0fa6a ldrb r0, [r0, #0]
0fa6c bl fn_0800BA34
0fa70 add r3, pc, #400 @ (adr r3, 800fc04 ) ; =0x0800FC04 "---EC25 Init End !---"
0fa72 movw r2, #1081 @ 0x439
0fa76 add r1, pc, #64 @ (adr r1, 800fab8 ) ; =0x0800FAB8 "..\\src\\app\\app_ec20.c"
0fa78 movs r0, #0
0fa7a bl fn_08009EBC
0fa7e add sp, #364 @ 0x16c
0fa80 pop {r4, r5, pc}
0fa82 movs r0, r0
0fa84 cbz r4, 800fad4 
0fa86 lsrs r1, r0, #32
0fa88 lsls r4, r6, #1
0fa8a movs r0, #0
0fa8c ldr r1, [pc, #324] ; =0x7325202C 
0fa8e str r7, [r1, r1]
0fa90 ldr r6, [pc, #276] ; =0x00000000 
0fa92 movs r0, r0
0fa94 lsls r5, r0, #2
0fa96 movs r0, #0
0fa98 ldr r6, [r1, #116] @ 0x74
0fa9a strb r0, [r4, #12]
0fa9c ldr r1, [r5, #84] @ 0x54
0fa9e movs r0, #44 @ 0x2c
0faa0 strb r2, [r5, #21]
0faa2 strb r5, [r5, #1]
0faa4 strb r0, [r4, #16]
0faa6 ldr r0, [r5, #20]
0faa8 movs r0, #115 @ 0x73
0faaa ldr r3, [r4, #84] @ 0x54
0faac movs r0, #100 @ 0x64
0faae ldr r1, [pc, #324] ; =0x4D492865 
0fab0 str r7, [r1, r1]
0fab2 ldr r6, [pc, #276] ; =0x646E6553 
0fab4 movs r1, r4
0fab6 movs r0, r0
0fab8 cmp r6, #46 @ 0x2e
0faba strb r4, [r3, #13]
0fabc str r2, [r6, #52] @ 0x34
0fabe str r4, [r3, #20]
0fac0 strb r0, [r6, #1]
0fac2 str r4, [r3, #20]
0fac4 strb r0, [r6, #1]
0fac6 str r7, [r3, #84] @ 0x54
0fac8 adds r2, #99 @ 0x63
0faca cmp r6, #48 @ 0x30
0facc lsls r3, r4, #1
0face movs r0, r0
0fad0 ldr r1, [pc, #324] ; =0x0000002D 
0fad2 muls r1, r0
0fad4 lsls r4, r2, #1
0fad6 movs r0, r0
0fad8 ldr r6, [r1, #116] @ 0x74
0fada strb r0, [r4, #12]
0fadc ldr r1, [r5, #84] @ 0x54
0fade movs r0, #44 @ 0x2c
0fae0 strb r2, [r5, #21]
0fae2 strb r5, [r5, #1]
0fae4 strb r0, [r4, #16]
0fae6 ldr r0, [r5, #20]
0fae8 movs r0, #115 @ 0x73
0faea ldr r3, [r4, #84] @ 0x54
0faec movs r0, #100 @ 0x64
0faee ldr r1, [pc, #324] ; =0xBD10FDE9 
0faf0 muls r1, r0
0faf2 movs r1, #84 @ 0x54
0faf4 movs r0, r0
0faf6 movs r0, r0
0faf8 strb r5, [r4, #12]
0fafa lsrs r5, r1, #8
0fafc movs r0, r0
0fafe movs r0, r0
0fb00 ldrsb r1, [r2, r5]
0fb02 strh r3, [r2, r5]
0fb04 add r1, r9
0fb06 movs r0, r0
0fb08 strb r1, [r0, r1]
0fb0a str r3, [r5, r4]
0fb0c strh r7, [r2, r5]
0fb0e ldr r1, [pc, #332] ; =0x2000D10E ram_2000D10E
0fb10 subs r5, #68 @ 0x44
0fb12 strb r5, [r4, #12]
0fb14 lsrs r5, r1, #8
0fb16 movs r0, r0
0fb18 ldrsb r1, [r2, r5]
0fb1a strb r1, [r0, r5]
0fb1c ldr r0, [pc, #336] ; =0x3285F240 
0fb1e movs r0, r0
0fb20 strb r1, [r0, r1]
0fb22 str r3, [r5, r4]
0fb24 adcs r7, r2
0fb26 strb r5, [r2, r1]
0fb28 subs r5, #72 @ 0x48
0fb2a cmp r4, #53 @ 0x35
0fb2c cmp r4, #52 @ 0x34
0fb2e movs r5, #34 @ 0x22
0fb30 movs r2, #115 @ 0x73
0fb32 lsrs r5, r1, #8
0fb34 movs r0, r0
0fb36 movs r0, r0
0fb38 strb r1, [r0, r1]
0fb3a str r3, [r5, r4]
0fb3c ldr r7, [pc, #292] ; =0x48072100 
0fb3e cmp r0, sl
0fb40 subs r5, #78 @ 0x4e
0fb42 cmp r4, #49 @ 0x31
0fb44 cmp r4, #48 @ 0x30
0fb46 strb r2, [r4, r0]
0fb48 str r3, [r0, r1]
0fb4a cmp r4, #34 @ 0x22
0fb4c movs r5, #34 @ 0x22
0fb4e movs r2, #115 @ 0x73
0fb50 movs r5, #44 @ 0x2c
0fb52 cmp r4, #115 @ 0x73
0fb54 cmp r4, #48 @ 0x30
0fb56 lsrs r0, r6, #20
0fb58 movs r2, r1
0fb5a movs r0, r0
0fb5c adds r0, #57 @ 0x39
0fb5e adds r0, #57 @ 0x39
0fb60 movs r0, r0
0fb62 movs r0, r0
0fb64 adds r1, #49 @ 0x31
0fb66 cmp r6, #56 @ 0x38
0fb68 subs r1, #56 @ 0x38
0fb6a adds r1, #46 @ 0x2e
0fb6c adds r1, #49 @ 0x31
0fb6e adds r2, #46 @ 0x2e
0fb70 adds r1, #49 @ 0x31
0fb72 movs r0, r0
0fb74 ldr r1, [pc, #324] ; =0x6DE4F2AD 
0fb76 strh r3, [r0, r5]
0fb78 str r7, [r0, r1]
0fb7a movs r0, r0
0fb7c strb r1, [r0, r1]
0fb7e str r3, [r5, r4]
0fb80 muls r1, r1
0fb82 bx sl
0fb84 subs r5, #80 @ 0x50
0fb86 cmp r4, #49 @ 0x31
0fb88 cmp r4, #49 @ 0x31
0fb8a movs r5, #34 @ 0x22
0fb8c movs r2, #115 @ 0x73
0fb8e movs r2, #44 @ 0x2c
0fb90 cmp r4, #34 @ 0x22
0fb92 movs r2, #34 @ 0x22
0fb94 adds r1, #44 @ 0x2c
0fb96 lsrs r5, r1, #8
0fb98 movs r0, r0
0fb9a movs r0, r0
0fb9c strb r1, [r0, r1]
0fb9e movs r5, #43 @ 0x2b
0fba0 lsrs r3, r6, #21
0fba2 movs r2, r1
0fba4 ldr r1, [pc, #268] ; =0x00000000 
0fba6 ldr r1, [pc, #308] ; =0xE9D0A0FE 
0fba8 movs r0, r0
0fbaa movs r0, r0
0fbac lsls r1, r1, #2
0fbae movs r0, #0
0fbb0 bx r8
0fbb2 ldr r6, [pc, #332] ; =0xC30EE9CD 
0fbb4 movs r0, r0
0fbb6 movs r0, r0
0fbb8 strh r3, [r0, r5]
0fbba lsls r1, r2, #1
0fbbc ldrsb r1, [r2, r5]
0fbbe ldr r7, [pc, #336] ; =0xFA80F7F8 
0fbc0 ldr r4, [pc, #268] ; =0x2600090A 
0fbc2 cmp r1, r9
0fbc4 lsls r6, r1, #1
0fbc6 movs r0, r0
0fbc8 str r3, [r2, #84] @ 0x54
0fbca str r6, [r5, #68] @ 0x44
0fbcc strb r0, [r4, #16]
0fbce movs r0, #111 @ 0x6f
0fbd0 muls r5, r0
0fbd2 adds r0, #50 @ 0x32
0fbd4 movs r0, #44 @ 0x2c
0fbd6 strb r5, [r4, #12]
0fbd8 cmp r5, #45 @ 0x2d
0fbda movs r5, #45 @ 0x2d
0fbdc lsls r4, r4, #1
0fbde movs r0, r0
0fbe0 lsls r5, r6, #1
0fbe2 movs r0, #0
0fbe4 @ <UNDEFINED> instruction: 0xfc1d0800
0fbe8 b.n 800fb16 
0fbea lsrs r0, r0, #32
0fbec lsls r0, r1, #2
0fbee movs r0, #0
0fbf0 strb r7, [r6, #9]
0fbf2 strb r1, [r5, #17]
0fbf4 cmp r0, #101 @ 0x65
0fbf6 ldr r5, [pc, #292] ; =0x1E680801 
0fbf8 ldr r1, [pc, #276] ; =0xFA80F7F8 
0fbfa movs r4, r5
0fbfc movs r6, #112 @ 0x70
0fbfe movs r0, #0
0fc00 lsls r6, r6, #1
0fc02 movs r0, #0
0fc04 cmp r5, #45 @ 0x2d
0fc06 cmp r5, r5
0fc08 adds r2, #67 @ 0x43
0fc0a movs r0, #53 @ 0x35
0fc0c ldr r1, [r1, #100] @ 0x64
0fc0e strb r1, [r5, #17]
0fc10 cmp r0, r4
0fc12 str r6, [r5, #68] @ 0x44
0fc14 movs r1, #32
0fc16 cmp r5, #45 @ 0x2d
0fc18 movs r5, r5
0fc1a movs r0, r0

; ===== fn_0800FC1C  (called 0 x)
0fc1c movs r0, #0
0fc1e ldr r1, [pc, #4] ; =0x20000087 ram_20000087
0fc20 strb r0, [r1, #0]
0fc22 bx lr
0fc24 lsls r7, r0, #2
0fc26 movs r0, #0

; ===== fn_0800FC28  (called 0 x)
0fc28 push {r4, lr}
0fc2a ldr r0, [pc, #12] ; =0x200000AB ram_200000AB
0fc2c ldrb r0, [r0, #0]
0fc2e cbz r0, 800fc36 
0fc30 movs r0, #12
0fc32 bl fn_0800A808
0fc36 pop {r4, pc}
0fc38 lsls r3, r5, #2
0fc3a movs r0, #0

; ===== fn_0800FC3C  (called 0 x)
0fc3c push {r4, lr}
0fc3e ldr r0, [pc, #12] ; =0x200000AB ram_200000AB
0fc40 ldrb r0, [r0, #0]
0fc42 cbz r0, 800fc4a 
0fc44 movs r0, #13
0fc46 bl fn_0800A808
0fc4a pop {r4, pc}
0fc4c lsls r3, r5, #2
0fc4e movs r0, #0

; ===== fn_0800FC50  (called 0 x)
0fc50 push {r4, r5, r6, lr}
0fc52 mov r4, r0
0fc54 mov r5, r1
0fc56 ldr r0, [pc, #40] ; =0x200000A8 ram_200000A8
0fc58 ldrb r0, [r0, #0]
0fc5a cmp r0, #1
0fc5c bne.n 800fc7c 
0fc5e movs r0, #0
0fc60 bl fn_08009230
0fc64 movs r1, #0
0fc66 ldr r0, [pc, #28] ; =0x20000099 ram_20000099
0fc68 ldrb r0, [r0, #0]
0fc6a bl fn_0800A1F4
0fc6e add r3, pc, #24 @ (adr r3, 800fc88 ) ; =0x0800FC88 "bt send his data is ok!"
0fc70 movw r2, #901 @ 0x385
0fc74 add r1, pc, #40 @ (adr r1, 800fca0 ) ; =0x0800FCA0 "..\\src\\app\\app_lcr.c"
0fc76 movs r0, #1
0fc78 bl fn_08009EBC
0fc7c pop {r4, r5, r6, pc}
0fc7e movs r0, r0
0fc80 lsls r0, r5, #2
0fc82 movs r0, #0
0fc84 lsls r1, r3, #2
0fc86 movs r0, #0
0fc88 strb r2, [r4, #17]
0fc8a strb r0, [r4, #12]
0fc8c ldr r5, [r4, #100] @ 0x64
0fc8e movs r0, #100 @ 0x64
0fc90 ldr r0, [r5, #20]
0fc92 movs r0, #115 @ 0x73
0fc94 str r4, [r4, #20]
0fc96 str r4, [r6, #20]
0fc98 ldr r0, [r4, #16]
0fc9a movs r0, #115 @ 0x73
0fc9c ldr r7, [r5, #52] @ 0x34
0fc9e movs r1, r4
0fca0 cmp r6, #46 @ 0x2e
0fca2 strb r4, [r3, #13]
0fca4 str r2, [r6, #52] @ 0x34
0fca6 str r4, [r3, #20]
0fca8 strb r0, [r6, #1]
0fcaa str r4, [r3, #20]
0fcac strb r0, [r6, #1]
0fcae ldr r7, [r3, #68] @ 0x44
0fcb0 strb r3, [r4, #9]
0fcb2 str r6, [r5, #48] @ 0x30
0fcb4 movs r0, r0
0fcb6 movs r0, r0

; ===== fn_0800FCB8  (called 0 x)
0fcb8 stmdb sp!, {r4, r5, r6, r7, r8, r9, sl, fp, lr}
0fcbc subw sp, sp, #1764 @ 0x6e4
0fcc0 mov r8, r0
0fcc2 mov r5, r1
0fcc4 movs r0, #0
0fcc6 str r0, [sp, #736] @ 0x2e0
0fcc8 str r0, [sp, #732] @ 0x2dc
0fcca str r0, [sp, #728] @ 0x2d8
0fccc movs r4, #0
0fcce mov.w r9, #10
0fcd2 movs r6, #0
0fcd4 str r0, [sp, #212] @ 0xd4
0fcd6 str r0, [sp, #208] @ 0xd0
0fcd8 movs r7, #0
0fcda mov sl, r0
0fcdc add r0, pc, #1016 @ (adr r0, 80100d8 ) ; =0x080100D8 rom_080100D8
0fcde ldrd r3, r1, [r0]
0fce2 ldr r2, [r0, #8]
0fce4 strd r3, r1, [sp, #108] @ 0x6c
0fce8 str r2, [sp, #116] @ 0x74
0fcea movs r2, #36 @ 0x24
0fcec ldr r1, [pc, #1012] ; =0x0801B3DC rom_0801B3DC
0fcee add r0, sp, #72 @ 0x48
0fcf0 bl fn_08008214
0fcf4 ldr r0, [pc, #1004] ; =0x0801B3DC rom_0801B3DC
0fcf6 adds r0, #36 @ 0x24
0fcf8 ldrd ip, r3, [r0]
0fcfc ldrd r2, r1, [r0, #8]
0fd00 strd ip, r3, [sp, #56] @ 0x38
0fd04 strd r2, r1, [sp, #64] @ 0x40
0fd08 movs r2, #32
0fd0a add.w r1, r0, #16
0fd0e add r0, sp, #24
0fd10 bl fn_08008214
0fd14 ldrb.w r0, [r8]
0fd18 cbnz r0, 800fd22 
0fd1a add.w r8, r8, #1
0fd1e subs r0, r5, #1
0fd20 uxth r5, r0
0fd22 ldrb.w r0, [r8]
0fd26 cmp r0, #126 @ 0x7e
0fd28 bne.n 800fd30 
0fd2a cmp.w r5, #512 @ 0x200
0fd2e ble.n 800fd38 
0fd30 addw sp, sp, #1764 @ 0x6e4
0fd34 ldmia.w sp!, {r4, r5, r6, r7, r8, r9, sl, fp, pc}
0fd38 mov.w r1, #512 @ 0x200
0fd3c add r0, sp, #216 @ 0xd8
0fd3e bl fn_08008246
0fd42 cmp r5, #170 @ 0xaa
0fd44 ble.n 800fd5c 
0fd46 mov fp, r5
0fd48 add.w r0, r5, fp, lsr #31
0fd4c asrs r3, r0, #1
0fd4e mov r2, r8
0fd50 mov.w r1, #512 @ 0x200
0fd54 add r0, sp, #216 @ 0xd8
0fd56 bl fn_0800C390
0fd5a b.n 800fd6a 
0fd5c mov r3, r5
0fd5e mov r2, r8
0fd60 mov.w r1, #512 @ 0x200
0fd64 add r0, sp, #216 @ 0xd8
0fd66 bl fn_0800C390
0fd6a nop
0fd6c ldr r0, [pc, #888] ; =0x20000091 ram_20000091
0fd6e ldrb r0, [r0, #0]
0fd70 bl fn_0800BAA0
0fd74 ldr r0, [pc, #884] ; =0x2000009B ram_2000009B
0fd76 ldrb r0, [r0, #0]
0fd78 cmp r0, #1
0fd7a bne.n 800fd96 
0fd7c mov r1, r5
0fd7e mov r0, r8
0fd80 bl fn_08013A5C
0fd84 movs r0, #50 @ 0x32
0fd86 bl fn_0800A6C0
0fd8a mov r2, r5
0fd8c mov r1, r8
0fd8e movs r0, #0
0fd90 bl fn_0800A924
0fd94 b.n 8010594 
0fd96 mov.w r1, #512 @ 0x200
0fd9a addw r0, sp, #1252 @ 0x4e4
0fd9e bl fn_08008246
0fda2 mov r2, r5
0fda4 mov r1, r8
0fda6 addw r0, sp, #1252 @ 0x4e4
0fdaa bl fn_08008214
0fdae movs r6, #8
0fdb0 b.n 800fdd8 
0fdb2 addw r0, sp, #1252 @ 0x4e4
0fdb6 ldrb r0, [r0, r6]
0fdb8 cmp r0, #27
0fdba bne.n 800fdd4 
0fdbc subs r2, r5, r6
0fdbe addw ip, sp, #1252 @ 0x4e4
0fdc2 adds r3, r6, #1
0fdc4 add.w r1, ip, r3
0fdc8 mov r3, ip
0fdca adds r0, r3, r6
0fdcc bl fn_08008214
0fdd0 subs r0, r5, #1
0fdd2 uxth r5, r0
0fdd4 adds r0, r6, #1
0fdd6 uxtb r6, r0
0fdd8 cmp r6, r5
0fdda blt.n 800fdb2 
0fddc uxtb r3, r5
0fdde addw r2, sp, #1252 @ 0x4e4
0fde2 add r1, sp, #728 @ 0x2d8
0fde4 add r0, sp, #144 @ 0x90
0fde6 bl fn_08010B4C
0fdea ldrb.w r0, [sp, #728] @ 0x2d8
0fdee subs r0, r0, #1
0fdf0 add r1, sp, #144 @ 0x90
0fdf2 ldrb r1, [r1, r0]
0fdf4 subs r0, r5, #1
0fdf6 addw r2, sp, #1252 @ 0x4e4
0fdfa ldrb r0, [r2, r0]
0fdfc cmp r1, r0
0fdfe bne.n 800fe12 
0fe00 ldrb.w r0, [sp, #728] @ 0x2d8
0fe04 subs r0, r0, #2
0fe06 add r1, sp, #144 @ 0x90
0fe08 ldrb r1, [r1, r0]
0fe0a subs r0, r5, #2
0fe0c ldrb r0, [r2, r0]
0fe0e cmp r1, r0
0fe10 beq.n 800fe36 
0fe12 subs r0, r5, #2
0fe14 add r1, sp, #144 @ 0x90
0fe16 ldrb r0, [r1, r0]
0fe18 ldrb.w r1, [sp, #728] @ 0x2d8
0fe1c subs r1, r1, #1
0fe1e add r2, sp, #144 @ 0x90
0fe20 ldrb r1, [r2, r1]
0fe22 add r3, pc, #716 @ (adr r3, 80100f0 ) ; =0x080100F0 "CRC is error!%x%x"
0fe24 movw r2, #2188 @ 0x88c
0fe28 strd r1, r0, [sp]
0fe2c add r1, pc, #724 @ (adr r1, 8010104 ) ; =0x08010104 "..\\src\\app\\app_lcr.c"
0fe2e movs r0, #0
0fe30 bl fn_08009EBC
0fe34 b.n 800fd94 
0fe36 ldrb.w r0, [sp, #1254] @ 0x4e6
0fe3a cmp r0, #255 @ 0xff
0fe3c bne.n 800ff1e 
0fe3e add r0, sp, #216 @ 0xd8
0fe40 add r3, pc, #728 @ (adr r3, 801011c ) ; =0x0801011C "---Recice Cal data---%d----%s"
0fe42 movw r2, #2194 @ 0x892
0fe46 add r1, pc, #700 @ (adr r1, 8010104 ) ; =0x08010104 "..\\src\\app\\app_lcr.c"
0fe48 strd r5, r0, [sp]
0fe4c movs r0, #0
0fe4e bl fn_08009EBC
0fe52 ldrb.w r0, [sp, #1257] @ 0x4e9
0fe56 cmp r0, #1
0fe58 bne.n 800fe9e 
0fe5a movs r2, #64 @ 0x40
0fe5c movs r1, #0
0fe5e add r0, sp, #144 @ 0x90
0fe60 bl fn_08008238
0fe64 ldrb.w r0, [sp, #1258] @ 0x4ea
0fe68 cmp r0, #38 @ 0x26
0fe6a bne.n 800fe7a 
0fe6c ldrb.w r2, [sp, #1255] @ 0x4e7
0fe70 add r1, pc, #712 @ (adr r1, 801013c ) ; =0x0801013C "LxSetCalib %d,0"
0fe72 add r0, sp, #144 @ 0x90
0fe74 bl fn_0800C990
0fe78 b.n 800fe8a 
0fe7a ldrb.w r3, [sp, #1258] @ 0x4ea
0fe7e ldrb.w r2, [sp, #1255] @ 0x4e7
0fe82 add r1, pc, #712 @ (adr r1, 801014c ) ; =0x0801014C "LxSetCalib %d,%d"
0fe84 add r0, sp, #144 @ 0x90
0fe86 bl fn_0800C990
0fe8a add r0, sp, #144 @ 0x90
0fe8c bl fn_08008298
0fe90 uxth r0, r0
0fe92 str r0, [sp, #208] @ 0xd0
0fe94 add r0, sp, #144 @ 0x90
0fe96 ldr r1, [sp, #208] @ 0xd0
0fe98 bl fn_08013A5C
0fe9c b.n 800fd94 
0fe9e ldr r0, [pc, #704] ; =0x200028BF ram_200028BF
0fea0 ldrb r0, [r0, #1]
0fea2 cbnz r0, 800fec2 
0fea4 ldrb.w r0, [sp, #1257] @ 0x4e9
0fea8 cmp r0, #3
0feaa bne.n 800fec2 
0feac movs r0, #1
0feae ldr r1, [pc, #688] ; =0x200028BF ram_200028BF
0feb0 strb r0, [r1, #1]
0feb2 ldrb.w r0, [sp, #1260] @ 0x4ec
0feb6 strb r0, [r1, #2]
0feb8 ldrb.w r0, [sp, #1255] @ 0x4e7
0febc bl fn_08013048
0fec0 b.n 800fd94 
0fec2 ldr r0, [pc, #668] ; =0x200028BF ram_200028BF
0fec4 ldrb r0, [r0, #1]
0fec6 cmp r0, #1
0fec8 bne.n 800fefc 
0feca movs r0, #94 @ 0x5e
0fecc ldr r1, [pc, #656] ; =0x200028BF ram_200028BF
0fece strb r0, [r1, #1]
0fed0 ldrb.w r0, [sp, #1255] @ 0x4e7
0fed4 bl fn_08013048
0fed8 ldrb.w r0, [sp, #1257] @ 0x4e9
0fedc cmp r0, #3
0fede ble.n 800fef4 
0fee0 ldrb.w r0, [sp, #1257] @ 0x4e9
0fee4 subs r2, r0, #3
0fee6 addw r1, sp, #1260 @ 0x4ec
0feea ldr r0, [pc, #628] ; =0x200028BF ram_200028BF
0feec adds r0, r0, #3
0feee bl fn_08008214
0fef2 b.n 800fefa 
0fef4 movs r0, #48 @ 0x30
0fef6 ldr r1, [pc, #616] ; =0x200028BF ram_200028BF
0fef8 strb r0, [r1, #3]
0fefa b.n 800fd94 
0fefc ldr r0, [pc, #608] ; =0x200028BF ram_200028BF
0fefe ldrb r0, [r0, #1]
0ff00 cmp r0, #94 @ 0x5e
0ff02 bne.n 800ff20 
0ff04 movs r0, #11
0ff06 ldr r1, [pc, #600] ; =0x200028BF ram_200028BF
0ff08 strb r0, [r1, #1]
0ff0a ldrb.w r0, [sp, #1255] @ 0x4e7
0ff0e bl fn_08013048
0ff12 ldrb.w r0, [sp, #1260] @ 0x4ec
0ff16 ldr r1, [pc, #584] ; =0x200028BF ram_200028BF
0ff18 strb.w r0, [r1, #35] @ 0x23
0ff1c b.n 800fd94 
0ff1e b.n 800ff92 
0ff20 ldr r0, [pc, #572] ; =0x200028BF ram_200028BF
0ff22 ldrb r0, [r0, #1]
0ff24 cmp r0, #11
0ff26 bne.n 800ff90 
0ff28 ldrb.w r0, [sp, #1257] @ 0x4e9
0ff2c cmp r0, #3
0ff2e ble.n 800ff44 
0ff30 ldrb.w r0, [sp, #1257] @ 0x4e9
0ff34 subs r2, r0, #3
0ff36 addw r1, sp, #1260 @ 0x4ec
0ff3a ldr r0, [pc, #548] ; =0x200028BF ram_200028BF
0ff3c adds r0, #19
0ff3e bl fn_08008214
0ff42 b.n 800ff4a 
0ff44 movs r0, #48 @ 0x30
0ff46 ldr r1, [pc, #536] ; =0x200028BF ram_200028BF
0ff48 strb r0, [r1, #19]
0ff4a movs r2, #64 @ 0x40
0ff4c movs r1, #0
0ff4e add r0, sp, #144 @ 0x90
0ff50 bl fn_08008238
0ff54 ldr r0, [pc, #520] ; =0x200028BF ram_200028BF
0ff56 ldrb.w r0, [r0, #35] @ 0x23
0ff5a add r1, sp, #24
0ff5c ldr.w r0, [r1, r0, lsl #2]
0ff60 ldr r1, [pc, #508] ; =0x200028BF ram_200028BF
0ff62 adds r1, #19
0ff64 sub.w r2, r1, #16
0ff68 strd r2, r1, [sp]
0ff6c str r0, [sp, #8]
0ff6e subs r0, r2, #3
0ff70 ldrb r3, [r0, #2]
0ff72 ldrb.w r2, [sp, #1255] @ 0x4e7
0ff76 add r1, pc, #492 @ (adr r1, 8010164 ) ; =0x08010164 "LxRdCalib %d,%d,%s,%s,%s"
0ff78 add r0, sp, #144 @ 0x90
0ff7a bl fn_0800C990
0ff7e add r0, sp, #144 @ 0x90
0ff80 bl fn_08008298
0ff84 uxth r0, r0
0ff86 str r0, [sp, #208] @ 0xd0
0ff88 add r0, sp, #144 @ 0x90
0ff8a ldr r1, [sp, #208] @ 0xd0
0ff8c bl fn_08013A5C
0ff90 b.n 8010700 
0ff92 cmp r5, #14
0ff94 beq.n 800ff9e 
0ff96 ldrb.w r0, [sp, #1257] @ 0x4e9
0ff9a cmp r0, #6
0ff9c bne.n 8010090 
0ff9e ldrb.w r0, [sp, #1254] @ 0x4e6
0ffa2 cmp r0, #20
0ffa4 bne.n 800ff9c 
0ffa6 ldr.w r7, [sp, #1260] @ 0x4ec
0ffaa ldr r0, [pc, #468] ; =0x20002898 ram_20002898
0ffac ldrb r0, [r0, #0]
0ffae ldrb.w r1, [sp, #1255] @ 0x4e7
0ffb2 cmp r0, r1
0ffb4 bne.n 800ffba 
0ffb6 movs r4, #0
0ffb8 b.n 800ffda 
0ffba ldr r0, [pc, #452] ; =0x20002898 ram_20002898
0ffbc ldrb r0, [r0, #1]
0ffbe ldrb.w r1, [sp, #1255] @ 0x4e7
0ffc2 cmp r0, r1
0ffc4 bne.n 800ffca 
0ffc6 movs r4, #1
0ffc8 b.n 800ffda 
0ffca add r3, pc, #440 @ (adr r3, 8010184 ) ; =0x08010184 "receive data devnum error!"
0ffcc movw r2, #2276 @ 0x8e4
0ffd0 add r1, pc, #304 @ (adr r1, 8010104 ) ; =0x08010104 "..\\src\\app\\app_lcr.c"
0ffd2 movs r0, #3
0ffd4 bl fn_08009EBC
0ffd8 b.n 800fd94 
0ffda ldrb.w r0, [sp, #1255] @ 0x4e7
0ffde add.w r1, r4, r4, lsl #1
0ffe2 rsb r1, r1, r4, lsl #5
0ffe6 ldr r2, [pc, #440] ; =0x200026A8 ram_200026A8
0ffe8 add.w r1, r2, r1, lsl #2
0ffec strb r0, [r1, #1]
0ffee mov r0, r7
0fff0 bl fn_0800C61A
0fff4 add.w r1, r4, r4, lsl #1
0fff8 rsb r1, r1, r4, lsl #5
0fffc ldr r2, [pc, #416] ; =0x200026A8 ram_200026A8
0fffe add.w r1, r2, r1, lsl #2
10002 adds r1, #68 @ 0x44
10004 ldr r2, [pc, #412] ; =0x2000009C ram_2000009C
10006 ldrb r2, [r2, #0]
10008 str.w r0, [r1, r2, lsl #2]
1000c add.w r0, r4, r4, lsl #1
10010 rsb r0, r0, r4, lsl #5
10014 ldr r1, [pc, #392] ; =0x200026A8 ram_200026A8
10016 add.w r0, r1, r0, lsl #2
1001a adds r0, #68 @ 0x44
1001c ldr r1, [pc, #388] ; =0x2000009C ram_2000009C
1001e ldrb r1, [r1, #0]
10020 ldr.w r1, [r0, r1, lsl #2]
10024 add.w r0, r4, r4, lsl #1
10028 rsb r0, r0, r4, lsl #5
1002c ldr r2, [pc, #368] ; =0x200026A8 ram_200026A8
1002e add.w r0, r2, r0, lsl #2
10032 adds r0, #92 @ 0x5c
10034 ldr r2, [pc, #364] ; =0x2000009C ram_2000009C
10036 ldrb r2, [r2, #0]
10038 ldr.w r0, [r0, r2, lsl #2]
1003c cmp r1, r0
1003e beq.n 8010092 
10040 add.w r0, r4, r4, lsl #1
10044 rsb r0, r0, r4, lsl #5
10048 ldr r1, [pc, #340] ; =0x200026A8 ram_200026A8
1004a add.w r0, r1, r0, lsl #2
1004e adds r0, #68 @ 0x44
10050 ldr r1, [pc, #336] ; =0x2000009C ram_2000009C
10052 ldrb r1, [r1, #0]
10054 ldr.w r0, [r0, r1, lsl #2]
10058 add.w r1, r4, r4, lsl #1
1005c rsb r1, r1, r4, lsl #5
10060 ldr r2, [pc, #316] ; =0x200026A8 ram_200026A8
10062 add.w r1, r2, r1, lsl #2
10066 adds r1, #92 @ 0x5c
10068 ldr r2, [pc, #312] ; =0x2000009C ram_2000009C
1006a ldrb r2, [r2, #0]
1006c ldr.w r1, [r1, r2, lsl #2]
10070 add r2, sp, #216 @ 0xd8
10072 ldr r3, [pc, #304] ; =0x2000009C ram_2000009C
10074 ldrb r3, [r3, #0]
10076 strd r5, r3, [sp]
1007a strd r2, r1, [sp, #8]
1007e str r0, [sp, #16]
10080 add r3, pc, #292 @ (adr r3, 80101a8 ) ; =0x080101A8 "--lcr2 rev data--%d--%d--%s--update--%d--%d--"
10082 movw r2, #2285 @ 0x8ed
10086 add r1, pc, #124 @ (adr r1, 8010104 ) ; =0x08010104 "..\\src\\app\\app_lcr.c"
10088 movs r0, #0
1008a bl fn_08009EBC
1008e b.n 80100c6 
10090 b.n 8010714 
10092 add.w r0, r4, r4, lsl #1
10096 rsb r0, r0, r4, lsl #5
1009a ldr r1, [pc, #260] ; =0x200026A8 ram_200026A8
1009c add.w r0, r1, r0, lsl #2
100a0 adds r0, #68 @ 0x44
100a2 ldr r1, [pc, #256] ; =0x2000009C ram_2000009C
100a4 ldrb r1, [r1, #0]
100a6 ldr.w r0, [r0, r1, lsl #2]
100aa add r1, sp, #216 @ 0xd8
100ac ldr r2, [pc, #244] ; =0x2000009C ram_2000009C
100ae ldrb r2, [r2, #0]
100b0 add r3, pc, #292 @ (adr r3, 80101d8 ) ; =0x080101D8 "--lcr2 rev data--%d--%d--%s--same--%d--"
100b2 strd r5, r2, [sp]
100b6 strd r1, r0, [sp, #8]
100ba movw r2, #2290 @ 0x8f2
100be add r1, pc, #68 @ (adr r1, 8010104 ) ; =0x08010104 "..\\src\\app\\app_lcr.c"
100c0 movs r0, #0
100c2 bl fn_08009EBC
100c6 ldr r0, [pc, #220] ; =0x2000009C ram_2000009C
100c8 ldrb r0, [r0, #0]
100ca adds r0, r0, #1
100cc ldr r1, [pc, #212] ; =0x2000009C ram_2000009C
100ce strb r0, [r1, #0]
100d0 mov r0, r1
100d2 ldrb r0, [r0, #0]
100d4 cmp r0, #3
100d6 b.n 8010200 
100d8 ldrb r6, [r7, #25]
100da asrs r1, r0, #16
100dc lsls r2, r0, #4
100de stmia r4!, {}
100e0 lsls r3, r5, #3
100e2 movs r0, r0
100e4 cbz r4, 801015e 
100e6 lsrs r1, r0, #32
100e8 lsls r1, r2, #2
100ea movs r0, #0
100ec lsls r3, r3, #2
100ee movs r0, #0
100f0 strh r3, [r0, r1]
100f2 movs r0, #67 @ 0x43
100f4 strb r1, [r5, #13]
100f6 str r0, [r4, #80] @ 0x50
100f8 strb r2, [r6, #9]
100fa strb r7, [r5, #9]
100fc movs r5, #33 @ 0x21
100fe movs r5, #120 @ 0x78
10100 lsls r0, r7, #1
10102 movs r0, r0
10104 cmp r6, #46 @ 0x2e
10106 strb r4, [r3, #13]
10108 str r2, [r6, #52] @ 0x34
1010a str r4, [r3, #20]
1010c strb r0, [r6, #1]
1010e str r4, [r3, #20]
10110 strb r0, [r6, #1]
10112 ldr r7, [r3, #68] @ 0x44
10114 strb r3, [r4, #9]
10116 str r6, [r5, #48] @ 0x30
10118 movs r0, r0
1011a movs r0, r0
1011c cmp r5, #45 @ 0x2d
1011e strh r5, [r5, r0]
10120 str r5, [r4, #52] @ 0x34
10122 str r1, [r5, #52] @ 0x34
10124 movs r0, #101 @ 0x65
10126 str r3, [r0, #20]
10128 movs r0, #108 @ 0x6c
1012a str r4, [r4, #20]
1012c str r4, [r6, #20]
1012e cmp r5, #45 @ 0x2d
10130 movs r5, #45 @ 0x2d
10132 cmp r5, #100 @ 0x64
10134 cmp r5, #45 @ 0x2d
10136 movs r5, #45 @ 0x2d
10138 lsls r3, r6, #1
1013a movs r0, r0
1013c ldrb r4, [r1, #1]
1013e str r3, [r2, #84] @ 0x54
10140 muls r4, r6
10142 ldr r1, [r4, #68] @ 0x44
10144 str r1, [r5, #36] @ 0x24
10146 movs r5, #32
10148 cmp r4, #100 @ 0x64
1014a movs r0, r6
1014c ldrb r4, [r1, #1]
1014e str r3, [r2, #84] @ 0x54
10150 muls r4, r6
10152 ldr r1, [r4, #68] @ 0x44
10154 str r1, [r5, #36] @ 0x24
10156 movs r5, #32
10158 cmp r4, #100 @ 0x64
1015a str r5, [r4, #64] @ 0x40
1015c movs r0, r0
1015e movs r0, r0
10160 cmp r0, #191 @ 0xbf
10162 movs r0, #0
10164 ldrb r4, [r1, #1]
10166 str r2, [r2, #68] @ 0x44
10168 str r3, [r0, #20]
1016a ldr r4, [r5, #20]
1016c movs r0, #98 @ 0x62
1016e str r5, [r4, #64] @ 0x40
10170 movs r5, #44 @ 0x2c
10172 cmp r4, #100 @ 0x64
10174 strb r5, [r4, #12]
10176 movs r5, #44 @ 0x2c
10178 cmp r4, #115 @ 0x73
1017a strb r5, [r4, #12]
1017c movs r0, r0
1017e movs r0, r0
10180 cmp r0, #152 @ 0x98
10182 movs r0, #0
10184 str r2, [r6, #84] @ 0x54
10186 str r3, [r4, #84] @ 0x54
10188 strb r1, [r5, #25]
1018a movs r0, #101 @ 0x65
1018c str r4, [r4, #20]
1018e str r4, [r6, #20]
10190 str r0, [r4, #64] @ 0x40
10192 strb r5, [r4, #25]
10194 strb r6, [r5, #21]
10196 movs r0, #109 @ 0x6d
10198 strb r5, [r4, #9]
1019a ldr r2, [r6, #116] @ 0x74
1019c movs r1, #114 @ 0x72
1019e movs r0, r0
101a0 movs r6, #168 @ 0xa8
101a2 movs r0, #0
101a4 lsls r4, r3, #2
101a6 movs r0, #0
101a8 cmp r5, #45 @ 0x2d
101aa str r4, [r5, #52] @ 0x34
101ac adds r2, #114 @ 0x72
101ae strb r0, [r4, #8]
101b0 strb r5, [r4, #25]
101b2 str r0, [r4, #64] @ 0x40
101b4 strb r1, [r4, #17]
101b6 cmp r5, #97 @ 0x61
101b8 movs r5, #45 @ 0x2d
101ba cmp r5, #100 @ 0x64
101bc movs r5, #45 @ 0x2d
101be cmp r5, #100 @ 0x64
101c0 movs r5, #45 @ 0x2d
101c2 cmp r5, #115 @ 0x73
101c4 strb r5, [r5, #20]
101c6 str r0, [r6, #68] @ 0x44
101c8 strb r1, [r4, #17]
101ca cmp r5, #101 @ 0x65
101cc movs r5, #45 @ 0x2d
101ce cmp r5, #100 @ 0x64
101d0 movs r5, #45 @ 0x2d
101d2 cmp r5, #100 @ 0x64
101d4 movs r5, r5
101d6 movs r0, r0
101d8 cmp r5, #45 @ 0x2d
101da str r4, [r5, #52] @ 0x34
101dc adds r2, #114 @ 0x72
101de strb r0, [r4, #8]
101e0 strb r5, [r4, #25]
101e2 str r0, [r4, #64] @ 0x40
101e4 strb r1, [r4, #17]
101e6 cmp r5, #97 @ 0x61
101e8 movs r5, #45 @ 0x2d
101ea cmp r5, #100 @ 0x64
101ec movs r5, #45 @ 0x2d
101ee cmp r5, #100 @ 0x64
101f0 movs r5, #45 @ 0x2d
101f2 cmp r5, #115 @ 0x73
101f4 strb r5, [r5, #12]
101f6 ldr r1, [r4, #84] @ 0x54
101f8 cmp r5, #101 @ 0x65
101fa movs r5, #45 @ 0x2d
101fc cmp r5, #100 @ 0x64
101fe movs r5, r5
10200 bne.n 8010206 
10202 bl fn_080094BC
10206 ldr r0, [pc, #1016] ; =0x2000009C ram_2000009C
10208 ldrb r0, [r0, #0]
1020a cmp r0, #6
1020c bne.n 80102fc 
1020e add.w r2, r4, r4, lsl #1
10212 rsb r2, r2, r4, lsl #5
10216 ldr r3, [pc, #1004] ; =0x200026A8 ram_200026A8
10218 add.w r2, r3, r2, lsl #2
1021c add.w r1, r2, #92 @ 0x5c
10220 add.w r2, r4, r4, lsl #1
10224 rsb r2, r2, r4, lsl #5
10228 add.w r2, r3, r2, lsl #2
1022c add.w r0, r2, #68 @ 0x44
10230 movs r2, #24
10232 bl fn_080082C2
10236 cmp r0, #0
10238 beq.n 8010320 
1023a add.w r0, r4, r4, lsl #1
1023e rsb r0, r0, r4, lsl #5
10242 ldr r1, [pc, #960] ; =0x200026A8 ram_200026A8
10244 add.w r0, r1, r0, lsl #2
10248 ldr r0, [r0, #68] @ 0x44
1024a cbz r0, 801026e 
1024c add.w r0, r4, r4, lsl #1
10250 rsb r0, r0, r4, lsl #5
10254 add.w r0, r1, r0, lsl #2
10258 ldr r0, [r0, #68] @ 0x44
1025a add.w r1, r4, r4, lsl #1
1025e rsb r1, r1, r4, lsl #5
10262 ldr r2, [pc, #928] ; =0x200026A8 ram_200026A8
10264 add.w r1, r2, r1, lsl #2
10268 ldr r1, [r1, #92] @ 0x5c
1026a cmp r0, r1
1026c bcc.n 801036c 
1026e add.w r0, r4, r4, lsl #1
10272 rsb r0, r0, r4, lsl #5
10276 ldr r2, [pc, #908] ; =0x200026A8 ram_200026A8
10278 add.w r0, r2, r0, lsl #2
1027c add.w r1, r0, #68 @ 0x44
10280 movs r2, #24
10282 add r0, sp, #120 @ 0x78
10284 bl fn_08008214
10288 add.w r0, r4, r4, lsl #1
1028c rsb r0, r0, r4, lsl #5
10290 ldr r1, [pc, #880] ; =0x200026A8 ram_200026A8
10292 add.w r0, r1, r0, lsl #2
10296 ldr r1, [r0, #68] @ 0x44
10298 add.w r0, r4, r4, lsl #1
1029c rsb r0, r0, r4, lsl #5
102a0 ldr r2, [pc, #864] ; =0x200026A8 ram_200026A8
102a2 add.w r0, r2, r0, lsl #2
102a6 ldr r0, [r0, #84] @ 0x54
102a8 adds r7, r1, r0
102aa add.w r0, r4, r4, lsl #1
102ae rsb r0, r0, r4, lsl #5
102b2 mov r1, r2
102b4 add.w r0, r1, r0, lsl #2
102b8 ldr r0, [r0, #76] @ 0x4c
102ba cmp r0, r7
102bc bcs.n 8010338 
102be add.w r0, r4, r4, lsl #1
102c2 rsb r0, r0, r4, lsl #5
102c6 add.w r0, r1, r0, lsl #2
102ca ldr r0, [r0, #72] @ 0x48
102cc cbnz r0, 80102fe 
102ce add.w r0, r4, r4, lsl #1
102d2 rsb r0, r0, r4, lsl #5
102d6 add.w r0, r1, r0, lsl #2
102da ldr r1, [r0, #76] @ 0x4c
102dc add.w r0, r4, r4, lsl #1
102e0 rsb r0, r0, r4, lsl #5
102e4 add.w r0, r2, r0, lsl #2
102e8 ldr r0, [r0, #84] @ 0x54
102ea subs r0, r1, r0
102ec add.w r1, r4, r4, lsl #1
102f0 rsb r1, r1, r4, lsl #5
102f4 add.w r1, r2, r1, lsl #2
102f8 str r0, [r1, #68] @ 0x44
102fa b.n 801030e 
102fc b.n 8010702 
102fe add.w r0, r4, r4, lsl #1
10302 rsb r0, r0, r4, lsl #5
10306 ldr r1, [pc, #764] ; =0x200026A8 ram_200026A8
10308 add.w r0, r1, r0, lsl #2
1030c str r7, [r0, #76] @ 0x4c
1030e add.w r0, r4, r4, lsl #1
10312 rsb r0, r0, r4, lsl #5
10316 ldr r1, [pc, #748] ; =0x200026A8 ram_200026A8
10318 add.w r0, r1, r0, lsl #2
1031c ldr r0, [r0, #76] @ 0x4c
1031e b.n 8010322 
10320 b.n 8010596 
10322 add r3, pc, #740 @ (adr r3, 8010608 ) ; =0x08010608 "u32Temp is big, %d------%d"
10324 mov.w r2, #2320 @ 0x910
10328 subw r1, pc, #552 @ 0x228
1032c strd r7, r0, [sp]
10330 movs r0, #0
10332 bl fn_08009EBC
10336 b.n 80104ca 
10338 add.w r0, r4, r4, lsl #1
1033c rsb r0, r0, r4, lsl #5
10340 ldr r1, [pc, #704] ; =0x200026A8 ram_200026A8
10342 add.w r0, r1, r0, lsl #2
10346 ldr r0, [r0, #76] @ 0x4c
10348 cmp r0, r7
1034a bls.n 8010428 
1034c add.w r0, r4, r4, lsl #1
10350 rsb r0, r0, r4, lsl #5
10354 add.w r0, r1, r0, lsl #2
10358 ldr r0, [r0, #76] @ 0x4c
1035a add.w r1, r4, r4, lsl #1
1035e rsb r1, r1, r4, lsl #5
10362 ldr r2, [pc, #672] ; =0x200026A8 ram_200026A8
10364 add.w r1, r2, r1, lsl #2
10368 ldr r1, [r1, #68] @ 0x44
1036a b.n 801036e 
1036c b.n 8010536 
1036e sub.w sl, r0, r1
10372 add.w r0, r4, r4, lsl #1
10376 rsb r0, r0, r4, lsl #5
1037a mov r1, r2
1037c add.w r0, r1, r0, lsl #2
10380 ldr r0, [r0, #72] @ 0x48
10382 cmp r0, #0
10384 bne.n 8010470 
10386 add.w r0, r4, r4, lsl #1
1038a rsb r0, r0, r4, lsl #5
1038e add.w r0, r1, r0, lsl #2
10392 ldr r0, [r0, #84] @ 0x54
10394 sub.w r0, sl, r0
10398 cmp r0, #80 @ 0x50
1039a bls.n 8010470 
1039c add.w r0, r4, r4, lsl #1
103a0 rsb r0, r0, r4, lsl #5
103a4 add.w r0, r1, r0, lsl #2
103a8 ldr r0, [r0, #68] @ 0x44
103aa cbnz r0, 8010426 
103ac add.w r0, r4, r4, lsl #1
103b0 rsb r0, r0, r4, lsl #5
103b4 add.w r0, r1, r0, lsl #2
103b8 ldr r1, [r0, #84] @ 0x54
103ba add.w r0, r4, r4, lsl #1
103be rsb r0, r0, r4, lsl #5
103c2 add.w r0, r2, r0, lsl #2
103c6 ldr r0, [r0, #108] @ 0x6c
103c8 cmp r1, r0
103ca bne.n 8010436 
103cc add.w r0, r4, r4, lsl #1
103d0 rsb r0, r0, r4, lsl #5
103d4 mov r1, r2
103d6 add.w r0, r1, r0, lsl #2
103da ldr r0, [r0, #84] @ 0x54
103dc add.w r1, r4, r4, lsl #1
103e0 rsb r1, r1, r4, lsl #5
103e4 add.w r1, r2, r1, lsl #2
103e8 ldr r1, [r1, #76] @ 0x4c
103ea add r3, pc, #568 @ (adr r3, 8010624 ) ; =0x08010624 "Amend data0, %d------%d"
103ec movw r2, #2329 @ 0x919
103f0 strd r1, r0, [sp]
103f4 subw r1, pc, #756 @ 0x2f4
103f8 movs r0, #0
103fa bl fn_08009EBC
103fe add.w r0, r4, r4, lsl #1
10402 rsb r0, r0, r4, lsl #5
10406 ldr r1, [pc, #508] ; =0x200026A8 ram_200026A8
10408 add.w r0, r1, r0, lsl #2
1040c ldr r1, [r0, #76] @ 0x4c
1040e add.w r0, r4, r4, lsl #1
10412 rsb r0, r0, r4, lsl #5
10416 ldr r2, [pc, #492] ; =0x200026A8 ram_200026A8
10418 add.w r0, r2, r0, lsl #2
1041c ldr r0, [r0, #84] @ 0x54
1041e subs r0, r1, r0
10420 add.w r1, r4, r4, lsl #1
10424 b.n 801042a 
10426 b.n 8010436 
10428 b.n 80104a6 
1042a rsb r1, r1, r4, lsl #5
1042e add.w r1, r2, r1, lsl #2
10432 str r0, [r1, #68] @ 0x44
10434 b.n 80104ca 
10436 add.w r0, r4, r4, lsl #1
1043a rsb r0, r0, r4, lsl #5
1043e ldr r1, [pc, #452] ; =0x200026A8 ram_200026A8
10440 add.w r0, r1, r0, lsl #2
10444 ldr r0, [r0, #84] @ 0x54
10446 add r3, pc, #500 @ (adr r3, 801063c ) ; =0x0801063C "Amend data4, %d------%d"
10448 movw r2, #2334 @ 0x91e
1044c subw r1, pc, #844 @ 0x34c
10450 strd sl, r0, [sp]
10454 movs r0, #0
10456 bl fn_08009EBC
1045a add.w r0, r4, r4, lsl #1
1045e rsb r0, r0, r4, lsl #5
10462 ldr r1, [pc, #416] ; =0x200026A8 ram_200026A8
10464 add.w r0, r1, r0, lsl #2
10468 str.w sl, [r0, #84] @ 0x54
1046c b.n 80104ca 
1046e b.n 8010470 
10470 add.w r0, r4, r4, lsl #1
10474 rsb r0, r0, r4, lsl #5
10478 ldr r1, [pc, #392] ; =0x200026A8 ram_200026A8
1047a add.w r0, r1, r0, lsl #2
1047e ldr r0, [r0, #76] @ 0x4c
10480 add r3, pc, #464 @ (adr r3, 8010654 ) ; =0x08010654 "Amend data2, %d------%d"
10482 movw r2, #2340 @ 0x924
10486 subw r1, pc, #900 @ 0x384
1048a strd r7, r0, [sp]
1048e movs r0, #0
10490 bl fn_08009EBC
10494 add.w r0, r4, r4, lsl #1
10498 rsb r0, r0, r4, lsl #5
1049c ldr r1, [pc, #356] ; =0x200026A8 ram_200026A8
1049e add.w r0, r1, r0, lsl #2
104a2 str r7, [r0, #76] @ 0x4c
104a4 b.n 80104ca 
104a6 add.w r0, r4, r4, lsl #1
104aa rsb r0, r0, r4, lsl #5
104ae ldr r1, [pc, #340] ; =0x200026A8 ram_200026A8
104b0 add.w r0, r1, r0, lsl #2
104b4 ldr r0, [r0, #76] @ 0x4c
104b6 add r3, pc, #436 @ (adr r3, 801066c ) ; =0x0801066C "data2 is ok!, %d------%d"
104b8 movw r2, #2346 @ 0x92a
104bc subw r1, pc, #956 @ 0x3bc
104c0 strd r7, r0, [sp]
104c4 movs r0, #0
104c6 bl fn_08009EBC
104ca add.w r0, r4, r4, lsl #1
104ce rsb r0, r0, r4, lsl #5
104d2 ldr r1, [pc, #304] ; =0x200026A8 ram_200026A8
104d4 add.w r0, r1, r0, lsl #2
104d8 ldrb r0, [r0, #3]
104da adds r0, r0, #1
104dc add.w r1, r4, r4, lsl #1
104e0 rsb r1, r1, r4, lsl #5
104e4 ldr r2, [pc, #284] ; =0x200026A8 ram_200026A8
104e6 add.w r1, r2, r1, lsl #2
104ea strb r0, [r1, #3]
104ec movs r0, #1
104ee add.w r1, r4, r4, lsl #1
104f2 rsb r1, r1, r4, lsl #5
104f6 strb.w r0, [r2, r1, lsl #2]
104fa add.w r1, r4, r4, lsl #1
104fe rsb r1, r1, r4, lsl #5
10502 add.w r1, r2, r1, lsl #2
10506 add.w r0, r1, #92 @ 0x5c
1050a movs r2, #24
1050c add r1, sp, #120 @ 0x78
1050e bl fn_08008214
10512 movs r1, #0
10514 ldr r0, [pc, #368] ; =0x20000098 ram_20000098
10516 ldrb r0, [r0, #0]
10518 bl fn_0800A1F4
1051c add.w r0, r4, r4, lsl #1
10520 rsb r0, r0, r4, lsl #5
10524 ldr r2, [pc, #220] ; =0x200026A8 ram_200026A8
10526 add.w r0, r2, r0, lsl #2
1052a add.w r1, r0, #68 @ 0x44
1052e mov r0, r4
10530 bl fn_0800983C
10534 b.n 80105e8 
10536 add.w r0, r4, r4, lsl #1
1053a rsb r0, r0, r4, lsl #5
1053e ldr r1, [pc, #196] ; =0x200026A8 ram_200026A8
10540 add.w r0, r1, r0, lsl #2
10544 ldr r0, [r0, #68] @ 0x44
10546 add.w r1, r4, r4, lsl #1
1054a rsb r1, r1, r4, lsl #5
1054e ldr r2, [pc, #180] ; =0x200026A8 ram_200026A8
10550 add.w r1, r2, r1, lsl #2
10554 ldr r1, [r1, #92] @ 0x5c
10556 add r3, pc, #308 @ (adr r3, 801068c ) ; =0x0801068C "data is dec, %d------%d"
10558 movw r2, #2356 @ 0x934
1055c strd r1, r0, [sp]
10560 subw r1, pc, #1120 @ 0x460
10564 movs r0, #0
10566 bl fn_08009EBC
1056a add.w r2, r4, r4, lsl #1
1056e rsb r2, r2, r4, lsl #5
10572 ldr r3, [pc, #144] ; =0x200026A8 ram_200026A8
10574 add.w r2, r3, r2, lsl #2
10578 add.w r1, r2, #68 @ 0x44
1057c add.w r2, r4, r4, lsl #1
10580 rsb r2, r2, r4, lsl #5
10584 add.w r2, r3, r2, lsl #2
10588 add.w r0, r2, #92 @ 0x5c
1058c movs r2, #24
1058e bl fn_08008214
10592 b.n 80105e8 
10594 b.n 80109e2 
10596 ldr r0, [pc, #268] ; =0x20002790 ram_20002790
10598 ldrb r0, [r0, #0]
1059a cbz r0, 80105d8 
1059c add.w r0, r4, r4, lsl #1
105a0 rsb r0, r0, r4, lsl #5
105a4 ldr r1, [pc, #92] ; =0x200026A8 ram_200026A8
105a6 add.w r0, r1, r0, lsl #2
105aa ldrb r0, [r0, #3]
105ac adds r0, r0, #1
105ae add.w r1, r4, r4, lsl #1
105b2 rsb r1, r1, r4, lsl #5
105b6 ldr r2, [pc, #76] ; =0x200026A8 ram_200026A8
105b8 add.w r1, r2, r1, lsl #2
105bc strb r0, [r1, #3]
105be movs r0, #1
105c0 add.w r1, r4, r4, lsl #1
105c4 rsb r1, r1, r4, lsl #5
105c8 strb.w r0, [r2, r1, lsl #2]
105cc movs r1, #0
105ce ldr r0, [pc, #184] ; =0x20000098 ram_20000098
105d0 ldrb r0, [r0, #0]
105d2 bl fn_0800A1F4
105d6 b.n 80105e8 
105d8 add r3, pc, #204 @ (adr r3, 80106a8 ) ; =0x080106A8 "data is same!"
105da movw r2, #2370 @ 0x942
105de subw r1, pc, #1244 @ 0x4dc
105e2 movs r0, #0
105e4 bl fn_08009EBC
105e8 movs r0, #0
105ea ldr r1, [pc, #20] ; =0x2000009C ram_2000009C
105ec strb r0, [r1, #0]
105ee movs r0, #10
105f0 add.w r1, r4, r4, lsl #1
105f4 rsb r1, r1, r4, lsl #5
105f8 ldr r2, [pc, #8] ; =0x200026A8 ram_200026A8
105fa add.w r1, r2, r1, lsl #2
105fe b.n 80106b8 
10600 lsls r4, r3, #2
10602 movs r0, #0
10604 movs r6, #168 @ 0xa8
10606 movs r0, #0
10608 adds r3, #117 @ 0x75
1060a strb r2, [r6, r0]
1060c ldr r5, [r4, #84] @ 0x54
1060e movs r0, #112 @ 0x70
10610 strb r1, [r5, #13]
10612 str r0, [r4, #32]
10614 str r1, [r5, #116] @ 0x74
10616 movs r0, #44 @ 0x2c
10618 str r5, [r4, #64] @ 0x40
1061a cmp r5, #45 @ 0x2d
1061c cmp r5, #45 @ 0x2d
1061e cmp r5, #45 @ 0x2d
10620 str r5, [r4, #64] @ 0x40
10622 movs r0, r0
10624 ldr r1, [r0, #84] @ 0x54
10626 ldr r5, [r4, #100] @ 0x64
10628 movs r0, #100 @ 0x64
1062a str r4, [r4, #20]
1062c str r4, [r6, #20]
1062e cmp r4, #48 @ 0x30
10630 movs r5, #32
10632 cmp r5, #100 @ 0x64
10634 cmp r5, #45 @ 0x2d
10636 cmp r5, #45 @ 0x2d
10638 movs r5, #45 @ 0x2d
1063a lsls r4, r4, #1
1063c ldr r1, [r0, #84] @ 0x54
1063e ldr r5, [r4, #100] @ 0x64
10640 movs r0, #100 @ 0x64
10642 str r4, [r4, #20]
10644 str r4, [r6, #20]
10646 cmp r4, #52 @ 0x34
10648 movs r5, #32
1064a cmp r5, #100 @ 0x64
1064c cmp r5, #45 @ 0x2d
1064e cmp r5, #45 @ 0x2d
10650 movs r5, #45 @ 0x2d
10652 lsls r4, r4, #1
10654 ldr r1, [r0, #84] @ 0x54
10656 ldr r5, [r4, #100] @ 0x64
10658 movs r0, #100 @ 0x64
1065a str r4, [r4, #20]
1065c str r4, [r6, #20]
1065e cmp r4, #50 @ 0x32
10660 movs r5, #32
10662 cmp r5, #100 @ 0x64
10664 cmp r5, #45 @ 0x2d
10666 cmp r5, #45 @ 0x2d
10668 movs r5, #45 @ 0x2d
1066a lsls r4, r4, #1
1066c str r4, [r4, #20]
1066e str r4, [r6, #20]
10670 movs r0, #50 @ 0x32
10672 strb r1, [r5, #13]
10674 ldr r0, [r4, #112] @ 0x70
10676 movs r1, #107 @ 0x6b
10678 movs r0, #44 @ 0x2c
1067a str r5, [r4, #64] @ 0x40
1067c cmp r5, #45 @ 0x2d
1067e cmp r5, #45 @ 0x2d
10680 cmp r5, #45 @ 0x2d
10682 str r5, [r4, #64] @ 0x40
10684 movs r0, r0
10686 movs r0, r0
10688 lsls r0, r3, #2
1068a movs r0, #0
1068c str r4, [r4, #20]
1068e str r4, [r6, #20]
10690 ldr r0, [r4, #16]
10692 movs r0, #115 @ 0x73
10694 str r4, [r4, #84] @ 0x54
10696 cmp r4, #99 @ 0x63
10698 movs r5, #32
1069a cmp r5, #100 @ 0x64
1069c cmp r5, #45 @ 0x2d
1069e cmp r5, #45 @ 0x2d
106a0 movs r5, #45 @ 0x2d
106a2 lsls r4, r4, #1
106a4 movs r7, #144 @ 0x90
106a6 movs r0, #0
106a8 str r4, [r4, #20]
106aa str r4, [r6, #20]
106ac ldr r0, [r4, #16]
106ae movs r0, #115 @ 0x73
106b0 str r3, [r6, #20]
106b2 str r5, [r5, #84] @ 0x54
106b4 movs r1, r4
106b6 movs r0, r0
106b8 strb r0, [r1, #2]
106ba ldr r0, [pc, #820] ; =0x2000009D ram_2000009D
106bc ldrb r0, [r0, #0]
106be cbnz r0, 80106d2 
106c0 movs r0, #1
106c2 ldr r1, [pc, #812] ; =0x2000009D ram_2000009D
106c4 strb r0, [r1, #0]
106c6 movs r1, #0
106c8 ldr r0, [pc, #808] ; =0x20000097 ram_20000097
106ca ldrb r0, [r0, #0]
106cc bl fn_0800A1F4
106d0 b.n 80106e0 
106d2 movs r0, #0
106d4 ldr r1, [pc, #792] ; =0x2000009D ram_2000009D
106d6 strb r0, [r1, #0]
106d8 ldr r0, [pc, #796] ; =0x20000091 ram_20000091
106da ldrb r0, [r0, #0]
106dc bl fn_0800BAA0
106e0 movs r0, #2
106e2 ldr r1, [pc, #792] ; =0x2000009E ram_2000009E
106e4 strb r0, [r1, #0]
106e6 ldr r0, [pc, #792] ; =0x20000094 ram_20000094
106e8 ldrb r0, [r0, #0]
106ea bl fn_0800BAA0
106ee movs r1, #10
106f0 ldr r0, [pc, #780] ; =0x20000094 ram_20000094
106f2 ldrb r0, [r0, #0]
106f4 bl fn_0800B9D0
106f8 ldr r0, [pc, #772] ; =0x20000094 ram_20000094
106fa ldrb r0, [r0, #0]
106fc bl fn_0800BA34
10700 b.n 80109e4 
10702 movs r0, #0
10704 ldr r1, [pc, #756] ; =0x2000009E ram_2000009E
10706 strb r0, [r1, #0]
10708 movs r1, #0
1070a ldr r0, [pc, #744] ; =0x20000097 ram_20000097
1070c ldrb r0, [r0, #0]
1070e bl fn_0800A1F4
10712 b.n 80109e4 
10714 add r0, sp, #216 @ 0xd8
10716 add r3, pc, #748 @ (adr r3, 8010a04 ) ; =0x08010A04 "---lcr2 rev data-%s"
10718 mov.w r2, #2400 @ 0x960
1071c subw r1, pc, #1564 @ 0x61c
10720 str r0, [sp, #0]
10722 movs r0, #1
10724 bl fn_08009EBC
10728 ldrb.w r0, [sp, #1255] @ 0x4e7
1072c ldr r1, [pc, #744] ; =0x20002898 ram_20002898
1072e ldrb r1, [r1, #0]
10730 cmp r0, r1
10732 bne.n 8010738 
10734 movs r4, #0
10736 b.n 801073a 
10738 movs r4, #1
1073a ldr r0, [pc, #736] ; =0x200000AE ram_200000AE
1073c ldrb r0, [r0, #0]
1073e cmp r0, #29
10740 bne.n 8010758 
10742 cmp r5, #10
10744 bgt.n 8010758 
10746 ldr r0, [pc, #720] ; =0x20002898 ram_20002898
10748 ldrb r0, [r0, r4]
1074a strb.w r0, [sp, #110] @ 0x6e
1074e movs r1, #9
10750 add r0, sp, #108 @ 0x6c
10752 bl fn_08013948
10756 b.n 80109e6 
10758 ldr r0, [pc, #704] ; =0x200000AE ram_200000AE
1075a ldrb r0, [r0, #0]
1075c subs r0, #20
1075e cmp r0, #9
10760 bcs.n 8010860 
10762 tbb [pc, r0]
10766 lsls r0, r1, #24
10768 lsrs r5, r0, #4
1076a lsrs r7, r0, #8
1076c stmia r4!, {r1, r4, r7}
1076e movs r3, r1
10770 nop
10772 nop
10774 nop
10776 nop
10778 nop
1077a nop
1077c ldr r0, [pc, #664] ; =0x20002898 ram_20002898
1077e ldrb r0, [r0, r4]
10780 strb.w r0, [sp, #110] @ 0x6e
10784 movs r3, #9
10786 add r2, sp, #108 @ 0x6c
10788 add r1, sp, #212 @ 0xd4
1078a add r0, sp, #144 @ 0x90
1078c bl fn_08010B4C
10790 adds r1, r4, #1
10792 uxtb r0, r1
10794 ldrb.w r2, [sp, #212] @ 0xd4
10798 add r1, sp, #144 @ 0x90
1079a bl fn_0800A924
1079e ldr r0, [pc, #636] ; =0x200000AE ram_200000AE
107a0 ldrb r0, [r0, #0]
107a2 subs r0, #20
107a4 cmp r0, #3
107a6 bge.n 801081c 
107a8 movs r6, #0
107aa b.n 80107e8 
107ac add.w r0, r6, r6, lsl #1
107b0 ldr r1, [pc, #620] ; =0x200028B0 ram_200028B0
107b2 add r0, r1
107b4 ldrb r0, [r0, #2]
107b6 cmp r0, #90 @ 0x5a
107b8 bne.n 80107de 
107ba add.w r0, r6, r6, lsl #1
107be ldrb r0, [r1, r0]
107c0 ldr r1, [pc, #596] ; =0x20002898 ram_20002898
107c2 ldrb r1, [r1, r4]
107c4 cmp r0, r1
107c6 bne.n 80107e4 
107c8 ldr r0, [pc, #592] ; =0x200000AE ram_200000AE
107ca ldrb r0, [r0, #0]
107cc subs r0, #20
107ce add.w r1, r6, r6, lsl #1
107d2 ldr r2, [pc, #588] ; =0x200028B0 ram_200028B0
107d4 add r1, r2
107d6 strb r0, [r1, #1]
107d8 movs r0, #1
107da str r0, [sp, #736] @ 0x2e0
107dc b.n 80107ec 
107de cmp r9, r6
107e0 ble.n 80107e4 
107e2 mov r9, r6
107e4 adds r0, r6, #1
107e6 uxtb r6, r0
107e8 cmp r6, #5
107ea blt.n 80107ac 
107ec nop
107ee ldr r0, [sp, #736] @ 0x2e0
107f0 cbnz r0, 801081c 
107f2 cmp.w r9, #5
107f6 bge.n 801081c 
107f8 ldr r0, [pc, #544] ; =0x200000AE ram_200000AE
107fa ldrb r0, [r0, #0]
107fc subs r0, #20
107fe add.w r1, r9, r9, lsl #1
10802 ldr r2, [pc, #540] ; =0x200028B0 ram_200028B0
10804 add r1, r2
10806 strb r0, [r1, #1]
10808 ldr r0, [pc, #524] ; =0x20002898 ram_20002898
1080a ldrb r0, [r0, r4]
1080c add.w r1, r9, r9, lsl #1
10810 strb r0, [r2, r1]
10812 movs r0, #90 @ 0x5a
10814 add.w r1, r9, r9, lsl #1
10818 add r1, r2
1081a strb r0, [r1, #2]
1081c ldr r0, [pc, #480] ; =0x20000094 ram_20000094
1081e ldrb r0, [r0, #0]
10820 bl fn_0800BAA0
10824 ldr r1, [pc, #500] ; =0x200000AE ram_200000AE
10826 ldrb r1, [r1, #0]
10828 subs r1, #20
1082a add r2, sp, #72 @ 0x48
1082c ldr.w r0, [r2, r1, lsl #2]
10830 bl fn_08008298
10834 uxth r0, r0
10836 str r0, [sp, #208] @ 0xd0
10838 ldr r0, [pc, #480] ; =0x200000AE ram_200000AE
1083a ldrb r0, [r0, #0]
1083c subs r0, #20
1083e add r1, sp, #72 @ 0x48
10840 ldr.w r3, [r1, r0, lsl #2]
10844 movw r2, #2458 @ 0x99a
10848 subw r1, pc, #1864 @ 0x748
1084c movs r0, #0
1084e bl fn_08009EBC
10852 ldr r1, [pc, #456] ; =0x200000AE ram_200000AE
10854 ldrb r1, [r1, #0]
10856 subs r1, #20
10858 add r2, sp, #72 @ 0x48
1085a ldr.w r0, [r2, r1, lsl #2]
1085e b.n 8010862 
10860 b.n 80109de 
10862 ldr r1, [sp, #208] @ 0xd0
10864 bl fn_08013A5C
10868 ldr r0, [pc, #440] ; =0x20000090 ram_20000090
1086a ldrb r0, [r0, #0]
1086c bl fn_0800BA34
10870 ldr r0, [pc, #424] ; =0x200000AE ram_200000AE
10872 ldrb r0, [r0, #0]
10874 cmp r0, #22
10876 bgt.n 8010882 
10878 ldr r0, [pc, #416] ; =0x200000AE ram_200000AE
1087a ldrb r0, [r0, #0]
1087c subs r0, #20
1087e ldr r1, [pc, #424] ; =0x200000AF ram_200000AF
10880 strb r0, [r1, #0]
10882 movs r0, #29
10884 ldr r1, [pc, #404] ; =0x200000AE ram_200000AE
10886 strb r0, [r1, #0]
10888 b.n 80109e0 
1088a ldrb.w r0, [sp, #1259] @ 0x4eb
1088e subs r0, r0, #1
10890 and.w r0, r0, #15
10894 str r0, [sp, #732] @ 0x2dc
10896 ldr r0, [sp, #732] @ 0x2dc
10898 cmp r0, #3
1089a bgt.n 80108dc 
1089c add r1, sp, #56 @ 0x38
1089e ldr r0, [sp, #732] @ 0x2dc
108a0 ldr.w r3, [r1, r0, lsl #2]
108a4 ldrb.w r0, [sp, #1254] @ 0x4e6
108a8 subs r0, #22
108aa add r1, sp, #72 @ 0x48
108ac ldr.w r2, [r1, r0, lsl #2]
108b0 add r1, pc, #376 @ (adr r1, 8010a2c ) ; =0x08010A2C "%s %s"
108b2 add r0, sp, #740 @ 0x2e4
108b4 bl fn_0800C990
108b8 add r0, sp, #740 @ 0x2e4
108ba bl fn_08008298
108be uxth r0, r0
108c0 str r0, [sp, #208] @ 0xd0
108c2 add r3, sp, #740 @ 0x2e4
108c4 movw r2, #2475 @ 0x9ab
108c8 subw r1, pc, #1992 @ 0x7c8
108cc movs r0, #0
108ce bl fn_08009EBC
108d2 add r0, sp, #740 @ 0x2e4
108d4 ldr r1, [sp, #208] @ 0xd0
108d6 bl fn_08013A5C
108da b.n 80108ec 
108dc add r3, pc, #340 @ (adr r3, 8010a34 ) ; =0x08010A34 "get state is error!"
108de mov.w r2, #2480 @ 0x9b0
108e2 subw r1, pc, #2016 @ 0x7e0
108e6 movs r0, #0
108e8 bl fn_08009EBC
108ec b.n 80109e0 
108ee ldr r0, [pc, #344] ; =0x200000A1 ram_200000A1
108f0 ldrb r0, [r0, #0]
108f2 cmp r0, #3
108f4 bge.n 8010960 
108f6 ldr r0, [pc, #340] ; =0x20000093 ram_20000093
108f8 ldrb r0, [r0, #0]
108fa bl fn_0800B88C
108fe movs r1, #64 @ 0x40
10900 add r0, sp, #740 @ 0x2e4
10902 bl fn_08008246
10906 ldrb.w r3, [sp, #1255] @ 0x4e7
1090a ldr r0, [pc, #316] ; =0x200000A1 ram_200000A1
1090c ldrb r2, [r0, #0]
1090e add r1, pc, #320 @ (adr r1, 8010a50 ) ; =0x08010A50 "LxFindLcrNode %d,%d,"
10910 add r0, sp, #740 @ 0x2e4
10912 bl fn_0800C990
10916 add r0, sp, #740 @ 0x2e4
10918 bl fn_08008298
1091c uxth r0, r0
1091e str r0, [sp, #208] @ 0xd0
10920 add r3, sp, #740 @ 0x2e4
10922 movw r2, #2492 @ 0x9bc
10926 subw r1, pc, #2084 @ 0x824
1092a movs r0, #1
1092c bl fn_08009EBC
10930 add r0, sp, #740 @ 0x2e4
10932 ldr r1, [sp, #208] @ 0xd0
10934 bl fn_08013A5C
10938 ldrb.w r1, [sp, #1255] @ 0x4e7
1093c ldr r0, [pc, #264] ; =0x200000A1 ram_200000A1
1093e ldrb r0, [r0, #0]
10940 subs r0, r0, #1
10942 ldr r2, [pc, #212] ; =0x20002898 ram_20002898
10944 strb r1, [r2, r0]
10946 mov.w r0, #2779096485 @ 0xa5a5a5a5
1094a mov r1, r2
1094c str r0, [r1, #20]
1094e movs r0, #0
10950 bl fn_0801572C
10954 movs r2, #24
10956 movs r1, #0
10958 ldr r0, [pc, #188] ; =0x20002898 ram_20002898
1095a bl fn_08015874
1095e b.n 80109dc 
10960 ldr r0, [pc, #228] ; =0x200000A1 ram_200000A1
10962 ldrb r0, [r0, #0]
10964 cmp r0, #3
10966 bne.n 801098a 
10968 movs r0, #1
1096a ldr r1, [pc, #252] ; =0x200000A2 ram_200000A2
1096c strb r0, [r1, #0]
1096e movs r0, #4
10970 ldr r1, [pc, #212] ; =0x200000A1 ram_200000A1
10972 strb r0, [r1, #0]
10974 movs r0, #1
10976 ldr r1, [pc, #244] ; =0x2000009F ram_2000009F
10978 strb r0, [r1, #0]
1097a movs r0, #255 @ 0xff
1097c ldr r1, [pc, #240] ; =0x200000A0 ram_200000A0
1097e strb r0, [r1, #0]
10980 ldr r0, [pc, #200] ; =0x20000093 ram_20000093
10982 ldrb r0, [r0, #0]
10984 bl fn_0800B97C
10988 b.n 80109dc 
1098a ldr r0, [pc, #188] ; =0x200000A1 ram_200000A1
1098c ldrb r0, [r0, #0]
1098e cmp r0, #4
10990 bne.n 80109dc 
10992 ldr r0, [pc, #184] ; =0x20000093 ram_20000093
10994 ldrb r0, [r0, #0]
10996 bl fn_0800B88C
1099a movs r1, #64 @ 0x40
1099c add r0, sp, #740 @ 0x2e4
1099e bl fn_08008246
109a2 ldr r0, [pc, #196] ; =0x200000A2 ram_200000A2
109a4 ldrb.w fp, [r0]
109a8 add.w r0, fp, fp, lsr #31
109ac asrs r0, r0, #1
109ae sub.w r2, fp, r0, lsl #1
109b2 add r1, pc, #192 @ (adr r1, 8010a74 ) ; =0x08010A74 "LxRdRegister %d,1,"
109b4 add r0, sp, #740 @ 0x2e4
109b6 bl fn_0800C990
109ba add r0, sp, #740 @ 0x2e4
109bc bl fn_08008298
109c0 uxth r0, r0
109c2 str r0, [sp, #208] @ 0xd0
109c4 add r3, sp, #740 @ 0x2e4
109c6 movw r2, #2516 @ 0x9d4
109ca subw r1, pc, #2248 @ 0x8c8
109ce movs r0, #1
109d0 bl fn_08009EBC
109d4 add r0, sp, #740 @ 0x2e4
109d6 ldr r1, [sp, #208] @ 0xd0
109d8 bl fn_08013A5C
109dc b.n 80109e0 
109de nop
109e0 nop
109e2 b.n 80109e6 
109e4 nop
109e6 nop
109e8 nop
109ea b.w 800fd30 
109ee movs r0, r0
109f0 lsls r5, r3, #2
109f2 movs r0, #0
109f4 lsls r7, r2, #2
109f6 movs r0, #0
109f8 lsls r1, r2, #2
109fa movs r0, #0
109fc lsls r6, r3, #2
109fe movs r0, #0
10a00 lsls r4, r2, #2
10a02 movs r0, #0
10a04 cmp r5, #45 @ 0x2d
10a06 ldr r5, [r5, #64] @ 0x40
10a08 strb r3, [r4, #9]
10a0a movs r0, #50 @ 0x32
10a0c str r2, [r6, #84] @ 0x54
10a0e movs r0, #118 @ 0x76
10a10 str r4, [r4, #20]
10a12 str r4, [r6, #20]
10a14 movs r5, #45 @ 0x2d
10a16 lsls r3, r6, #1
10a18 cmp r0, #152 @ 0x98
10a1a movs r0, #0
10a1c lsls r6, r5, #2
10a1e movs r0, #0
10a20 cmp r0, #176 @ 0xb0
10a22 movs r0, #0
10a24 lsls r0, r2, #2
10a26 movs r0, #0
10a28 lsls r7, r5, #2
10a2a movs r0, #0
10a2c strb r5, [r4, #12]
10a2e movs r5, #32
10a30 lsls r3, r6, #1
10a32 movs r0, r0
10a34 str r7, [r4, #84] @ 0x54
10a36 movs r0, #116 @ 0x74
10a38 strb r3, [r6, #17]
10a3a strb r1, [r4, #17]
10a3c movs r0, #101 @ 0x65
10a3e strb r1, [r5, #13]
10a40 str r0, [r4, #80] @ 0x50
10a42 strb r2, [r6, #9]
10a44 strb r7, [r5, #9]
10a46 movs r1, r4
10a48 lsls r1, r4, #2
10a4a movs r0, #0
10a4c lsls r3, r2, #2
10a4e movs r0, #0
10a50 ldrb r4, [r1, #1]
10a52 ldr r6, [r0, #20]
10a54 str r6, [r5, #68] @ 0x44
10a56 str r4, [r1, #52] @ 0x34
10a58 ldr r6, [pc, #456] ; =0x0000F8BD 
10a5a str r7, [r5, #68] @ 0x44
10a5c movs r0, #101 @ 0x65
10a5e str r5, [r4, #64] @ 0x40
10a60 movs r5, #44 @ 0x2c
10a62 cmp r4, #100 @ 0x64
10a64 movs r0, r0
10a66 movs r0, r0
10a68 lsls r2, r4, #2
10a6a movs r0, #0
10a6c lsls r7, r3, #2
10a6e movs r0, #0
10a70 lsls r0, r4, #2
10a72 movs r0, #0
10a74 ldrb r4, [r1, #1]
10a76 str r2, [r2, #68] @ 0x44
10a78 str r2, [r2, #84] @ 0x54
10a7a ldr r7, [r4, #20]
10a7c strb r3, [r6, #17]
10a7e strb r5, [r4, #9]
10a80 movs r5, #32
10a82 cmp r4, #100 @ 0x64
10a84 cmp r4, #49 @ 0x31
10a86 movs r0, r0

; ===== fn_08010A88  (called 1 x)
10a88 stmdb sp!, {r0, r1, r2, r3, r4, r5, r6, r7, r8, lr}
10a8c mov r6, r0
10a8e mov r7, r1
10a90 movs r4, #0
10a92 movs r5, #0
10a94 movs r2, #13
10a96 add r1, pc, #128 @ (adr r1, 8010b18 ) ; =0x08010B18 "LxDeleteAll 0"
10a98 mov r0, sp
10a9a bl fn_08008214
10a9e movs r0, #0
10aa0 strb.w r0, [sp, #13]
10aa4 nop
10aa6 movs r1, #232 @ 0xe8
10aa8 ldr r0, [pc, #124] ; =0x200026A8 ram_200026A8
10aaa bl fn_08008246
10aae movs r0, #0
10ab0 ldr r1, [pc, #120] ; =0x20002790 ram_20002790
10ab2 str.w r0, [r1, #260] @ 0x104
10ab6 strb r0, [r1, #0]
10ab8 ldr r1, [pc, #116] ; =0x20002898 ram_20002898
10aba str r0, [r1, #16]
10abc str r0, [r1, #4]
10abe str r0, [r1, #8]
10ac0 str r0, [r1, #12]
10ac2 mov.w r0, #2779096485 @ 0xa5a5a5a5
10ac6 str r0, [r1, #20]
10ac8 bl fn_080155B0
10acc mov r4, r0
10ace cbnz r4, 8010ad8 
10ad0 movs r0, #49 @ 0x31
10ad2 strb.w r0, [sp, #12]
10ad6 b.n 8010af6 
10ad8 movs r0, #10
10ada bl fn_0800A6C0
10ade movs r2, #24
10ae0 movs r1, #0
10ae2 ldr r0, [pc, #76] ; =0x20002898 ram_20002898
10ae4 bl fn_08015874
10ae8 mov r4, r0
10aea cbnz r4, 8010af4 
10aec movs r0, #49 @ 0x31
10aee strb.w r0, [sp, #12]
10af2 b.n 8010af6 
10af4 nop
10af6 nop
10af8 movs r1, #13
10afa mov r0, sp
10afc bl fn_08013A5C
10b00 mov r3, sp
10b02 movw r2, #773 @ 0x305
10b06 add r1, pc, #44 @ (adr r1, 8010b34 ) ; =0x08010B34 "..\\src\\app\\app_lcr.c"
10b08 movs r0, #1
10b0a bl fn_08009EBC
10b0e mov r0, r5
10b10 add sp, #16
10b12 ldmia.w sp!, {r4, r5, r6, r7, r8, pc}
10b16 movs r0, r0
10b18 ldrb r4, [r1, #1]
10b1a str r4, [r0, #84] @ 0x54
10b1c str r4, [r5, #84] @ 0x54
10b1e str r4, [r6, #84] @ 0x54
10b20 ldr r1, [r0, #68] @ 0x44
10b22 movs r0, #108 @ 0x6c
10b24 movs r0, r6
10b26 movs r0, r0
10b28 movs r6, #168 @ 0xa8
10b2a movs r0, #0
10b2c movs r7, #144 @ 0x90
10b2e movs r0, #0
10b30 cmp r0, #152 @ 0x98
10b32 movs r0, #0
10b34 cmp r6, #46 @ 0x2e
10b36 strb r4, [r3, #13]
10b38 str r2, [r6, #52] @ 0x34
10b3a str r4, [r3, #20]
10b3c strb r0, [r6, #1]
10b3e str r4, [r3, #20]
10b40 strb r0, [r6, #1]
10b42 ldr r7, [r3, #68] @ 0x44
10b44 strb r3, [r4, #9]
10b46 str r6, [r5, #48] @ 0x30
10b48 movs r0, r0
10b4a movs r0, r0

; ===== fn_08010B4C  (called 3 x)
10b4c stmdb sp!, {r3, r4, r5, r6, r7, r8, r9, lr}
10b50 mov r4, r0
10b52 mov r8, r1
10b54 mov r7, r2
10b56 mov r9, r3
10b58 movs r5, #0
10b5a movw r0, #32382 @ 0x7e7e
10b5e str r0, [sp, #0]
10b60 movs r2, #126 @ 0x7e
10b62 mov r1, r5
10b64 adds r5, r5, #1
10b66 strb r2, [r4, r1]
10b68 mov r1, r5
10b6a adds r5, r5, #1
10b6c strb r2, [r4, r1]
10b6e movs r6, #2
10b70 b.n 8010ba6 
10b72 ldrb r0, [r7, r6]
10b74 cmp r0, #27
10b76 beq.n 8010b7e 
10b78 ldrb r0, [r7, r6]
10b7a cmp r0, #126 @ 0x7e
10b7c bne.n 8010b90 
10b7e movs r1, #27
10b80 mov r0, sp
10b82 bl fn_080111F0
10b86 movs r2, #27
10b88 mov r0, r5
10b8a adds r1, r5, #1
10b8c uxtb r5, r1
10b8e strb r2, [r4, r0]
10b90 ldrb r1, [r7, r6]
10b92 mov r0, sp
10b94 bl fn_080111F0
10b98 ldrb r2, [r7, r6]
10b9a mov r0, r5
10b9c adds r1, r5, #1
10b9e uxtb r5, r1
10ba0 strb r2, [r4, r0]
10ba2 adds r0, r6, #1
10ba4 uxtb r6, r0
10ba6 sub.w r0, r9, #2
10baa cmp r0, r6
10bac bgt.n 8010b72 
10bae ldrh.w r1, [sp]
10bb2 asrs r2, r1, #31
10bb4 add.w r2, r1, r2, lsr #24
10bb8 asrs r2, r2, #8
10bba sub.w r2, r1, r2, lsl #8
10bbe cmp r2, #27
10bc0 beq.n 8010bd6 
10bc2 ldrh.w r0, [sp]
10bc6 asrs r2, r0, #31
10bc8 add.w r2, r0, r2, lsr #24
10bcc asrs r2, r2, #8
10bce sub.w r2, r0, r2, lsl #8
10bd2 cmp r2, #126 @ 0x7e
10bd4 bne.n 8010be0 
10bd6 movs r2, #27
10bd8 mov r0, r5
10bda adds r1, r5, #1
10bdc uxtb r5, r1
10bde strb r2, [r4, r0]
10be0 ldrh.w r0, [sp]
10be4 asrs r1, r0, #31
10be6 add.w r1, r0, r1, lsr #24
10bea asrs r1, r1, #8
10bec sub.w r1, r0, r1, lsl #8
10bf0 uxtb r3, r1
10bf2 mov r1, r5
10bf4 adds r2, r5, #1
10bf6 uxtb r5, r2
10bf8 strb r3, [r4, r1]
10bfa ldrh.w r1, [sp]
10bfe asrs r2, r1, #31
10c00 add.w r2, r1, r2, lsr #24
10c04 asrs r2, r2, #8
10c06 cmp r2, #27
10c08 beq.n 8010c1a 
10c0a ldrh.w r0, [sp]
10c0e asrs r2, r0, #31
10c10 add.w r2, r0, r2, lsr #24
10c14 asrs r2, r2, #8
10c16 cmp r2, #126 @ 0x7e
10c18 bne.n 8010c24 
10c1a movs r2, #27
10c1c mov r0, r5
10c1e adds r1, r5, #1
10c20 uxtb r5, r1
10c22 strb r2, [r4, r0]
10c24 ldrh.w r0, [sp]
10c28 asrs r1, r0, #31
10c2a add.w r1, r0, r1, lsr #24
10c2e ubfx r3, r1, #8, #8
10c32 mov r1, r5
10c34 adds r2, r5, #1
10c36 uxtb r5, r2
10c38 strb r3, [r4, r1]
10c3a strb.w r5, [r8]
10c3e ldmia.w sp!, {r3, r4, r5, r6, r7, r8, r9, pc}
10c42 movs r0, r0

; ===== fn_08010C44  (called 1 x)
10c44 stmdb sp!, {r4, r5, r6, r7, r8, r9, sl, fp, lr}
10c48 sub sp, #204 @ 0xcc
10c4a mov r8, r0
10c4c mov r7, r1
10c4e movs r5, #0
10c50 movs r6, #0
10c52 movs r4, #0
10c54 mov r9, r4
10c56 mov sl, r4
10c58 mov fp, r4
10c5a movs r0, #0
10c5c str r0, [sp, #8]
10c5e nop
10c60 movs r1, #64 @ 0x40
10c62 add r0, sp, #140 @ 0x8c
10c64 bl fn_08008246
10c68 mov r2, r7
10c6a mov r1, r8
10c6c add r0, sp, #140 @ 0x8c
10c6e bl fn_08008214
10c72 movs r6, #12
10c74 b.n 8010c96 
10c76 add r0, sp, #140 @ 0x8c
10c78 ldrb r0, [r0, r6]
10c7a cmp r0, #44 @ 0x2c
10c7c beq.n 8010c90 
10c7e add r0, sp, #140 @ 0x8c
10c80 ldrb r0, [r0, r6]
10c82 subs r0, #48 @ 0x30
10c84 movs r1, #10
10c86 mla r0, r1, r9, r0
10c8a and.w r9, r0, #255 @ 0xff
10c8e b.n 8010c92 
10c90 b.n 8010c9a 
10c92 adds r0, r6, #1
10c94 uxtb r6, r0
10c96 cmp r6, r7
10c98 blt.n 8010c76 
10c9a nop
10c9c movs r1, #128 @ 0x80
10c9e add r0, sp, #12
10ca0 bl fn_08008246
10ca4 movs r2, #14
10ca6 add r1, pc, #264 @ (adr r1, 8010db0 ) ; =0x08010DB0 "LxHisDataTime "
10ca8 add r0, sp, #12
10caa bl fn_08008214
10cae add r0, sp, #12
10cb0 bl fn_08008298
10cb4 uxtb r5, r0
10cb6 movs r4, #0
10cb8 b.n 8010d3c 
10cba add.w r0, r4, r4, lsl #1
10cbe ldr r1, [pc, #256] ; =0x200028E4 ram_200028E4
10cc0 add.w r0, r1, r0, lsl #2
10cc4 ldrb r0, [r0, #8]
10cc6 cmp r0, r9
10cc8 bne.n 8010d38 
10cca add.w r0, r4, r4, lsl #1
10cce add.w r0, r1, r0, lsl #2
10cd2 ldrb r0, [r0, #9]
10cd4 cmp r0, #90 @ 0x5a
10cd6 bne.n 8010d38 
10cd8 add.w r0, r4, r4, lsl #1
10cdc mov r2, r1
10cde ldr.w r1, [r2, r0, lsl #2]
10ce2 movs r2, #4
10ce4 add r0, sp, #140 @ 0x8c
10ce6 bl fn_08015614
10cea ldr.w fp, [sp, #140] @ 0x8c
10cee add r1, sp, #12
10cf0 adds r0, r1, r5
10cf2 mov r2, fp
10cf4 add r1, pc, #204 @ (adr r1, 8010dc4 ) ; =0x08010DC4 "%d"
10cf6 bl fn_0800C990
10cfa add r0, sp, #12
10cfc bl fn_08008298
10d00 uxtb r5, r0
10d02 movs r2, #44 @ 0x2c
10d04 mov r0, r5
10d06 adds r1, r5, #1
10d08 uxtb r5, r1
10d0a add r1, sp, #12
10d0c strb r2, [r1, r0]
10d0e add.w r0, r4, r4, lsl #1
10d12 ldr r2, [pc, #172] ; =0x200028E4 ram_200028E4
10d14 add.w r0, r2, r0, lsl #2
10d18 movs r2, #4
10d1a ldr r1, [r0, #4]
10d1c add r0, sp, #140 @ 0x8c
10d1e bl fn_08015614
10d22 ldr.w fp, [sp, #140] @ 0x8c
10d26 add r1, sp, #12
10d28 adds r0, r1, r5
10d2a mov r2, fp
10d2c add r1, pc, #148 @ (adr r1, 8010dc4 ) ; =0x08010DC4 "%d"
10d2e bl fn_0800C990
10d32 mov.w sl, #1
10d36 b.n 8010d40 
10d38 adds r0, r4, #1
10d3a uxtb r4, r0
10d3c cmp r4, #10
10d3e blt.n 8010cba 
10d40 nop
10d42 ldr r0, [pc, #132] ; =0x20002898 ram_20002898
10d44 ldr r0, [r0, #16]
10d46 cbz r0, 8010d4e 
10d48 cmp.w sl, #0
10d4c bne.n 8010d78 
10d4e movs r0, #48 @ 0x30
10d50 strb.w r0, [sp, #26]
10d54 movs r0, #44 @ 0x2c
10d56 strb.w r0, [sp, #27]
10d5a movs r0, #48 @ 0x30
10d5c strb.w r0, [sp, #28]
10d60 ldr r0, [pc, #100] ; =0x20002898 ram_20002898
10d62 ldr r0, [r0, #16]
10d64 add r3, pc, #100 @ (adr r3, 8010dcc ) ; =0x08010DCC "g_stLcrInfo.u32DataCnt = %d, bIsFind = %d"
10d66 movw r2, #882 @ 0x372
10d6a add r1, pc, #140 @ (adr r1, 8010df8 ) ; =0x08010DF8 "..\\src\\app\\app_lcr.c"
10d6c strd r0, sl, [sp]
10d70 movs r0, #3
10d72 bl fn_08009EBC
10d76 b.n 8010d7a 
10d78 nop
10d7a nop
10d7c add r0, sp, #12
10d7e bl fn_08008298
10d82 uxtb r5, r0
10d84 movs r2, #44 @ 0x2c
10d86 mov r0, r5
10d88 adds r1, r5, #1
10d8a uxtb r5, r1
10d8c add r1, sp, #12
10d8e strb r2, [r1, r0]
10d90 mov r1, r5
10d92 add r0, sp, #12
10d94 bl fn_08013A5C
10d98 add r3, sp, #12
10d9a movw r2, #890 @ 0x37a
10d9e add r1, pc, #88 @ (adr r1, 8010df8 ) ; =0x08010DF8 "..\\src\\app\\app_lcr.c"
10da0 movs r0, #1
10da2 bl fn_08009EBC
10da6 ldr r0, [sp, #8]
10da8 add sp, #204 @ 0xcc
10daa ldmia.w sp!, {r4, r5, r6, r7, r8, r9, sl, fp, pc}
10dae movs r0, r0
10db0 ldrb r4, [r1, #1]
10db2 ldr r0, [r1, #20]
10db4 add r3, lr
10db6 strb r1, [r4, #17]
10db8 strb r1, [r4, r1]
10dba ldr r1, [r5, #84] @ 0x54
10dbc movs r0, #101 @ 0x65
10dbe movs r0, r0
10dc0 cmp r0, #228 @ 0xe4
10dc2 movs r0, #0
10dc4 str r5, [r4, #64] @ 0x40
10dc6 movs r0, r0
10dc8 cmp r0, #152 @ 0x98
10dca movs r0, #0
10dcc ldrsh r7, [r4, r5]
10dce strb r3, [r6, #17]
10dd0 str r4, [r1, #52] @ 0x34
10dd2 ldr r1, [pc, #456] ; =0x1908A908 
10dd4 str r6, [r5, #100] @ 0x64
10dd6 cmp r6, #111 @ 0x6f
10dd8 adds r3, #117 @ 0x75
10dda add r2, r6
10ddc strb r1, [r4, #17]
10dde muls r1, r4
10de0 strb r6, [r5, #17]
10de2 subs r5, #32
10de4 movs r5, #32
10de6 cmp r4, #100 @ 0x64
10de8 str r0, [r4, #32]
10dea strb r1, [r1, #13]
10dec ldr r6, [r0, #20]
10dee str r6, [r5, #68] @ 0x44
10df0 subs r5, #32
10df2 movs r5, #32
10df4 lsls r4, r4, #1
10df6 movs r0, r0
10df8 cmp r6, #46 @ 0x2e
10dfa strb r4, [r3, #13]
10dfc str r2, [r6, #52] @ 0x34
10dfe str r4, [r3, #20]
10e00 strb r0, [r6, #1]
10e02 str r4, [r3, #20]
10e04 strb r0, [r6, #1]
10e06 ldr r7, [r3, #68] @ 0x44
10e08 strb r3, [r4, #9]
10e0a str r6, [r5, #48] @ 0x30
10e0c movs r0, r0
10e0e movs r0, r0

; ===== fn_08010E10  (called 2 x)
10e10 push {r4, r5, lr}
10e12 sub sp, #132 @ 0x84
10e14 movs r4, #0
10e16 movs r5, #0
10e18 movs r1, #128 @ 0x80
10e1a add r0, sp, #4
10e1c bl fn_08008246
10e20 add r1, pc, #76 @ (adr r1, 8010e70 ) ; =0x08010E70 "LxBoxInfo 2.4,250502,2.891,260827,"
10e22 add r0, sp, #4
10e24 bl fn_0800C990
10e28 add r0, sp, #4
10e2a bl fn_08008298
10e2e uxtb r4, r0
10e30 add r1, sp, #4
10e32 adds r0, r1, r4
10e34 bl fn_080090D0
10e38 add r0, sp, #4
10e3a bl fn_08008298
10e3e uxtb r4, r0
10e40 add r1, sp, #4
10e42 adds r0, r1, r4
10e44 add r1, pc, #76 @ (adr r1, 8010e94 ) ; =0x08010E94 ",LCR"
10e46 bl fn_0800C990
10e4a add r0, sp, #4
10e4c bl fn_08008298
10e50 uxtb r4, r0
10e52 mov r1, r4
10e54 add r0, sp, #4
10e56 bl fn_08013A5C
10e5a add r3, sp, #4
10e5c movw r2, #1214 @ 0x4be
10e60 add r1, pc, #56 @ (adr r1, 8010e9c ) ; =0x08010E9C "..\\src\\app\\app_lcr.c"
10e62 movs r0, #1
10e64 bl fn_08009EBC
10e68 mov r0, r5
10e6a add sp, #132 @ 0x84
10e6c pop {r4, r5, pc}
10e6e movs r0, r0
10e70 ldrb r4, [r1, #1]
10e72 ldr r2, [r0, #116] @ 0x74
10e74 ldr r1, [pc, #480] ; =0x27002400 
10e76 str r6, [r5, #100] @ 0x64
10e78 movs r0, #111 @ 0x6f
10e7a cmp r6, #50 @ 0x32
10e7c cmp r4, #52 @ 0x34
10e7e adds r5, #50 @ 0x32
10e80 adds r5, #48 @ 0x30
10e82 adds r2, #48 @ 0x30
10e84 adds r2, #44 @ 0x2c
10e86 subs r0, #46 @ 0x2e
10e88 adds r1, #57 @ 0x39
10e8a adds r2, #44 @ 0x2c
10e8c adds r0, #54 @ 0x36
10e8e adds r2, #56 @ 0x38
10e90 cmp r4, #55 @ 0x37
10e92 movs r0, r0
10e94 ldr r4, [pc, #176] ; =0xA908B2CC 
10e96 strh r3, [r0, r1]
10e98 movs r0, r0
10e9a movs r0, r0
10e9c cmp r6, #46 @ 0x2e
10e9e strb r4, [r3, #13]
10ea0 str r2, [r6, #52] @ 0x34
10ea2 str r4, [r3, #20]
10ea4 strb r0, [r6, #1]
10ea6 str r4, [r3, #20]
10ea8 strb r0, [r6, #1]
10eaa ldr r7, [r3, #68] @ 0x44
10eac strb r3, [r4, #9]
10eae str r6, [r5, #48] @ 0x30
10eb0 movs r0, r0
10eb2 movs r0, r0

; ===== fn_08010EB4  (called 1 x)
10eb4 push {r4, r5, r6, lr}
10eb6 sub sp, #160 @ 0xa0
10eb8 movs r5, #0
10eba movs r4, #0
10ebc add r0, pc, #332 @ (adr r0, 801100c ) ; =0x0801100C "EWSNLxBoxStatus "
10ebe ldr r0, [r0, #0]
10ec0 str r0, [sp, #8]
10ec2 bl fn_080094BC
10ec6 movs r1, #128 @ 0x80
10ec8 add r0, sp, #32
10eca bl fn_08008246
10ece add r2, pc, #320 @ (adr r2, 8011010 ) ; =0x08011010 "LxBoxStatus "
10ed0 ldrd r1, r0, [r2]
10ed4 ldr r2, [r2, #8]
10ed6 strd r0, r2, [sp, #36] @ 0x24
10eda str r1, [sp, #32]
10edc adds r4, #12
10ede ldr r0, [pc, #320] ; =0x2000009B ram_2000009B
10ee0 ldrb r0, [r0, #0]
10ee2 adds r0, #48 @ 0x30
10ee4 uxtb r2, r0
10ee6 mov r1, r4
10ee8 adds r4, r4, #1
10eea add r0, sp, #32
10eec strb r2, [r0, r1]
10eee movs r2, #44 @ 0x2c
10ef0 mov r1, r4
10ef2 adds r4, r4, #1
10ef4 strb r2, [r0, r1]
10ef6 movs r2, #48 @ 0x30
10ef8 mov r1, r4
10efa adds r4, r4, #1
10efc strb r2, [r0, r1]
10efe movs r2, #44 @ 0x2c
10f00 mov r0, r4
10f02 adds r1, r4, #1
10f04 uxtb r4, r1
10f06 add r1, sp, #32
10f08 strb r2, [r1, r0]
10f0a ldr r1, [pc, #280] ; =0x20002898 ram_20002898
10f0c ldrb r2, [r1, #0]
10f0e add r1, sp, #32
10f10 adds r0, r1, r4
10f12 add r1, pc, #276 @ (adr r1, 8011028 ) ; =0x08011028 "%d"
10f14 bl fn_0800C990
10f18 add r0, sp, #32
10f1a bl fn_08008298
10f1e uxtb r4, r0
10f20 movs r2, #44 @ 0x2c
10f22 mov r0, r4
10f24 adds r1, r4, #1
10f26 uxtb r4, r1
10f28 add r1, sp, #32
10f2a strb r2, [r1, r0]
10f2c ldr r1, [pc, #244] ; =0x20002898 ram_20002898
10f2e ldrb r2, [r1, #1]
10f30 add r1, sp, #32
10f32 adds r0, r1, r4
10f34 add r1, pc, #240 @ (adr r1, 8011028 ) ; =0x08011028 "%d"
10f36 bl fn_0800C990
10f3a add r0, sp, #32
10f3c bl fn_08008298
10f40 uxtb r4, r0
10f42 movs r2, #44 @ 0x2c
10f44 mov r0, r4
10f46 adds r1, r4, #1
10f48 uxtb r4, r1
10f4a add r1, sp, #32
10f4c strb r2, [r1, r0]
10f4e movs r0, #100 @ 0x64
10f50 bl fn_0800A6C0
10f54 add r0, sp, #12
10f56 bl fn_080090A8
10f5a mov r5, r0
10f5c cbz r5, 8010f66 
10f5e movs r1, #20
10f60 add r0, sp, #12
10f62 bl fn_08008246
10f66 ldr r0, [sp, #12]
10f68 and.w r0, r0, #1
10f6c adds r0, r0, #2
10f6e add r1, sp, #8
10f70 ldrb r0, [r1, r0]
10f72 str r0, [sp, #0]
10f74 ldr r1, [sp, #12]
10f76 lsrs r2, r1, #1
10f78 add r1, sp, #32
10f7a adds r0, r1, r4
10f7c add r1, pc, #172 @ (adr r1, 801102c ) ; =0x0801102C "%d.%d,%c,"
10f7e ldr r3, [sp, #20]
10f80 bl fn_0800C990
10f84 add r0, sp, #32
10f86 bl fn_08008298
10f8a uxtb r4, r0
10f8c ldr r0, [sp, #16]
10f8e and.w r0, r0, #1
10f92 add r1, sp, #8
10f94 ldrb r0, [r1, r0]
10f96 str r0, [sp, #0]
10f98 ldr r1, [sp, #16]
10f9a lsrs r2, r1, #1
10f9c add r1, sp, #32
10f9e adds r0, r1, r4
10fa0 add r1, pc, #136 @ (adr r1, 801102c ) ; =0x0801102C "%d.%d,%c,"
10fa2 ldr r3, [sp, #24]
10fa4 bl fn_0800C990
10fa8 add r0, sp, #32
10faa bl fn_08008298
10fae uxtb r4, r0
10fb0 bl fn_08009094
10fb4 adds r0, #48 @ 0x30
10fb6 uxtb r2, r0
10fb8 mov r0, r4
10fba adds r1, r4, #1
10fbc uxtb r4, r1
10fbe add r1, sp, #32
10fc0 strb r2, [r1, r0]
10fc2 movs r2, #44 @ 0x2c
10fc4 mov r0, r4
10fc6 adds r1, r4, #1
10fc8 uxtb r4, r1
10fca add r1, sp, #32
10fcc strb r2, [r1, r0]
10fce bl fn_080090E4
10fd2 lsls r6, r0, #1
10fd4 adds r6, #48 @ 0x30
10fd6 bl fn_080089D0
10fda add r0, r6
10fdc uxtb r2, r0
10fde mov r0, r4
10fe0 adds r1, r4, #1
10fe2 uxtb r4, r1
10fe4 add r1, sp, #32
10fe6 strb r2, [r1, r0]
10fe8 add r0, sp, #32
10fea bl fn_08008298
10fee uxtb r4, r0
10ff0 mov r1, r4
10ff2 add r0, sp, #32
10ff4 bl fn_08013A5C
10ff8 add r3, sp, #32
10ffa movw r2, #725 @ 0x2d5
10ffe add r1, pc, #56 @ (adr r1, 8011038 ) ; =0x08011038 "..\\src\\app\\app_lcr.c"
11000 movs r0, #1
11002 bl fn_08009EBC
11006 mov r0, r5
11008 add sp, #160 @ 0xa0
1100a pop {r4, r5, r6, pc}
1100c ldrsb r5, [r0, r5]
1100e ldr r6, [pc, #332] ; =0x6C5F7070 
11010 ldrb r4, [r1, #1]
11012 ldr r2, [r0, #116] @ 0x74
11014 strh r0, [r7, r5]
11016 str r4, [r6, #20]
11018 strb r4, [r6, #21]
1101a movs r0, #115 @ 0x73
1101c movs r0, r0
1101e movs r0, r0
11020 lsls r3, r3, #2
11022 movs r0, #0
11024 cmp r0, #152 @ 0x98
11026 movs r0, #0
11028 str r5, [r4, #64] @ 0x40
1102a movs r0, r0
1102c str r5, [r4, #64] @ 0x40
1102e movs r5, #46 @ 0x2e
11030 cmp r4, #100 @ 0x64
11032 str r5, [r4, #48] @ 0x30
11034 movs r4, r5
11036 movs r0, r0
11038 cmp r6, #46 @ 0x2e
1103a strb r4, [r3, #13]
1103c str r2, [r6, #52] @ 0x34
1103e str r4, [r3, #20]
11040 strb r0, [r6, #1]
11042 str r4, [r3, #20]
11044 strb r0, [r6, #1]
11046 ldr r7, [r3, #68] @ 0x44
11048 strb r3, [r4, #9]
1104a str r6, [r5, #48] @ 0x30
1104c movs r0, r0
1104e movs r0, r0

; ===== fn_08011050  (called 1 x)
11050 stmdb sp!, {r4, r5, r6, r7, r8, lr}
11054 sub sp, #128 @ 0x80
11056 mov r5, r0
11058 movs r4, #0
1105a movs r7, #0
1105c mov r8, r4
1105e movs r1, #128 @ 0x80
11060 mov r0, sp
11062 bl fn_08008246
11066 movs r2, #13
11068 add r1, pc, #196 @ (adr r1, 8011130 ) ; =0x08011130 "LxBoxStorage "
1106a mov r0, sp
1106c bl fn_08008214
11070 adds r4, #13
11072 nop
11074 ldrb r0, [r5, #0]
11076 cmp r0, #50 @ 0x32
11078 beq.n 8011096 
1107a ldrb r0, [r5, #0]
1107c cmp r0, #49 @ 0x31
1107e beq.n 8011096 
11080 movs r0, #48 @ 0x30
11082 strb.w r0, [sp, #13]
11086 movs r0, #0
11088 strb.w r0, [sp, #14]
1108c mov r0, sp
1108e bl fn_08008298
11092 uxtb r4, r0
11094 b.n 801110e 
11096 ldrb r2, [r5, #0]
11098 mov r0, r4
1109a adds r1, r4, #1
1109c uxtb r4, r1
1109e strb.w r2, [sp, r0]
110a2 movs r2, #44 @ 0x2c
110a4 mov r0, r4
110a6 adds r1, r4, #1
110a8 uxtb r4, r1
110aa strb.w r2, [sp, r0]
110ae ldrb r0, [r5, #0]
110b0 subs r0, #49 @ 0x31
110b2 uxtb r6, r0
110b4 movs r0, #1
110b6 ldr r1, [pc, #136] ; =0x200000B4 ram_200000B4
110b8 strb r0, [r1, r6]
110ba ldr r1, [pc, #136] ; =0x20002898 ram_20002898
110bc add.w r0, sp, r4
110c0 ldr r2, [r1, #16]
110c2 add r1, pc, #132 @ (adr r1, 8011148 ) ; =0x08011148 "%d"
110c4 bl fn_0800C990
110c8 mov r0, sp
110ca bl fn_08008298
110ce uxtb r4, r0
110d0 movs r2, #44 @ 0x2c
110d2 mov r0, r4
110d4 adds r1, r4, #1
110d6 uxtb r4, r1
110d8 strb.w r2, [sp, r0]
110dc ldr r0, [pc, #100] ; =0x20002898 ram_20002898
110de ldr r0, [r0, #16]
110e0 ldr r1, [pc, #104] ; =0x0007FFC0 
110e2 subs r7, r1, r0
110e4 add.w r0, sp, r4
110e8 mov r2, r7
110ea add r1, pc, #92 @ (adr r1, 8011148 ) ; =0x08011148 "%d"
110ec bl fn_0800C990
110f0 mov r0, sp
110f2 bl fn_08008298
110f6 uxtb r4, r0
110f8 movs r2, #44 @ 0x2c
110fa mov r0, r4
110fc adds r1, r4, #1
110fe uxtb r4, r1
11100 strb.w r2, [sp, r0]
11104 mov r0, sp
11106 bl fn_08008298
1110a uxtb r4, r0
1110c nop
1110e nop
11110 mov r1, r4
11112 mov r0, sp
11114 bl fn_08013A5C
11118 mov r3, sp
1111a mov.w r2, #820 @ 0x334
1111e add r1, pc, #48 @ (adr r1, 8011150 ) ; =0x08011150 "..\\src\\app\\app_lcr.c"
11120 movs r0, #1
11122 bl fn_08009EBC
11126 mov r0, r8
11128 add sp, #128 @ 0x80
1112a ldmia.w sp!, {r4, r5, r6, r7, r8, pc}
1112e movs r0, r0
11130 ldrb r4, [r1, #1]
11132 ldr r2, [r0, #116] @ 0x74
11134 strh r0, [r7, r5]
11136 ldr r4, [r6, #116] @ 0x74
11138 str r2, [r6, #20]
1113a str r7, [r4, #84] @ 0x54
1113c movs r0, r4
1113e movs r0, r0
11140 lsls r4, r6, #2
11142 movs r0, #0
11144 cmp r0, #152 @ 0x98
11146 movs r0, #0
11148 str r5, [r4, #64] @ 0x40
1114a movs r0, r0
1114c vaddl.u8 q8, d0, d7
11150 cmp r6, #46 @ 0x2e
11152 strb r4, [r3, #13]
11154 str r2, [r6, #52] @ 0x34
11156 str r4, [r3, #20]
11158 strb r0, [r6, #1]
1115a str r4, [r3, #20]
1115c strb r0, [r6, #1]
1115e ldr r7, [r3, #68] @ 0x44
11160 strb r3, [r4, #9]
11162 str r6, [r5, #48] @ 0x30
11164 movs r0, r0
11166 movs r0, r0

; ===== fn_08011168  (called 1 x)
11168 push {r4, r5, r6, lr}
1116a sub sp, #128 @ 0x80
1116c movs r4, #0
1116e movs r5, #0
11170 movs r6, #0
11172 movs r1, #128 @ 0x80
11174 mov r0, sp
11176 bl fn_08008246
1117a movs r0, #0
1117c ldr r1, [pc, #68] ; =0x200000B4 ram_200000B4
1117e strb r0, [r1, #0]
11180 strb r0, [r1, #1]
11182 bl fn_0800B390
11186 mov r6, r0
11188 movs r2, #10
1118a add r1, pc, #60 @ (adr r1, 80111c8 ) ; =0x080111C8 "LxBoxTime "
1118c mov r0, sp
1118e bl fn_08008214
11192 mov r2, r6
11194 add r1, pc, #60 @ (adr r1, 80111d4 ) ; =0x080111D4 "%d"
11196 add.w r0, sp, #10
1119a bl fn_0800C990
1119e mov r0, sp
111a0 bl fn_08008298
111a4 uxtb r4, r0
111a6 mov r1, r4
111a8 mov r0, sp
111aa bl fn_08013A5C
111ae mov r3, sp
111b0 movw r2, #1237 @ 0x4d5
111b4 add r1, pc, #32 @ (adr r1, 80111d8 ) ; =0x080111D8 "..\\src\\app\\app_lcr.c"
111b6 movs r0, #1
111b8 bl fn_08009EBC
111bc mov r0, r5
111be add sp, #128 @ 0x80
111c0 pop {r4, r5, r6, pc}
111c2 movs r0, r0
111c4 lsls r4, r6, #2
111c6 movs r0, #0
111c8 ldrb r4, [r1, #1]
111ca ldr r2, [r0, #116] @ 0x74
111cc strb r0, [r7, r1]
111ce ldr r1, [r5, #84] @ 0x54
111d0 movs r0, #101 @ 0x65
111d2 movs r0, r0
111d4 str r5, [r4, #64] @ 0x40
111d6 movs r0, r0
111d8 cmp r6, #46 @ 0x2e
111da strb r4, [r3, #13]
111dc str r2, [r6, #52] @ 0x34
111de str r4, [r3, #20]
111e0 strb r0, [r6, #1]
111e2 str r4, [r3, #20]
111e4 strb r0, [r6, #1]
111e6 ldr r7, [r3, #68] @ 0x44
111e8 strb r3, [r4, #9]
111ea str r6, [r5, #48] @ 0x30
111ec movs r0, r0
111ee movs r0, r0

; ===== fn_080111F0  (called 2 x)
111f0 push {r4, r5, lr}
111f2 mov r2, r1
111f4 cbz r0, 801122c 
111f6 movs r1, #7
111f8 b.n 8011228 
111fa ldrh r4, [r0, #0]
111fc lsrs r3, r4, #15
111fe ldrh r4, [r0, #0]
11200 movw r5, #65535 @ 0xffff
11204 and.w r4, r5, r4, lsl #1
11208 strh r4, [r0, #0]
1120a ldrh r4, [r0, #0]
1120c asr.w r5, r2, r1
11210 and.w r5, r5, #1
11214 orrs r4, r5
11216 strh r4, [r0, #0]
11218 cbz r3, 8011224 
1121a ldrh r4, [r0, #0]
1121c movw r5, #4129 @ 0x1021
11220 eors r4, r5
11222 strh r4, [r0, #0]
11224 subs r4, r1, #1
11226 sxtb r1, r4
11228 cmp r1, #0
1122a bge.n 80111fa 
1122c pop {r4, r5, pc}
1122e movs r0, r0

; ===== fn_08011230  (called 1 x)
11230 stmdb sp!, {r4, r5, r6, r7, r8, r9, sl, fp, lr}
11234 sub sp, #356 @ 0x164
11236 mov sl, r0
11238 mov r7, r1
1123a movs r4, #0
1123c movs r6, #0
1123e mov r8, r4
11240 mov fp, r4
11242 movs r0, #0
11244 str r0, [sp, #96] @ 0x60
11246 mov r9, r0
11248 movs r5, #0
1124a str r0, [sp, #92] @ 0x5c
1124c str r0, [sp, #24]
1124e add r0, pc, #1016 @ (adr r0, 8011648 ) ; =0x08011648 rom_08011648
11250 ldr r0, [r0, #0]
11252 str r0, [sp, #20]
11254 movs r1, #128 @ 0x80
11256 add r0, sp, #228 @ 0xe4
11258 bl fn_08008246
1125c mov r2, r7
1125e mov r1, sl
11260 add r0, sp, #228 @ 0xe4
11262 bl fn_08008214
11266 movs r0, #0
11268 ldr r1, [pc, #992] ; =0x200000A8 ram_200000A8
1126a strb r0, [r1, #0]
1126c nop
1126e mov r2, r7
11270 mov r1, sl
11272 add r0, sp, #228 @ 0xe4
11274 bl fn_08008214
11278 b.n 8011284 
1127a adds r0, r4, #1
1127c uxtb r4, r0
1127e cmp r4, r7
11280 blt.n 8011284 
11282 b.n 8011296 
11284 add r0, sp, #228 @ 0xe4
11286 ldrb r0, [r0, r4]
11288 cmp r0, #97 @ 0x61
1128a beq.n 8011296 
1128c add r1, sp, #228 @ 0xe4
1128e adds r0, r4, #1
11290 ldrb r0, [r1, r0]
11292 cmp r0, #32
11294 bne.n 801127a 
11296 nop
11298 adds r0, r4, #2
1129a uxtb r4, r0
1129c b.n 80112e4 
1129e add r0, sp, #228 @ 0xe4
112a0 ldrb r0, [r0, r4]
112a2 cmp r0, #44 @ 0x2c
112a4 bne.n 80112b8 
112a6 cmp.w r9, #1
112aa bne.n 80112ae 
112ac b.n 80112e8 
112ae add.w r0, r9, #1
112b2 and.w r9, r0, #255 @ 0xff
112b6 b.n 80112e0 
112b8 add r0, sp, #228 @ 0xe4
112ba ldrb r0, [r0, r4]
112bc cmp r0, #48 @ 0x30
112be blt.n 80112e0 
112c0 add r0, sp, #228 @ 0xe4
112c2 ldrb r0, [r0, r4]
112c4 cmp r0, #57 @ 0x39
112c6 bgt.n 80112e0 
112c8 add r0, sp, #228 @ 0xe4
112ca ldrb r0, [r0, r4]
112cc subs r0, #48 @ 0x30
112ce add r1, sp, #96 @ 0x60
112d0 ldrb.w r1, [r1, r9]
112d4 movs r2, #10
112d6 smlabb r0, r2, r1, r0
112da add r1, sp, #96 @ 0x60
112dc strb.w r0, [r1, r9]
112e0 adds r0, r4, #1
112e2 uxtb r4, r0
112e4 cmp r4, r7
112e6 blt.n 801129e 
112e8 nop
112ea ldrb.w r6, [sp, #96] @ 0x60
112ee ldrb.w fp, [sp, #97] @ 0x61
112f2 ldr r0, [pc, #860] ; =0x20002898 ram_20002898
112f4 ldrb r0, [r0, #0]
112f6 cmp r0, r6
112f8 bne.n 8011300 
112fa mov.w r8, #0
112fe b.n 801134c 
11300 ldr r0, [pc, #844] ; =0x20002898 ram_20002898
11302 ldrb r0, [r0, #1]
11304 cmp r0, r6
11306 bne.n 801130e 
11308 mov.w r8, #1
1130c b.n 801134c 
1130e movs r1, #128 @ 0x80
11310 add r0, sp, #100 @ 0x64
11312 bl fn_08008246
11316 mov r3, r7
11318 mov r2, sl
1131a movs r1, #128 @ 0x80
1131c add r0, sp, #100 @ 0x64
1131e bl fn_0800C390
11322 add r0, sp, #100 @ 0x64
11324 add r3, pc, #812 @ (adr r3, 8011654 ) ; =0x08011654 "u8LcrAddr = %d, dev num is error %s !"
11326 mov.w r2, #272 @ 0x110
1132a add r1, pc, #848 @ (adr r1, 801167c ) ; =0x0801167C "..\\src\\app\\app_lcr.c"
1132c strd r6, r0, [sp]
11330 movs r0, #3
11332 bl fn_08009EBC
11336 movs r1, #128 @ 0x80
11338 add r0, sp, #100 @ 0x64
1133a bl fn_08008246
1133e add r3, pc, #852 @ (adr r3, 8011694 ) ; =0x08011694 "LxGetData Error,"
11340 ldmia r3, {r0, r1, r2, r3}
11342 strd r2, r3, [sp, #108] @ 0x6c
11346 strd r0, r1, [sp, #100] @ 0x64
1134a b.n 80117ba 
1134c cmp.w fp, #0
11350 bne.n 801140e 
11352 movs r1, #128 @ 0x80
11354 add r0, sp, #100 @ 0x64
11356 bl fn_08008246
1135a ldr r0, [pc, #844] ; =0x2000009B ram_2000009B
1135c ldrb r0, [r0, #0]
1135e cmp r0, #1
11360 bne.n 801136e 
11362 movs r2, #17
11364 add r1, pc, #836 @ (adr r1, 80116ac ) ; =0x080116AC "LxGetData Mode 1,"
11366 add r0, sp, #100 @ 0x64
11368 bl fn_08008214
1136c b.n 80117ba 
1136e movs r2, #10
11370 add r1, pc, #844 @ (adr r1, 80116c0 ) ; =0x080116C0 "LxGetData "
11372 add r0, sp, #100 @ 0x64
11374 bl fn_08008214
11378 add r0, sp, #100 @ 0x64
1137a bl fn_08008298
1137e uxtb r5, r0
11380 add.w r1, r8, r8, lsl #1
11384 rsb r1, r1, r8, lsl #5
11388 ldr r3, [pc, #832] ; =0x200026A8 ram_200026A8
1138a add.w r1, r3, r1, lsl #2
1138e ldrb r2, [r1, #1]
11390 add r1, sp, #100 @ 0x64
11392 adds r0, r1, r5
11394 add r1, pc, #824 @ (adr r1, 80116d0 ) ; =0x080116D0 "%d"
11396 bl fn_0800C990
1139a add r0, sp, #100 @ 0x64
1139c bl fn_08008298
113a0 uxtb r5, r0
113a2 movs r2, #44 @ 0x2c
113a4 mov r0, r5
113a6 adds r1, r5, #1
113a8 uxtb r5, r1
113aa add r1, sp, #100 @ 0x64
113ac strb r2, [r1, r0]
113ae movs r2, #49 @ 0x31
113b0 mov r0, r5
113b2 adds r1, r5, #1
113b4 uxtb r5, r1
113b6 add r1, sp, #100 @ 0x64
113b8 strb r2, [r1, r0]
113ba movs r2, #44 @ 0x2c
113bc mov r0, r5
113be adds r1, r5, #1
113c0 uxtb r5, r1
113c2 add r1, sp, #100 @ 0x64
113c4 strb r2, [r1, r0]
113c6 add.w r1, r8, r8, lsl #1
113ca rsb r1, r1, r8, lsl #5
113ce ldr r3, [pc, #764] ; =0x200026A8 ram_200026A8
113d0 add.w r1, r3, r1, lsl #2
113d4 ldrb r2, [r1, #3]
113d6 add r1, sp, #100 @ 0x64
113d8 adds r0, r1, r5
113da add r1, pc, #756 @ (adr r1, 80116d0 ) ; =0x080116D0 "%d"
113dc bl fn_0800C990
113e0 add r0, sp, #100 @ 0x64
113e2 bl fn_08008298
113e6 uxtb r5, r0
113e8 movs r2, #44 @ 0x2c
113ea mov r0, r5
113ec adds r1, r5, #1
113ee uxtb r5, r1
113f0 add r1, sp, #100 @ 0x64
113f2 strb r2, [r1, r0]
113f4 add.w r0, r8, r8, lsl #1
113f8 rsb r0, r0, r8, lsl #5
113fc ldr r2, [pc, #716] ; =0x200026A8 ram_200026A8
113fe add.w r0, r2, r0, lsl #2
11402 adds r1, r0, #4
11404 movs r2, #64 @ 0x40
11406 add r0, sp, #28
11408 bl fn_08008214
1140c b.n 8011576 
1140e cmp.w fp, #1
11412 bne.n 801140c 
11414 movs r1, #128 @ 0x80
11416 add r0, sp, #100 @ 0x64
11418 bl fn_08008246
1141c add r2, pc, #692 @ (adr r2, 80116d4 ) ; =0x080116D4 "LxGetDataTs "
1141e ldmia r2, {r0, r1, r2}
11420 add r3, sp, #100 @ 0x64
11422 stmia r3!, {r0, r1, r2}
11424 add r0, sp, #100 @ 0x64
11426 bl fn_08008298
1142a uxtb r5, r0
1142c ldr r0, [pc, #544] ; =0x20002898 ram_20002898
1142e ldr r0, [r0, #16]
11430 cbnz r0, 801143e 
11432 movs r2, #14
11434 add r1, pc, #684 @ (adr r1, 80116e4 ) ; =0x080116E4 "LxGetDataTs 1,"
11436 add r0, sp, #100 @ 0x64
11438 bl fn_08008214
1143c b.n 80117ba 
1143e ldr r0, [pc, #692] ; =0x200000B6 ram_200000B6
11440 ldrb r0, [r0, #0]
11442 cmp r0, r6
11444 beq.n 8011484 
11446 ldr r0, [pc, #684] ; =0x200000B6 ram_200000B6
11448 strb r6, [r0, #0]
1144a movs r4, #0
1144c b.n 801147e 
1144e add.w r0, r4, r4, lsl #1
11452 ldr r1, [pc, #676] ; =0x200028E4 ram_200028E4
11454 add.w r0, r1, r0, lsl #2
11458 ldrb r0, [r0, #9]
1145a cmp r0, #90 @ 0x5a
1145c bne.n 801147a 
1145e add.w r0, r4, r4, lsl #1
11462 add.w r0, r1, r0, lsl #2
11466 ldrb r0, [r0, #8]
11468 cmp r0, r6
1146a bne.n 801147a 
1146c add.w r0, r4, r4, lsl #1
11470 ldr.w r0, [r1, r0, lsl #2]
11474 ldr r1, [pc, #472] ; =0x20002898 ram_20002898
11476 str r0, [r1, #4]
11478 b.n 8011482 
1147a adds r0, r4, #1
1147c uxtb r4, r0
1147e cmp r4, #10
11480 blt.n 801144e 
11482 nop
11484 ldr r0, [pc, #456] ; =0x20002898 ram_20002898
11486 ldr r0, [r0, #12]
11488 ldr r1, [pc, #452] ; =0x20002898 ram_20002898
1148a ldr r1, [r1, #4]
1148c strd r8, r1, [sp]
11490 add r3, pc, #616 @ (adr r3, 80116fc ) ; =0x080116FC "g_stLcrInfo[%d].u32RdAddr = %x, g_stLcrInfo[%d].u32EndAddr = %d"
11492 movw r2, #327 @ 0x147
11496 add r1, pc, #484 @ (adr r1, 801167c ) ; =0x0801167C "..\\src\\app\\app_lcr.c"
11498 strd r8, r0, [sp, #8]
1149c movs r0, #0
1149e bl fn_08009EBC
114a2 b.n 8011524 
114a4 ldr r0, [pc, #424] ; =0x20002898 ram_20002898
114a6 ldr r0, [r0, #4]
114a8 bic.w r0, r0, #4261412864 @ 0xfe000000
114ac str r0, [sp, #92] @ 0x5c
114ae ldr r0, [sp, #92] @ 0x5c
114b0 add r3, pc, #648 @ (adr r3, 801173c ) ; =0x0801173C "u32ReadAddr = %x"
114b2 mov.w r2, #332 @ 0x14c
114b6 add r1, pc, #452 @ (adr r1, 801167c ) ; =0x0801167C "..\\src\\app\\app_lcr.c"
114b8 str r0, [sp, #0]
114ba movs r0, #0
114bc bl fn_08009EBC
114c0 movs r1, #128 @ 0x80
114c2 add r0, sp, #228 @ 0xe4
114c4 bl fn_08008246
114c8 movs r2, #64 @ 0x40
114ca add r0, sp, #228 @ 0xe4
114cc ldr r1, [sp, #92] @ 0x5c
114ce bl fn_08015614
114d2 movs r2, #64 @ 0x40
114d4 add r1, sp, #228 @ 0xe4
114d6 add r0, sp, #28
114d8 bl fn_08008214
114dc ldr r0, [sp, #28]
114de adds r0, r0, #1
114e0 cbz r0, 80114f6 
114e2 ldr r1, [pc, #620] ; =0x09896800 
114e4 ldr r0, [sp, #28]
114e6 cmp r0, r1
114e8 bcc.n 80114f6 
114ea ldr r0, [pc, #356] ; =0x20002898 ram_20002898
114ec ldr r0, [r0, #4]
114ee ldr r1, [pc, #352] ; =0x20002898 ram_20002898
114f0 ldr r1, [r1, #12]
114f2 cmp r0, r1
114f4 bne.n 8011510 
114f6 movs r2, #19
114f8 add r1, pc, #600 @ (adr r1, 8011754 ) ; =0x08011754 "LxGetData All Read,"
114fa add r0, sp, #100 @ 0x64
114fc bl fn_08008214
11500 add r3, pc, #612 @ (adr r3, 8011768 ) ; =0x08011768 "data is all read !"
11502 mov.w r2, #340 @ 0x154
11506 add r1, pc, #372 @ (adr r1, 801167c ) ; =0x0801167C "..\\src\\app\\app_lcr.c"
11508 movs r0, #0
1150a bl fn_08009EBC
1150e b.n 8011526 
11510 ldr r0, [pc, #316] ; =0x20002898 ram_20002898
11512 ldr r0, [r0, #4]
11514 adds r0, #64 @ 0x40
11516 ldr r1, [pc, #312] ; =0x20002898 ram_20002898
11518 str r0, [r1, #4]
1151a ldrb.w r0, [sp, #272] @ 0x110
1151e cmp r0, r6
11520 bne.n 8011524 
11522 b.n 8011526 
11524 b.n 80114a4 
11526 nop
11528 ldrb.w r0, [sp, #272] @ 0x110
1152c cmp r0, r6
1152e beq.n 8011532 
11530 b.n 80117ba 
11532 add r1, sp, #100 @ 0x64
11534 adds r0, r1, r5
11536 mov r2, r6
11538 add r1, pc, #576 @ (adr r1, 801177c ) ; =0x0801177C "%d,"
1153a bl fn_0800C990
1153e add r0, sp, #100 @ 0x64
11540 bl fn_08008298
11544 uxtb r5, r0
11546 movs r2, #48 @ 0x30
11548 mov r0, r5
1154a adds r1, r5, #1
1154c uxtb r5, r1
1154e add r1, sp, #100 @ 0x64
11550 strb r2, [r1, r0]
11552 movs r2, #44 @ 0x2c
11554 mov r0, r5
11556 adds r1, r5, #1
11558 uxtb r5, r1
1155a add r1, sp, #100 @ 0x64
1155c strb r2, [r1, r0]
1155e ldr r1, [pc, #240] ; =0x20002898 ram_20002898
11560 ldr r1, [r1, #4]
11562 lsrs r2, r1, #6
11564 add r1, sp, #100 @ 0x64
11566 adds r0, r1, r5
11568 add r1, pc, #528 @ (adr r1, 801177c ) ; =0x0801177C "%d,"
1156a bl fn_0800C990
1156e add r0, sp, #100 @ 0x64
11570 bl fn_08008298
11574 uxtb r5, r0
11576 add r1, sp, #100 @ 0x64
11578 adds r0, r1, r5
1157a add r1, pc, #512 @ (adr r1, 801177c ) ; =0x0801177C "%d,"
1157c ldr r2, [sp, #28]
1157e bl fn_0800C990
11582 add r0, sp, #100 @ 0x64
11584 bl fn_08008298
11588 uxtb r5, r0
1158a movs r4, #1
1158c b.n 8011614 
1158e add r0, sp, #28
11590 ldr.w r0, [r0, r4, lsl #2]
11594 cmp.w r0, #2147483648 @ 0x80000000
11598 bcc.n 801159e 
1159a cmp r4, #2
1159c blt.n 80115cc 
1159e add r0, sp, #28
115a0 ldr.w r0, [r0, r4, lsl #2]
115a4 movs r1, #10
115a6 udiv r2, r0, r1
115aa mls r0, r1, r2, r0
115ae str r0, [sp, #16]
115b0 add r0, sp, #28
115b2 ldr.w r0, [r0, r4, lsl #2]
115b6 udiv r0, r0, r1
115ba add r1, sp, #100 @ 0x64
115bc str r0, [sp, #12]
115be adds r0, r1, r5
115c0 add r1, pc, #444 @ (adr r1, 8011780 ) ; =0x08011780 "%d.%01d,"
115c2 ldrd r2, r3, [sp, #12]
115c6 bl fn_0800C990
115ca b.n 8011608 
115cc add r0, sp, #28
115ce ldr.w r0, [r0, r4, lsl #2]
115d2 mvns r0, r0
115d4 adds r0, r0, #1
115d6 add r1, sp, #28
115d8 str.w r0, [r1, r4, lsl #2]
115dc add r0, sp, #28
115de ldr.w r0, [r0, r4, lsl #2]
115e2 movs r1, #10
115e4 udiv r2, r0, r1
115e8 mls r0, r1, r2, r0
115ec str r0, [sp, #16]
115ee add r0, sp, #28
115f0 ldr.w r0, [r0, r4, lsl #2]
115f4 udiv r0, r0, r1
115f8 add r1, sp, #100 @ 0x64
115fa str r0, [sp, #12]
115fc adds r0, r1, r5
115fe add r1, pc, #396 @ (adr r1, 801178c ) ; =0x0801178C "-%d.%01d,"
11600 ldrd r2, r3, [sp, #12]
11604 bl fn_0800C990
11608 add r0, sp, #100 @ 0x64
1160a bl fn_08008298
1160e uxtb r5, r0
11610 adds r0, r4, #1
11612 uxtb r4, r0
11614 cmp r4, #7
11616 blt.n 801158e 
11618 ldr r0, [sp, #56] @ 0x38
1161a and.w r0, r0, #1
1161e adds r0, r0, #2
11620 add r1, sp, #20
11622 ldrb r0, [r1, r0]
11624 str r0, [sp, #0]
11626 ldrd r1, r3, [sp, #56] @ 0x38
1162a lsrs r2, r1, #1
1162c add r1, sp, #100 @ 0x64
1162e adds r0, r1, r5
11630 add r1, pc, #356 @ (adr r1, 8011798 ) ; =0x08011798 "%d.%d,%c,"
11632 bl fn_0800C990
11636 add r0, sp, #100 @ 0x64
11638 bl fn_08008298
1163c uxtb r5, r0
1163e ldr r0, [sp, #64] @ 0x40
11640 and.w r0, r0, #1
11644 add r1, sp, #20
11646 b.n 80117a4 
11648 ldrsb r5, [r0, r5]
1164a ldr r6, [pc, #332] ; =0x252E6425 
1164c lsls r0, r5, #2
1164e movs r0, #0
11650 cmp r0, #152 @ 0x98
11652 movs r0, #0
11654 subs r0, #117 @ 0x75
11656 str r4, [r1, #52] @ 0x34
11658 adcs r2, r6
1165a str r4, [r4, #68] @ 0x44
1165c movs r0, #114 @ 0x72
1165e movs r0, #61 @ 0x3d
11660 str r5, [r4, #64] @ 0x40
11662 movs r0, #44 @ 0x2c
11664 str r4, [r4, #84] @ 0x54
11666 movs r0, #118 @ 0x76
11668 strb r6, [r5, #21]
1166a movs r0, #109 @ 0x6d
1166c strb r1, [r5, #13]
1166e str r0, [r4, #80] @ 0x50
11670 strb r2, [r6, #9]
11672 strb r7, [r5, #9]
11674 movs r5, #32
11676 movs r0, #115 @ 0x73
11678 movs r1, r4
1167a movs r0, r0
1167c cmp r6, #46 @ 0x2e
1167e strb r4, [r3, #13]
11680 str r2, [r6, #52] @ 0x34
11682 str r4, [r3, #20]
11684 strb r0, [r6, #1]
11686 str r4, [r3, #20]
11688 strb r0, [r6, #1]
1168a ldr r7, [r3, #68] @ 0x44
1168c strb r3, [r4, #9]
1168e str r6, [r5, #48] @ 0x30
11690 movs r0, r0
11692 movs r0, r0
11694 ldrb r4, [r1, #1]
11696 str r7, [r0, #84] @ 0x54
11698 add r4, lr
1169a strb r1, [r4, #17]
1169c movs r0, #97 @ 0x61
1169e strb r5, [r0, #9]
116a0 ldr r2, [r6, #116] @ 0x74
116a2 cmp r4, #114 @ 0x72
116a4 movs r0, r0
116a6 movs r0, r0
116a8 lsls r3, r3, #2
116aa movs r0, #0
116ac ldrb r4, [r1, #1]
116ae str r7, [r0, #84] @ 0x54
116b0 add r4, lr
116b2 strb r1, [r4, #17]
116b4 movs r0, #97 @ 0x61
116b6 ldr r5, [r1, #116] @ 0x74
116b8 str r4, [r4, #84] @ 0x54
116ba adds r1, #32
116bc movs r4, r5
116be movs r0, r0
116c0 ldrb r4, [r1, #1]
116c2 str r7, [r0, #84] @ 0x54
116c4 add r4, lr
116c6 strb r1, [r4, #17]
116c8 movs r0, #97 @ 0x61
116ca movs r0, r0
116cc movs r6, #168 @ 0xa8
116ce movs r0, #0
116d0 str r5, [r4, #64] @ 0x40
116d2 movs r0, r0
116d4 ldrb r4, [r1, #1]
116d6 str r7, [r0, #84] @ 0x54
116d8 add r4, lr
116da strb r1, [r4, #17]
116dc strb r1, [r4, r1]
116de movs r0, #115 @ 0x73
116e0 movs r0, r0
116e2 movs r0, r0
116e4 ldrb r4, [r1, #1]
116e6 str r7, [r0, #84] @ 0x54
116e8 add r4, lr
116ea strb r1, [r4, #17]
116ec strb r1, [r4, r1]
116ee movs r0, #115 @ 0x73
116f0 cmp r4, #49 @ 0x31
116f2 movs r0, r0
116f4 lsls r6, r6, #2
116f6 movs r0, #0
116f8 cmp r0, #228 @ 0xe4
116fa movs r0, #0
116fc ldrsh r7, [r4, r5]
116fe strb r3, [r6, #17]
11700 str r4, [r1, #52] @ 0x34
11702 ldr r1, [pc, #456] ; =0x0080EB01 
11704 str r6, [r5, #100] @ 0x64
11706 ldrh r7, [r5, r5]
11708 str r5, [r4, #64] @ 0x40
1170a cmp r6, #93 @ 0x5d
1170c adds r3, #117 @ 0x75
1170e strh r2, [r6, r0]
11710 adcs r4, r4
11712 str r4, [r4, #68] @ 0x44
11714 movs r0, #114 @ 0x72
11716 movs r0, #61 @ 0x3d
11718 ldrb r5, [r4, #0]
1171a movs r0, #44 @ 0x2c
1171c ldrsh r7, [r4, r5]
1171e strb r3, [r6, #17]
11720 str r4, [r1, #52] @ 0x34
11722 ldr r1, [pc, #456] ; =0x78094916 
11724 str r6, [r5, #100] @ 0x64
11726 ldrh r7, [r5, r5]
11728 str r5, [r4, #64] @ 0x40
1172a cmp r6, #93 @ 0x5d
1172c adds r3, #117 @ 0x75
1172e cmp r2, r6
11730 str r6, [r5, #68] @ 0x44
11732 str r1, [r0, #68] @ 0x44
11734 strb r4, [r4, #9]
11736 subs r5, #32
11738 movs r5, #32
1173a lsls r4, r4, #1
1173c adds r3, #117 @ 0x75
1173e strh r2, [r6, r0]
11740 str r5, [r4, #20]
11742 adcs r4, r4
11744 str r4, [r4, #68] @ 0x44
11746 movs r0, #114 @ 0x72
11748 movs r0, #61 @ 0x3d
1174a ldrb r5, [r4, #0]
1174c movs r0, r0
1174e movs r0, r0
11750 ldr r0, [r0, #0]
11752 lsrs r1, r1, #6
11754 ldrb r4, [r1, #1]
11756 str r7, [r0, #84] @ 0x54
11758 add r4, lr
1175a strb r1, [r4, #17]
1175c movs r0, #97 @ 0x61
1175e ldr r1, [r0, #68] @ 0x44
11760 movs r0, #108 @ 0x6c
11762 str r2, [r2, #84] @ 0x54
11764 str r1, [r4, #68] @ 0x44
11766 movs r4, r5
11768 str r4, [r4, #20]
1176a str r4, [r6, #20]
1176c ldr r0, [r4, #16]
1176e movs r0, #115 @ 0x73
11770 ldr r1, [r4, #68] @ 0x44
11772 movs r0, #108 @ 0x6c
11774 str r2, [r6, #84] @ 0x54
11776 str r1, [r4, #68] @ 0x44
11778 movs r1, #32
1177a movs r0, r0
1177c str r5, [r4, #64] @ 0x40
1177e movs r4, r5
11780 str r5, [r4, #64] @ 0x40
11782 movs r5, #46 @ 0x2e
11784 adds r1, #48 @ 0x30
11786 cmp r4, #100 @ 0x64
11788 movs r0, r0
1178a movs r0, r0
1178c movs r5, #45 @ 0x2d
1178e cmp r6, #100 @ 0x64
11790 adds r0, #37 @ 0x25
11792 str r1, [r6, #64] @ 0x40
11794 movs r4, r5
11796 movs r0, r0
11798 str r5, [r4, #64] @ 0x40
1179a movs r5, #46 @ 0x2e
1179c cmp r4, #100 @ 0x64
1179e str r5, [r4, #48] @ 0x30
117a0 movs r4, r5
117a2 movs r0, r0
117a4 ldrb r0, [r1, r0]
117a6 str r0, [sp, #0]
117a8 ldrd r1, r3, [sp, #64] @ 0x40
117ac lsrs r2, r1, #1
117ae add r1, sp, #100 @ 0x64
117b0 adds r0, r1, r5
117b2 add r1, pc, #52 @ (adr r1, 80117e8 ) ; =0x080117E8 "%d.%d,%c"
117b4 bl fn_0800C990
117b8 nop
117ba nop
117bc add r0, sp, #100 @ 0x64
117be bl fn_08008298
117c2 uxtb r5, r0
117c4 add r0, sp, #100 @ 0x64
117c6 add r3, pc, #44 @ (adr r3, 80117f4 ) ; =0x080117F4 "%s"
117c8 mov.w r2, #390 @ 0x186
117cc subw r1, pc, #340 @ 0x154
117d0 str r0, [sp, #0]
117d2 movs r0, #1
117d4 bl fn_08009EBC
117d8 mov r1, r5
117da add r0, sp, #100 @ 0x64
117dc bl fn_08013A5C
117e0 ldr r0, [sp, #24]
117e2 add sp, #356 @ 0x164
117e4 ldmia.w sp!, {r4, r5, r6, r7, r8, r9, sl, fp, pc}
117e8 str r5, [r4, #64] @ 0x40
117ea movs r5, #46 @ 0x2e
117ec cmp r4, #100 @ 0x64
117ee str r5, [r4, #48] @ 0x30
117f0 movs r0, r0
117f2 movs r0, r0
117f4 strb r5, [r4, #12]
117f6 movs r0, r0

; ===== fn_080117F8  (called 1 x)
117f8 stmdb sp!, {r4, r5, r6, r7, r8, r9, lr}
117fc sub sp, #76 @ 0x4c
117fe mov r7, r0
11800 mov r6, r1
11802 movs r4, #0
11804 movs r5, #0
11806 movs r0, #0
11808 str r0, [sp, #0]
1180a str r0, [sp, #4]
1180c str r0, [sp, #8]
1180e mov r9, r0
11810 mov r2, r6
11812 mov r1, r7
11814 add r0, sp, #12
11816 bl fn_08008214
1181a movs r4, #12
1181c b.n 801184a 
1181e add r0, sp, #12
11820 ldrb r0, [r0, r4]
11822 cmp r0, #44 @ 0x2c
11824 bne.n 8011832 
11826 cmp r5, #2
11828 bne.n 801182c 
1182a b.n 801184e 
1182c adds r0, r5, #1
1182e uxtb r5, r0
11830 b.n 8011846 
11832 add r0, sp, #12
11834 ldrb r0, [r0, r4]
11836 subs r0, #48 @ 0x30
11838 ldr.w r1, [sp, r5, lsl #2]
1183c movs r2, #10
1183e mla r0, r2, r1, r0
11842 str.w r0, [sp, r5, lsl #2]
11846 adds r0, r4, #1
11848 uxtb r4, r0
1184a cmp r4, r6
1184c blt.n 801181e 
1184e nop
11850 nop
11852 ldr r0, [sp, #4]
11854 cmp r0, #1
11856 bne.n 8011862 
11858 ldr r0, [pc, #72] ; =0x20002898 ram_20002898
1185a ldr r0, [r0, #4]
1185c subs r0, #64 @ 0x40
1185e ldr r1, [pc, #68] ; =0x20002898 ram_20002898
11860 str r0, [r1, #4]
11862 ldr r0, [pc, #68] ; =0x200000A3 ram_200000A3
11864 ldrb r0, [r0, #0]
11866 cmp r0, #255 @ 0xff
11868 beq.n 801189a 
1186a ldr r0, [pc, #56] ; =0x20002898 ram_20002898
1186c ldr r0, [r0, #4]
1186e add.w r0, r0, #4096 @ 0x1000
11872 movs r2, #64 @ 0x40
11874 ldr r1, [sp, #8]
11876 mla r8, r2, r1, r0
1187a movs r2, #4
1187c mov r1, r8
1187e add r0, sp, #12
11880 bl fn_08015614
11884 ldr r0, [pc, #36] ; =0x200000A4 ram_200000A4
11886 ldr r1, [sp, #12]
11888 str r1, [r0, #0]
1188a movs r0, #1
1188c ldr r1, [pc, #32] ; =0x200000A8 ram_200000A8
1188e strb r0, [r1, #0]
11890 movs r1, #0
11892 ldr r0, [pc, #32] ; =0x20000099 ram_20000099
11894 ldrb r0, [r0, #0]
11896 bl fn_0800A1F4
1189a nop
1189c mov r0, r9
1189e add sp, #76 @ 0x4c
118a0 ldmia.w sp!, {r4, r5, r6, r7, r8, r9, pc}
118a4 cmp r0, #152 @ 0x98
118a6 movs r0, #0
118a8 lsls r3, r4, #2
118aa movs r0, #0
118ac lsls r4, r4, #2
118ae movs r0, #0
118b0 lsls r0, r5, #2
118b2 movs r0, #0
118b4 lsls r1, r3, #2
118b6 movs r0, #0

; ===== fn_080118B8  (called 0 x)
118b8 push {r4, r5, r6, lr}
118ba mov r4, r0
118bc mov r5, r1
118be ldr r0, [pc, #136] ; =0x2000009D ram_2000009D
118c0 ldrb r0, [r0, #0]
118c2 add.w r1, r0, r0, lsl #1
118c6 rsb r0, r1, r0, lsl #5
118ca ldr r1, [pc, #128] ; =0x200026A8 ram_200026A8
118cc add.w r0, r1, r0, lsl #2
118d0 ldrb r0, [r0, #2]
118d2 cmp r0, #0
118d4 ble.n 8011900 
118d6 ldr r0, [pc, #112] ; =0x2000009D ram_2000009D
118d8 ldrb r0, [r0, #0]
118da add.w r1, r0, r0, lsl #1
118de rsb r0, r1, r0, lsl #5
118e2 ldr r1, [pc, #104] ; =0x200026A8 ram_200026A8
118e4 add.w r0, r1, r0, lsl #2
118e8 ldrb r0, [r0, #2]
118ea subs r0, r0, #1
118ec ldr r1, [pc, #88] ; =0x2000009D ram_2000009D
118ee ldrb r1, [r1, #0]
118f0 add.w r2, r1, r1, lsl #1
118f4 rsb r1, r2, r1, lsl #5
118f8 ldr r2, [pc, #80] ; =0x200026A8 ram_200026A8
118fa add.w r1, r2, r1, lsl #2
118fe strb r0, [r1, #2]
11900 nop
11902 ldr r0, [pc, #76] ; =0x2000009E ram_2000009E
11904 ldrb r0, [r0, #0]
11906 cmp r0, #2
11908 blt.n 801192e 
1190a ldr r0, [pc, #60] ; =0x2000009D ram_2000009D
1190c ldrb r0, [r0, #0]
1190e cmp r0, #1
11910 bne.n 801191a 
11912 movs r0, #0
11914 ldr r1, [pc, #48] ; =0x2000009D ram_2000009D
11916 strb r0, [r1, #0]
11918 b.n 8011944 
1191a movs r0, #1
1191c ldr r1, [pc, #40] ; =0x2000009D ram_2000009D
1191e strb r0, [r1, #0]
11920 ldr r0, [pc, #48] ; =0x2000009C ram_2000009C
11922 ldrb r0, [r0, #0]
11924 cbz r0, 8011938 
11926 movs r0, #0
11928 ldr r1, [pc, #36] ; =0x2000009E ram_2000009E
1192a strb r0, [r1, #0]
1192c b.n 8011938 
1192e ldr r0, [pc, #32] ; =0x2000009E ram_2000009E
11930 ldrb r0, [r0, #0]
11932 adds r0, r0, #1
11934 ldr r1, [pc, #24] ; =0x2000009E ram_2000009E
11936 strb r0, [r1, #0]
11938 movs r1, #0
1193a ldr r0, [pc, #28] ; =0x20000097 ram_20000097
1193c ldrb r0, [r0, #0]
1193e bl fn_0800A1F4
11942 nop
11944 nop
11946 pop {r4, r5, r6, pc}
11948 lsls r5, r3, #2
1194a movs r0, #0
1194c movs r6, #168 @ 0xa8
1194e movs r0, #0
11950 lsls r6, r3, #2
11952 movs r0, #0
11954 lsls r4, r3, #2
11956 movs r0, #0
11958 lsls r7, r2, #2
1195a movs r0, #0

; ===== fn_0801195C  (called 1 x)
1195c stmdb sp!, {r4, r5, r6, r7, r8, r9, sl, fp, lr}
11960 sub sp, #92 @ 0x5c
11962 mov r9, r0
11964 mov r8, r1
11966 movs r6, #0
11968 movs r4, #0
1196a mov sl, r4
1196c mov fp, r4
1196e movs r0, #0
11970 str r0, [sp, #16]
11972 str r0, [sp, #20]
11974 str r0, [sp, #24]
11976 movs r5, #0
11978 movs r7, #0
1197a str r0, [sp, #12]
1197c str r0, [sp, #8]
1197e str r0, [sp, #4]
11980 nop
11982 mov r2, r8
11984 mov r1, r9
11986 add r0, sp, #28
11988 bl fn_08008214
1198c movs r4, #10
1198e b.n 80119ee 
11990 add r0, sp, #28
11992 ldrb r0, [r0, r4]
11994 cmp r0, #44 @ 0x2c
11996 beq.n 80119aa 
11998 add r0, sp, #28
1199a ldrb r0, [r0, r4]
1199c cmp r0, #13
1199e bne.n 80119b6 
119a0 add r1, sp, #28
119a2 adds r0, r4, #1
119a4 ldrb r0, [r1, r0]
119a6 cmp r0, #10
119a8 bne.n 80119b6 
119aa cmp r6, #2
119ac bne.n 80119b0 
119ae b.n 80119f2 
119b0 adds r0, r6, #1
119b2 uxtb r6, r0
119b4 b.n 80119ea 
119b6 add r0, sp, #28
119b8 ldrb r0, [r0, r4]
119ba cmp r0, #48 @ 0x30
119bc blt.n 80119ea 
119be add r0, sp, #28
119c0 ldrb r0, [r0, r4]
119c2 cmp r0, #57 @ 0x39
119c4 bgt.n 80119ea 
119c6 add r0, sp, #16
119c8 ldr.w r0, [r0, r6, lsl #2]
119cc ldr r1, [pc, #340] ; =0x3B9ACA00 
119ce cmp r0, r1
119d0 bcs.n 80119ea 
119d2 add r0, sp, #28
119d4 ldrb r0, [r0, r4]
119d6 subs r0, #48 @ 0x30
119d8 add r1, sp, #16
119da ldr.w r1, [r1, r6, lsl #2]
119de movs r2, #10
119e0 mla r0, r2, r1, r0
119e4 add r1, sp, #16
119e6 str.w r0, [r1, r6, lsl #2]
119ea adds r0, r4, #1
119ec uxtb r4, r0
119ee cmp r4, r8
119f0 blt.n 8011990 
119f2 nop
119f4 ldr r1, [pc, #304] ; =0x200000A3 ram_200000A3
119f6 ldr r0, [sp, #16]
119f8 strb r0, [r1, #0]
119fa ldr r1, [pc, #304] ; =0x200000A4 ram_200000A4
119fc ldr r0, [sp, #24]
119fe str r0, [r1, #0]
11a00 movs r4, #0
11a02 b.n 8011a3e 
11a04 add.w r0, r4, r4, lsl #1
11a08 ldr r1, [pc, #292] ; =0x200028E4 ram_200028E4
11a0a add.w r0, r1, r0, lsl #2
11a0e ldrb r0, [r0, #8]
11a10 ldr r1, [pc, #276] ; =0x200000A3 ram_200000A3
11a12 ldrb r1, [r1, #0]
11a14 cmp r0, r1
11a16 bne.n 8011a3a 
11a18 add.w r0, r4, r4, lsl #1
11a1c ldr r1, [pc, #272] ; =0x200028E4 ram_200028E4
11a1e ldr.w r5, [r1, r0, lsl #2]
11a22 sub.w r0, r5, #4096 @ 0x1000
11a26 str r0, [sp, #12]
11a28 add.w r0, r4, r4, lsl #1
11a2c add.w r0, r1, r0, lsl #2
11a30 ldr r0, [r0, #4]
11a32 sub.w r0, r0, #4096 @ 0x1000
11a36 str r0, [sp, #8]
11a38 b.n 8011a42 
11a3a adds r0, r4, #1
11a3c uxtb r4, r0
11a3e cmp r4, #10
11a40 blt.n 8011a04 
11a42 nop
11a44 ldr r0, [pc, #228] ; =0x200000A4 ram_200000A4
11a46 ldr r0, [r0, #0]
11a48 add r3, pc, #232 @ (adr r3, 8011b34 ) ; =0x08011B34 "g_u32HisTime = %d"
11a4a movw r2, #1130 @ 0x46a
11a4e add r1, pc, #248 @ (adr r1, 8011b48 ) ; =0x08011B48 "..\\src\\app\\app_lcr.c"
11a50 str r0, [sp, #0]
11a52 movs r0, #1
11a54 bl fn_08009EBC
11a58 cbnz r5, 8011a6c 
11a5a movs r0, #0
11a5c ldr r1, [pc, #204] ; =0x200000A4 ram_200000A4
11a5e str r0, [r1, #0]
11a60 movs r1, #0
11a62 ldr r0, [pc, #252] ; =0x20000099 ram_20000099
11a64 ldrb r0, [r0, #0]
11a66 bl fn_0800A1F4
11a6a b.n 8011b1a 
11a6c movs r2, #4
11a6e mov r1, r5
11a70 add r0, sp, #28
11a72 bl fn_08015614
11a76 ldr.w sl, [sp, #28]
11a7a ldr r0, [sp, #20]
11a7c cmp r0, sl
11a7e bhi.n 8011a94 
11a80 sub.w r0, r5, #4096 @ 0x1000
11a84 ldr r1, [pc, #220] ; =0x20002898 ram_20002898
11a86 str r0, [r1, #4]
11a88 movs r1, #0
11a8a ldr r0, [pc, #212] ; =0x20000099 ram_20000099
11a8c ldrb r0, [r0, #0]
11a8e bl fn_0800A1F4
11a92 b.n 8011b1a 
11a94 b.n 8011b14 
11a96 ldrd r1, r0, [sp, #8]
11a9a add r0, r1
11a9c lsrs r7, r0, #1
11a9e bic.w r7, r7, #63 @ 0x3f
11aa2 add.w r5, r7, #4096 @ 0x1000
11aa6 movs r2, #4
11aa8 mov r1, r5
11aaa add r0, sp, #28
11aac bl fn_08015614
11ab0 ldr.w sl, [sp, #28]
11ab4 ldr r0, [sp, #20]
11ab6 cmp r0, sl
11ab8 bhi.n 8011ae8 
11aba subs r5, #64 @ 0x40
11abc movs r2, #4
11abe mov r1, r5
11ac0 add r0, sp, #28
11ac2 bl fn_08015614
11ac6 ldr.w fp, [sp, #28]
11aca ldr r0, [sp, #20]
11acc cmp r0, fp
11ace bcc.n 8011ae4 
11ad0 sub.w r0, r5, #4096 @ 0x1000
11ad4 ldr r1, [pc, #140] ; =0x20002898 ram_20002898
11ad6 str r0, [r1, #4]
11ad8 movs r1, #0
11ada ldr r0, [pc, #132] ; =0x20000099 ram_20000099
11adc ldrb r0, [r0, #0]
11ade bl fn_0800A1F4
11ae2 b.n 8011b16 
11ae4 str r7, [sp, #8]
11ae6 b.n 8011b14 
11ae8 adds r5, #64 @ 0x40
11aea movs r2, #4
11aec mov r1, r5
11aee add r0, sp, #28
11af0 bl fn_08015614
11af4 ldr.w fp, [sp, #28]
11af8 ldr r0, [sp, #20]
11afa cmp r0, fp
11afc bhi.n 8011b12 
11afe sub.w r0, r5, #4096 @ 0x1000
11b02 ldr r1, [pc, #96] ; =0x20002898 ram_20002898
11b04 str r0, [r1, #4]
11b06 movs r1, #0
11b08 ldr r0, [pc, #84] ; =0x20000099 ram_20000099
11b0a ldrb r0, [r0, #0]
11b0c bl fn_0800A1F4
11b10 b.n 8011b16 
11b12 str r7, [sp, #12]
11b14 b.n 8011a96 
11b16 nop
11b18 nop
11b1a nop
11b1c ldr r0, [sp, #4]
11b1e add sp, #92 @ 0x5c
11b20 ldmia.w sp!, {r4, r5, r6, r7, r8, r9, sl, fp, pc}
11b24 ldmia r2!, {}
11b26 subs r3, #154 @ 0x9a
11b28 lsls r3, r4, #2
11b2a movs r0, #0
11b2c lsls r4, r4, #2
11b2e movs r0, #0
11b30 cmp r0, #228 @ 0xe4
11b32 movs r0, #0
11b34 ldrsh r7, [r4, r5]
11b36 adds r3, #117 @ 0x75
11b38 ldr r0, [pc, #200] ; =0x1C614620 
11b3a strb r1, [r5, #13]
11b3c ldr r4, [r2, #20]
11b3e str r5, [r5, #84] @ 0x54
11b40 subs r5, #32
11b42 movs r5, #32
11b44 lsls r4, r4, #1
11b46 movs r0, r0
11b48 cmp r6, #46 @ 0x2e
11b4a strb r4, [r3, #13]
11b4c str r2, [r6, #52] @ 0x34
11b4e str r4, [r3, #20]
11b50 strb r0, [r6, #1]
11b52 str r4, [r3, #20]
11b54 strb r0, [r6, #1]
11b56 ldr r7, [r3, #68] @ 0x44
11b58 strb r3, [r4, #9]
11b5a str r6, [r5, #48] @ 0x30
11b5c movs r0, r0
11b5e movs r0, r0
11b60 lsls r1, r3, #2
11b62 movs r0, #0
11b64 cmp r0, #152 @ 0x98
11b66 movs r0, #0

; ===== fn_08011B68  (called 1 x)
11b68 push {r4, r5, r6, lr}
11b6a sub sp, #160 @ 0xa0
11b6c mov r5, r0
11b6e movs r4, #0
11b70 movs r2, #32
11b72 ldr r1, [pc, #204] ; =0x0801B3BC rom_0801B3BC
11b74 mov r0, sp
11b76 bl fn_08008214
11b7a movs r1, #128 @ 0x80
11b7c add r0, sp, #32
11b7e bl fn_08008246
11b82 add r2, pc, #192 @ (adr r2, 8011c44 ) ; =0x08011C44 "LxGetLastCmd 1,0"
11b84 ldrd r3, r0, [r2]
11b88 ldrd r1, r2, [r2, #8]
11b8c strd r3, r0, [sp, #32]
11b90 strd r1, r2, [sp, #40] @ 0x28
11b94 ldrb r0, [r5, #0]
11b96 strb.w r0, [sp, #48] @ 0x30
11b9a adds r4, #17
11b9c nop
11b9e ldrb r0, [r5, #0]
11ba0 cmp r0, #50 @ 0x32
11ba2 beq.n 8011bc0 
11ba4 ldrb r0, [r5, #0]
11ba6 cmp r0, #49 @ 0x31
11ba8 beq.n 8011bc0 
11baa movs r0, #49 @ 0x31
11bac strb.w r0, [sp, #47] @ 0x2f
11bb0 movs r0, #0
11bb2 strb.w r0, [sp, #48] @ 0x30
11bb6 add r0, sp, #32
11bb8 bl fn_08008298
11bbc uxtb r4, r0
11bbe b.n 8011c24 
11bc0 ldrb r0, [r5, #0]
11bc2 subs r0, #49 @ 0x31
11bc4 uxtb r6, r0
11bc6 ldr r0, [pc, #144] ; =0x200000B4 ram_200000B4
11bc8 ldrb r0, [r0, r6]
11bca ldr.w r2, [sp, r0, lsl #2]
11bce add r1, pc, #140 @ (adr r1, 8011c5c ) ; =0x08011C5C "%s"
11bd0 add.w r0, sp, #47 @ 0x2f
11bd4 bl fn_0800C990
11bd8 add r0, sp, #32
11bda bl fn_08008298
11bde uxtb r4, r0
11be0 movs r2, #44 @ 0x2c
11be2 mov r0, r4
11be4 adds r1, r4, #1
11be6 uxtb r4, r1
11be8 add r1, sp, #32
11bea strb r2, [r1, r0]
11bec ldr r0, [pc, #104] ; =0x200000B4 ram_200000B4
11bee ldrb r0, [r0, r6]
11bf0 cmp r0, #3
11bf2 ble.n 8011c02 
11bf4 movs r2, #49 @ 0x31
11bf6 mov r0, r4
11bf8 adds r1, r4, #1
11bfa uxtb r4, r1
11bfc add r1, sp, #32
11bfe strb r2, [r1, r0]
11c00 b.n 8011c0e 
11c02 movs r2, #48 @ 0x30
11c04 mov r0, r4
11c06 adds r1, r4, #1
11c08 uxtb r4, r1
11c0a add r1, sp, #32
11c0c strb r2, [r1, r0]
11c0e movs r2, #44 @ 0x2c
11c10 mov r0, r4
11c12 adds r1, r4, #1
11c14 uxtb r4, r1
11c16 add r1, sp, #32
11c18 strb r2, [r1, r0]
11c1a add r0, sp, #32
11c1c bl fn_08008298
11c20 uxtb r4, r0
11c22 nop
11c24 nop
11c26 mov r1, r4
11c28 add r0, sp, #32
11c2a bl fn_08013A5C
11c2e add r3, sp, #32
11c30 mov.w r2, #1944 @ 0x798
11c34 add r1, pc, #40 @ (adr r1, 8011c60 ) ; =0x08011C60 "..\\src\\app\\app_lcr.c"
11c36 movs r0, #1
11c38 bl fn_08009EBC
11c3c add sp, #160 @ 0xa0
11c3e pop {r4, r5, r6, pc}
11c40 cbz r4, 8011cb2 
11c42 lsrs r1, r0, #32
11c44 ldrb r4, [r1, #1]
11c46 str r7, [r0, #84] @ 0x54
11c48 ldr r4, [pc, #464] ; =0x0140EB00 
11c4a strb r1, [r4, #13]
11c4c muls r4, r6
11c4e str r5, [r5, #68] @ 0x44
11c50 adds r1, #32
11c52 adds r0, #44 @ 0x2c
11c54 movs r0, r0
11c56 movs r0, r0
11c58 lsls r4, r6, #2
11c5a movs r0, #0
11c5c strb r5, [r4, #12]
11c5e movs r0, r0
11c60 cmp r6, #46 @ 0x2e
11c62 strb r4, [r3, #13]
11c64 str r2, [r6, #52] @ 0x34
11c66 str r4, [r3, #20]
11c68 strb r0, [r6, #1]
11c6a str r4, [r3, #20]
11c6c strb r0, [r6, #1]
11c6e ldr r7, [r3, #68] @ 0x44
11c70 strb r3, [r4, #9]
11c72 str r6, [r5, #48] @ 0x30
11c74 movs r0, r0
11c76 movs r0, r0

; ===== fn_08011C78  (called 1 x)
11c78 stmdb sp!, {r4, r5, r6, r7, r8, lr}
11c7c sub sp, #152 @ 0x98
11c7e mov r4, r0
11c80 movs r7, #0
11c82 movs r6, #0
11c84 movs r5, #0
11c86 mov r8, r5
11c88 ldr r3, [pc, #196] ; =0x0801B3AC rom_0801B3AC
11c8a ldmia r3, {r0, r1, r2, r3}
11c8c strd r2, r3, [sp, #16]
11c90 strd r0, r1, [sp, #8]
11c94 movs r1, #128 @ 0x80
11c96 add r0, sp, #24
11c98 bl fn_08008246
11c9c movs r2, #19
11c9e add r1, pc, #180 @ (adr r1, 8011d54 ) ; =0x08011D54 "LxGetLastMtrCmd 1,0"
11ca0 add r0, sp, #24
11ca2 bl fn_08008214
11ca6 b.n 8011cb6 
11ca8 ldrb r0, [r4, #0]
11caa subs r0, #48 @ 0x30
11cac movs r1, #10
11cae mla r0, r1, r6, r0
11cb2 uxtb r6, r0
11cb4 adds r4, r4, #1
11cb6 ldrb r0, [r4, #0]
11cb8 cmp r0, #48 @ 0x30
11cba blt.n 8011cc2 
11cbc ldrb r0, [r4, #0]
11cbe cmp r0, #57 @ 0x39
11cc0 ble.n 8011ca8 
11cc2 nop
11cc4 movs r5, #0
11cc6 b.n 8011d0c 
11cc8 add.w r0, r5, r5, lsl #1
11ccc ldr r1, [pc, #152] ; =0x200028B0 ram_200028B0
11cce add r0, r1
11cd0 ldrb r0, [r0, #2]
11cd2 cmp r0, #90 @ 0x5a
11cd4 bne.n 8011d08 
11cd6 add.w r0, r5, r5, lsl #1
11cda ldrb r0, [r1, r0]
11cdc cmp r0, r6
11cde bne.n 8011d08 
11ce0 add.w r0, r5, r5, lsl #1
11ce4 add r0, r1
11ce6 str r6, [sp, #0]
11ce8 ldrb r0, [r0, #1]
11cea add r1, sp, #8
11cec ldr.w r3, [r1, r0, lsl #2]
11cf0 mov r2, r6
11cf2 add r1, pc, #120 @ (adr r1, 8011d6c ) ; =0x08011D6C "LxGetLastMtrCmd %d,%s %d"
11cf4 add r0, sp, #24
11cf6 bl fn_0800C990
11cfa mov.w r8, #1
11cfe add r0, sp, #24
11d00 bl fn_08008298
11d04 uxtb r7, r0
11d06 b.n 8011d10 
11d08 adds r0, r5, #1
11d0a uxtb r5, r0
11d0c cmp r5, #5
11d0e blt.n 8011cc8 
11d10 nop
11d12 cmp.w r8, #0
11d16 bne.n 8011d2e 
11d18 movs r0, #49 @ 0x31
11d1a strb.w r0, [sp, #42] @ 0x2a
11d1e movs r0, #0
11d20 strb.w r0, [sp, #43] @ 0x2b
11d24 add r0, sp, #24
11d26 bl fn_08008298
11d2a uxtb r7, r0
11d2c b.n 8011d30 
11d2e nop
11d30 nop
11d32 mov r1, r7
11d34 add r0, sp, #24
11d36 bl fn_08013A5C
11d3a add r3, sp, #24
11d3c movw r2, #1899 @ 0x76b
11d40 add r1, pc, #68 @ (adr r1, 8011d88 ) ; =0x08011D88 "..\\src\\app\\app_lcr.c"
11d42 movs r0, #1
11d44 bl fn_08009EBC
11d48 add sp, #152 @ 0x98
11d4a ldmia.w sp!, {r4, r5, r6, r7, r8, pc}
11d4e movs r0, r0
11d50 cbz r4, 8011dbe 
11d52 lsrs r1, r0, #32
11d54 ldrb r4, [r1, #1]
11d56 str r7, [r0, #84] @ 0x54
11d58 ldr r4, [pc, #464] ; =0x2000E000 ram_2000E000
11d5a strb r1, [r4, #13]
11d5c ldr r5, [pc, #464] ; =0x70084942 
11d5e strb r4, [r6, #9]
11d60 ldr r3, [r0, #84] @ 0x54
11d62 movs r0, #100 @ 0x64
11d64 cmp r4, #49 @ 0x31
11d66 movs r0, r6
11d68 cmp r0, #176 @ 0xb0
11d6a movs r0, #0
11d6c ldrb r4, [r1, #1]
11d6e str r7, [r0, #84] @ 0x54
11d70 ldr r4, [pc, #464] ; =0x4A3E1E40 
11d72 strb r1, [r4, #13]
11d74 ldr r5, [pc, #464] ; =0x21095411 
11d76 strb r4, [r6, #9]
11d78 ldr r3, [r0, #84] @ 0x54
11d7a movs r0, #100 @ 0x64
11d7c str r5, [r4, #64] @ 0x40
11d7e movs r5, #44 @ 0x2c
11d80 movs r0, #115 @ 0x73
11d82 str r5, [r4, #64] @ 0x40
11d84 movs r0, r0
11d86 movs r0, r0
11d88 cmp r6, #46 @ 0x2e
11d8a strb r4, [r3, #13]
11d8c str r2, [r6, #52] @ 0x34
11d8e str r4, [r3, #20]
11d90 strb r0, [r6, #1]
11d92 str r4, [r3, #20]
11d94 strb r0, [r6, #1]
11d96 ldr r7, [r3, #68] @ 0x44
11d98 strb r3, [r4, #9]
11d9a str r6, [r5, #48] @ 0x30
11d9c movs r0, r0
11d9e movs r0, r0

; ===== fn_08011DA0  (called 1 x)
11da0 stmdb sp!, {r4, r5, r6, r7, r8, r9, lr}
11da4 sub sp, #100 @ 0x64
11da6 mov r7, r0
11da8 mov r6, r1
11daa movs r4, #0
11dac movs r5, #0
11dae movs r0, #0
11db0 str r0, [sp, #32]
11db2 mov r8, r0
11db4 mov r9, r0
11db6 mov r2, r6
11db8 mov r1, r7
11dba add r0, sp, #36 @ 0x24
11dbc bl fn_08008214
11dc0 movs r4, #11
11dc2 b.n 8011df0 
11dc4 add r0, sp, #36 @ 0x24
11dc6 ldrb r0, [r0, r4]
11dc8 cmp r0, #44 @ 0x2c
11dca bne.n 8011dd8 
11dcc cmp r5, #2
11dce bne.n 8011dd2 
11dd0 b.n 8011df4 
11dd2 adds r0, r5, #1
11dd4 uxtb r5, r0
11dd6 b.n 8011dec 
11dd8 add r0, sp, #36 @ 0x24
11dda ldrb r0, [r0, r4]
11ddc subs r0, #48 @ 0x30
11dde add r1, sp, #32
11de0 ldrb r1, [r1, r5]
11de2 movs r2, #10
11de4 smlabb r0, r2, r1, r0
11de8 add r1, sp, #32
11dea strb r0, [r1, r5]
11dec adds r0, r4, #1
11dee uxtb r4, r0
11df0 cmp r4, r6
11df2 blt.n 8011dc4 
11df4 nop
11df6 ldrb.w r0, [sp, #32]
11dfa subs r0, r0, #1
11dfc add.w r1, r0, r0, lsl #1
11e00 rsb r0, r1, r0, lsl #5
11e04 ldr r1, [pc, #156] ; =0x200026A8 ram_200026A8
11e06 add.w r0, r1, r0, lsl #2
11e0a ldrb r0, [r0, #2]
11e0c cbz r0, 8011e5a 
11e0e movs r1, #32
11e10 mov r0, sp
11e12 bl fn_08008246
11e16 ldrb.w r0, [sp, #32]
11e1a subs r0, r0, #1
11e1c add.w r1, r0, r0, lsl #1
11e20 rsb r0, r1, r0, lsl #5
11e24 ldr r1, [pc, #124] ; =0x200026A8 ram_200026A8
11e26 add.w r0, r1, r0, lsl #2
11e2a ldrb r3, [r0, #1]
11e2c ldrb.w r2, [sp, #32]
11e30 add r1, pc, #116 @ (adr r1, 8011ea8 ) ; =0x08011EA8 "LxFindLcrNode %d,%d"
11e32 mov r0, sp
11e34 bl fn_0800C990
11e38 mov r0, sp
11e3a bl fn_08008298
11e3e and.w r8, r0, #255 @ 0xff
11e42 mov r3, sp
11e44 movw r2, #1407 @ 0x57f
11e48 add r1, pc, #112 @ (adr r1, 8011ebc ) ; =0x08011EBC "..\\src\\app\\app_lcr.c"
11e4a movs r0, #1
11e4c bl fn_08009EBC
11e50 mov r1, r8
11e52 mov r0, sp
11e54 bl fn_08013A5C
11e58 b.n 8011e9a 
11e5a ldrb.w r0, [sp, #32]
11e5e ldr r1, [pc, #116] ; =0x200000A1 ram_200000A1
11e60 strb r0, [r1, #0]
11e62 ldrb.w r0, [sp, #33] @ 0x21
11e66 ldr r1, [pc, #112] ; =0x2000009F ram_2000009F
11e68 strb r0, [r1, #0]
11e6a ldrb.w r0, [sp, #34] @ 0x22
11e6e ldr r1, [pc, #108] ; =0x200000A0 ram_200000A0
11e70 strb r0, [r1, #0]
11e72 ldr r3, [pc, #108] ; =0x20000093 ram_20000093
11e74 movs r2, #0
11e76 ldr r1, [pc, #108] ; =0x08011EE9 fn_08011EE8
11e78 movs r0, #5
11e7a bl fn_0800B7C4
11e7e mov r9, r0
11e80 cmp.w r9, #0
11e84 bne.n 8011e88 
11e86 b.n 8011e92 
11e88 mov.w r1, #1416 @ 0x588
11e8c add r0, pc, #44 @ (adr r0, 8011ebc ) ; =0x08011EBC "..\\src\\app\\app_lcr.c"
11e8e bl fn_08009D9C
11e92 ldr r0, [pc, #76] ; =0x20000093 ram_20000093
11e94 ldrb r0, [r0, #0]
11e96 bl fn_0800BA34
11e9a mov r0, r9
11e9c add sp, #100 @ 0x64
11e9e ldmia.w sp!, {r4, r5, r6, r7, r8, r9, pc}
11ea2 movs r0, r0
11ea4 movs r6, #168 @ 0xa8
11ea6 movs r0, #0
11ea8 ldrb r4, [r1, #1]
11eaa ldr r6, [r0, #20]
11eac str r6, [r5, #68] @ 0x44
11eae str r4, [r1, #52] @ 0x34
11eb0 ldr r6, [pc, #456] ; =0x6C5F7070 
11eb2 str r7, [r5, #68] @ 0x44
11eb4 movs r0, #101 @ 0x65
11eb6 str r5, [r4, #64] @ 0x40
11eb8 movs r5, #44 @ 0x2c
11eba lsls r4, r4, #1
11ebc cmp r6, #46 @ 0x2e
11ebe strb r4, [r3, #13]
11ec0 str r2, [r6, #52] @ 0x34
11ec2 str r4, [r3, #20]
11ec4 strb r0, [r6, #1]
11ec6 str r4, [r3, #20]
11ec8 strb r0, [r6, #1]
11eca ldr r7, [r3, #68] @ 0x44
11ecc strb r3, [r4, #9]
11ece str r6, [r5, #48] @ 0x30
11ed0 movs r0, r0
11ed2 movs r0, r0
11ed4 lsls r1, r4, #2
11ed6 movs r0, #0
11ed8 lsls r7, r3, #2
11eda movs r0, #0
11edc lsls r0, r4, #2
11ede movs r0, #0
11ee0 lsls r3, r2, #2
11ee2 movs r0, #0
11ee4 subs r1, r5, #3
11ee6 lsrs r1, r0, #32

; ===== fn_08011EE8  (called 0 x)
11ee8 push {r4, r5, r6, r7, lr}
11eea sub sp, #44 @ 0x2c
11eec mov r6, r0
11eee mov r7, r1
11ef0 add r2, pc, #300 @ (adr r2, 8012020 ) ; =0x08012020 rom_08012020
11ef2 ldmia r2, {r0, r1, r2}
11ef4 add r3, sp, #32
11ef6 stmia r3!, {r0, r1, r2}
11ef8 movs r5, #0
11efa ldr r0, [pc, #304] ; =0x2000009F ram_2000009F
11efc ldrb r0, [r0, #0]
11efe strb.w r0, [sp, #34] @ 0x22
11f02 movs r0, #27
11f04 ldr r1, [pc, #296] ; =0x200000AE ram_200000AE
11f06 strb r0, [r1, #0]
11f08 ldr r0, [pc, #288] ; =0x2000009F ram_2000009F
11f0a ldrb r0, [r0, #0]
11f0c ldr r1, [pc, #292] ; =0x200000A0 ram_200000A0
11f0e ldrb r1, [r1, #0]
11f10 cmp r0, r1
11f12 bge.n 8011f66 
11f14 ldr r0, [pc, #288] ; =0x200000A1 ram_200000A1
11f16 ldrb r0, [r0, #0]
11f18 cmp r0, #2
11f1a beq.n 8011f24 
11f1c ldr r0, [pc, #280] ; =0x200000A1 ram_200000A1
11f1e ldrb r0, [r0, #0]
11f20 cmp r0, #1
11f22 bne.n 8011f52 
11f24 ldr r0, [pc, #276] ; =0x200000AA ram_200000AA
11f26 ldrb r0, [r0, #0]
11f28 cbnz r0, 8011f2e 
11f2a movs r0, #1
11f2c b.n 8011f30 
11f2e movs r0, #0
11f30 ldr r1, [pc, #264] ; =0x200000AA ram_200000AA
11f32 strb r0, [r1, #0]
11f34 mov r0, r1
11f36 ldrb r0, [r0, #0]
11f38 strb.w r0, [sp, #36] @ 0x24
11f3c ldr r0, [pc, #236] ; =0x2000009F ram_2000009F
11f3e ldrb r1, [r0, #0]
11f40 ldr r0, [pc, #244] ; =0x200000A1 ram_200000A1
11f42 ldrb r0, [r0, #0]
11f44 subs r0, r0, #1
11f46 ldr r2, [pc, #248] ; =0x20002898 ram_20002898
11f48 strb r1, [r2, r0]
11f4a movs r1, #9
11f4c add r0, sp, #32
11f4e bl fn_08013948
11f52 ldr r0, [pc, #240] ; =0x20000093 ram_20000093
11f54 ldrb r0, [r0, #0]
11f56 bl fn_0800B97C
11f5a ldr r0, [pc, #208] ; =0x2000009F ram_2000009F
11f5c ldrb r0, [r0, #0]
11f5e adds r0, r0, #1
11f60 ldr r1, [pc, #200] ; =0x2000009F ram_2000009F
11f62 strb r0, [r1, #0]
11f64 b.n 801201c 
11f66 ldr r0, [pc, #208] ; =0x200000A1 ram_200000A1
11f68 ldrb r0, [r0, #0]
11f6a cmp r0, #3
11f6c bge.n 8011fa6 
11f6e ldr r0, [pc, #212] ; =0x20000093 ram_20000093
11f70 ldrb r0, [r0, #0]
11f72 bl fn_0800B88C
11f76 movs r1, #32
11f78 mov r0, sp
11f7a bl fn_08008246
11f7e add r1, pc, #200 @ (adr r1, 8012048 ) ; =0x08012048 "LxFindLcrNode 0"
11f80 mov r0, sp
11f82 bl fn_0800C990
11f86 mov r0, sp
11f88 bl fn_08008298
11f8c uxtb r5, r0
11f8e mov r1, r5
11f90 mov r0, sp
11f92 bl fn_08013A5C
11f96 add r3, pc, #192 @ (adr r3, 8012058 ) ; =0x08012058 "not find node address!"
11f98 movw r2, #1349 @ 0x545
11f9c add r1, pc, #208 @ (adr r1, 8012070 ) ; =0x08012070 "..\\src\\app\\app_lcr.c"
11f9e movs r0, #1
11fa0 bl fn_08009EBC
11fa4 b.n 801201c 
11fa6 ldr r0, [pc, #144] ; =0x200000A1 ram_200000A1
11fa8 ldrb r0, [r0, #0]
11faa cmp r0, #3
11fac bne.n 8011fd0 
11fae movs r0, #0
11fb0 ldr r1, [pc, #212] ; =0x200000A2 ram_200000A2
11fb2 strb r0, [r1, #0]
11fb4 movs r0, #4
11fb6 ldr r1, [pc, #128] ; =0x200000A1 ram_200000A1
11fb8 strb r0, [r1, #0]
11fba movs r0, #1
11fbc ldr r1, [pc, #108] ; =0x2000009F ram_2000009F
11fbe strb r0, [r1, #0]
11fc0 movs r0, #255 @ 0xff
11fc2 ldr r1, [pc, #112] ; =0x200000A0 ram_200000A0
11fc4 strb r0, [r1, #0]
11fc6 ldr r0, [pc, #124] ; =0x20000093 ram_20000093
11fc8 ldrb r0, [r0, #0]
11fca bl fn_0800B97C
11fce b.n 801201c 
11fd0 ldr r0, [pc, #100] ; =0x200000A1 ram_200000A1
11fd2 ldrb r0, [r0, #0]
11fd4 cmp r0, #4
11fd6 bne.n 801201c 
11fd8 ldr r0, [pc, #104] ; =0x20000093 ram_20000093
11fda ldrb r0, [r0, #0]
11fdc bl fn_0800B88C
11fe0 movs r1, #32
11fe2 mov r0, sp
11fe4 bl fn_08008246
11fe8 ldr r0, [pc, #156] ; =0x200000A2 ram_200000A2
11fea ldrb r4, [r0, #0]
11fec add.w r0, r4, r4, lsr #31
11ff0 asrs r0, r0, #1
11ff2 sub.w r2, r4, r0, lsl #1
11ff6 add r1, pc, #148 @ (adr r1, 801208c ) ; =0x0801208C "LxRdRegister %d,0,"
11ff8 mov r0, sp
11ffa bl fn_0800C990
11ffe mov r0, sp
12000 bl fn_08008298
12004 uxtb r5, r0
12006 mov r3, sp
12008 movw r2, #1366 @ 0x556
1200c add r1, pc, #96 @ (adr r1, 8012070 ) ; =0x08012070 "..\\src\\app\\app_lcr.c"
1200e movs r0, #1
12010 bl fn_08009EBC
12014 mov r1, r5
12016 mov r0, sp
12018 bl fn_08013A5C
1201c add sp, #44 @ 0x2c
1201e pop {r4, r5, r6, r7, pc}
12020 ldrb r6, [r7, #25]
12022 adds r1, r0, #0
12024 lsls r1, r0, #4
12026 movs r0, r5
12028 movs r0, r0
1202a movs r0, r0
1202c lsls r7, r3, #2
1202e movs r0, #0
12030 lsls r6, r5, #2
12032 movs r0, #0
12034 lsls r0, r4, #2
12036 movs r0, #0
12038 lsls r1, r4, #2
1203a movs r0, #0
1203c lsls r2, r5, #2
1203e movs r0, #0
12040 cmp r0, #152 @ 0x98
12042 movs r0, #0
12044 lsls r3, r2, #2
12046 movs r0, #0
12048 ldrb r4, [r1, #1]
1204a ldr r6, [r0, #20]
1204c str r6, [r5, #68] @ 0x44
1204e str r4, [r1, #52] @ 0x34
12050 ldr r6, [pc, #456] ; =0x210A7008 
12052 str r7, [r5, #68] @ 0x44
12054 movs r0, #101 @ 0x65
12056 movs r0, r6
12058 ldr r6, [r5, #116] @ 0x74
1205a movs r0, #116 @ 0x74
1205c ldr r6, [r4, #20]
1205e str r6, [r5, #68] @ 0x44
12060 ldr r0, [r4, #96] @ 0x60
12062 str r7, [r5, #68] @ 0x44
12064 movs r0, #101 @ 0x65
12066 str r1, [r4, #68] @ 0x44
12068 strb r4, [r4, #9]
1206a strb r5, [r4, #13]
1206c movs r1, #115 @ 0x73
1206e movs r0, r0
12070 cmp r6, #46 @ 0x2e
12072 strb r4, [r3, #13]
12074 str r2, [r6, #52] @ 0x34
12076 str r4, [r3, #20]
12078 strb r0, [r6, #1]
1207a str r4, [r3, #20]
1207c strb r0, [r6, #1]
1207e ldr r7, [r3, #68] @ 0x44
12080 strb r3, [r4, #9]
12082 str r6, [r5, #48] @ 0x30
12084 movs r0, r0
12086 movs r0, r0
12088 lsls r2, r4, #2
1208a movs r0, #0
1208c ldrb r4, [r1, #1]
1208e str r2, [r2, #68] @ 0x44
12090 str r2, [r2, #84] @ 0x54
12092 ldr r7, [r4, #20]
12094 strb r3, [r6, #17]
12096 strb r5, [r4, #9]
12098 movs r5, #32
1209a cmp r4, #100 @ 0x64
1209c cmp r4, #48 @ 0x30
1209e movs r0, r0

; ===== fn_080120A0  (called 1 x)
120a0 push {r4, r5, r6, r7, lr}
120a2 sub sp, #44 @ 0x2c
120a4 mov r6, r0
120a6 mov r4, r1
120a8 movs r5, #0
120aa movs r7, #0
120ac add r2, pc, #104 @ (adr r2, 8012118 ) ; =0x08012118 rom_08012118
120ae ldmia r2, {r0, r1, r2}
120b0 stmia.w sp, {r0, r1, r2}
120b4 nop
120b6 movs r1, #32
120b8 add r0, sp, #12
120ba bl fn_08008246
120be cmp r4, #32
120c0 bgt.n 80120c4 
120c2 b.n 80120ce 
120c4 mov.w r1, #1696 @ 0x6a0
120c8 add r0, pc, #88 @ (adr r0, 8012124 ) ; =0x08012124 "..\\src\\app\\app_lcr.c"
120ca bl fn_08009D9C
120ce mov r2, r4
120d0 mov r1, r6
120d2 add r0, sp, #12
120d4 bl fn_08008214
120d8 movs r5, #12
120da b.n 80120fa 
120dc add r0, sp, #12
120de ldrb r0, [r0, r5]
120e0 cmp r0, #44 @ 0x2c
120e2 beq.n 80120f4 
120e4 add r0, sp, #12
120e6 ldrb r0, [r0, r5]
120e8 subs r0, #48 @ 0x30
120ea movs r1, #10
120ec mla r0, r1, r7, r0
120f0 uxtb r7, r0
120f2 b.n 80120f6 
120f4 b.n 80120fe 
120f6 adds r0, r5, #1
120f8 uxtb r5, r0
120fa cmp r5, r4
120fc blt.n 80120dc 
120fe nop
12100 strb.w r7, [sp, #2]
12104 movs r0, #26
12106 strb.w r0, [sp, #3]
1210a movs r1, #9
1210c mov r0, sp
1210e bl fn_08013948
12112 nop
12114 add sp, #44 @ 0x2c
12116 pop {r4, r5, r6, r7, pc}
12118 ldrb r6, [r7, #25]
1211a asrs r1, r0, #20
1211c lsls r1, r0, #4
1211e movs r0, r5
12120 movs r0, r0
12122 movs r0, r0
12124 cmp r6, #46 @ 0x2e
12126 strb r4, [r3, #13]
12128 str r2, [r6, #52] @ 0x34
1212a str r4, [r3, #20]
1212c strb r0, [r6, #1]
1212e str r4, [r3, #20]
12130 strb r0, [r6, #1]
12132 ldr r7, [r3, #68] @ 0x44
12134 strb r3, [r4, #9]
12136 str r6, [r5, #48] @ 0x30
12138 movs r0, r0
1213a movs r0, r0

; ===== fn_0801213C  (called 0 x)
1213c push {r4, r5, r6, lr}
1213e mov r4, r0
12140 mov r5, r1
12142 movs r0, #0
12144 bl fn_0800A71C
12148 cbz r0, 8012152 
1214a movs r0, #4
1214c bl fn_0800A7BC
12150 b.n 8012158 
12152 movs r0, #4
12154 bl fn_0800A808
12158 movs r0, #1
1215a bl fn_0800A71C
1215e cbz r0, 8012168 
12160 movs r0, #5
12162 bl fn_0800A7BC
12166 b.n 801216e 
12168 movs r0, #5
1216a bl fn_0800A808
1216e pop {r4, r5, r6, pc}

; ===== fn_08012170  (called 1 x)
12170 push {r4, r5, r6, r7, lr}
12172 sub sp, #28
12174 mov r7, r0
12176 mov r6, r1
12178 movs r4, #0
1217a movs r5, #0
1217c movs r0, #0
1217e str r0, [sp, #12]
12180 add r2, pc, #208 @ (adr r2, 8012254 ) ; =0x08012254 rom_08012254
12182 ldmia r2, {r0, r1, r2}
12184 stmia.w sp, {r0, r1, r2}
12188 nop
1218a mov r2, r6
1218c mov r1, r7
1218e add r0, sp, #16
12190 bl fn_08008214
12194 movs r4, #14
12196 b.n 80121cc 
12198 add r0, sp, #16
1219a ldrb r0, [r0, r4]
1219c cmp r0, #44 @ 0x2c
1219e beq.n 80121a8 
121a0 add r0, sp, #16
121a2 ldrb r0, [r0, r4]
121a4 cmp r0, #13
121a6 bne.n 80121b4 
121a8 cmp r5, #2
121aa bne.n 80121ae 
121ac b.n 80121d0 
121ae adds r0, r5, #1
121b0 uxtb r5, r0
121b2 b.n 80121c8 
121b4 add r0, sp, #16
121b6 ldrb r0, [r0, r4]
121b8 subs r0, #48 @ 0x30
121ba add r1, sp, #12
121bc ldrb r1, [r1, r5]
121be movs r2, #10
121c0 smlabb r0, r2, r1, r0
121c4 add r1, sp, #12
121c6 strb r0, [r1, r5]
121c8 adds r0, r4, #1
121ca uxtb r4, r0
121cc cmp r4, r6
121ce blt.n 8012198 
121d0 nop
121d2 ldrb.w r0, [sp, #12]
121d6 cmp r0, #2
121d8 beq.n 80121e2 
121da ldrb.w r0, [sp, #12]
121de cmp r0, #1
121e0 bne.n 801224c 
121e2 ldrb.w r0, [sp, #13]
121e6 strb.w r0, [sp, #2]
121ea ldr r0, [pc, #116] ; =0x200000AA ram_200000AA
121ec ldrb r0, [r0, #0]
121ee cbnz r0, 80121f4 
121f0 movs r0, #1
121f2 b.n 80121f6 
121f4 movs r0, #0
121f6 ldr r1, [pc, #104] ; =0x200000AA ram_200000AA
121f8 strb r0, [r1, #0]
121fa mov r0, r1
121fc ldrb r0, [r0, #0]
121fe strb.w r0, [sp, #4]
12202 ldrb.w r0, [sp, #14]
12206 strb.w r0, [sp, #7]
1220a ldrb.w r1, [sp, #13]
1220e ldrb.w r0, [sp, #12]
12212 subs r0, r0, #1
12214 ldr r2, [pc, #76] ; =0x20002898 ram_20002898
12216 strb r1, [r2, r0]
12218 movs r0, #24
1221a ldr r1, [pc, #76] ; =0x200000AE ram_200000AE
1221c strb r0, [r1, #0]
1221e movs r1, #10
12220 mov r0, sp
12222 bl fn_08013948
12226 ldrb.w r1, [sp, #14]
1222a ldrb.w r0, [sp, #12]
1222e subs r0, r0, #1
12230 ldr r2, [pc, #48] ; =0x20002898 ram_20002898
12232 strb r1, [r2, r0]
12234 mov.w r0, #2779096485 @ 0xa5a5a5a5
12238 mov r1, r2
1223a str r0, [r1, #20]
1223c movs r0, #0
1223e bl fn_0801572C
12242 movs r2, #24
12244 movs r1, #0
12246 ldr r0, [pc, #28] ; =0x20002898 ram_20002898
12248 bl fn_08015874
1224c nop
1224e add sp, #28
12250 pop {r4, r5, r6, r7, pc}
12252 movs r0, r0
12254 ldrb r6, [r7, #25]
12256 asrs r1, r0, #16
12258 lsls r1, r0, #8
1225a @ <UNDEFINED> instruction: 0xfa25cd77
1225e movs r0, r0
12260 lsls r2, r5, #2
12262 movs r0, #0
12264 cmp r0, #152 @ 0x98
12266 movs r0, #0
12268 lsls r6, r5, #2
1226a movs r0, #0

; ===== fn_0801226C  (called 3 x)
1226c stmdb sp!, {r4, r5, r6, r7, r8, r9, sl, lr}
12270 sub sp, #88 @ 0x58
12272 mov r8, r0
12274 mov r6, r1
12276 mov r9, r2
12278 movs r4, #0
1227a movs r5, #0
1227c movs r7, #0
1227e add r3, pc, #344 @ (adr r3, 80123d8 ) ; =0x080123D8 rom_080123D8
12280 ldmia r3, {r0, r1, r2, r3}
12282 strd r2, r3, [sp, #16]
12286 strd r0, r1, [sp, #8]
1228a mov sl, r4
1228c nop
1228e movs r0, #0
12290 ldr r1, [pc, #340] ; =0x200000B0 ram_200000B0
12292 str r0, [r1, #0]
12294 movs r1, #64 @ 0x40
12296 add r0, sp, #24
12298 bl fn_08008246
1229c mov r2, r6
1229e mov r1, r8
122a0 add r0, sp, #24
122a2 bl fn_08008214
122a6 b.n 80122b2 
122a8 adds r0, r4, #1
122aa uxtb r4, r0
122ac cmp r4, r6
122ae bne.n 80122b2 
122b0 b.n 80122ba 
122b2 add r0, sp, #24
122b4 ldrb r0, [r0, r4]
122b6 cmp r0, #32
122b8 bne.n 80122a8 
122ba nop
122bc adds r0, r4, #1
122be uxtb r4, r0
122c0 b.n 801232a 
122c2 add r0, sp, #24
122c4 ldrb r0, [r0, r4]
122c6 cmp r0, #44 @ 0x2c
122c8 bne.n 80122d6 
122ca cmp r7, #1
122cc bne.n 80122d0 
122ce b.n 801232e 
122d0 adds r0, r7, #1
122d2 uxtb r7, r0
122d4 b.n 8012326 
122d6 cbnz r7, 80122e8 
122d8 add r0, sp, #24
122da ldrb r0, [r0, r4]
122dc subs r0, #48 @ 0x30
122de movs r1, #10
122e0 mla r0, r1, r5, r0
122e4 uxtb r5, r0
122e6 b.n 8012326 
122e8 add r0, sp, #24
122ea ldrb r0, [r0, r4]
122ec cmp r0, #46 @ 0x2e
122ee beq.n 8012306 
122f0 add r0, sp, #24
122f2 ldrb r0, [r0, r4]
122f4 subs r0, #48 @ 0x30
122f6 ldr r1, [pc, #240] ; =0x200000B0 ram_200000B0
122f8 ldr r1, [r1, #0]
122fa movs r2, #10
122fc mla r0, r2, r1, r0
12300 ldr r1, [pc, #228] ; =0x200000B0 ram_200000B0
12302 str r0, [r1, #0]
12304 b.n 8012326 
12306 add r0, sp, #24
12308 ldrb r0, [r0, r4]
1230a cmp r0, #46 @ 0x2e
1230c bne.n 8012326 
1230e add r1, sp, #24
12310 adds r0, r4, #1
12312 ldrb r0, [r1, r0]
12314 subs r0, #48 @ 0x30
12316 ldr r1, [pc, #208] ; =0x200000B0 ram_200000B0
12318 ldr r1, [r1, #0]
1231a movs r2, #10
1231c mla r0, r2, r1, r0
12320 ldr r1, [pc, #196] ; =0x200000B0 ram_200000B0
12322 str r0, [r1, #0]
12324 b.n 801232e 
12326 adds r0, r4, #1
12328 uxtb r4, r0
1232a cmp r4, r6
1232c blt.n 80122c2 
1232e nop
12330 strb.w r5, [sp, #10]
12334 ldr r0, [pc, #180] ; =0x200000AE ram_200000AE
12336 strb.w r9, [r0]
1233a ldrb r0, [r0, #0]
1233c cmp r0, #28
1233e bne.n 8012346 
12340 movs r0, #6
12342 strb.w r0, [sp, #15]
12346 ldr r0, [pc, #168] ; =0x200000AC ram_200000AC
12348 strb r5, [r0, #0]
1234a ldrb r0, [r0, #0]
1234c ldr r1, [pc, #156] ; =0x200000AE ram_200000AE
1234e ldrb r1, [r1, #0]
12350 add r3, pc, #160 @ (adr r3, 80123f4 ) ; =0x080123F4 "---------send %d---%d--!"
12352 movw r2, #1826 @ 0x722
12356 strd r1, r0, [sp]
1235a add r1, pc, #180 @ (adr r1, 8012410 ) ; =0x08012410 "..\\src\\app\\app_lcr.c"
1235c movs r0, #1
1235e bl fn_08009EBC
12362 ldr r0, [pc, #196] ; =0x20002898 ram_20002898
12364 ldr r1, [pc, #196] ; =0x2000009D ram_2000009D
12366 ldrb r1, [r1, #0]
12368 ldrb r0, [r0, r1]
1236a ldr r1, [pc, #132] ; =0x200000AC ram_200000AC
1236c ldrb r1, [r1, #0]
1236e cmp r0, r1
12370 bne.n 8012374 
12372 b.n 80123d0 
12374 ldr r0, [pc, #112] ; =0x200000B0 ram_200000B0
12376 ldr r0, [r0, #0]
12378 bl fn_0800C61A
1237c mov sl, r0
1237e str.w sl, [sp, #16]
12382 ldr r0, [pc, #172] ; =0x200000C2 ram_200000C2
12384 ldrb r0, [r0, #0]
12386 strb.w r0, [sp, #12]
1238a ldr r0, [pc, #164] ; =0x200000C2 ram_200000C2
1238c ldrb r0, [r0, #0]
1238e cbnz r0, 8012394 
12390 movs r0, #1
12392 b.n 8012396 
12394 movs r0, #0
12396 ldr r1, [pc, #152] ; =0x200000C2 ram_200000C2
12398 strb r0, [r1, #0]
1239a ldr r0, [pc, #140] ; =0x20002898 ram_20002898
1239c ldrb r0, [r0, #0]
1239e cmp r0, r5
123a0 bne.n 80123ac 
123a2 ldrb.w r0, [sp, #15]
123a6 ldr r1, [pc, #140] ; =0x200000B4 ram_200000B4
123a8 strb r0, [r1, #0]
123aa b.n 80123c6 
123ac ldr r0, [pc, #120] ; =0x20002898 ram_20002898
123ae ldrb r0, [r0, #1]
123b0 cmp r0, r5
123b2 bne.n 80123be 
123b4 ldrb.w r0, [sp, #15]
123b8 ldr r1, [pc, #120] ; =0x200000B4 ram_200000B4
123ba strb r0, [r1, #1]
123bc b.n 80123c6 
123be movs r0, #3
123c0 ldr r1, [pc, #116] ; =0x200000AD ram_200000AD
123c2 strb r0, [r1, #0]
123c4 b.n 80123d0 
123c6 movs r1, #14
123c8 add r0, sp, #8
123ca bl fn_08013948
123ce nop
123d0 nop
123d2 add sp, #88 @ 0x58
123d4 ldmia.w sp!, {r4, r5, r6, r7, r8, r9, sl, pc}
123d8 ldrb r6, [r7, #25]
123da asrs r1, r0, #20
123dc lsls r1, r0, #24
123de lsls r1, r4, #20
123e0 movs r0, r0
123e2 movs r0, r0
123e4 ldmia r5, {r0, r1, r2, r4, r5, r6}
123e6 movs r0, r0
123e8 lsls r0, r6, #2
123ea movs r0, #0
123ec lsls r6, r5, #2
123ee movs r0, #0
123f0 lsls r4, r5, #2
123f2 movs r0, #0
123f4 cmp r5, #45 @ 0x2d
123f6 cmp r5, #45 @ 0x2d
123f8 cmp r5, #45 @ 0x2d
123fa cmp r5, #45 @ 0x2d
123fc strb r5, [r5, #12]
123fe ldr r5, [r4, #100] @ 0x64
12400 movs r0, #100 @ 0x64
12402 str r5, [r4, #64] @ 0x40
12404 cmp r5, #45 @ 0x2d
12406 movs r5, #45 @ 0x2d
12408 cmp r5, #100 @ 0x64
1240a movs r1, #45 @ 0x2d
1240c movs r0, r0
1240e movs r0, r0
12410 cmp r6, #46 @ 0x2e
12412 strb r4, [r3, #13]
12414 str r2, [r6, #52] @ 0x34
12416 str r4, [r3, #20]
12418 strb r0, [r6, #1]
1241a str r4, [r3, #20]
1241c strb r0, [r6, #1]
1241e ldr r7, [r3, #68] @ 0x44
12420 strb r3, [r4, #9]
12422 str r6, [r5, #48] @ 0x30
12424 movs r0, r0
12426 movs r0, r0
12428 cmp r0, #152 @ 0x98
1242a movs r0, #0
1242c lsls r5, r3, #2
1242e movs r0, #0
12430 lsls r2, r0, #3
12432 movs r0, #0
12434 lsls r4, r6, #2
12436 movs r0, #0
12438 lsls r5, r5, #2
1243a movs r0, #0

; ===== fn_0801243C  (called 2 x)
1243c stmdb sp!, {r4, r5, r6, r7, r8, lr}
12440 sub sp, #80 @ 0x50
12442 mov r7, r0
12444 mov r6, r1
12446 movs r4, #0
12448 movs r5, #0
1244a movs r2, #44 @ 0x2c
1244c add r1, pc, #256 @ (adr r1, 8012550 ) ; =0x08012550 rom_08012550
1244e add r0, sp, #20
12450 bl fn_08008214
12454 add r2, pc, #292 @ (adr r2, 801257c ) ; =0x0801257C rom_0801257C
12456 ldmia r2, {r0, r1, r2}
12458 add r3, sp, #8
1245a stmia r3!, {r0, r1, r2}
1245c mov r8, r4
1245e nop
12460 movs r0, #0
12462 str r0, [sp, #64] @ 0x40
12464 str r0, [sp, #68] @ 0x44
12466 str r0, [sp, #72] @ 0x48
12468 str r0, [sp, #76] @ 0x4c
1246a mov r2, r6
1246c mov r1, r7
1246e add r0, sp, #64 @ 0x40
12470 bl fn_08008214
12474 add r0, sp, #64 @ 0x40
12476 add r3, pc, #272 @ (adr r3, 8012588 ) ; =0x08012588 "%s"
12478 movw r2, #1554 @ 0x612
1247c add r1, pc, #268 @ (adr r1, 801258c ) ; =0x0801258C "..\\src\\app\\app_lcr.c"
1247e str r0, [sp, #0]
12480 movs r0, #0
12482 bl fn_08009EBC
12486 movs r4, #6
12488 b.n 80124a8 
1248a add r0, sp, #64 @ 0x40
1248c ldrb r0, [r0, r4]
1248e cmp r0, #44 @ 0x2c
12490 beq.n 80124a2 
12492 add r0, sp, #64 @ 0x40
12494 ldrb r0, [r0, r4]
12496 subs r0, #48 @ 0x30
12498 movs r1, #10
1249a mla r0, r1, r5, r0
1249e uxtb r5, r0
124a0 b.n 80124a4 
124a2 b.n 80124ac 
124a4 adds r0, r4, #1
124a6 uxtb r4, r0
124a8 cmp r4, r6
124aa blt.n 801248a 
124ac nop
124ae ldr r0, [pc, #244] ; =0x200000AF ram_200000AF
124b0 ldrb r0, [r0, #0]
124b2 cmp r0, #2
124b4 beq.n 80124c4 
124b6 strb.w r5, [sp, #10]
124ba movs r1, #10
124bc add r0, sp, #8
124be bl fn_08013948
124c2 b.n 8012520 
124c4 strb.w r5, [sp, #22]
124c8 movs r0, #23
124ca strb.w r0, [sp, #23]
124ce ldr r0, [pc, #216] ; =0x20002898 ram_20002898
124d0 ldrb r0, [r0, #0]
124d2 ldrb.w r1, [sp, #22]
124d6 cmp r0, r1
124d8 bne.n 80124f4 
124da ldr r0, [pc, #208] ; =0x200000A9 ram_200000A9
124dc ldrb r0, [r0, #0]
124de cbnz r0, 80124e4 
124e0 movs r0, #1
124e2 b.n 80124e6 
124e4 movs r0, #0
124e6 ldr r1, [pc, #196] ; =0x200000A9 ram_200000A9
124e8 strb r0, [r1, #0]
124ea mov r0, r1
124ec ldrb r0, [r0, #0]
124ee strb.w r0, [sp, #24]
124f2 b.n 8012518 
124f4 ldr r0, [pc, #176] ; =0x20002898 ram_20002898
124f6 ldrb r0, [r0, #1]
124f8 ldrb.w r1, [sp, #22]
124fc cmp r0, r1
124fe bne.n 8012518 
12500 ldr r0, [pc, #172] ; =0x200000AA ram_200000AA
12502 ldrb r0, [r0, #0]
12504 cbnz r0, 801250a 
12506 movs r0, #1
12508 b.n 801250c 
1250a movs r0, #0
1250c ldr r1, [pc, #160] ; =0x200000AA ram_200000AA
1250e strb r0, [r1, #0]
12510 mov r0, r1
12512 ldrb r0, [r0, #0]
12514 strb.w r0, [sp, #24]
12518 movs r1, #41 @ 0x29
1251a add r0, sp, #20
1251c bl fn_08013948
12520 cmp.w r8, #0
12524 beq.n 8012536 
12526 add r3, pc, #140 @ (adr r3, 80125b4 ) ; =0x080125B4 "---node num is error!"
12528 movw r2, #1591 @ 0x637
1252c add r1, pc, #92 @ (adr r1, 801258c ) ; =0x0801258C "..\\src\\app\\app_lcr.c"
1252e movs r0, #1
12530 bl fn_08009EBC
12534 b.n 8012548 
12536 ldr r0, [pc, #148] ; =0x20000091 ram_20000091
12538 ldrb r0, [r0, #0]
1253a bl fn_0800BAA0
1253e movs r0, #23
12540 ldr r1, [pc, #140] ; =0x200000AE ram_200000AE
12542 strb r0, [r1, #0]
12544 ldr r0, [pc, #140] ; =0x200000AC ram_200000AC
12546 strb r5, [r0, #0]
12548 nop
1254a add sp, #80 @ 0x50
1254c ldmia.w sp!, {r4, r5, r6, r7, r8, pc}
12550 ldrb r6, [r7, #25]
12552 asrs r3, r2, #16
12554 movs r1, #1
12556 ldrh r2, [r4, r4]
12558 adds r7, #50 @ 0x32
1255a movs r0, #44 @ 0x2c
1255c adds r4, #54 @ 0x36
1255e ldr r0, [pc, #372] ; =0x2831006A 
12560 ldr r5, [r4, #68] @ 0x44
12562 ldr r4, [r5, #116] @ 0x74
12564 ldrsb r0, [r4, r4]
12566 strb r7, [r5, #9]
12568 str r4, [r5, #68] @ 0x44
1256a ldrh r1, [r4, r4]
1256c adds r0, #49 @ 0x31
1256e movs r0, #44 @ 0x2c
12570 subs r1, #50 @ 0x32
12572 movs r0, #44 @ 0x2c
12574 adds r6, #56 @ 0x38
12576 ldr r1, [sp, #372] @ 0x174
12578 lsls r0, r0, #2
1257a movs r0, r0
1257c ldrb r6, [r7, #25]
1257e asrs r1, r0, #16
12580 lsls r1, r0, #8
12582 lsls r4, r4, #8
12584 movs r0, r0
12586 movs r0, r0
12588 strb r5, [r4, #12]
1258a movs r0, r0
1258c cmp r6, #46 @ 0x2e
1258e strb r4, [r3, #13]
12590 str r2, [r6, #52] @ 0x34
12592 str r4, [r3, #20]
12594 strb r0, [r6, #1]
12596 str r4, [r3, #20]
12598 strb r0, [r6, #1]
1259a ldr r7, [r3, #68] @ 0x44
1259c strb r3, [r4, #9]
1259e str r6, [r5, #48] @ 0x30
125a0 movs r0, r0
125a2 movs r0, r0
125a4 lsls r7, r5, #2
125a6 movs r0, #0
125a8 cmp r0, #152 @ 0x98
125aa movs r0, #0
125ac lsls r1, r5, #2
125ae movs r0, #0
125b0 lsls r2, r5, #2
125b2 movs r0, #0
125b4 cmp r5, #45 @ 0x2d
125b6 ldr r5, [r5, #96] @ 0x60
125b8 str r7, [r5, #68] @ 0x44
125ba movs r0, #101 @ 0x65
125bc strb r6, [r5, #21]
125be movs r0, #109 @ 0x6d
125c0 strb r1, [r5, #13]
125c2 str r0, [r4, #80] @ 0x50
125c4 strb r2, [r6, #9]
125c6 strb r7, [r5, #9]
125c8 movs r1, r4
125ca movs r0, r0
125cc lsls r1, r2, #2
125ce movs r0, #0
125d0 lsls r6, r5, #2
125d2 movs r0, #0
125d4 lsls r4, r5, #2
125d6 movs r0, #0

; ===== fn_080125D8  (called 0 x)
125d8 stmdb sp!, {r4, r5, r6, r7, r8, r9, sl, fp, lr}
125dc sub sp, #228 @ 0xe4
125de mov r8, r0
125e0 mov r5, r1
125e2 movs r0, #0
125e4 str r0, [sp, #20]
125e6 movs r4, #0
125e8 movs r7, #0
125ea movs r6, #0
125ec cmp r5, #128 @ 0x80
125ee ble.n 801261a 
125f0 ldr r0, [pc, #996] ; =0x2000009B ram_2000009B
125f2 ldrb r0, [r0, #0]
125f4 cmp r0, #3
125f6 bne.n 8012604 
125f8 mov r2, r5
125fa mov r1, r8
125fc movs r0, #0
125fe bl fn_0800A924
12602 b.n 8012614 
12604 add r3, pc, #980 @ (adr r3, 80129dc ) ; =0x080129DC "LCR----%d-----"
12606 movw r2, #2701 @ 0xa8d
1260a add r1, pc, #992 @ (adr r1, 80129ec ) ; =0x080129EC "..\\src\\app\\app_lcr.c"
1260c movs r0, #0
1260e str r5, [sp, #0]
12610 bl fn_08009EBC
12614 add sp, #228 @ 0xe4
12616 ldmia.w sp!, {r4, r5, r6, r7, r8, r9, sl, fp, pc}
1261a movs r1, #128 @ 0x80
1261c add r0, sp, #100 @ 0x64
1261e bl fn_08008246
12622 mov r2, r5
12624 mov r1, r8
12626 add r0, sp, #100 @ 0x64
12628 bl fn_08008214
1262c add r1, pc, #980 @ (adr r1, 8012a04 ) ; =0x08012A04 "SetMode"
1262e add r0, sp, #100 @ 0x64
12630 bl fn_0800825C
12634 cbz r0, 8012644 
12636 ldrb.w r1, [sp, #108] @ 0x6c
1263a subs r1, #48 @ 0x30
1263c uxtb r0, r1
1263e bl fn_08013E20
12642 b.n 8012614 
12644 add r1, pc, #964 @ (adr r1, 8012a0c ) ; =0x08012A0C "RdCalib"
12646 add r0, sp, #100 @ 0x64
12648 bl fn_0800825C
1264c cbz r0, 80126a2 
1264e ldrb.w r0, [sp, #109] @ 0x6d
12652 cmp r0, #48 @ 0x30
12654 blt.n 801265e 
12656 ldrb.w r0, [sp, #109] @ 0x6d
1265a cmp r0, #57 @ 0x39
1265c ble.n 8012668 
1265e ldrb.w r0, [sp, #108] @ 0x6c
12662 subs r0, #48 @ 0x30
12664 uxtb r4, r0
12666 b.n 801268c 
12668 ldrb.w r0, [sp, #108] @ 0x6c
1266c cmp r0, #48 @ 0x30
1266e blt.n 801268c 
12670 ldrb.w r0, [sp, #108] @ 0x6c
12674 cmp r0, #57 @ 0x39
12676 bgt.n 801268c 
12678 ldrb.w r0, [sp, #109] @ 0x6d
1267c subs r0, #48 @ 0x30
1267e ldrb.w r1, [sp, #108] @ 0x6c
12682 subs r1, #48 @ 0x30
12684 movs r2, #10
12686 smlabb r0, r2, r1, r0
1268a uxtb r4, r0
1268c movs r1, #36 @ 0x24
1268e ldr r0, [pc, #900] ; =0x200028BF ram_200028BF
12690 bl fn_08008246
12694 movs r0, #0
12696 ldr r1, [pc, #892] ; =0x200028BF ram_200028BF
12698 strb r0, [r1, #1]
1269a mov r0, r4
1269c bl fn_08013048
126a0 b.n 8012614 
126a2 add r1, pc, #884 @ (adr r1, 8012a18 ) ; =0x08012A18 "SetCalib"
126a4 add r0, sp, #100 @ 0x64
126a6 bl fn_0800825C
126aa cbz r0, 80126b6 
126ac mov r1, r5
126ae mov r0, r8
126b0 bl fn_08013D7C
126b4 b.n 8012614 
126b6 add r1, pc, #876 @ (adr r1, 8012a24 ) ; =0x08012A24 "SetApp"
126b8 add r0, sp, #100 @ 0x64
126ba bl fn_0800825C
126be cbz r0, 8012718 
126c0 movs r1, #64 @ 0x40
126c2 add r0, sp, #24
126c4 bl fn_08008246
126c8 movs r2, #11
126ca add r1, pc, #864 @ (adr r1, 8012a2c ) ; =0x08012A2C "LxSetApp1,1"
126cc add r0, sp, #24
126ce bl fn_08008214
126d2 ldrb.w r0, [sp, #106] @ 0x6a
126d6 cmp r0, #49 @ 0x31
126d8 beq.n 80126e2 
126da ldrb.w r0, [sp, #106] @ 0x6a
126de cmp r0, #50 @ 0x32
126e0 bne.n 80126f6 
126e2 ldrb.w r1, [sp, #106] @ 0x6a
126e6 subs r1, #48 @ 0x30
126e8 uxtb r0, r1
126ea bl fn_0800C01C
126ee cbz r0, 80126f6 
126f0 movs r0, #48 @ 0x30
126f2 strb.w r0, [sp, #34] @ 0x22
126f6 ldrb.w r0, [sp, #106] @ 0x6a
126fa strb.w r0, [sp, #32]
126fe movs r1, #11
12700 add r0, sp, #24
12702 bl fn_08013A5C
12706 ldrb.w r0, [sp, #34] @ 0x22
1270a cmp r0, #48 @ 0x30
1270c bne.n 8012716 
1270e ldr r0, [pc, #808] ; =0x20000092 ram_20000092
12710 ldrb r0, [r0, #0]
12712 bl fn_0800BA34
12716 b.n 8012614 
12718 add r1, pc, #800 @ (adr r1, 8012a3c ) ; =0x08012A3C "SetRs485"
1271a add r0, sp, #100 @ 0x64
1271c bl fn_0800825C
12720 cbz r0, 8012772 
12722 movs r1, #64 @ 0x40
12724 add r0, sp, #24
12726 bl fn_08008246
1272a add r2, pc, #796 @ (adr r2, 8012a48 ) ; =0x08012A48 "LxSetRs485 0"
1272c ldmia r2, {r0, r1, r2}
1272e add r3, sp, #24
12730 stmia r3!, {r0, r1, r2}
12732 ldrb.w r0, [sp, #109] @ 0x6d
12736 cmp r0, #48 @ 0x30
12738 bne.n 8012752 
1273a movs r1, #32
1273c ldr r0, [pc, #792] ; =0x40011800 GPIOE
1273e bl fn_08015ABC
12742 movs r1, #64 @ 0x40
12744 ldr r0, [pc, #784] ; =0x40011800 GPIOE
12746 bl fn_08015AB8
1274a movs r0, #0
1274c ldr r1, [pc, #780] ; =0x200000AB ram_200000AB
1274e strb r0, [r1, #0]
12750 b.n 8012768 
12752 movs r1, #64 @ 0x40
12754 ldr r0, [pc, #768] ; =0x40011800 GPIOE
12756 bl fn_08015ABC
1275a movs r1, #32
1275c ldr r0, [pc, #760] ; =0x40011800 GPIOE
1275e bl fn_08015AB8
12762 movs r0, #1
12764 ldr r1, [pc, #756] ; =0x200000AB ram_200000AB
12766 strb r0, [r1, #0]
12768 movs r1, #12
1276a add r0, sp, #24
1276c bl fn_08013A5C
12770 b.n 8012614 
12772 add r1, pc, #748 @ (adr r1, 8012a60 ) ; =0x08012A60 "SetBtName"
12774 add r0, sp, #100 @ 0x64
12776 bl fn_0800825C
1277a cbz r0, 80127b2 
1277c movs r1, #64 @ 0x40
1277e add r0, sp, #24
12780 bl fn_08008246
12784 movs r2, #13
12786 add r1, pc, #740 @ (adr r1, 8012a6c ) ; =0x08012A6C "LxSetBtName 0"
12788 add r0, sp, #24
1278a bl fn_08008214
1278e add.w r0, sp, #110 @ 0x6e
12792 bl fn_0800C5CC
12796 add.w r0, sp, #110 @ 0x6e
1279a bl fn_08008CE8
1279e mov r6, r0
127a0 cbz r6, 80127a8 
127a2 movs r0, #49 @ 0x31
127a4 strb.w r0, [sp, #36] @ 0x24
127a8 movs r1, #13
127aa add r0, sp, #24
127ac bl fn_08013A5C
127b0 b.n 8012614 
127b2 add r1, pc, #712 @ (adr r1, 8012a7c ) ; =0x08012A7C "SetBtPwd"
127b4 add r0, sp, #100 @ 0x64
127b6 bl fn_0800825C
127ba cbz r0, 80127f0 
127bc movs r1, #64 @ 0x40
127be add r0, sp, #24
127c0 bl fn_08008246
127c4 add r2, pc, #704 @ (adr r2, 8012a88 ) ; =0x08012A88 "LxSetBtPwd 0"
127c6 ldmia r2, {r0, r1, r2}
127c8 add r3, sp, #24
127ca stmia r3!, {r0, r1, r2}
127cc add.w r0, sp, #109 @ 0x6d
127d0 bl fn_0800C5CC
127d4 add.w r0, sp, #109 @ 0x6d
127d8 bl fn_08008D90
127dc mov r6, r0
127de cbz r6, 80127e6 
127e0 movs r0, #49 @ 0x31
127e2 strb.w r0, [sp, #35] @ 0x23
127e6 movs r1, #13
127e8 add r0, sp, #24
127ea bl fn_08013A5C
127ee b.n 8012614 
127f0 add r1, pc, #676 @ (adr r1, 8012a98 ) ; =0x08012A98 "SetHeatTime"
127f2 add r0, sp, #100 @ 0x64
127f4 bl fn_0800825C
127f8 cbz r0, 801282c 
127fa movs r1, #64 @ 0x40
127fc add r0, sp, #24
127fe bl fn_08008246
12802 movs r2, #15
12804 add r1, pc, #668 @ (adr r1, 8012aa4 ) ; =0x08012AA4 "LxSetHeatTime 0"
12806 add r0, sp, #24
12808 bl fn_08008214
1280c add r0, sp, #112 @ 0x70
1280e bl fn_0800C5CC
12812 add r0, sp, #112 @ 0x70
12814 bl fn_08009544
12818 mov r6, r0
1281a cbz r6, 8012822 
1281c movs r0, #49 @ 0x31
1281e strb.w r0, [sp, #38] @ 0x26
12822 movs r1, #15
12824 add r0, sp, #24
12826 bl fn_08013A5C
1282a b.n 8012614 
1282c add r1, pc, #644 @ (adr r1, 8012ab4 ) ; =0x08012AB4 "SetWifiName"
1282e add r0, sp, #100 @ 0x64
12830 bl fn_0800825C
12834 cbz r0, 8012868 
12836 movs r1, #64 @ 0x40
12838 add r0, sp, #24
1283a bl fn_08008246
1283e movs r2, #15
12840 add r1, pc, #636 @ (adr r1, 8012ac0 ) ; =0x08012AC0 "LxSetWifiName 0"
12842 add r0, sp, #24
12844 bl fn_08008214
12848 add r0, sp, #112 @ 0x70
1284a bl fn_0800C5CC
1284e add r0, sp, #112 @ 0x70
12850 bl fn_080097E2
12854 mov r6, r0
12856 cbz r6, 801285e 
12858 movs r0, #49 @ 0x31
1285a strb.w r0, [sp, #38] @ 0x26
1285e movs r1, #15
12860 add r0, sp, #24
12862 bl fn_08013A5C
12866 b.n 8012614 
12868 add r1, pc, #612 @ (adr r1, 8012ad0 ) ; =0x08012AD0 "SetWifiPwd"
1286a add r0, sp, #100 @ 0x64
1286c bl fn_0800825C
12870 cbz r0, 80128a8 
12872 movs r1, #64 @ 0x40
12874 add r0, sp, #24
12876 bl fn_08008246
1287a movs r2, #14
1287c add r1, pc, #604 @ (adr r1, 8012adc ) ; =0x08012ADC "LxSetWifiPwd 0"
1287e add r0, sp, #24
12880 bl fn_08008214
12884 add.w r0, sp, #111 @ 0x6f
12888 bl fn_0800C5CC
1288c add.w r0, sp, #111 @ 0x6f
12890 bl fn_0800978C
12894 mov r6, r0
12896 cbz r6, 801289e 
12898 movs r0, #49 @ 0x31
1289a strb.w r0, [sp, #37] @ 0x25
1289e movs r1, #14
128a0 add r0, sp, #24
128a2 bl fn_08013A5C
128a6 b.n 8012614 
128a8 add r1, pc, #576 @ (adr r1, 8012aec ) ; =0x08012AEC "SetServerIp"
128aa add r0, sp, #100 @ 0x64
128ac bl fn_0800825C
128b0 cbz r0, 80128e4 
128b2 movs r1, #64 @ 0x40
128b4 add r0, sp, #24
128b6 bl fn_08008246
128ba movs r2, #15
128bc add r1, pc, #568 @ (adr r1, 8012af8 ) ; =0x08012AF8 "LxSetServerIp 0"
128be add r0, sp, #24
128c0 bl fn_08008214
128c4 add r0, sp, #112 @ 0x70
128c6 bl fn_0800C5CC
128ca add r0, sp, #112 @ 0x70
128cc bl fn_080095FC
128d0 mov r6, r0
128d2 cbz r6, 80128da 
128d4 movs r0, #49 @ 0x31
128d6 strb.w r0, [sp, #38] @ 0x26
128da movs r1, #15
128dc add r0, sp, #24
128de bl fn_08013A5C
128e2 b.n 8012614 
128e4 add r1, pc, #544 @ (adr r1, 8012b08 ) ; =0x08012B08 "SetServerPort"
128e6 add r0, sp, #100 @ 0x64
128e8 bl fn_0800825C
128ec cbz r0, 8012924 
128ee movs r1, #64 @ 0x40
128f0 add r0, sp, #24
128f2 bl fn_08008246
128f6 movs r2, #17
128f8 add r1, pc, #540 @ (adr r1, 8012b18 ) ; =0x08012B18 "LxSetServerPort 0"
128fa add r0, sp, #24
128fc bl fn_08008214
12900 add.w r0, sp, #114 @ 0x72
12904 bl fn_0800C5CC
12908 add.w r0, sp, #114 @ 0x72
1290c bl fn_080096C4
12910 mov r6, r0
12912 cbz r6, 801291a 
12914 movs r0, #49 @ 0x31
12916 strb.w r0, [sp, #40] @ 0x28
1291a movs r1, #17
1291c add r0, sp, #24
1291e bl fn_08013A5C
12922 b.n 8012614 
12924 add r1, pc, #516 @ (adr r1, 8012b2c ) ; =0x08012B2C "SetApn"
12926 add r0, sp, #100 @ 0x64
12928 bl fn_0800825C
1292c cbz r0, 8012964 
1292e movs r1, #64 @ 0x40
12930 add r0, sp, #24
12932 bl fn_08008246
12936 movs r2, #10
12938 add r1, pc, #504 @ (adr r1, 8012b34 ) ; =0x08012B34 "LxSetApn 0"
1293a add r0, sp, #24
1293c bl fn_08008214
12940 add.w r0, sp, #107 @ 0x6b
12944 bl fn_0800C5CC
12948 add.w r0, sp, #107 @ 0x6b
1294c bl fn_080094DC
12950 mov r6, r0
12952 cbz r6, 801295a 
12954 movs r0, #49 @ 0x31
12956 strb.w r0, [sp, #33] @ 0x21
1295a movs r1, #10
1295c add r0, sp, #24
1295e bl fn_08013A5C
12962 b.n 8012614 
12964 add r1, pc, #472 @ (adr r1, 8012b40 ) ; =0x08012B40 "RdDiagnostics"
12966 add r0, sp, #100 @ 0x64
12968 bl fn_0800825C
1296c cbz r0, 80129c4 
1296e bl fn_08008C94
12972 movs r1, #64 @ 0x40
12974 add r0, sp, #24
12976 bl fn_08008246
1297a movs r0, #0
1297c bl fn_0800A674
12980 str r0, [sp, #16]
12982 bl fn_080089DC
12986 mov r9, r0
12988 bl fn_080089D0
1298c mov fp, r0
1298e bl fn_080090E4
12992 movs r1, #2
12994 smlabb sl, r1, r0, fp
12998 bl fn_08009094
1299c str r0, [sp, #12]
1299e ldr r0, [sp, #16]
129a0 mov r3, sl
129a2 strd r9, r0, [sp]
129a6 add r1, pc, #424 @ (adr r1, 8012b50 ) ; =0x08012B50 "LxDiagnostics %d,%d,%d,%d"
129a8 add r0, sp, #24
129aa ldr r2, [sp, #12]
129ac bl fn_0800C990
129b0 add r0, sp, #24
129b2 bl fn_08008298
129b6 uxtb r0, r0
129b8 str r0, [sp, #20]
129ba add r0, sp, #24
129bc ldr r1, [sp, #20]
129be bl fn_08013A5C
129c2 b.n 8012614 
129c4 add r1, pc, #420 @ (adr r1, 8012b6c ) ; =0x08012B6C "RdBtName"
129c6 add r0, sp, #100 @ 0x64
129c8 bl fn_0800825C
129cc cbz r0, 80129d4 
129ce bl fn_080131C0
129d2 b.n 8012614 
129d4 b.n 8012b78 
129d6 movs r0, r0
129d8 lsls r3, r3, #2
129da movs r0, #0
129dc muls r4, r1
129de cmp r5, #82 @ 0x52
129e0 cmp r5, #45 @ 0x2d
129e2 movs r5, #45 @ 0x2d
129e4 cmp r5, #100 @ 0x64
129e6 cmp r5, #45 @ 0x2d
129e8 cmp r5, #45 @ 0x2d
129ea movs r0, r0
129ec cmp r6, #46 @ 0x2e
129ee strb r4, [r3, #13]
129f0 str r2, [r6, #52] @ 0x34
129f2 str r4, [r3, #20]
129f4 strb r0, [r6, #1]
129f6 str r4, [r3, #20]
129f8 strb r0, [r6, #1]
129fa ldr r7, [r3, #68] @ 0x44
129fc strb r3, [r4, #9]
129fe str r6, [r5, #48] @ 0x30
12a00 movs r0, r0
12a02 movs r0, r0
12a04 str r3, [r2, #84] @ 0x54
12a06 ldr r5, [pc, #464] ; =0xE51BFE0F 
12a08 str r7, [r5, #68] @ 0x44
12a0a lsls r5, r4, #1
12a0c str r2, [r2, #68] @ 0x44
12a0e str r3, [r0, #20]
12a10 ldr r4, [r5, #20]
12a12 lsls r2, r4, #1
12a14 cmp r0, #191 @ 0xbf
12a16 movs r0, #0
12a18 str r3, [r2, #84] @ 0x54
12a1a muls r4, r6
12a1c ldr r1, [r4, #68] @ 0x44
12a1e str r1, [r5, #36] @ 0x24
12a20 movs r0, r0
12a22 movs r0, r0
12a24 str r3, [r2, #84] @ 0x54
12a26 adcs r4, r6
12a28 strb r0, [r6, #1]
12a2a movs r0, r0
12a2c ldrb r4, [r1, #1]
12a2e str r3, [r2, #84] @ 0x54
12a30 adcs r4, r6
12a32 strb r0, [r6, #1]
12a34 cmp r4, #49 @ 0x31
12a36 movs r1, r6
12a38 lsls r2, r2, #2
12a3a movs r0, #0
12a3c str r3, [r2, #84] @ 0x54
12a3e strh r4, [r6, r1]
12a40 adds r4, #115 @ 0x73
12a42 adds r5, #56 @ 0x38
12a44 movs r0, r0
12a46 movs r0, r0
12a48 ldrb r4, [r1, #1]
12a4a str r3, [r2, #84] @ 0x54
12a4c strh r4, [r6, r1]
12a4e adds r4, #115 @ 0x73
12a50 adds r5, #56 @ 0x38
12a52 adds r0, #32
12a54 movs r0, r0
12a56 movs r0, r0
12a58 adds r0, r0, r0
12a5a ands r1, r0
12a5c lsls r3, r5, #2
12a5e movs r0, #0
12a60 str r3, [r2, #84] @ 0x54
12a62 negs r4, r6
12a64 ldr r6, [pc, #464] ; =0xF8BD9017 
12a66 ldr r1, [r4, #84] @ 0x54
12a68 lsls r5, r4, #1
12a6a movs r0, r0
12a6c ldrb r4, [r1, #1]
12a6e str r3, [r2, #84] @ 0x54
12a70 negs r4, r6
12a72 ldr r6, [pc, #464] ; =0x006EF88D 
12a74 ldr r1, [r4, #84] @ 0x54
12a76 movs r0, #101 @ 0x65
12a78 movs r0, r6
12a7a movs r0, r0
12a7c str r3, [r2, #84] @ 0x54
12a7e negs r4, r6
12a80 str r4, [r6, r1]
12a82 str r7, [r6, #68] @ 0x44
12a84 movs r0, r0
12a86 movs r0, r0
12a88 ldrb r4, [r1, #1]
12a8a str r3, [r2, #84] @ 0x54
12a8c negs r4, r6
12a8e str r4, [r6, r1]
12a90 str r7, [r6, #68] @ 0x44
12a92 adds r0, #32
12a94 movs r0, r0
12a96 movs r0, r0
12a98 str r3, [r2, #84] @ 0x54
12a9a ldr r0, [pc, #464] ; =0xB120FAF7 
12a9c str r5, [r4, #20]
12a9e strb r4, [r6, r1]
12aa0 ldr r1, [r5, #84] @ 0x54
12aa2 lsls r5, r4, #1
12aa4 ldrb r4, [r1, #1]
12aa6 str r3, [r2, #84] @ 0x54
12aa8 ldr r0, [pc, #464] ; =0xF7F5A819 
12aaa str r5, [r4, #20]
12aac strb r4, [r6, r1]
12aae ldr r1, [r5, #84] @ 0x54
12ab0 movs r0, #101 @ 0x65
12ab2 movs r0, r6
12ab4 str r3, [r2, #84] @ 0x54
12ab6 ldrsb r4, [r6, r5]
12ab8 str r1, [r5, #100] @ 0x64
12aba ldr r6, [pc, #420] ; =0xFA82F7FE 
12abc ldr r1, [r4, #84] @ 0x54
12abe lsls r5, r4, #1
12ac0 ldrb r4, [r1, #1]
12ac2 str r3, [r2, #84] @ 0x54
12ac4 ldrsb r4, [r6, r5]
12ac6 str r1, [r5, #100] @ 0x64
12ac8 ldr r6, [pc, #420] ; =0x46404629 
12aca ldr r1, [r4, #84] @ 0x54
12acc movs r0, #101 @ 0x65
12ace movs r0, r6
12ad0 str r3, [r2, #84] @ 0x54
12ad2 ldrsb r4, [r6, r5]
12ad4 str r1, [r5, #100] @ 0x64
12ad6 str r1, [r5, r1]
12ad8 str r7, [r6, #68] @ 0x44
12ada movs r0, r0
12adc ldrb r4, [r1, #1]
12ade str r3, [r2, #84] @ 0x54
12ae0 ldrsb r4, [r6, r5]
12ae2 str r1, [r5, #100] @ 0x64
12ae4 str r1, [r5, r1]
12ae6 str r7, [r6, #68] @ 0x44
12ae8 adds r0, #32
12aea movs r0, r0
12aec str r3, [r2, #84] @ 0x54
12aee strh r4, [r6, r5]
12af0 strb r5, [r4, #9]
12af2 str r6, [r6, #84] @ 0x54
12af4 ldr r1, [pc, #456] ; =0xA806FAA9 
12af6 lsls r0, r6, #1
12af8 ldrb r4, [r1, #1]
12afa str r3, [r2, #84] @ 0x54
12afc strh r4, [r6, r5]
12afe strb r5, [r4, #9]
12b00 str r6, [r6, #84] @ 0x54
12b02 ldr r1, [pc, #456] ; =0xF966F7F6 
12b04 movs r0, #112 @ 0x70
12b06 movs r0, r6
12b08 str r3, [r2, #84] @ 0x54
12b0a strh r4, [r6, r5]
12b0c strb r5, [r4, #9]
12b0e str r6, [r6, #84] @ 0x54
12b10 str r2, [r6, r1]
12b12 strb r7, [r5, #9]
12b14 lsls r4, r6, #1
12b16 movs r0, r0
12b18 ldrb r4, [r1, #1]
12b1a str r3, [r2, #84] @ 0x54
12b1c strh r4, [r6, r5]
12b1e strb r5, [r4, #9]
12b20 str r6, [r6, #84] @ 0x54
12b22 str r2, [r6, r1]
12b24 strb r7, [r5, #9]
12b26 movs r0, #116 @ 0x74
12b28 movs r0, r6
12b2a movs r0, r0
12b2c str r3, [r2, #84] @ 0x54
12b2e adcs r4, r6
12b30 ldr r0, [r6, #100] @ 0x64
12b32 movs r0, r0
12b34 ldrb r4, [r1, #1]
12b36 str r3, [r2, #84] @ 0x54
12b38 adcs r4, r6
12b3a ldr r0, [r6, #100] @ 0x64
12b3c adds r0, #32
12b3e movs r0, r0
12b40 str r2, [r2, #68] @ 0x44
12b42 ldr r4, [r0, #20]
12b44 str r1, [r4, #116] @ 0x74
12b46 ldr r6, [r5, #116] @ 0x74
12b48 strb r3, [r6, #17]
12b4a str r1, [r5, #52] @ 0x34
12b4c lsls r3, r6, #1
12b4e movs r0, r0
12b50 ldrb r4, [r1, #1]
12b52 ldr r4, [r0, #20]
12b54 str r1, [r4, #116] @ 0x74
12b56 ldr r6, [r5, #116] @ 0x74
12b58 strb r3, [r6, #17]
12b5a str r1, [r5, #52] @ 0x34
12b5c movs r0, #115 @ 0x73
12b5e str r5, [r4, #64] @ 0x40
12b60 movs r5, #44 @ 0x2c
12b62 cmp r4, #100 @ 0x64
12b64 str r5, [r4, #64] @ 0x40
12b66 movs r5, #44 @ 0x2c
12b68 lsls r4, r4, #1
12b6a movs r0, r0
12b6c str r2, [r2, #68] @ 0x44
12b6e strb r2, [r0, #17]
12b70 str r6, [r1, #20]
12b72 str r5, [r5, #84] @ 0x54
12b74 movs r0, r0
12b76 movs r0, r0
12b78 add r1, pc, #872 @ (adr r1, 8012ee4 ) ; =0x08012EE4 "DeleteAll"
12b7a add r0, sp, #100 @ 0x64
12b7c bl fn_0800825C
12b80 cbz r0, 8012b8c 
12b82 mov r1, r5
12b84 mov r0, r8
12b86 bl fn_08010A88
12b8a b.n 8012614 
12b8c add r1, pc, #864 @ (adr r1, 8012ef0 ) ; =0x08012EF0 "SetPortLcrNode"
12b8e add r0, sp, #100 @ 0x64
12b90 bl fn_0800825C
12b94 cbz r0, 8012ba0 
12b96 mov r1, r5
12b98 mov r0, r8
12b9a bl fn_08014060
12b9e b.n 8012614 
12ba0 add r1, pc, #860 @ (adr r1, 8012f00 ) ; =0x08012F00 "RdPortLcrNode"
12ba2 add r0, sp, #100 @ 0x64
12ba4 bl fn_0800825C
12ba8 cbz r0, 8012bb0 
12baa bl fn_08013098
12bae b.n 8012614 
12bb0 add r1, pc, #860 @ (adr r1, 8012f10 ) ; =0x08012F10 "GetDataTs"
12bb2 add r0, sp, #100 @ 0x64
12bb4 bl fn_0800825C
12bb8 cbz r0, 8012bc8 
12bba cmp r5, #20
12bbc ble.n 8012bc8 
12bbe mov r1, r5
12bc0 mov r0, r8
12bc2 bl fn_0801195C
12bc6 b.n 8012614 
12bc8 add r1, pc, #848 @ (adr r1, 8012f1c ) ; =0x08012F1C "GetDataEcho"
12bca add r0, sp, #100 @ 0x64
12bcc bl fn_0800825C
12bd0 cbz r0, 8012bdc 
12bd2 mov r1, r5
12bd4 mov r0, r8
12bd6 bl fn_080117F8
12bda b.n 8012614 
12bdc add r1, pc, #840 @ (adr r1, 8012f28 ) ; =0x08012F28 "GetData"
12bde add r0, sp, #100 @ 0x64
12be0 bl fn_0800825C
12be4 cbz r0, 8012bf0 
12be6 mov r1, r5
12be8 mov r0, r8
12bea bl fn_08011230
12bee b.n 8012614 
12bf0 add r1, pc, #828 @ (adr r1, 8012f30 ) ; =0x08012F30 "BoxStorage"
12bf2 add r0, sp, #100 @ 0x64
12bf4 bl fn_0800825C
12bf8 cbz r0, 8012c04 
12bfa add.w r0, sp, #111 @ 0x6f
12bfe bl fn_08011050
12c02 b.n 8012614 
12c04 add r1, pc, #820 @ (adr r1, 8012f3c ) ; =0x08012F3C "BoxStatus"
12c06 add r0, sp, #100 @ 0x64
12c08 bl fn_0800825C
12c0c cbz r0, 8012c14 
12c0e bl fn_08010EB4
12c12 b.n 8012614 
12c14 add r1, pc, #816 @ (adr r1, 8012f48 ) ; =0x08012F48 "BoxInfo"
12c16 add r0, sp, #100 @ 0x64
12c18 bl fn_0800825C
12c1c cbz r0, 8012c24 
12c1e bl fn_08010E10
12c22 b.n 8012614 
12c24 add r1, pc, #808 @ (adr r1, 8012f50 ) ; =0x08012F50 "SetBoxTime"
12c26 add r0, sp, #100 @ 0x64
12c28 bl fn_0800825C
12c2c cbz r0, 8012c56 
12c2e ldr.w r0, [sp, #111] @ 0x6f
12c32 str r0, [sp, #88] @ 0x58
12c34 ldr.w r0, [sp, #115] @ 0x73
12c38 str r0, [sp, #92] @ 0x5c
12c3a ldrh.w r0, [sp, #119] @ 0x77
12c3e strh.w r0, [sp, #96] @ 0x60
12c42 movs r0, #0
12c44 strb.w r0, [sp, #110] @ 0x6e
12c48 add r0, sp, #88 @ 0x58
12c4a bl fn_080082FE
12c4e mov r9, r0
12c50 bl fn_08013D0C
12c54 b.n 8012614 
12c56 add r1, pc, #772 @ (adr r1, 8012f5c ) ; =0x08012F5C "BoxTime"
12c58 add r0, sp, #100 @ 0x64
12c5a bl fn_0800825C
12c5e cbz r0, 8012c66 
12c60 bl fn_08011168
12c64 b.n 8012614 
12c66 add r1, pc, #764 @ (adr r1, 8012f64 ) ; =0x08012F64 "HisDataTime"
12c68 add r0, sp, #100 @ 0x64
12c6a bl fn_0800825C
12c6e cbz r0, 8012c7a 
12c70 mov r1, r5
12c72 mov r0, r8
12c74 bl fn_08010C44
12c78 b.n 8012614 
12c7a add r1, pc, #756 @ (adr r1, 8012f70 ) ; =0x08012F70 "BoxReset"
12c7c add r0, sp, #100 @ 0x64
12c7e bl fn_0800825C
12c82 cbz r0, 8012ca6 
12c84 movs r1, #64 @ 0x40
12c86 add r0, sp, #24
12c88 bl fn_08008246
12c8c add r2, pc, #748 @ (adr r2, 8012f7c ) ; =0x08012F7C "LxBoxReset 0"
12c8e ldmia r2, {r0, r1, r2}
12c90 add r3, sp, #24
12c92 stmia r3!, {r0, r1, r2}
12c94 movs r1, #12
12c96 add r0, sp, #24
12c98 bl fn_08013A5C
12c9c ldr r0, [pc, #748] ; =0x20000092 ram_20000092
12c9e ldrb r0, [r0, #0]
12ca0 bl fn_0800BA34
12ca4 b.n 8012614 
12ca6 add r1, pc, #744 @ (adr r1, 8012f90 ) ; =0x08012F90 "ReBoxParam"
12ca8 add r0, sp, #100 @ 0x64
12caa bl fn_0800825C
12cae cbz r0, 8012cda 
12cb0 movs r1, #64 @ 0x40
12cb2 add r0, sp, #24
12cb4 bl fn_08008246
12cb8 movs r2, #14
12cba add r1, pc, #736 @ (adr r1, 8012f9c ) ; =0x08012F9C "LxReBoxParam 0"
12cbc add r0, sp, #24
12cbe bl fn_08008214
12cc2 add r0, sp, #24
12cc4 bl fn_08008298
12cc8 uxtb r0, r0
12cca str r0, [sp, #20]
12ccc bl fn_08008F9C
12cd0 add r0, sp, #24
12cd2 ldr r1, [sp, #20]
12cd4 bl fn_08013A5C
12cd8 b.n 8012614 
12cda add r1, pc, #720 @ (adr r1, 8012fac ) ; =0x08012FAC "SetDbg"
12cdc add r0, sp, #100 @ 0x64
12cde bl fn_0800825C
12ce2 cbz r0, 8012cf2 
12ce4 ldrb.w r1, [sp, #107] @ 0x6b
12ce8 subs r1, #48 @ 0x30
12cea uxtb r0, r1
12cec bl fn_0800A050
12cf0 b.n 8012614 
12cf2 add r1, pc, #704 @ (adr r1, 8012fb4 ) ; =0x08012FB4 "GetLastMtrCmd"
12cf4 add r0, sp, #100 @ 0x64
12cf6 bl fn_0800825C
12cfa cbz r0, 8012d06 
12cfc add.w r0, sp, #114 @ 0x72
12d00 bl fn_08011C78
12d04 b.n 8012614 
12d06 add r1, pc, #700 @ (adr r1, 8012fc4 ) ; =0x08012FC4 "GetLastCmd"
12d08 add r0, sp, #100 @ 0x64
12d0a bl fn_0800825C
12d0e cbz r0, 8012d1a 
12d10 add.w r0, sp, #111 @ 0x6f
12d14 bl fn_08011B68
12d18 b.n 8012614 
12d1a ldr r0, [pc, #692] ; =0x2000009B ram_2000009B
12d1c ldrb r0, [r0, #0]
12d1e cmp r0, #1
12d20 bne.n 8012d66 
12d22 subs r0, r5, #1
12d24 add r1, sp, #100 @ 0x64
12d26 ldrb r0, [r1, r0]
12d28 cmp r0, #10
12d2a bne.n 8012d38 
12d2c subs r0, r5, #2
12d2e ldrb r0, [r1, r0]
12d30 cmp r0, #13
12d32 bne.n 8012d38 
12d34 subs r0, r5, #2
12d36 uxth r5, r0
12d38 ldr r0, [pc, #664] ; =0x200000AB ram_200000AB
12d3a ldrb r0, [r0, #0]
12d3c cbz r0, 8012d4a 
12d3e movs r0, #12
12d40 bl fn_0800A7BC
12d44 movs r0, #13
12d46 bl fn_0800A7BC
12d4a mov r2, r5
12d4c mov r1, r8
12d4e movs r0, #1
12d50 bl fn_0800A924
12d54 movs r0, #20
12d56 bl fn_0800A6C0
12d5a mov r2, r5
12d5c mov r1, r8
12d5e movs r0, #2
12d60 bl fn_0800A924
12d64 b.n 8012614 
12d66 ldr r0, [pc, #616] ; =0x2000009B ram_2000009B
12d68 ldrb r0, [r0, #0]
12d6a cmp r0, #3
12d6c bne.n 8012d7a 
12d6e mov r2, r5
12d70 mov r1, r8
12d72 movs r0, #0
12d74 bl fn_0800A924
12d78 b.n 8012ede 
12d7a add r1, pc, #604 @ (adr r1, 8012fd8 ) ; =0x08012FD8 "Stop"
12d7c add r0, sp, #100 @ 0x64
12d7e bl fn_0800825C
12d82 cbz r0, 8012dbc 
12d84 movs r0, #0
12d86 ldr r1, [pc, #600] ; =0x200000AD ram_200000AD
12d88 strb r0, [r1, #0]
12d8a movs r4, #5
12d8c b.n 8012dac 
12d8e add r0, sp, #100 @ 0x64
12d90 ldrb r0, [r0, r4]
12d92 cmp r0, #44 @ 0x2c
12d94 beq.n 8012da6 
12d96 add r0, sp, #100 @ 0x64
12d98 ldrb r0, [r0, r4]
12d9a subs r0, #48 @ 0x30
12d9c movs r1, #10
12d9e mla r0, r1, r7, r0
12da2 uxtb r7, r0
12da4 b.n 8012da8 
12da6 b.n 8012db0 
12da8 adds r0, r4, #1
12daa uxtb r4, r0
12dac cmp r4, r5
12dae blt.n 8012d8e 
12db0 nop
12db2 movs r1, #22
12db4 mov r0, r7
12db6 bl fn_08014188
12dba b.n 8012614 
12dbc add r1, pc, #548 @ (adr r1, 8012fe4 ) ; =0x08012FE4 "Start"
12dbe add r0, sp, #100 @ 0x64
12dc0 bl fn_0800825C
12dc4 cbz r0, 8012dfe 
12dc6 movs r0, #0
12dc8 ldr r1, [pc, #532] ; =0x200000AD ram_200000AD
12dca strb r0, [r1, #0]
12dcc movs r4, #6
12dce b.n 8012dee 
12dd0 add r0, sp, #100 @ 0x64
12dd2 ldrb r0, [r0, r4]
12dd4 cmp r0, #44 @ 0x2c
12dd6 beq.n 8012de8 
12dd8 add r0, sp, #100 @ 0x64
12dda ldrb r0, [r0, r4]
12ddc subs r0, #48 @ 0x30
12dde movs r1, #10
12de0 mla r0, r1, r7, r0
12de4 uxtb r7, r0
12de6 b.n 8012dea 
12de8 b.n 8012df2 
12dea adds r0, r4, #1
12dec uxtb r4, r0
12dee cmp r4, r5
12df0 blt.n 8012dd0 
12df2 nop
12df4 movs r1, #20
12df6 mov r0, r7
12df8 bl fn_08014188
12dfc b.n 8012614 
12dfe add r1, pc, #492 @ (adr r1, 8012fec ) ; =0x08012FEC "Pause"
12e00 add r0, sp, #100 @ 0x64
12e02 bl fn_0800825C
12e06 cbz r0, 8012e40 
12e08 movs r0, #0
12e0a ldr r1, [pc, #468] ; =0x200000AD ram_200000AD
12e0c strb r0, [r1, #0]
12e0e movs r4, #6
12e10 b.n 8012e30 
12e12 add r0, sp, #100 @ 0x64
12e14 ldrb r0, [r0, r4]
12e16 cmp r0, #44 @ 0x2c
12e18 beq.n 8012e2a 
12e1a add r0, sp, #100 @ 0x64
12e1c ldrb r0, [r0, r4]
12e1e subs r0, #48 @ 0x30
12e20 movs r1, #10
12e22 mla r0, r1, r7, r0
12e26 uxtb r7, r0
12e28 b.n 8012e2c 
12e2a b.n 8012e34 
12e2c adds r0, r4, #1
12e2e uxtb r4, r0
12e30 cmp r4, r5
12e32 blt.n 8012e12 
12e34 nop
12e36 movs r1, #21
12e38 mov r0, r7
12e3a bl fn_08014188
12e3e b.n 80126a0 
12e40 add r1, pc, #432 @ (adr r1, 8012ff4 ) ; =0x08012FF4 "Print"
12e42 add r0, sp, #100 @ 0x64
12e44 bl fn_0800825C
12e48 cbz r0, 8012e5a 
12e4a movs r0, #0
12e4c ldr r1, [pc, #400] ; =0x200000AD ram_200000AD
12e4e strb r0, [r1, #0]
12e50 mov r1, r5
12e52 mov r0, r8
12e54 bl fn_0801243C
12e58 b.n 80126a0 
12e5a add r1, pc, #416 @ (adr r1, 8012ffc ) ; =0x08012FFC "SwitchState"
12e5c add r0, sp, #100 @ 0x64
12e5e bl fn_0800825C
12e62 cbz r0, 8012e6e 
12e64 mov r1, r5
12e66 mov r0, r8
12e68 bl fn_080120A0
12e6c b.n 80126a0 
12e6e add r1, pc, #408 @ (adr r1, 8013008 ) ; =0x08013008 "GetLcrNode"
12e70 add r0, sp, #100 @ 0x64
12e72 bl fn_0800825C
12e76 cbz r0, 8012e82 
12e78 mov r1, r5
12e7a mov r0, r8
12e7c bl fn_08011DA0
12e80 b.n 80126a0 
12e82 add r1, pc, #400 @ (adr r1, 8013014 ) ; =0x08013014 "RdRegister"
12e84 add r0, sp, #100 @ 0x64
12e86 bl fn_0800825C
12e8a cbz r0, 8012e92 
12e8c bl fn_0801314C
12e90 b.n 80126a0 
12e92 add r1, pc, #396 @ (adr r1, 8013020 ) ; =0x08013020 "ModifyLcrNode"
12e94 add r0, sp, #100 @ 0x64
12e96 bl fn_0800825C
12e9a cbz r0, 8012ea6 
12e9c mov r1, r5
12e9e mov r0, r8
12ea0 bl fn_08012170
12ea4 b.n 80126b4 
12ea6 add r1, pc, #392 @ (adr r1, 8013030 ) ; =0x08013030 "PresetGross"
12ea8 add r0, sp, #100 @ 0x64
12eaa bl fn_0800825C
12eae cbz r0, 8012ec2 
12eb0 movs r0, #0
12eb2 ldr r1, [pc, #300] ; =0x200000AD ram_200000AD
12eb4 strb r0, [r1, #0]
12eb6 movs r2, #25
12eb8 mov r1, r5
12eba mov r0, r8
12ebc bl fn_0801226C
12ec0 b.n 8012716 
12ec2 add r1, pc, #376 @ (adr r1, 801303c ) ; =0x0801303C "PresetNet"
12ec4 add r0, sp, #100 @ 0x64
12ec6 bl fn_0800825C
12eca cbz r0, 8012ede 
12ecc movs r0, #0
12ece ldr r1, [pc, #272] ; =0x200000AD ram_200000AD
12ed0 strb r0, [r1, #0]
12ed2 movs r2, #28
12ed4 mov r1, r5
12ed6 mov r0, r8
12ed8 bl fn_0801226C
12edc b.n 8012716 
12ede nop
12ee0 b.n 8012716 
12ee2 movs r0, r0
12ee4 str r4, [r0, #84] @ 0x54
12ee6 str r4, [r5, #84] @ 0x54
12ee8 str r4, [r6, #84] @ 0x54
12eea ldr r1, [r0, #68] @ 0x44
12eec lsls r4, r5, #1
12eee movs r0, r0
12ef0 str r3, [r2, #84] @ 0x54
12ef2 str r4, [r6, r1]
12ef4 strb r7, [r5, #9]
12ef6 ldr r4, [pc, #464] ; =0xB2C4F8E7 
12ef8 strb r3, [r4, #9]
12efa ldr r6, [r1, #116] @ 0x74
12efc str r4, [r4, #84] @ 0x54
12efe movs r0, r0
12f00 str r2, [r2, #68] @ 0x44
12f02 ldr r0, [r2, #116] @ 0x74
12f04 strb r2, [r6, #17]
12f06 str r4, [r1, #52] @ 0x34
12f08 ldr r6, [pc, #456] ; =0x540AA901 
12f0a str r7, [r5, #68] @ 0x44
12f0c lsls r5, r4, #1
12f0e movs r0, r0
12f10 str r7, [r0, #84] @ 0x54
12f12 add r4, lr
12f14 strb r1, [r4, #17]
12f16 strb r1, [r4, r1]
12f18 lsls r3, r6, #1
12f1a movs r0, r0
12f1c str r7, [r0, #84] @ 0x54
12f1e add r4, lr
12f20 strb r1, [r4, #17]
12f22 cmp r1, ip
12f24 ldr r3, [r4, #4]
12f26 lsls r7, r5, #1
12f28 str r7, [r0, #84] @ 0x54
12f2a add r4, lr
12f2c strb r1, [r4, #17]
12f2e lsls r1, r4, #1
12f30 ldr r2, [r0, #116] @ 0x74
12f32 strh r0, [r7, r5]
12f34 ldr r4, [r6, #116] @ 0x74
12f36 str r2, [r6, #20]
12f38 str r7, [r4, #84] @ 0x54
12f3a movs r0, r0
12f3c ldr r2, [r0, #116] @ 0x74
12f3e strh r0, [r7, r5]
12f40 str r4, [r6, #20]
12f42 strb r4, [r6, #21]
12f44 lsls r3, r6, #1
12f46 movs r0, r0
12f48 ldr r2, [r0, #116] @ 0x74
12f4a ldr r1, [pc, #480] ; =0x00006425 
12f4c str r6, [r5, #100] @ 0x64
12f4e lsls r7, r5, #1
12f50 str r3, [r2, #84] @ 0x54
12f52 negs r4, r6
12f54 ldrb r7, [r5, #1]
12f56 ldr r4, [r2, #20]
12f58 str r5, [r5, #84] @ 0x54
12f5a movs r0, r0
12f5c ldr r2, [r0, #116] @ 0x74
12f5e strb r0, [r7, r1]
12f60 ldr r1, [r5, #84] @ 0x54
12f62 lsls r5, r4, #1
12f64 ldr r0, [r1, #20]
12f66 add r3, lr
12f68 strb r1, [r4, #17]
12f6a strb r1, [r4, r1]
12f6c ldr r1, [r5, #84] @ 0x54
12f6e lsls r5, r4, #1
12f70 ldr r2, [r0, #116] @ 0x74
12f72 strh r0, [r7, r1]
12f74 strb r5, [r4, #13]
12f76 strb r5, [r4, #17]
12f78 movs r0, r0
12f7a movs r0, r0
12f7c ldrb r4, [r1, #1]
12f7e ldr r2, [r0, #116] @ 0x74
12f80 strh r0, [r7, r1]
12f82 strb r5, [r4, #13]
12f84 strb r5, [r4, #17]
12f86 adds r0, #32
12f88 movs r0, r0
12f8a movs r0, r0
12f8c lsls r2, r2, #2
12f8e movs r0, #0
12f90 str r2, [r2, #84] @ 0x54
12f92 ldr r2, [r0, #116] @ 0x74
12f94 str r0, [r7, r1]
12f96 strb r1, [r4, #9]
12f98 ldr r1, [r4, #84] @ 0x54
12f9a movs r0, r0
12f9c ldrb r4, [r1, #1]
12f9e str r2, [r2, #84] @ 0x54
12fa0 ldr r2, [r0, #116] @ 0x74
12fa2 str r0, [r7, r1]
12fa4 strb r1, [r4, #9]
12fa6 ldr r1, [r4, #84] @ 0x54
12fa8 adds r0, #32
12faa movs r0, r0
12fac str r3, [r2, #84] @ 0x54
12fae add r4, lr
12fb0 str r2, [r4, #116] @ 0x74
12fb2 movs r0, r0
12fb4 str r7, [r0, #84] @ 0x54
12fb6 ldr r4, [pc, #464] ; =0xFC54F7F8 
12fb8 strb r1, [r4, #13]
12fba ldr r5, [pc, #464] ; =0x0000BD10 
12fbc strb r4, [r6, #9]
12fbe ldr r3, [r0, #84] @ 0x54
12fc0 lsls r4, r4, #1
12fc2 movs r0, r0
12fc4 str r7, [r0, #84] @ 0x54
12fc6 ldr r4, [pc, #464] ; =0x200000A0 ram_200000A0
12fc8 strb r1, [r4, #13]
12fca muls r4, r6
12fcc str r5, [r5, #68] @ 0x44
12fce movs r0, r0
12fd0 lsls r3, r3, #2
12fd2 movs r0, #0
12fd4 lsls r3, r5, #2
12fd6 movs r0, #0
12fd8 strb r3, [r2, #17]
12fda strb r7, [r5, #1]
12fdc movs r0, r0
12fde movs r0, r0
12fe0 lsls r5, r5, #2
12fe2 movs r0, #0
12fe4 strb r3, [r2, #17]
12fe6 strb r1, [r4, #9]
12fe8 lsls r4, r6, #1
12fea movs r0, r0
12fec str r0, [r2, #20]
12fee strb r5, [r6, #13]
12ff0 lsls r5, r4, #1
12ff2 movs r0, r0
12ff4 strb r0, [r2, #9]
12ff6 ldr r1, [r5, #100] @ 0x64
12ff8 lsls r4, r6, #1
12ffa movs r0, r0
12ffc strb r3, [r2, #29]
12ffe strb r1, [r5, #17]
13000 ldr r3, [r4, #4]
13002 strb r3, [r2, #17]
13004 strb r1, [r4, #17]
13006 lsls r5, r4, #1
13008 str r7, [r0, #84] @ 0x54
1300a ldr r4, [pc, #464] ; =0x2140F81B 
1300c strb r3, [r4, #9]
1300e ldr r6, [r1, #116] @ 0x74
13010 str r4, [r4, #84] @ 0x54
13012 movs r0, r0
13014 str r2, [r2, #68] @ 0x44
13016 str r2, [r2, #84] @ 0x54
13018 ldr r7, [r4, #20]
1301a strb r3, [r6, #17]
1301c strb r5, [r4, #9]
1301e movs r0, r0
13020 ldr r5, [r1, #116] @ 0x74
13022 ldr r4, [r4, #20]
13024 ldrb r6, [r4, #5]
13026 str r4, [r1, #52] @ 0x34
13028 ldr r6, [pc, #456] ; =0x285A007A 
1302a str r7, [r5, #68] @ 0x44
1302c lsls r5, r4, #1
1302e movs r0, r0
13030 strb r0, [r2, #9]
13032 strb r5, [r4, #13]
13034 strb r5, [r4, #17]
13036 strb r7, [r0, #9]
13038 strb r7, [r5, #13]
1303a lsls r3, r6, #1
1303c strb r0, [r2, #9]
1303e strb r5, [r4, #13]
13040 strb r5, [r4, #17]
13042 str r6, [r1, #84] @ 0x54
13044 lsls r4, r6, #1
13046 movs r0, r0

; ===== fn_08013048  (called 4 x)
13048 push {r1, r2, r3, r4, r5, lr}
1304a mov r4, r0
1304c add r2, pc, #52 @ (adr r2, 8013084 ) ; =0x08013084 rom_08013084
1304e ldmia r2, {r0, r1, r2}
13050 stmia.w sp, {r0, r1, r2}
13054 strb.w r4, [sp, #2]
13058 ldr r0, [pc, #52] ; =0x200000C0 ram_200000C0
1305a ldrb r0, [r0, #0]
1305c and.w r0, r0, #1
13060 strb.w r0, [sp, #4]
13064 ldr r0, [pc, #44] ; =0x200028BF ram_200028BF
13066 ldrb r0, [r0, #1]
13068 strb.w r0, [sp, #7]
1306c ldr r0, [pc, #32] ; =0x200000C0 ram_200000C0
1306e ldrb r0, [r0, #0]
13070 adds r0, r0, #1
13072 ldr r1, [pc, #28] ; =0x200000C0 ram_200000C0
13074 strb r0, [r1, #0]
13076 movs r1, #10
13078 mov r0, sp
1307a bl fn_08013948
1307e movs r0, #0
13080 pop {r1, r2, r3, r4, r5, pc}
13082 movs r0, r0
13084 ldrb r6, [r7, #25]
13086 vhsub.u8 d0, d1, d1
1308a movs r0, r4
1308c ldmia r5, {r0, r1, r2, r4, r5, r6}
1308e movs r0, r0
13090 lsls r0, r0, #3
13092 movs r0, #0
13094 cmp r0, #191 @ 0xbf
13096 movs r0, #0

; ===== fn_08013098  (called 1 x)
13098 push {r4, r5, lr}
1309a sub sp, #132 @ 0x84
1309c movs r4, #0
1309e movs r5, #0
130a0 movs r1, #128 @ 0x80
130a2 add r0, sp, #4
130a4 bl fn_08008246
130a8 add r3, pc, #104 @ (adr r3, 8013114 ) ; =0x08013114 "LxRdPortLcrNode "
130aa ldmia r3, {r0, r1, r2, r3}
130ac strd r2, r3, [sp, #12]
130b0 strd r0, r1, [sp, #4]
130b4 movs r4, #16
130b6 ldr r1, [pc, #112] ; =0x20002898 ram_20002898
130b8 ldrb r2, [r1, #0]
130ba add r1, sp, #4
130bc adds r0, r1, r4
130be add r1, pc, #108 @ (adr r1, 801312c ) ; =0x0801312C "%d"
130c0 bl fn_0800C990
130c4 add r0, sp, #4
130c6 bl fn_08008298
130ca uxtb r4, r0
130cc movs r2, #44 @ 0x2c
130ce mov r0, r4
130d0 adds r1, r4, #1
130d2 uxtb r4, r1
130d4 add r1, sp, #4
130d6 strb r2, [r1, r0]
130d8 ldr r1, [pc, #76] ; =0x20002898 ram_20002898
130da ldrb r2, [r1, #1]
130dc add r1, sp, #4
130de adds r0, r1, r4
130e0 add r1, pc, #72 @ (adr r1, 801312c ) ; =0x0801312C "%d"
130e2 bl fn_0800C990
130e6 add r0, sp, #4
130e8 bl fn_08008298
130ec uxtb r4, r0
130ee movs r0, #4
130f0 ldr r1, [pc, #60] ; =0x200000B4 ram_200000B4
130f2 strb r0, [r1, #0]
130f4 strb r0, [r1, #1]
130f6 mov r1, r4
130f8 add r0, sp, #4
130fa bl fn_08013A5C
130fe add r3, sp, #4
13100 movw r2, #1310 @ 0x51e
13104 add r1, pc, #44 @ (adr r1, 8013134 ) ; =0x08013134 "..\\src\\app\\app_lcr.c"
13106 movs r0, #1
13108 bl fn_08009EBC
1310c mov r0, r5
1310e add sp, #132 @ 0x84
13110 pop {r4, r5, pc}
13112 movs r0, r0
13114 ldrb r4, [r1, #1]
13116 str r2, [r2, #68] @ 0x44
13118 ldr r0, [r2, #116] @ 0x74
1311a strb r2, [r6, #17]
1311c str r4, [r1, #52] @ 0x34
1311e ldr r6, [pc, #456] ; =0x2C0AB2C4 
13120 str r7, [r5, #68] @ 0x44
13122 movs r0, #101 @ 0x65
13124 movs r0, r0
13126 movs r0, r0
13128 cmp r0, #152 @ 0x98
1312a movs r0, #0
1312c str r5, [r4, #64] @ 0x40
1312e movs r0, r0
13130 lsls r4, r6, #2
13132 movs r0, #0
13134 cmp r6, #46 @ 0x2e
13136 strb r4, [r3, #13]
13138 str r2, [r6, #52] @ 0x34
1313a str r4, [r3, #20]
1313c strb r0, [r6, #1]
1313e str r4, [r3, #20]
13140 strb r0, [r6, #1]
13142 ldr r7, [r3, #68] @ 0x44
13144 strb r3, [r4, #9]
13146 str r6, [r5, #48] @ 0x30
13148 movs r0, r0
1314a movs r0, r0

; ===== fn_0801314C  (called 1 x)
1314c push {r4, lr}
1314e movs r4, #0
13150 movs r0, #3
13152 ldr r1, [pc, #60] ; =0x200000A1 ram_200000A1
13154 strb r0, [r1, #0]
13156 movs r0, #1
13158 ldr r1, [pc, #56] ; =0x2000009F ram_2000009F
1315a strb r0, [r1, #0]
1315c movs r0, #255 @ 0xff
1315e ldr r1, [pc, #56] ; =0x200000A0 ram_200000A0
13160 strb r0, [r1, #0]
13162 movs r0, #0
13164 ldr r1, [pc, #52] ; =0x200000A2 ram_200000A2
13166 strb r0, [r1, #0]
13168 ldr r3, [pc, #52] ; =0x20000093 ram_20000093
1316a movs r2, #0
1316c ldr r1, [pc, #52] ; =0x08011EE9 fn_08011EE8
1316e movs r0, #5
13170 bl fn_0800B7C4
13174 mov r4, r0
13176 cbnz r4, 801317a 
13178 b.n 8013184 
1317a mov.w r1, #1432 @ 0x598
1317e add r0, pc, #40 @ (adr r0, 80131a8 ) ; =0x080131A8 "..\\src\\app\\app_lcr.c"
13180 bl fn_08009D9C
13184 ldr r0, [pc, #24] ; =0x20000093 ram_20000093
13186 ldrb r0, [r0, #0]
13188 bl fn_0800BA34
1318c pop {r4, pc}
1318e movs r0, r0
13190 lsls r1, r4, #2
13192 movs r0, #0
13194 lsls r7, r3, #2
13196 movs r0, #0
13198 lsls r0, r4, #2
1319a movs r0, #0
1319c lsls r2, r4, #2
1319e movs r0, #0
131a0 lsls r3, r2, #2
131a2 movs r0, #0
131a4 subs r1, r5, #3
131a6 lsrs r1, r0, #32
131a8 cmp r6, #46 @ 0x2e
131aa strb r4, [r3, #13]
131ac str r2, [r6, #52] @ 0x34
131ae str r4, [r3, #20]
131b0 strb r0, [r6, #1]
131b2 str r4, [r3, #20]
131b4 strb r0, [r6, #1]
131b6 ldr r7, [r3, #68] @ 0x44
131b8 strb r3, [r4, #9]
131ba str r6, [r5, #48] @ 0x30
131bc movs r0, r0
131be movs r0, r0

; ===== fn_080131C0  (called 1 x)
131c0 push {r4, r5, lr}
131c2 sub sp, #300 @ 0x12c
131c4 movs r4, #0
131c6 movs r1, #116 @ 0x74
131c8 add r0, sp, #120 @ 0x78
131ca bl fn_08008246
131ce add r0, sp, #4
131d0 bl fn_08008DF8
131d4 movs r2, #116 @ 0x74
131d6 add r1, sp, #4
131d8 add r0, sp, #120 @ 0x78
131da bl fn_08008214
131de movs r1, #64 @ 0x40
131e0 add r0, sp, #236 @ 0xec
131e2 bl fn_08008246
131e6 movs r2, #11
131e8 add r1, pc, #76 @ (adr r1, 8013238 ) ; =0x08013238 "LxRdBtName "
131ea add r0, sp, #236 @ 0xec
131ec bl fn_08008214
131f0 movs r4, #11
131f2 ldrb.w r0, [sp, #122] @ 0x7a
131f6 cmp r0, #90 @ 0x5a
131f8 bne.n 8013210 
131fa add r0, sp, #156 @ 0x9c
131fc bl fn_08008298
13200 mov r5, r0
13202 add r1, sp, #236 @ 0xec
13204 adds r0, r1, r4
13206 mov r2, r5
13208 add r1, sp, #156 @ 0x9c
1320a bl fn_08008214
1320e b.n 8013222 
13210 add r0, sp, #236 @ 0xec
13212 add r0, r4
13214 add r1, pc, #44 @ (adr r1, 8013244 ) ; =0x08013244 "PandaBrain"
13216 ldr r2, [r1, #0]
13218 str r2, [r0, #0]
1321a ldr r2, [r1, #4]
1321c str r2, [r0, #4]
1321e ldrh r1, [r1, #8]
13220 strh r1, [r0, #8]
13222 add r0, sp, #236 @ 0xec
13224 bl fn_08008298
13228 uxtb r4, r0
1322a mov r1, r4
1322c add r0, sp, #236 @ 0xec
1322e bl fn_08013A5C
13232 add sp, #300 @ 0x12c
13234 pop {r4, r5, pc}
13236 movs r0, r0
13238 ldrb r4, [r1, #1]
1323a str r2, [r2, #68] @ 0x44
1323c strb r2, [r0, #17]
1323e str r6, [r1, #20]
13240 str r5, [r5, #84] @ 0x54
13242 movs r0, r4
13244 str r0, [r2, #20]
13246 str r6, [r5, #68] @ 0x44
13248 negs r1, r4
1324a str r2, [r6, #20]
1324c ldr r1, [r5, #100] @ 0x64
1324e movs r0, r0

; ===== fn_08013250  (called 0 x)
13250 stmdb sp!, {r4, r5, r6, r7, r8, r9, lr}
13254 subw sp, sp, #1036 @ 0x40c
13258 mov r9, r0
1325a movs r7, #0
1325c movs r6, #0
1325e movs r4, #0
13260 movs r5, #0
13262 mov r8, r4
13264 mov.w r1, #1024 @ 0x400
13268 add r0, sp, #12
1326a bl fn_08008246
1326e ldr r0, [pc, #404] ; =0x200000BC ram_200000BC
13270 ldr r0, [r0, #0]
13272 cmp.w r0, #33554432 @ 0x2000000
13276 bcs.n 8013366 
13278 ldr r0, [pc, #396] ; =0x20002898 ram_20002898
1327a ldr r0, [r0, #16]
1327c cmp r0, #0
1327e beq.n 8013366 
13280 mov.w r2, #1024 @ 0x400
13284 ldr r0, [pc, #380] ; =0x200000BC ram_200000BC
13286 ldr r1, [r0, #0]
13288 add r0, sp, #12
1328a bl fn_08015614
1328e nop
13290 b.n 8013380 
13292 add r0, sp, #12
13294 movs r1, #64 @ 0x40
13296 mla r0, r1, r5, r0
1329a ldr.w r8, [r0]
1329e lsls r0, r5, #6
132a0 adds r0, #44 @ 0x2c
132a2 add r1, sp, #12
132a4 ldrb r6, [r1, r0]
132a6 cmp r6, #255 @ 0xff
132a8 beq.n 80132b4 
132aa lsls r0, r5, #6
132ac adds r0, #45 @ 0x2d
132ae ldrb r0, [r1, r0]
132b0 cmp r0, #90 @ 0x5a
132b2 beq.n 80132b6 
132b4 b.n 801337c 
132b6 movs r7, #0
132b8 movs r4, #0
132ba b.n 80132ea 
132bc add.w r0, r4, r4, lsl #1
132c0 ldr r1, [pc, #328] ; =0x200028E4 ram_200028E4
132c2 add.w r0, r1, r0, lsl #2
132c6 ldrb r0, [r0, #8]
132c8 cmp r0, r6
132ca bne.n 80132e6 
132cc ldr r0, [pc, #308] ; =0x200000BC ram_200000BC
132ce ldr r0, [r0, #0]
132d0 movs r1, #64 @ 0x40
132d2 mla r0, r1, r5, r0
132d6 add.w r1, r4, r4, lsl #1
132da ldr r2, [pc, #304] ; =0x200028E4 ram_200028E4
132dc add.w r1, r2, r1, lsl #2
132e0 str r0, [r1, #4]
132e2 movs r7, #1
132e4 b.n 80132ee 
132e6 adds r0, r4, #1
132e8 uxtb r4, r0
132ea cmp r4, #10
132ec blt.n 80132bc 
132ee nop
132f0 cmp r7, #0
132f2 bne.n 801337a 
132f4 ldr r0, [pc, #268] ; =0x200000BC ram_200000BC
132f6 ldr r0, [r0, #0]
132f8 movs r1, #64 @ 0x40
132fa mla r0, r1, r5, r0
132fe ldr r1, [pc, #272] ; =0x200000BA ram_200000BA
13300 ldrb r1, [r1, #0]
13302 add.w r1, r1, r1, lsl #1
13306 ldr r2, [pc, #260] ; =0x200028E4 ram_200028E4
13308 str.w r0, [r2, r1, lsl #2]
1330c ldr r0, [pc, #244] ; =0x200000BC ram_200000BC
1330e ldr r0, [r0, #0]
13310 movs r1, #64 @ 0x40
13312 mla r0, r1, r5, r0
13316 ldr r1, [pc, #248] ; =0x200000BA ram_200000BA
13318 ldrb r1, [r1, #0]
1331a add.w r1, r1, r1, lsl #1
1331e add.w r1, r2, r1, lsl #2
13322 str r0, [r1, #4]
13324 ldr r0, [pc, #232] ; =0x200000BA ram_200000BA
13326 ldrb r0, [r0, #0]
13328 add.w r0, r0, r0, lsl #1
1332c mov r1, r2
1332e add.w r0, r1, r0, lsl #2
13332 strb r6, [r0, #8]
13334 movs r0, #90 @ 0x5a
13336 ldr r1, [pc, #216] ; =0x200000BA ram_200000BA
13338 ldrb r1, [r1, #0]
1333a add.w r1, r1, r1, lsl #1
1333e add.w r1, r2, r1, lsl #2
13342 strb r0, [r1, #9]
13344 ldr r0, [pc, #200] ; =0x200000BA ram_200000BA
13346 ldrb r0, [r0, #0]
13348 adds r0, r0, #1
1334a ldr r1, [pc, #196] ; =0x200000BA ram_200000BA
1334c strb r0, [r1, #0]
1334e mov r0, r1
13350 ldrb r0, [r0, #0]
13352 movs r1, #10
13354 sdiv r2, r0, r1
13358 mls r0, r1, r2, r0
1335c ldr r1, [pc, #176] ; =0x200000BA ram_200000BA
1335e strb r0, [r1, #0]
13360 mov r0, r1
13362 ldrb r0, [r0, #0]
13364 b.n 8013368 
13366 b.n 801339c 
13368 add r3, pc, #168 @ (adr r3, 8013414 ) ; =0x08013414 "u8NodeCnt = %d, u8Node = %ud, time = %ud"
1336a mov.w r2, #1056 @ 0x420
1336e add r1, pc, #208 @ (adr r1, 8013440 ) ; =0x08013440 "..\\src\\app\\app_lcr.c"
13370 stmia.w sp, {r0, r6, r8}
13374 movs r0, #0
13376 bl fn_08009EBC
1337a nop
1337c adds r0, r5, #1
1337e uxth r5, r0
13380 cmp r5, #64 @ 0x40
13382 blt.n 8013292 
13384 movs r1, #0
13386 ldr r0, [pc, #208] ; =0x2000009A ram_2000009A
13388 ldrb r0, [r0, #0]
1338a bl fn_0800A1F4
1338e ldr r0, [pc, #116] ; =0x200000BC ram_200000BC
13390 ldr r0, [r0, #0]
13392 add.w r0, r0, #1024 @ 0x400
13396 ldr r1, [pc, #108] ; =0x200000BC ram_200000BC
13398 str r0, [r1, #0]
1339a b.n 80133fa 
1339c add r3, pc, #188 @ (adr r3, 801345c ) ; =0x0801345C "-------Read Flash over!----------"
1339e mov.w r2, #1064 @ 0x428
133a2 add r1, pc, #156 @ (adr r1, 8013440 ) ; =0x08013440 "..\\src\\app\\app_lcr.c"
133a4 movs r0, #0
133a6 bl fn_08009EBC
133aa movs r4, #0
133ac b.n 80133f6 
133ae add.w r0, r4, r4, lsl #1
133b2 ldr r1, [pc, #88] ; =0x200028E4 ram_200028E4
133b4 add.w r0, r1, r0, lsl #2
133b8 ldrb r0, [r0, #9]
133ba cmp r0, #90 @ 0x5a
133bc bne.n 80133f2 
133be add.w r0, r4, r4, lsl #1
133c2 add.w r0, r1, r0, lsl #2
133c6 ldr r0, [r0, #4]
133c8 add.w r1, r4, r4, lsl #1
133cc ldr r2, [pc, #60] ; =0x200028E4 ram_200028E4
133ce ldr.w r1, [r2, r1, lsl #2]
133d2 add.w r2, r4, r4, lsl #1
133d6 ldr r3, [pc, #52] ; =0x200028E4 ram_200028E4
133d8 add.w r2, r3, r2, lsl #2
133dc ldrb r2, [r2, #8]
133de add r3, pc, #160 @ (adr r3, 8013480 ) ; =0x08013480 "u8Node = %d, u32FirstAddr = %x, u32LastAddr = %x"
133e0 strd r2, r1, [sp]
133e4 str r0, [sp, #8]
133e6 movw r2, #1069 @ 0x42d
133ea add r1, pc, #84 @ (adr r1, 8013440 ) ; =0x08013440 "..\\src\\app\\app_lcr.c"
133ec movs r0, #0
133ee bl fn_08009EBC
133f2 adds r0, r4, #1
133f4 uxtb r4, r0
133f6 cmp r4, #10
133f8 blt.n 80133ae 
133fa addw sp, sp, #1036 @ 0x40c
133fe ldmia.w sp!, {r4, r5, r6, r7, r8, r9, pc}
13402 movs r0, r0
13404 lsls r4, r7, #2
13406 movs r0, #0
13408 cmp r0, #152 @ 0x98
1340a movs r0, #0
1340c cmp r0, #228 @ 0xe4
1340e movs r0, #0
13410 lsls r2, r7, #2
13412 movs r0, #0
13414 subs r0, #117 @ 0x75
13416 ldr r6, [r1, #116] @ 0x74
13418 str r4, [r4, #84] @ 0x54
1341a ldr r3, [r0, #100] @ 0x64
1341c movs r0, #116 @ 0x74
1341e movs r0, #61 @ 0x3d
13420 str r5, [r4, #64] @ 0x40
13422 movs r0, #44 @ 0x2c
13424 subs r0, #117 @ 0x75
13426 ldr r6, [r1, #116] @ 0x74
13428 str r4, [r4, #84] @ 0x54
1342a subs r5, #32
1342c movs r5, #32
1342e str r5, [r6, #68] @ 0x44
13430 movs r0, #44 @ 0x2c
13432 ldr r4, [r6, #20]
13434 str r5, [r5, #84] @ 0x54
13436 subs r5, #32
13438 movs r5, #32
1343a str r5, [r6, #68] @ 0x44
1343c movs r0, r0
1343e movs r0, r0
13440 cmp r6, #46 @ 0x2e
13442 strb r4, [r3, #13]
13444 str r2, [r6, #52] @ 0x34
13446 str r4, [r3, #20]
13448 strb r0, [r6, #1]
1344a str r4, [r3, #20]
1344c strb r0, [r6, #1]
1344e ldr r7, [r3, #68] @ 0x44
13450 strb r3, [r4, #9]
13452 str r6, [r5, #48] @ 0x30
13454 movs r0, r0
13456 movs r0, r0
13458 lsls r2, r3, #2
1345a movs r0, #0
1345c cmp r5, #45 @ 0x2d
1345e cmp r5, #45 @ 0x2d
13460 cmp r5, #45 @ 0x2d
13462 strh r5, [r5, r0]
13464 str r5, [r4, #20]
13466 movs r0, #100 @ 0x64
13468 ldr r6, [r0, #68] @ 0x44
1346a strb r1, [r4, #13]
1346c movs r0, #104 @ 0x68
1346e strb r7, [r5, #25]
13470 strb r5, [r4, #9]
13472 cmp r5, #33 @ 0x21
13474 cmp r5, #45 @ 0x2d
13476 cmp r5, #45 @ 0x2d
13478 cmp r5, #45 @ 0x2d
1347a cmp r5, #45 @ 0x2d
1347c movs r5, r5
1347e movs r0, r0
13480 subs r0, #117 @ 0x75
13482 ldr r6, [r1, #116] @ 0x74
13484 str r4, [r4, #84] @ 0x54
13486 subs r5, #32
13488 movs r5, #32
1348a cmp r4, #100 @ 0x64
1348c strb r0, [r4, #20]
1348e adds r2, #51 @ 0x33
13490 ldr r6, [r0, #20]
13492 strb r2, [r6, #13]
13494 adcs r4, r6
13496 str r4, [r4, #68] @ 0x44
13498 movs r0, #114 @ 0x72
1349a movs r0, #61 @ 0x3d
1349c ldrb r5, [r4, #0]
1349e movs r0, #44 @ 0x2c
134a0 adds r3, #117 @ 0x75
134a2 ldr r4, [pc, #200] ; =0x48BC6001 
134a4 strb r1, [r4, #13]
134a6 adcs r4, r6
134a8 str r4, [r4, #68] @ 0x44
134aa movs r0, #114 @ 0x72
134ac movs r0, #61 @ 0x3d
134ae ldrb r5, [r4, #0]
134b0 movs r0, r0
134b2 movs r0, r0

; ===== fn_080134B4  (called 0 x)
134b4 push {r4, r5, r6, lr}
134b6 mov r4, r0
134b8 mov r5, r1
134ba bl fn_0800B6D4
134be pop {r4, r5, r6, pc}

; ===== fn_080134C0  (called 0 x)
134c0 stmdb sp!, {r4, r5, r6, r7, r8, r9, sl, fp, lr}
134c4 sub sp, #44 @ 0x2c
134c6 movs r5, #0
134c8 movs r4, #0
134ca movs r7, #0
134cc movs r0, #0
134ce str r0, [sp, #40] @ 0x28
134d0 mov r8, r0
134d2 subs r0, r0, #1
134d4 str r0, [sp, #36] @ 0x24
134d6 mov.w sl, #0
134da movs r6, #0
134dc mov.w r9, #0
134e0 nop
134e2 b.n 8013850 
134e4 add.w r0, r5, r5, lsl #1
134e8 rsb r0, r0, r5, lsl #5
134ec ldr r1, [pc, #876] ; =0x200026A8 ram_200026A8
134ee ldrb.w r0, [r1, r0, lsl #2]
134f2 cbnz r0, 80134f6 
134f4 b.n 801384c 
134f6 movs r0, #0
134f8 add.w r1, r5, r5, lsl #1
134fc rsb r1, r1, r5, lsl #5
13500 ldr r2, [pc, #856] ; =0x200026A8 ram_200026A8
13502 strb.w r0, [r2, r1, lsl #2]
13506 bl fn_0800B390
1350a mov fp, r0
1350c add r0, sp, #16
1350e bl fn_080090A8
13512 mov r9, r0
13514 cmp.w r9, #0
13518 beq.n 8013522 
1351a movs r1, #20
1351c add r0, sp, #16
1351e bl fn_08008246
13522 ldr r0, [pc, #828] ; =0x20002790 ram_20002790
13524 ldrb r1, [r0, #0]
13526 adds r0, r0, #1
13528 add r0, r1
1352a str.w fp, [r0]
1352e ldr r0, [pc, #816] ; =0x20002790 ram_20002790
13530 ldrb r0, [r0, #0]
13532 adds r0, r0, #4
13534 ldr r1, [pc, #808] ; =0x20002790 ram_20002790
13536 strb r0, [r1, #0]
13538 add.w r2, r5, r5, lsl #1
1353c rsb r2, r2, r5, lsl #5
13540 ldr r3, [pc, #792] ; =0x200026A8 ram_200026A8
13542 add.w r2, r3, r2, lsl #2
13546 add.w r1, r2, #68 @ 0x44
1354a ldr r2, [pc, #788] ; =0x20002790 ram_20002790
1354c ldrb r3, [r2, #0]
1354e adds r2, r2, #1
13550 adds r0, r3, r2
13552 movs r2, #24
13554 bl fn_08008214
13558 ldr r0, [pc, #772] ; =0x20002790 ram_20002790
1355a ldrb r0, [r0, #0]
1355c adds r0, #24
1355e ldr r1, [pc, #768] ; =0x20002790 ram_20002790
13560 strb r0, [r1, #0]
13562 mov r0, r1
13564 ldrb r1, [r0, #0]
13566 adds r0, r0, #1
13568 add r0, r1
1356a ldr r1, [sp, #16]
1356c str r1, [r0, #0]
1356e ldr r0, [pc, #752] ; =0x20002790 ram_20002790
13570 ldrb r0, [r0, #0]
13572 adds r0, r0, #4
13574 ldr r1, [pc, #744] ; =0x20002790 ram_20002790
13576 strb r0, [r1, #0]
13578 mov r0, r1
1357a ldrb r1, [r0, #0]
1357c adds r0, r0, #1
1357e add r0, r1
13580 ldr r1, [sp, #24]
13582 str r1, [r0, #0]
13584 ldr r0, [pc, #728] ; =0x20002790 ram_20002790
13586 ldrb r0, [r0, #0]
13588 adds r0, r0, #4
1358a ldr r1, [pc, #724] ; =0x20002790 ram_20002790
1358c strb r0, [r1, #0]
1358e mov r0, r1
13590 ldrb r1, [r0, #0]
13592 adds r0, r0, #1
13594 add r0, r1
13596 ldr r1, [sp, #20]
13598 str r1, [r0, #0]
1359a ldr r0, [pc, #708] ; =0x20002790 ram_20002790
1359c ldrb r0, [r0, #0]
1359e adds r0, r0, #4
135a0 ldr r1, [pc, #700] ; =0x20002790 ram_20002790
135a2 strb r0, [r1, #0]
135a4 mov r0, r1
135a6 ldrb r1, [r0, #0]
135a8 adds r0, r0, #1
135aa add r0, r1
135ac ldr r1, [sp, #28]
135ae str r1, [r0, #0]
135b0 ldr r0, [pc, #684] ; =0x20002790 ram_20002790
135b2 ldrb r0, [r0, #0]
135b4 adds r0, r0, #4
135b6 ldr r1, [pc, #680] ; =0x20002790 ram_20002790
135b8 strb r0, [r1, #0]
135ba add.w r0, r5, r5, lsl #1
135be rsb r0, r0, r5, lsl #5
135c2 ldr r1, [pc, #664] ; =0x200026A8 ram_200026A8
135c4 add.w r0, r1, r0, lsl #2
135c8 ldrb r1, [r0, #1]
135ca ldr r0, [pc, #660] ; =0x20002790 ram_20002790
135cc ldrb r2, [r0, #0]
135ce ldrb r0, [r0, #0]
135d0 adds r0, r0, #1
135d2 ldr r3, [pc, #652] ; =0x20002790 ram_20002790
135d4 strb r0, [r3, #0]
135d6 adds r0, r3, #1
135d8 strb r1, [r0, r2]
135da movs r1, #90 @ 0x5a
135dc subs r0, r0, #1
135de ldrb r2, [r0, #0]
135e0 ldrb r0, [r0, #0]
135e2 adds r0, r0, #1
135e4 strb r0, [r3, #0]
135e6 adds r0, r3, #1
135e8 strb r1, [r0, r2]
135ea subs r0, r0, #1
135ec ldrb r0, [r0, #0]
135ee adds r0, #18
135f0 mov r1, r3
135f2 strb r0, [r1, #0]
135f4 mov r0, r1
135f6 ldrb r0, [r0, #0]
135f8 cbnz r0, 8013616 
135fa add.w r1, r5, r5, lsl #1
135fe rsb r1, r1, r5, lsl #5
13602 ldr r2, [pc, #600] ; =0x200026A8 ram_200026A8
13604 add.w r1, r2, r1, lsl #2
13608 adds r0, r1, #4
1360a movs r2, #64 @ 0x40
1360c add.w r1, r3, #193 @ 0xc1
13610 bl fn_08008214
13614 b.n 8013638 
13616 ldr r2, [pc, #584] ; =0x20002790 ram_20002790
13618 ldrb r2, [r2, #0]
1361a subs r2, #64 @ 0x40
1361c ldr r3, [pc, #576] ; =0x20002790 ram_20002790
1361e adds r3, r3, #1
13620 adds r1, r2, r3
13622 add.w r2, r5, r5, lsl #1
13626 rsb r2, r2, r5, lsl #5
1362a ldr r3, [pc, #560] ; =0x200026A8 ram_200026A8
1362c add.w r2, r3, r2, lsl #2
13630 adds r0, r2, #4
13632 movs r2, #64 @ 0x40
13634 bl fn_08008214
13638 ldr r0, [pc, #548] ; =0x20002790 ram_20002790
1363a ldr.w r0, [r0, #260] @ 0x104
1363e add.w r0, r0, #4096 @ 0x1000
13642 cmp.w r0, #33554432 @ 0x2000000
13646 bcc.n 8013658 
13648 movs r0, #0
1364a ldr r1, [pc, #536] ; =0x20002898 ram_20002898
1364c str r0, [r1, #12]
1364e ldr r1, [pc, #528] ; =0x20002790 ram_20002790
13650 str.w r0, [r1, #260] @ 0x104
13654 ldr r1, [pc, #524] ; =0x20002898 ram_20002898
13656 str r0, [r1, #8]
13658 ldr r0, [pc, #516] ; =0x20002790 ram_20002790
1365a ldr.w r0, [r0, #260] @ 0x104
1365e add.w r6, r0, #4096 @ 0x1000
13662 ldr r0, [pc, #512] ; =0x20002898 ram_20002898
13664 ldr r0, [r0, #16]
13666 adds r0, r0, #1
13668 ldr r1, [pc, #504] ; =0x20002898 ram_20002898
1366a str r0, [r1, #16]
1366c movs r4, #0
1366e b.n 80136b4 
13670 add.w r0, r4, r4, lsl #1
13674 ldr r1, [pc, #496] ; =0x200028E4 ram_200028E4
13676 add.w r0, r1, r0, lsl #2
1367a ldrb r0, [r0, #8]
1367c add.w r1, r5, r5, lsl #1
13680 rsb r1, r1, r5, lsl #5
13684 ldr r2, [pc, #468] ; =0x200026A8 ram_200026A8
13686 add.w r1, r2, r1, lsl #2
1368a ldrb r1, [r1, #1]
1368c cmp r0, r1
1368e bne.n 80136b0 
13690 add.w r0, r4, r4, lsl #1
13694 ldr r1, [pc, #464] ; =0x200028E4 ram_200028E4
13696 add.w r0, r1, r0, lsl #2
1369a str r6, [r0, #4]
1369c movs r0, #90 @ 0x5a
1369e add.w r1, r4, r4, lsl #1
136a2 ldr r2, [pc, #452] ; =0x200028E4 ram_200028E4
136a4 add.w r1, r2, r1, lsl #2
136a8 strb r0, [r1, #9]
136aa mov.w r8, #1
136ae b.n 80136b8 
136b0 adds r0, r4, #1
136b2 uxtb r4, r0
136b4 cmp r4, #10
136b6 blt.n 8013670 
136b8 nop
136ba cmp.w r8, #0
136be bne.n 8013774 
136c0 movs r4, #0
136c2 b.n 8013742 
136c4 add.w r0, r4, r4, lsl #1
136c8 ldr r1, [pc, #412] ; =0x200028E4 ram_200028E4
136ca add.w r0, r1, r0, lsl #2
136ce ldrb r0, [r0, #9]
136d0 cmp r0, #90 @ 0x5a
136d2 beq.n 8013714 
136d4 add.w r0, r4, r4, lsl #1
136d8 str.w r6, [r1, r0, lsl #2]
136dc add.w r0, r4, r4, lsl #1
136e0 add.w r0, r1, r0, lsl #2
136e4 str r6, [r0, #4]
136e6 add.w r0, r5, r5, lsl #1
136ea rsb r0, r0, r5, lsl #5
136ee ldr r1, [pc, #364] ; =0x200026A8 ram_200026A8
136f0 add.w r0, r1, r0, lsl #2
136f4 ldrb r0, [r0, #1]
136f6 add.w r1, r4, r4, lsl #1
136fa ldr r2, [pc, #364] ; =0x200028E4 ram_200028E4
136fc add.w r1, r2, r1, lsl #2
13700 strb r0, [r1, #8]
13702 movs r0, #90 @ 0x5a
13704 add.w r1, r4, r4, lsl #1
13708 add.w r1, r2, r1, lsl #2
1370c strb r0, [r1, #9]
1370e mov.w r8, #1
13712 b.n 8013746 
13714 add.w r0, r4, r4, lsl #1
13718 ldr r2, [pc, #332] ; =0x200028E4 ram_200028E4
1371a add.w r0, r2, r0, lsl #2
1371e movs r2, #4
13720 ldr r1, [r0, #4]
13722 add r0, sp, #40 @ 0x28
13724 bl fn_08015614
13728 ldr.w sl, [sp, #40] @ 0x28
1372c ldr r0, [sp, #36] @ 0x24
1372e cmp sl, r0
13730 bcs.n 8013738 
13732 str.w sl, [sp, #36] @ 0x24
13736 mov r7, r4
13738 movs r0, #50 @ 0x32
1373a bl fn_0800A6C0
1373e adds r0, r4, #1
13740 uxtb r4, r0
13742 cmp r4, #10
13744 blt.n 80136c4 
13746 nop
13748 cmp.w r8, #0
1374c bne.n 8013774 
1374e add.w r0, r7, r7, lsl #1
13752 ldr r1, [pc, #276] ; =0x200028E4 ram_200028E4
13754 str.w r6, [r1, r0, lsl #2]
13758 add.w r0, r7, r7, lsl #1
1375c add.w r0, r1, r0, lsl #2
13760 str r6, [r0, #4]
13762 movs r0, #90 @ 0x5a
13764 add.w r1, r7, r7, lsl #1
13768 ldr r2, [pc, #252] ; =0x200028E4 ram_200028E4
1376a add.w r1, r2, r1, lsl #2
1376e strb r0, [r1, #9]
13770 mov.w r8, #1
13774 ldr r0, [pc, #232] ; =0x20002790 ram_20002790
13776 ldrb r0, [r0, #0]
13778 cmp r0, #0
1377a bne.n 801384a 
1377c ubfx r0, r6, #0, #12
13780 cmp r0, #0
13782 bne.n 8013804 
13784 bl fn_0801572C
13788 movs r0, #10
1378a bl fn_0800A6C0
1378e mov.w r0, #2779096485 @ 0xa5a5a5a5
13792 ldr r1, [pc, #208] ; =0x20002898 ram_20002898
13794 str r0, [r1, #20]
13796 movs r2, #24
13798 movs r1, #0
1379a ldr r0, [pc, #200] ; =0x20002898 ram_20002898
1379c bl fn_08015874
137a0 movs r0, #10
137a2 bl fn_0800A6C0
137a6 mov r0, r6
137a8 bl fn_0801572C
137ac movs r0, #10
137ae bl fn_0800A6C0
137b2 ldr r0, [pc, #176] ; =0x20002898 ram_20002898
137b4 ldr r0, [r0, #8]
137b6 ldr r1, [pc, #172] ; =0x20002898 ram_20002898
137b8 ldr r1, [r1, #12]
137ba cmp r0, r1
137bc bne.n 80137ee 
137be ldr r0, [pc, #164] ; =0x20002898 ram_20002898
137c0 ldr r0, [r0, #16]
137c2 cmp.w r0, #300 @ 0x12c
137c6 bls.n 80137ee 
137c8 ldr r0, [pc, #152] ; =0x20002898 ram_20002898
137ca ldr r0, [r0, #8]
137cc add.w r0, r0, #4096 @ 0x1000
137d0 ldr r1, [pc, #144] ; =0x20002898 ram_20002898
137d2 str r0, [r1, #8]
137d4 mov r0, r1
137d6 ldr r0, [r0, #16]
137d8 subs r0, #64 @ 0x40
137da str r0, [r1, #16]
137dc mov r0, r1
137de ldr r0, [r0, #4]
137e0 ldr r1, [r1, #8]
137e2 cmp r0, r1
137e4 bhi.n 80137ee 
137e6 ldr r0, [pc, #124] ; =0x20002898 ram_20002898
137e8 ldr r0, [r0, #8]
137ea ldr r1, [pc, #120] ; =0x20002898 ram_20002898
137ec str r0, [r1, #4]
137ee ldr r0, [pc, #116] ; =0x20002898 ram_20002898
137f0 ldr r0, [r0, #16]
137f2 add r3, pc, #120 @ (adr r3, 801386c ) ; =0x0801386C "sector_erase, ADDR: %x, u32DataCnt = %d"
137f4 movw r2, #2088 @ 0x828
137f8 add r1, pc, #152 @ (adr r1, 8013894 ) ; =0x08013894 "..\\src\\app\\app_lcr.c"
137fa strd r6, r0, [sp]
137fe movs r0, #1
13800 bl fn_08009EBC
13804 mov.w r2, #256 @ 0x100
13808 mov r1, r6
1380a ldr r0, [pc, #84] ; =0x20002790 ram_20002790
1380c adds r0, r0, #1
1380e bl fn_08015874
13812 ldr r0, [pc, #76] ; =0x20002790 ram_20002790
13814 ldr.w r0, [r0, #260] @ 0x104
13818 add.w r0, r0, #256 @ 0x100
1381c ldr r1, [pc, #64] ; =0x20002790 ram_20002790
1381e str.w r0, [r1, #260] @ 0x104
13822 mov r0, r1
13824 ldr.w r0, [r0, #260] @ 0x104
13828 ldr r1, [pc, #56] ; =0x20002898 ram_20002898
1382a str r0, [r1, #12]
1382c mov r0, r1
1382e ldr r1, [r0, #16]
13830 ldr r0, [r0, #12]
13832 ldr r2, [pc, #48] ; =0x20002898 ram_20002898
13834 ldr r2, [r2, #8]
13836 add r3, pc, #116 @ (adr r3, 80138ac ) ; =0x080138AC "u32StartAddr = %x, u32EndAddr: %x, u32DataCnt = %d"
13838 strd r2, r0, [sp]
1383c str r1, [sp, #8]
1383e movw r2, #2093 @ 0x82d
13842 add r1, pc, #80 @ (adr r1, 8013894 ) ; =0x08013894 "..\\src\\app\\app_lcr.c"
13844 movs r0, #1
13846 bl fn_08009EBC
1384a nop
1384c adds r0, r5, #1
1384e uxtb r5, r0
13850 cmp r5, #2
13852 blt.w 80134e4 
13856 add sp, #44 @ 0x2c
13858 ldmia.w sp!, {r4, r5, r6, r7, r8, r9, sl, fp, pc}
1385c movs r6, #168 @ 0xa8
1385e movs r0, #0
13860 movs r7, #144 @ 0x90
13862 movs r0, #0
13864 cmp r0, #152 @ 0x98
13866 movs r0, #0
13868 cmp r0, #228 @ 0xe4
1386a movs r0, #0
1386c str r3, [r6, #84] @ 0x54
1386e strb r3, [r4, #17]
13870 strb r7, [r5, #9]
13872 str r7, [r3, #84] @ 0x54
13874 str r2, [r6, #20]
13876 str r3, [r6, #84] @ 0x54
13878 movs r0, #44 @ 0x2c
1387a add r1, r8
1387c strh r4, [r0, r1]
1387e movs r0, #58 @ 0x3a
13880 ldrb r5, [r4, #0]
13882 movs r0, #44 @ 0x2c
13884 adds r3, #117 @ 0x75
13886 add r2, r6
13888 strb r1, [r4, #17]
1388a muls r1, r4
1388c strb r6, [r5, #17]
1388e subs r5, #32
13890 movs r5, #32
13892 lsls r4, r4, #1
13894 cmp r6, #46 @ 0x2e
13896 strb r4, [r3, #13]
13898 str r2, [r6, #52] @ 0x34
1389a str r4, [r3, #20]
1389c strb r0, [r6, #1]
1389e str r4, [r3, #20]
138a0 strb r0, [r6, #1]
138a2 ldr r7, [r3, #68] @ 0x44
138a4 strb r3, [r4, #9]
138a6 str r6, [r5, #48] @ 0x30
138a8 movs r0, r0
138aa movs r0, r0
138ac adds r3, #117 @ 0x75
138ae strh r2, [r6, r4]
138b0 str r4, [r6, #20]
138b2 strb r2, [r6, #17]
138b4 str r1, [r0, #68] @ 0x44
138b6 strb r4, [r4, #9]
138b8 subs r5, #32
138ba movs r5, #32
138bc cmp r4, #120 @ 0x78
138be strb r0, [r4, #20]
138c0 adds r2, #51 @ 0x33
138c2 ldr r5, [r0, #100] @ 0x64
138c4 adcs r4, r4
138c6 str r4, [r4, #68] @ 0x44
138c8 subs r2, #114 @ 0x72
138ca movs r5, #32
138cc cmp r4, #120 @ 0x78
138ce strb r0, [r4, #20]
138d0 adds r2, #51 @ 0x33
138d2 str r4, [r0, #20]
138d4 str r4, [r6, #20]
138d6 ldr r3, [r0, #100] @ 0x64
138d8 movs r0, #116 @ 0x74
138da movs r0, #61 @ 0x3d
138dc str r5, [r4, #64] @ 0x40
138de movs r0, r0

; ===== fn_080138E0  (called 0 x)
138e0 push {r4, lr}
138e2 sub sp, #64 @ 0x40
138e4 mov r4, r0
138e6 movs r2, #60 @ 0x3c
138e8 ldr r1, [pc, #68] ; =0x0801B430 rom_0801B430
138ea add r0, sp, #4
138ec bl fn_08008214
138f0 ldr r0, [pc, #64] ; =0x20002898 ram_20002898
138f2 ldr r1, [pc, #68] ; =0x2000009D ram_2000009D
138f4 ldrb r1, [r1, #0]
138f6 ldrb r0, [r0, r1]
138f8 ldr r1, [pc, #64] ; =0x2000009C ram_2000009C
138fa ldrb r1, [r1, #0]
138fc add.w r1, r1, r1, lsl #2
13900 add r2, sp, #4
13902 add.w r1, r2, r1, lsl #1
13906 strb r0, [r1, #2]
13908 ldr r1, [pc, #48] ; =0x2000009C ram_2000009C
1390a ldrb r1, [r1, #0]
1390c add.w r1, r1, r1, lsl #2
13910 add.w r0, r2, r1, lsl #1
13914 movs r1, #10
13916 bl fn_08013948
1391a ldr r0, [pc, #36] ; =0x2000009B ram_2000009B
1391c ldrb r0, [r0, #0]
1391e cmp r0, #2
13920 bne.n 801392a 
13922 ldr r0, [pc, #32] ; =0x20000091 ram_20000091
13924 ldrb r0, [r0, #0]
13926 bl fn_0800B97C
1392a add sp, #64 @ 0x40
1392c pop {r4, pc}
1392e movs r0, r0
13930 push {r4, r5}
13932 lsrs r1, r0, #32
13934 cmp r0, #152 @ 0x98
13936 movs r0, #0
13938 lsls r5, r3, #2
1393a movs r0, #0
1393c lsls r4, r3, #2
1393e movs r0, #0
13940 lsls r3, r3, #2
13942 movs r0, #0
13944 lsls r1, r2, #2
13946 movs r0, #0

; ===== fn_08013948  (called 13 x)
13948 push {r4, r5, r6, lr}
1394a sub sp, #344 @ 0x158
1394c mov r5, r0
1394e mov r4, r1
13950 mov.w r1, #256 @ 0x100
13954 add r0, sp, #24
13956 bl fn_08008246
1395a movs r0, #0
1395c str r0, [sp, #4]
1395e movs r6, #0
13960 nop
13962 mov r2, r4
13964 mov r1, r5
13966 add r0, sp, #280 @ 0x118
13968 bl fn_08008214
1396c mov r3, r4
1396e add r2, sp, #280 @ 0x118
13970 add r1, sp, #4
13972 add r0, sp, #8
13974 bl fn_08010B4C
13978 ldr r0, [pc, #140] ; =0x20002898 ram_20002898
1397a ldrb r0, [r0, #0]
1397c ldrb.w r1, [sp, #282] @ 0x11a
13980 cmp r0, r1
13982 bne.n 801399e 
13984 ldr r0, [pc, #132] ; =0x200000AB ram_200000AB
13986 ldrb r0, [r0, #0]
13988 cbz r0, 8013990 
1398a movs r0, #12
1398c bl fn_0800A7BC
13990 ldrb.w r2, [sp, #4]
13994 add r1, sp, #8
13996 movs r0, #1
13998 bl fn_0800A924
1399c b.n 80139dc 
1399e ldr r0, [pc, #104] ; =0x20002898 ram_20002898
139a0 ldrb r0, [r0, #1]
139a2 ldrb.w r1, [sp, #282] @ 0x11a
139a6 cmp r0, r1
139a8 bne.n 80139c4 
139aa ldr r0, [pc, #96] ; =0x200000AB ram_200000AB
139ac ldrb r0, [r0, #0]
139ae cbz r0, 80139b6 
139b0 movs r0, #13
139b2 bl fn_0800A7BC
139b6 ldrb.w r2, [sp, #4]
139ba add r1, sp, #8
139bc movs r0, #2
139be bl fn_0800A924
139c2 b.n 80139dc 
139c4 ldrb.w r0, [sp, #282] @ 0x11a
139c8 add r3, pc, #68 @ (adr r3, 8013a10 ) ; =0x08013A10 "---ERR_PARAM_INVALID---%d"
139ca movw r2, #475 @ 0x1db
139ce add r1, pc, #92 @ (adr r1, 8013a2c ) ; =0x08013A2C "..\\src\\app\\app_lcr.c"
139d0 str r0, [sp, #0]
139d2 movs r0, #1
139d4 bl fn_08009EBC
139d8 movs r6, #5
139da b.n 8013a00 
139dc ldrb.w r3, [sp, #4]
139e0 add r2, sp, #8
139e2 mov.w r1, #256 @ 0x100
139e6 add r0, sp, #24
139e8 bl fn_0800C390
139ec add r0, sp, #24
139ee add r3, pc, #84 @ (adr r3, 8013a44 ) ; =0x08013A44 "---lcr2 send data-%s"
139f0 mov.w r2, #480 @ 0x1e0
139f4 add r1, pc, #52 @ (adr r1, 8013a2c ) ; =0x08013A2C "..\\src\\app\\app_lcr.c"
139f6 str r0, [sp, #0]
139f8 movs r0, #0
139fa bl fn_08009EBC
139fe nop
13a00 nop
13a02 mov r0, r6
13a04 add sp, #344 @ 0x158
13a06 pop {r4, r5, r6, pc}
13a08 cmp r0, #152 @ 0x98
13a0a movs r0, #0
13a0c lsls r3, r5, #2
13a0e movs r0, #0
13a10 cmp r5, #45 @ 0x2d
13a12 cmp r5, r5
13a14 strh r2, [r2, r1]
13a16 str r7, [r3, r1]
13a18 strh r1, [r0, r1]
13a1a ldr r5, [pc, #260] ; =0xFF36F7F8 
13a1c ldr r1, [pc, #380] ; =0xF7F8A149 
13a1e ldrsb r6, [r1, r1]
13a20 ldr r4, [pc, #260] ; =0xB2C5FBB7 
13a22 add r1, r9
13a24 cmp r5, #45 @ 0x2d
13a26 movs r5, #45 @ 0x2d
13a28 lsls r4, r4, #1
13a2a movs r0, r0
13a2c cmp r6, #46 @ 0x2e
13a2e strb r4, [r3, #13]
13a30 str r2, [r6, #52] @ 0x34
13a32 str r4, [r3, #20]
13a34 strb r0, [r6, #1]
13a36 str r4, [r3, #20]
13a38 strb r0, [r6, #1]
13a3a ldr r7, [r3, #68] @ 0x44
13a3c strb r3, [r4, #9]
13a3e str r6, [r5, #48] @ 0x30
13a40 movs r0, r0
13a42 movs r0, r0
13a44 cmp r5, #45 @ 0x2d
13a46 ldr r5, [r5, #64] @ 0x40
13a48 strb r3, [r4, #9]
13a4a movs r0, #50 @ 0x32
13a4c str r3, [r6, #84] @ 0x54
13a4e str r6, [r5, #68] @ 0x44
13a50 str r0, [r4, #64] @ 0x40
13a52 strb r1, [r4, #17]
13a54 cmp r5, #97 @ 0x61
13a56 strb r5, [r4, #12]
13a58 movs r0, r0
13a5a movs r0, r0

; ===== fn_08013A5C  (called 40 x)
13a5c push {r4, r5, r6, lr}
13a5e mov r4, r0
13a60 mov r5, r1
13a62 movs r6, #0
13a64 bl fn_08008E88
13a68 mov r6, r0
13a6a cbz r6, 8013a76 
13a6c cmp r6, #1
13a6e beq.n 8013a80 
13a70 cmp r6, #2
13a72 bne.n 8013a94 
13a74 b.n 8013a8a 
13a76 mov r1, r5
13a78 mov r0, r4
13a7a bl fn_08008ADC
13a7e b.n 8013a96 
13a80 mov r1, r5
13a82 mov r0, r4
13a84 bl fn_0800934C
13a88 b.n 8013a96 
13a8a mov r1, r5
13a8c mov r0, r4
13a8e bl fn_0800923C
13a92 b.n 8013a96 
13a94 nop
13a96 nop
13a98 pop {r4, r5, r6, pc}
13a9a movs r0, r0

; ===== fn_08013A9C  (called 0 x)
13a9c stmdb sp!, {r4, r5, r6, r7, r8, r9, lr}
13aa0 sub sp, #276 @ 0x114
13aa2 mov r9, r0
13aa4 movs r6, #0
13aa6 movs r5, #0
13aa8 movs r4, #0
13aaa add r0, pc, #492 @ (adr r0, 8013c98 ) ; =0x08013C98 rom_08013C98
13aac ldr r0, [r0, #0]
13aae str r0, [sp, #8]
13ab0 ldr r0, [pc, #488] ; =0x20002898 ram_20002898
13ab2 ldr r0, [r0, #4]
13ab4 add.w r6, r0, #4096 @ 0x1000
13ab8 movs r2, #64 @ 0x40
13aba mov r1, r6
13abc add r0, sp, #140 @ 0x8c
13abe bl fn_08015614
13ac2 movs r2, #64 @ 0x40
13ac4 add r1, sp, #140 @ 0x8c
13ac6 add r0, sp, #208 @ 0xd0
13ac8 bl fn_08008214
13acc movs r1, #128 @ 0x80
13ace add r0, sp, #12
13ad0 bl fn_08008246
13ad4 add r2, pc, #456 @ (adr r2, 8013ca0 ) ; =0x08013CA0 "LxGetDataTs "
13ad6 ldrd r1, r0, [r2]
13ada ldr r2, [r2, #8]
13adc strd r0, r2, [sp, #16]
13ae0 str r1, [sp, #12]
13ae2 add r0, sp, #12
13ae4 bl fn_08008298
13ae8 uxtb r5, r0
13aea add r1, sp, #12
13aec adds r0, r1, r5
13aee ldr r1, [pc, #448] ; =0x200000A3 ram_200000A3
13af0 ldrb r2, [r1, #0]
13af2 add r1, pc, #448 @ (adr r1, 8013cb4 ) ; =0x08013CB4 "%d,"
13af4 bl fn_0800C990
13af8 add r0, sp, #12
13afa bl fn_08008298
13afe uxtb r5, r0
13b00 ldr r1, [pc, #408] ; =0x20002898 ram_20002898
13b02 ldr r1, [r1, #4]
13b04 lsrs r2, r1, #6
13b06 add r1, sp, #12
13b08 adds r0, r1, r5
13b0a add r1, pc, #424 @ (adr r1, 8013cb4 ) ; =0x08013CB4 "%d,"
13b0c bl fn_0800C990
13b10 add r0, sp, #12
13b12 bl fn_08008298
13b16 uxtb r5, r0
13b18 add r1, sp, #12
13b1a adds r0, r1, r5
13b1c add r1, pc, #404 @ (adr r1, 8013cb4 ) ; =0x08013CB4 "%d,"
13b1e ldr r2, [sp, #208] @ 0xd0
13b20 bl fn_0800C990
13b24 add r0, sp, #12
13b26 bl fn_08008298
13b2a uxtb r5, r0
13b2c movs r4, #1
13b2e b.n 8013bae 
13b30 add r0, sp, #208 @ 0xd0
13b32 ldr.w r0, [r0, r4, lsl #2]
13b36 cmp.w r0, #2147483648 @ 0x80000000
13b3a bcc.n 8013b40 
13b3c cmp r4, #2
13b3e blt.n 8013b6a 
13b40 add r0, sp, #208 @ 0xd0
13b42 ldr.w r0, [r0, r4, lsl #2]
13b46 movs r1, #10
13b48 udiv r2, r0, r1
13b4c mls r7, r1, r2, r0
13b50 add r0, sp, #208 @ 0xd0
13b52 ldr.w r0, [r0, r4, lsl #2]
13b56 udiv r8, r0, r1
13b5a add r1, sp, #12
13b5c adds r0, r1, r5
13b5e mov r3, r7
13b60 mov r2, r8
13b62 add r1, pc, #340 @ (adr r1, 8013cb8 ) ; =0x08013CB8 "%d.%01d,"
13b64 bl fn_0800C990
13b68 b.n 8013ba2 
13b6a add r0, sp, #208 @ 0xd0
13b6c ldr.w r0, [r0, r4, lsl #2]
13b70 mvns r0, r0
13b72 adds r0, r0, #1
13b74 add r1, sp, #208 @ 0xd0
13b76 str.w r0, [r1, r4, lsl #2]
13b7a add r0, sp, #208 @ 0xd0
13b7c ldr.w r0, [r0, r4, lsl #2]
13b80 movs r1, #10
13b82 udiv r2, r0, r1
13b86 mls r7, r1, r2, r0
13b8a add r0, sp, #208 @ 0xd0
13b8c ldr.w r0, [r0, r4, lsl #2]
13b90 udiv r8, r0, r1
13b94 add r1, sp, #12
13b96 adds r0, r1, r5
13b98 mov r3, r7
13b9a mov r2, r8
13b9c add r1, pc, #292 @ (adr r1, 8013cc4 ) ; =0x08013CC4 "-%d.%01d,"
13b9e bl fn_0800C990
13ba2 add r0, sp, #12
13ba4 bl fn_08008298
13ba8 uxtb r5, r0
13baa adds r0, r4, #1
13bac uxtb r4, r0
13bae cmp r4, #7
13bb0 blt.n 8013b30 
13bb2 ldr r0, [sp, #236] @ 0xec
13bb4 and.w r0, r0, #1
13bb8 adds r0, r0, #2
13bba add r1, sp, #8
13bbc ldrb r0, [r1, r0]
13bbe str r0, [sp, #0]
13bc0 ldrd r1, r3, [sp, #236] @ 0xec
13bc4 lsrs r2, r1, #1
13bc6 add r1, sp, #12
13bc8 adds r0, r1, r5
13bca add r1, pc, #260 @ (adr r1, 8013cd0 ) ; =0x08013CD0 "%d.%d,%c,"
13bcc bl fn_0800C990
13bd0 add r0, sp, #12
13bd2 bl fn_08008298
13bd6 uxtb r5, r0
13bd8 ldr r0, [sp, #244] @ 0xf4
13bda and.w r0, r0, #1
13bde add r1, sp, #8
13be0 ldrb r0, [r1, r0]
13be2 str r0, [sp, #0]
13be4 ldrd r1, r3, [sp, #244] @ 0xf4
13be8 lsrs r2, r1, #1
13bea add r1, sp, #12
13bec adds r0, r1, r5
13bee add r1, pc, #236 @ (adr r1, 8013cdc ) ; =0x08013CDC "%d.%d,%c"
13bf0 bl fn_0800C990
13bf4 add r0, sp, #12
13bf6 bl fn_08008298
13bfa uxtb r5, r0
13bfc ldr r1, [pc, #232] ; =0x200000A4 ram_200000A4
13bfe ldr r0, [sp, #208] @ 0xd0
13c00 ldr r1, [r1, #0]
13c02 cmp r0, r1
13c04 bhi.n 8013c5e 
13c06 ldr r1, [pc, #228] ; =0x64BB5A80 
13c08 ldr r0, [sp, #208] @ 0xd0
13c0a cmp r0, r1
13c0c bls.n 8013c5e 
13c0e movs r0, #1
13c10 ldr r1, [pc, #220] ; =0x200000A8 ram_200000A8
13c12 strb r0, [r1, #0]
13c14 ldr r0, [pc, #132] ; =0x20002898 ram_20002898
13c16 ldr r0, [r0, #4]
13c18 adds r0, #64 @ 0x40
13c1a ldr r1, [pc, #128] ; =0x20002898 ram_20002898
13c1c str r0, [r1, #4]
13c1e movs r2, #59 @ 0x3b
13c20 mov r0, r5
13c22 adds r1, r5, #1
13c24 uxtb r5, r1
13c26 add r1, sp, #12
13c28 strb r2, [r1, r0]
13c2a ldrb.w r0, [sp, #184] @ 0xb8
13c2e ldr r1, [pc, #128] ; =0x200000A3 ram_200000A3
13c30 ldrb r1, [r1, #0]
13c32 cmp r0, r1
13c34 bne.n 8013c4a 
13c36 ldr r0, [pc, #188] ; =0x200000B8 ram_200000B8
13c38 ldrh r0, [r0, #0]
13c3a adds r0, r0, #1
13c3c ldr r1, [pc, #180] ; =0x200000B8 ram_200000B8
13c3e strh r0, [r1, #0]
13c40 mov r1, r5
13c42 add r0, sp, #12
13c44 bl fn_08013A5C
13c48 b.n 8013c90 
13c4a ldr r0, [pc, #164] ; =0x200000A8 ram_200000A8
13c4c ldrb r0, [r0, #0]
13c4e cmp r0, #1
13c50 bne.n 8013c90 
13c52 movs r1, #0
13c54 ldr r0, [pc, #160] ; =0x20000099 ram_20000099
13c56 ldrb r0, [r0, #0]
13c58 bl fn_0800A1F4
13c5c b.n 8013c90 
13c5e ldr r0, [pc, #148] ; =0x200000B8 ram_200000B8
13c60 ldrh r0, [r0, #0]
13c62 cbnz r0, 8013c7e 
13c64 movs r1, #128 @ 0x80
13c66 add r0, sp, #12
13c68 bl fn_08008246
13c6c movs r2, #13
13c6e add r1, pc, #140 @ (adr r1, 8013cfc ) ; =0x08013CFC "LxGetDataTs 1"
13c70 add r0, sp, #12
13c72 bl fn_08008214
13c76 movs r1, #13
13c78 add r0, sp, #12
13c7a bl fn_08013A5C
13c7e movs r0, #0
13c80 ldr r1, [pc, #108] ; =0x200000A8 ram_200000A8
13c82 strb r0, [r1, #0]
13c84 movs r0, #255 @ 0xff
13c86 ldr r1, [pc, #40] ; =0x200000A3 ram_200000A3
13c88 strb r0, [r1, #0]
13c8a movs r0, #0
13c8c ldr r1, [pc, #100] ; =0x200000B8 ram_200000B8
13c8e strh r0, [r1, #0]
13c90 add sp, #276 @ 0x114
13c92 ldmia.w sp!, {r4, r5, r6, r7, r8, r9, pc}
13c96 movs r0, r0
13c98 ldrsb r5, [r0, r5]
13c9a ldr r6, [pc, #332] ; =0x0008F88D 
13c9c cmp r0, #152 @ 0x98
13c9e movs r0, #0
13ca0 ldrb r4, [r1, #1]
13ca2 str r7, [r0, #84] @ 0x54
13ca4 add r4, lr
13ca6 strb r1, [r4, #17]
13ca8 strb r1, [r4, r1]
13caa movs r0, #115 @ 0x73
13cac movs r0, r0
13cae movs r0, r0
13cb0 lsls r3, r4, #2
13cb2 movs r0, #0
13cb4 str r5, [r4, #64] @ 0x40
13cb6 movs r4, r5
13cb8 str r5, [r4, #64] @ 0x40
13cba movs r5, #46 @ 0x2e
13cbc adds r1, #48 @ 0x30
13cbe cmp r4, #100 @ 0x64
13cc0 movs r0, r0
13cc2 movs r0, r0
13cc4 movs r5, #45 @ 0x2d
13cc6 cmp r6, #100 @ 0x64
13cc8 adds r0, #37 @ 0x25
13cca str r1, [r6, #64] @ 0x40
13ccc movs r4, r5
13cce movs r0, r0
13cd0 str r5, [r4, #64] @ 0x40
13cd2 movs r5, #46 @ 0x2e
13cd4 cmp r4, #100 @ 0x64
13cd6 str r5, [r4, #48] @ 0x30
13cd8 movs r4, r5
13cda movs r0, r0
13cdc str r5, [r4, #64] @ 0x40
13cde movs r5, #46 @ 0x2e
13ce0 cmp r4, #100 @ 0x64
13ce2 str r5, [r4, #48] @ 0x30
13ce4 movs r0, r0
13ce6 movs r0, r0
13ce8 lsls r4, r4, #2
13cea movs r0, #0
13cec ldrh r0, [r0, r2]
13cee str r3, [r7, #72] @ 0x48
13cf0 lsls r0, r5, #2
13cf2 movs r0, #0
13cf4 lsls r0, r7, #2
13cf6 movs r0, #0
13cf8 lsls r1, r3, #2
13cfa movs r0, #0
13cfc ldrb r4, [r1, #1]
13cfe str r7, [r0, #84] @ 0x54
13d00 add r4, lr
13d02 strb r1, [r4, #17]
13d04 strb r1, [r4, r1]
13d06 movs r0, #115 @ 0x73
13d08 movs r1, r6
13d0a movs r0, r0

; ===== fn_08013D0C  (called 1 x)
13d0c push {r4, r5, r6, lr}
13d0e sub sp, #128 @ 0x80
13d10 mov r4, r0
13d12 movs r5, #0
13d14 movs r6, #0
13d16 mov r0, r4
13d18 bl fn_0800B50E
13d1c movs r1, #128 @ 0x80
13d1e mov r0, sp
13d20 bl fn_08008246
13d24 movs r2, #14
13d26 add r1, pc, #44 @ (adr r1, 8013d54 ) ; =0x08013D54 "LxSetBoxTime 0"
13d28 mov r0, sp
13d2a bl fn_08008214
13d2e mov r0, sp
13d30 bl fn_08008298
13d34 uxtb r5, r0
13d36 mov r1, r5
13d38 mov r0, sp
13d3a bl fn_08013A5C
13d3e mov r3, sp
13d40 movw r2, #1257 @ 0x4e9
13d44 add r1, pc, #28 @ (adr r1, 8013d64 ) ; =0x08013D64 "..\\src\\app\\app_lcr.c"
13d46 movs r0, #1
13d48 bl fn_08009EBC
13d4c mov r0, r6
13d4e add sp, #128 @ 0x80
13d50 pop {r4, r5, r6, pc}
13d52 movs r0, r0
13d54 ldrb r4, [r1, #1]
13d56 str r3, [r2, #84] @ 0x54
13d58 negs r4, r6
13d5a ldrb r7, [r5, #1]
13d5c ldr r4, [r2, #20]
13d5e str r5, [r5, #84] @ 0x54
13d60 adds r0, #32
13d62 movs r0, r0
13d64 cmp r6, #46 @ 0x2e
13d66 strb r4, [r3, #13]
13d68 str r2, [r6, #52] @ 0x34
13d6a str r4, [r3, #20]
13d6c strb r0, [r6, #1]
13d6e str r4, [r3, #20]
13d70 strb r0, [r6, #1]
13d72 ldr r7, [r3, #68] @ 0x44
13d74 strb r3, [r4, #9]
13d76 str r6, [r5, #48] @ 0x30
13d78 movs r0, r0
13d7a movs r0, r0

; ===== fn_08013D7C  (called 1 x)
13d7c stmdb sp!, {r4, r5, r6, r7, r8, lr}
13d80 sub sp, #32
13d82 mov r7, r0
13d84 mov r6, r1
13d86 movs r4, #0
13d88 movs r5, #0
13d8a movs r0, #0
13d8c str r0, [sp, #16]
13d8e add r2, pc, #128 @ (adr r2, 8013e10 ) ; =0x08013E10 rom_08013E10
13d90 ldmia r2, {r0, r1, r2}
13d92 add r3, sp, #4
13d94 stmia r3!, {r0, r1, r2}
13d96 mov r8, r4
13d98 mov r2, r6
13d9a mov r1, r7
13d9c add r0, sp, #20
13d9e bl fn_08008214
13da2 movs r4, #9
13da4 b.n 8013dd2 
13da6 add r0, sp, #20
13da8 ldrb r0, [r0, r4]
13daa cmp r0, #44 @ 0x2c
13dac bne.n 8013dba 
13dae cmp r5, #1
13db0 bne.n 8013db4 
13db2 b.n 8013dd6 
13db4 adds r0, r5, #1
13db6 uxtb r5, r0
13db8 b.n 8013dce 
13dba add r0, sp, #20
13dbc ldrb r0, [r0, r4]
13dbe subs r0, #48 @ 0x30
13dc0 add r1, sp, #16
13dc2 ldrb r1, [r1, r5]
13dc4 movs r2, #10
13dc6 smlabb r0, r2, r1, r0
13dca add r1, sp, #16
13dcc strb r0, [r1, r5]
13dce adds r0, r4, #1
13dd0 uxtb r4, r0
13dd2 cmp r4, r6
13dd4 blt.n 8013da6 
13dd6 nop
13dd8 ldrb.w r0, [sp, #16]
13ddc strb.w r0, [sp, #6]
13de0 ldr r0, [pc, #56] ; =0x200000C1 ram_200000C1
13de2 ldrb r0, [r0, #0]
13de4 and.w r0, r0, #1
13de8 strb.w r0, [sp, #8]
13dec ldrb.w r0, [sp, #17]
13df0 strb.w r0, [sp, #12]
13df4 ldr r0, [pc, #36] ; =0x200000C1 ram_200000C1
13df6 ldrb r0, [r0, #0]
13df8 adds r0, r0, #1
13dfa ldr r1, [pc, #32] ; =0x200000C1 ram_200000C1
13dfc strb r0, [r1, #0]
13dfe movs r1, #11
13e00 add r0, sp, #4
13e02 bl fn_08013948
13e06 mov r0, r8
13e08 add sp, #32
13e0a ldmia.w sp!, {r4, r5, r6, r7, r8, pc}
13e0e movs r0, r0
13e10 ldrb r6, [r7, #25]
13e12 vcgt.u8 d0, d1, d1
13e16 movs r1, r4
13e18 strb r0, [r0, #28]
13e1a lsls r5, r1, #3
13e1c lsls r1, r0, #3
13e1e movs r0, #0

; ===== fn_08013E20  (called 2 x)
13e20 push {r4, r5, r6, lr}
13e22 sub sp, #264 @ 0x108
13e24 mov r4, r0
13e26 movs r0, #0
13e28 str r0, [sp, #260] @ 0x104
13e2a movs r5, #0
13e2c movs r6, #0
13e2e add r2, pc, #428 @ (adr r2, 8013fdc ) ; =0x08013FDC rom_08013FDC
13e30 ldmia r2, {r0, r1, r2}
13e32 add r3, sp, #116 @ 0x74
13e34 stmia r3!, {r0, r1, r2}
13e36 movs r0, #0
13e38 str r0, [sp, #244] @ 0xf4
13e3a str r0, [sp, #248] @ 0xf8
13e3c str r0, [sp, #252] @ 0xfc
13e3e str r0, [sp, #256] @ 0x100
13e40 nop
13e42 cmp r4, #4
13e44 ble.n 8013e50 
13e46 movs r6, #5
13e48 movs r0, #49 @ 0x31
13e4a strb.w r0, [sp, #254] @ 0xfe
13e4e b.n 8013faa 
13e50 mov r0, sp
13e52 bl fn_08008DF8
13e56 movs r2, #116 @ 0x74
13e58 mov r1, sp
13e5a add r0, sp, #128 @ 0x80
13e5c bl fn_08008214
13e60 movs r0, #48 @ 0x30
13e62 strb.w r0, [sp, #254] @ 0xfe
13e66 ldr r0, [pc, #384] ; =0x2000009B ram_2000009B
13e68 ldrb r0, [r0, #0]
13e6a cmp r0, r4
13e6c bne.n 8013e70 
13e6e b.n 8013faa 
13e70 ldr r0, [pc, #372] ; =0x2000009B ram_2000009B
13e72 strb r4, [r0, #0]
13e74 ldrb r0, [r0, #0]
13e76 cmp r0, #2
13e78 bne.n 8013eee 
13e7a movs r0, #3
13e7c ldr r1, [pc, #364] ; =0x200000B4 ram_200000B4
13e7e strb r0, [r1, #0]
13e80 strb r0, [r1, #1]
13e82 movs r0, #0
13e84 ldr r1, [pc, #360] ; =0x2000009C ram_2000009C
13e86 strb r0, [r1, #0]
13e88 bl fn_0800A028
13e8c movs r0, #0
13e8e bl fn_08009E58
13e92 ldr r0, [pc, #352] ; =0x20002898 ram_20002898
13e94 ldrb r0, [r0, #0]
13e96 strb.w r0, [sp, #118] @ 0x76
13e9a movs r1, #9
13e9c add r0, sp, #116 @ 0x74
13e9e bl fn_08013948
13ea2 movs r0, #100 @ 0x64
13ea4 bl fn_0800A6C0
13ea8 ldr r0, [pc, #328] ; =0x20002898 ram_20002898
13eaa ldrb r0, [r0, #1]
13eac strb.w r0, [sp, #118] @ 0x76
13eb0 movs r1, #9
13eb2 add r0, sp, #116 @ 0x74
13eb4 bl fn_08013948
13eb8 movs r0, #100 @ 0x64
13eba bl fn_0800A6C0
13ebe movs r1, #24
13ec0 ldr r0, [pc, #308] ; =0x20002704 ram_20002704
13ec2 bl fn_08008246
13ec6 movs r1, #24
13ec8 ldr r0, [pc, #300] ; =0x20002704 ram_20002704
13eca adds r0, #116 @ 0x74
13ecc bl fn_08008246
13ed0 ldr r0, [pc, #296] ; =0x20000090 ram_20000090
13ed2 ldrb r0, [r0, #0]
13ed4 bl fn_0800BA34
13ed8 ldrb.w r0, [sp, #238] @ 0xee
13edc cmp r0, #2
13ede beq.n 8013fa8 
13ee0 movs r0, #2
13ee2 strb.w r0, [sp, #238] @ 0xee
13ee6 add r0, sp, #128 @ 0x80
13ee8 bl fn_08008FEC
13eec b.n 8013fa8 
13eee ldr r0, [pc, #248] ; =0x2000009B ram_2000009B
13ef0 ldrb r0, [r0, #0]
13ef2 cmp r0, #3
13ef4 bne.n 8013f22 
13ef6 movs r3, #0
13ef8 mov r2, r3
13efa mov.w r1, #9600 @ 0x2580
13efe mov r0, r3
13f00 bl fn_0800A990
13f04 movs r2, #0
13f06 ldr r1, [pc, #248] ; =0x080125D9 fn_080125D8
13f08 mov r0, r2
13f0a bl fn_0800AA4C
13f0e movs r0, #0
13f10 bl fn_08009E58
13f14 movs r0, #3
13f16 strb.w r0, [sp, #238] @ 0xee
13f1a add r0, sp, #128 @ 0x80
13f1c bl fn_08008FEC
13f20 b.n 8013fa8 
13f22 movs r0, #2
13f24 ldr r1, [pc, #196] ; =0x200000B4 ram_200000B4
13f26 strb r0, [r1, #0]
13f28 strb r0, [r1, #1]
13f2a ldr r0, [pc, #188] ; =0x2000009B ram_2000009B
13f2c ldrb r0, [r0, #0]
13f2e cmp r0, #1
13f30 bne.n 8013f60 
13f32 movs r3, #0
13f34 mov r2, r3
13f36 mov.w r1, #19200 @ 0x4b00
13f3a mov r0, r3
13f3c bl fn_0800A990
13f40 movs r2, #0
13f42 ldr r1, [pc, #188] ; =0x080125D9 fn_080125D8
13f44 mov r0, r2
13f46 bl fn_0800AA4C
13f4a movs r0, #0
13f4c bl fn_08009E58
13f50 ldr r0, [pc, #148] ; =0x2000009B ram_2000009B
13f52 ldrb r0, [r0, #0]
13f54 strb.w r0, [sp, #238] @ 0xee
13f58 add r0, sp, #128 @ 0x80
13f5a bl fn_08008FEC
13f5e b.n 8013f64 
13f60 bl fn_0800A028
13f64 ldrb.w r0, [sp, #238] @ 0xee
13f68 ldr r1, [pc, #124] ; =0x2000009B ram_2000009B
13f6a ldrb r1, [r1, #0]
13f6c cmp r0, r1
13f6e beq.n 8013f7e 
13f70 ldr r0, [pc, #116] ; =0x2000009B ram_2000009B
13f72 ldrb r0, [r0, #0]
13f74 strb.w r0, [sp, #238] @ 0xee
13f78 add r0, sp, #128 @ 0x80
13f7a bl fn_08008FEC
13f7e add r1, sp, #260 @ 0x104
13f80 ldr r0, [pc, #120] ; =0x20000090 ram_20000090
13f82 ldrb r0, [r0, #0]
13f84 bl fn_0800B844
13f88 ldrb.w r0, [sp, #260] @ 0x104
13f8c cbnz r0, 8013f90 
13f8e b.n 8013faa 
13f90 ldr r0, [pc, #104] ; =0x20000090 ram_20000090
13f92 ldrb r0, [r0, #0]
13f94 bl fn_0800BAA0
13f98 movs r0, #0
13f9a bl fn_0801572C
13f9e movs r2, #24
13fa0 movs r1, #0
13fa2 ldr r0, [pc, #80] ; =0x20002898 ram_20002898
13fa4 bl fn_08015874
13fa8 nop
13faa nop
13fac movs r2, #10
13fae add r1, pc, #84 @ (adr r1, 8014004 ) ; =0x08014004 "LxSetMode "
13fb0 add r0, sp, #244 @ 0xf4
13fb2 bl fn_08008214
13fb6 add r0, sp, #244 @ 0xf4
13fb8 bl fn_08008298
13fbc uxtb r5, r0
13fbe mov r1, r5
13fc0 add r0, sp, #244 @ 0xf4
13fc2 bl fn_08013A5C
13fc6 add r3, sp, #244 @ 0xf4
13fc8 movw r2, #597 @ 0x255
13fcc add r1, pc, #64 @ (adr r1, 8014010 ) ; =0x08014010 "..\\src\\app\\app_lcr.c"
13fce movs r0, #1
13fd0 bl fn_08009EBC
13fd4 mov r0, r6
13fd6 add sp, #264 @ 0x108
13fd8 pop {r4, r5, r6, pc}
13fda movs r0, r0
13fdc ldrb r6, [r7, #25]
13fde asrs r1, r0, #16
13fe0 lsls r2, r0, #4
13fe2 stmia r4!, {}
13fe4 lsls r3, r5, #3
13fe6 movs r0, r0
13fe8 lsls r3, r3, #2
13fea movs r0, #0
13fec lsls r4, r6, #2
13fee movs r0, #0
13ff0 lsls r4, r3, #2
13ff2 movs r0, #0
13ff4 cmp r0, #152 @ 0x98
13ff6 movs r0, #0
13ff8 movs r7, #4
13ffa movs r0, #0
13ffc lsls r0, r2, #2
13ffe movs r0, #0
14000 movs r5, #217 @ 0xd9
14002 lsrs r1, r0, #32
14004 ldrb r4, [r1, #1]
14006 str r3, [r2, #84] @ 0x54
14008 ldr r5, [pc, #464] ; =0xF7FFA801 
1400a str r7, [r5, #68] @ 0x44
1400c movs r0, #101 @ 0x65
1400e movs r0, r0
14010 cmp r6, #46 @ 0x2e
14012 strb r4, [r3, #13]
14014 str r2, [r6, #52] @ 0x34
14016 str r4, [r3, #20]
14018 strb r0, [r6, #1]
1401a str r4, [r3, #20]
1401c strb r0, [r6, #1]
1401e ldr r7, [r3, #68] @ 0x44
14020 strb r3, [r4, #9]
14022 str r6, [r5, #48] @ 0x30
14024 movs r0, r0
14026 movs r0, r0

; ===== fn_08014028  (called 0 x)
14028 push {r4, r5, lr}
1402a sub sp, #236 @ 0xec
1402c mov r4, r0
1402e mov r5, r1
14030 add r0, sp, #4
14032 bl fn_08008DF8
14036 movs r2, #116 @ 0x74
14038 add r1, sp, #4
1403a add r0, sp, #120 @ 0x78
1403c bl fn_08008214
14040 ldrb.w r0, [sp, #230] @ 0xe6
14044 cbz r0, 801404e 
14046 ldrb.w r0, [sp, #230] @ 0xe6
1404a bl fn_08013E20
1404e ldr r0, [pc, #12] ; =0x20000096 ram_20000096
14050 ldrb r0, [r0, #0]
14052 bl fn_0800B88C
14056 add sp, #236 @ 0xec
14058 pop {r4, r5, pc}
1405a movs r0, r0
1405c lsls r6, r2, #2
1405e movs r0, #0

; ===== fn_08014060  (called 1 x)
14060 stmdb sp!, {r4, r5, r6, r7, r8, r9, lr}
14064 sub sp, #164 @ 0xa4
14066 mov r7, r0
14068 mov r4, r1
1406a movs r5, #0
1406c mov r8, r5
1406e movs r0, #0
14070 str r0, [sp, #4]
14072 movs r6, #0
14074 mov r9, r0
14076 movs r1, #120 @ 0x78
14078 add r0, sp, #8
1407a bl fn_08008246
1407e nop
14080 cmp r4, #36 @ 0x24
14082 ble.n 8014086 
14084 b.n 801411a 
14086 movs r1, #36 @ 0x24
14088 add r0, sp, #128 @ 0x80
1408a bl fn_08008246
1408e mov r2, r4
14090 mov r1, r7
14092 add r0, sp, #128 @ 0x80
14094 bl fn_08008214
14098 movs r5, #15
1409a b.n 80140c8 
1409c add r0, sp, #128 @ 0x80
1409e ldrb r0, [r0, r5]
140a0 cmp r0, #44 @ 0x2c
140a2 bne.n 80140b0 
140a4 cmp r6, #1
140a6 bne.n 80140aa 
140a8 b.n 80140cc 
140aa adds r0, r6, #1
140ac uxtb r6, r0
140ae b.n 80140c4 
140b0 add r0, sp, #128 @ 0x80
140b2 ldrb r0, [r0, r5]
140b4 subs r0, #48 @ 0x30
140b6 add r1, sp, #4
140b8 ldrb r1, [r1, r6]
140ba movs r2, #10
140bc smlabb r0, r2, r1, r0
140c0 add r1, sp, #4
140c2 strb r0, [r1, r6]
140c4 adds r0, r5, #1
140c6 uxtb r5, r0
140c8 cmp r5, r4
140ca blt.n 801409c 
140cc nop
140ce ldrb.w r0, [sp, #4]
140d2 ldrb.w r1, [sp, #5]
140d6 cmp r0, r1
140d8 beq.n 80140ea 
140da ldrb.w r0, [sp, #4]
140de ldr r1, [pc, #100] ; =0x20002898 ram_20002898
140e0 strb r0, [r1, #0]
140e2 ldrb.w r0, [sp, #5]
140e6 strb r0, [r1, #1]
140e8 b.n 80140f6 
140ea movs r2, #18
140ec add r1, pc, #88 @ (adr r1, 8014148 ) ; =0x08014148 "LxSetPortLcrNode 1"
140ee add r0, sp, #8
140f0 bl fn_08008214
140f4 b.n 801411a 
140f6 mov.w r0, #2779096485 @ 0xa5a5a5a5
140fa ldr r1, [pc, #72] ; =0x20002898 ram_20002898
140fc str r0, [r1, #20]
140fe movs r0, #0
14100 bl fn_0801572C
14104 movs r2, #24
14106 movs r1, #0
14108 ldr r0, [pc, #56] ; =0x20002898 ram_20002898
1410a bl fn_08015874
1410e movs r2, #18
14110 add r1, pc, #72 @ (adr r1, 801415c ) ; =0x0801415C "LxSetPortLcrNode 0"
14112 add r0, sp, #8
14114 bl fn_08008214
14118 nop
1411a nop
1411c add r0, sp, #8
1411e bl fn_08008298
14122 and.w r8, r0, #255 @ 0xff
14126 mov r1, r8
14128 add r0, sp, #8
1412a bl fn_08013A5C
1412e add r3, sp, #8
14130 movw r2, #669 @ 0x29d
14134 add r1, pc, #56 @ (adr r1, 8014170 ) ; =0x08014170 "..\\src\\app\\app_lcr.c"
14136 movs r0, #1
14138 bl fn_08009EBC
1413c mov r0, r9
1413e add sp, #164 @ 0xa4
14140 ldmia.w sp!, {r4, r5, r6, r7, r8, r9, pc}
14144 cmp r0, #152 @ 0x98
14146 movs r0, #0
14148 ldrb r4, [r1, #1]
1414a str r3, [r2, #84] @ 0x54
1414c str r4, [r6, r1]
1414e strb r7, [r5, #9]
14150 ldr r4, [pc, #464] ; =0x28197800 
14152 strb r3, [r4, #9]
14154 ldr r6, [r1, #116] @ 0x74
14156 str r4, [r4, #84] @ 0x54
14158 adds r1, #32
1415a movs r0, r0
1415c ldrb r4, [r1, #1]
1415e str r3, [r2, #84] @ 0x54
14160 str r4, [r6, r1]
14162 strb r7, [r5, #9]
14164 ldr r4, [pc, #464] ; =0xF2F1FBB0 
14166 strb r3, [r4, #9]
14168 ldr r6, [r1, #116] @ 0x74
1416a str r4, [r4, #84] @ 0x54
1416c adds r0, #32
1416e movs r0, r0
14170 cmp r6, #46 @ 0x2e
14172 strb r4, [r3, #13]
14174 str r2, [r6, #52] @ 0x34
14176 str r4, [r3, #20]
14178 strb r0, [r6, #1]
1417a str r4, [r3, #20]
1417c strb r0, [r6, #1]
1417e ldr r7, [r3, #68] @ 0x44
14180 strb r3, [r4, #9]
14182 str r6, [r5, #48] @ 0x30
14184 movs r0, r0
14186 movs r0, r0

; ===== fn_08014188  (called 4 x)
14188 push {r0, r1, r2, r3, r4, r5, r6, lr}
1418a mov r5, r0
1418c mov r4, r1
1418e add r2, pc, #144 @ (adr r2, 8014220 ) ; =0x08014220 rom_08014220
14190 ldmia r2, {r0, r1, r2}
14192 add r3, sp, #4
14194 stmia r3!, {r0, r1, r2}
14196 movs r6, #0
14198 nop
1419a cmp r4, #29
1419c ble.n 80141a0 
1419e b.n 801421a 
141a0 strb.w r5, [sp, #6]
141a4 sub.w r0, r4, #20
141a8 uxtb r0, r0
141aa strb.w r0, [sp, #11]
141ae ldr r0, [pc, #124] ; =0x200000AE ram_200000AE
141b0 strb r4, [r0, #0]
141b2 ldr r0, [pc, #124] ; =0x200000AC ram_200000AC
141b4 strb r5, [r0, #0]
141b6 ldr r0, [pc, #124] ; =0x20002898 ram_20002898
141b8 ldr r1, [pc, #124] ; =0x2000009D ram_2000009D
141ba ldrb r1, [r1, #0]
141bc ldrb r0, [r0, r1]
141be ldr r1, [pc, #112] ; =0x200000AC ram_200000AC
141c0 ldrb r1, [r1, #0]
141c2 cmp r0, r1
141c4 beq.n 8014218 
141c6 ldr r0, [pc, #100] ; =0x200000AE ram_200000AE
141c8 ldrb r0, [r0, #0]
141ca add r3, pc, #112 @ (adr r3, 801423c ) ; =0x0801423C "---------------send %d----------------!"
141cc movw r2, #1511 @ 0x5e7
141d0 add r1, pc, #144 @ (adr r1, 8014264 ) ; =0x08014264 "..\\src\\app\\app_lcr.c"
141d2 str r0, [sp, #0]
141d4 movs r0, #1
141d6 bl fn_08009EBC
141da movs r1, #10
141dc add r0, sp, #4
141de bl fn_08013948
141e2 mov r6, r0
141e4 cbz r6, 80141f6 
141e6 add r3, pc, #148 @ (adr r3, 801427c ) ; =0x0801427C "---node num is error!"
141e8 movw r2, #1515 @ 0x5eb
141ec add r1, pc, #116 @ (adr r1, 8014264 ) ; =0x08014264 "..\\src\\app\\app_lcr.c"
141ee movs r0, #1
141f0 bl fn_08009EBC
141f4 b.n 8014218 
141f6 ldr r0, [pc, #156] ; =0x20000091 ram_20000091
141f8 ldrb r0, [r0, #0]
141fa bl fn_0800BAA0
141fe ldr r0, [pc, #56] ; =0x2000009D ram_2000009D
14200 ldrb r0, [r0, #0]
14202 cbnz r0, 801420e 
14204 movs r1, #24
14206 ldr r0, [pc, #144] ; =0x20002778 ram_20002778
14208 bl fn_08008246
1420c b.n 8014218 
1420e movs r1, #24
14210 ldr r0, [pc, #132] ; =0x20002778 ram_20002778
14212 subs r0, #116 @ 0x74
14214 bl fn_08008246
14218 nop
1421a nop
1421c pop {r0, r1, r2, r3, r4, r5, r6, pc}
1421e movs r0, r0
14220 ldrb r6, [r7, #25]
14222 asrs r1, r0, #16
14224 lsls r1, r0, #8
14226 movs r4, r4
14228 movs r0, r0
1422a movs r0, r0
1422c lsls r6, r5, #2
1422e movs r0, #0
14230 lsls r4, r5, #2
14232 movs r0, #0
14234 cmp r0, #152 @ 0x98
14236 movs r0, #0
14238 lsls r5, r3, #2
1423a movs r0, #0
1423c cmp r5, #45 @ 0x2d
1423e cmp r5, #45 @ 0x2d
14240 cmp r5, #45 @ 0x2d
14242 cmp r5, #45 @ 0x2d
14244 cmp r5, #45 @ 0x2d
14246 cmp r5, #45 @ 0x2d
14248 cmp r5, #45 @ 0x2d
1424a strb r5, [r5, #12]
1424c ldr r5, [r4, #100] @ 0x64
1424e movs r0, #100 @ 0x64
14250 str r5, [r4, #64] @ 0x40
14252 cmp r5, #45 @ 0x2d
14254 cmp r5, #45 @ 0x2d
14256 cmp r5, #45 @ 0x2d
14258 cmp r5, #45 @ 0x2d
1425a cmp r5, #45 @ 0x2d
1425c cmp r5, #45 @ 0x2d
1425e cmp r5, #45 @ 0x2d
14260 cmp r5, #45 @ 0x2d
14262 movs r1, r4
14264 cmp r6, #46 @ 0x2e
14266 strb r4, [r3, #13]
14268 str r2, [r6, #52] @ 0x34
1426a str r4, [r3, #20]
1426c strb r0, [r6, #1]
1426e str r4, [r3, #20]
14270 strb r0, [r6, #1]
14272 ldr r7, [r3, #68] @ 0x44
14274 strb r3, [r4, #9]
14276 str r6, [r5, #48] @ 0x30
14278 movs r0, r0
1427a movs r0, r0
1427c cmp r5, #45 @ 0x2d
1427e ldr r5, [r5, #96] @ 0x60
14280 str r7, [r5, #68] @ 0x44
14282 movs r0, #101 @ 0x65
14284 strb r6, [r5, #21]
14286 movs r0, #109 @ 0x6d
14288 strb r1, [r5, #13]
1428a str r0, [r4, #80] @ 0x50
1428c strb r2, [r6, #9]
1428e strb r7, [r5, #9]
14290 movs r1, r4
14292 movs r0, r0
14294 lsls r1, r2, #2
14296 movs r0, #0
14298 movs r7, #120 @ 0x78
1429a movs r0, #0

; ===== fn_0801429C  (called 0 x)
1429c stmdb sp!, {r4, r5, r6, r7, r8, lr}
142a0 sub sp, #48 @ 0x30
142a2 mov r7, r0
142a4 mov r8, r1
142a6 movs r4, #0
142a8 nop
142aa ldr r0, [pc, #260] ; =0x200000AE ram_200000AE
142ac ldrb r0, [r0, #0]
142ae cmp r0, #29
142b0 bne.n 80142b4 
142b2 b.n 80143a8 
142b4 ldr r0, [pc, #252] ; =0x200000AD ram_200000AD
142b6 ldrb r1, [r0, #0]
142b8 ldr r0, [pc, #244] ; =0x200000AE ram_200000AE
142ba ldrb r0, [r0, #0]
142bc ldr r2, [pc, #248] ; =0x200000AC ram_200000AC
142be ldrb r2, [r2, #0]
142c0 add r3, pc, #248 @ (adr r3, 80143bc ) ; =0x080143BC "--applcrStopCmdTimeOut--%d--%d--%d"
142c2 strd r2, r0, [sp]
142c6 str r1, [sp, #8]
142c8 mov.w r2, #1616 @ 0x650
142cc add r1, pc, #272 @ (adr r1, 80143e0 ) ; =0x080143E0 "..\\src\\app\\app_lcr.c"
142ce movs r0, #1
142d0 bl fn_08009EBC
142d4 ldr r0, [pc, #220] ; =0x200000AD ram_200000AD
142d6 ldrb r0, [r0, #0]
142d8 adds r0, r0, #1
142da ldr r1, [pc, #216] ; =0x200000AD ram_200000AD
142dc strb r0, [r1, #0]
142de mov r0, r1
142e0 ldrb r0, [r0, #0]
142e2 cmp r0, #3
142e4 bge.n 801436e 
142e6 ldr r0, [pc, #200] ; =0x200000AE ram_200000AE
142e8 ldrb r0, [r0, #0]
142ea cmp r0, #22
142ec bgt.n 80142fc 
142ee ldr r0, [pc, #192] ; =0x200000AE ram_200000AE
142f0 ldrb r1, [r0, #0]
142f2 ldr r0, [pc, #196] ; =0x200000AC ram_200000AC
142f4 ldrb r0, [r0, #0]
142f6 bl fn_08014188
142fa b.n 80143a6 
142fc ldr r0, [pc, #176] ; =0x200000AE ram_200000AE
142fe ldrb r0, [r0, #0]
14300 cmp r0, #23
14302 bne.n 8014322 
14304 ldr r0, [pc, #176] ; =0x200000AC ram_200000AC
14306 ldrb r2, [r0, #0]
14308 add r1, pc, #236 @ (adr r1, 80143f8 ) ; =0x080143F8 "Print %d,"
1430a add r0, sp, #16
1430c bl fn_0800C990
14310 add r0, sp, #16
14312 bl fn_08008298
14316 uxtb r4, r0
14318 mov r1, r4
1431a add r0, sp, #16
1431c bl fn_0801243C
14320 b.n 80143a6 
14322 ldr r0, [pc, #140] ; =0x200000AE ram_200000AE
14324 ldrb r0, [r0, #0]
14326 cmp r0, #25
14328 beq.n 8014332 
1432a ldr r0, [pc, #132] ; =0x200000AE ram_200000AE
1432c ldrb r0, [r0, #0]
1432e cmp r0, #28
14330 bne.n 80143a6 
14332 ldr r0, [pc, #208] ; =0x200000B0 ram_200000B0
14334 ldr r0, [r0, #0]
14336 movs r1, #10
14338 udiv r2, r0, r1
1433c mls r5, r1, r2, r0
14340 ldr r0, [pc, #192] ; =0x200000B0 ram_200000B0
14342 ldr r0, [r0, #0]
14344 udiv r6, r0, r1
14348 mov r3, r6
1434a ldr r0, [pc, #108] ; =0x200000AC ram_200000AC
1434c str r5, [sp, #0]
1434e ldrb r2, [r0, #0]
14350 add r1, pc, #180 @ (adr r1, 8014408 ) ; =0x08014408 "PresetGross %d,%d.%d"
14352 add r0, sp, #16
14354 bl fn_0800C990
14358 add r0, sp, #16
1435a bl fn_08008298
1435e uxtb r4, r0
14360 ldr r0, [pc, #76] ; =0x200000AE ram_200000AE
14362 ldrb r2, [r0, #0]
14364 mov r1, r4
14366 add r0, sp, #16
14368 bl fn_0801226C
1436c b.n 80143a6 
1436e movs r4, #0
14370 ldr r0, [pc, #60] ; =0x200000AE ram_200000AE
14372 ldrb r0, [r0, #0]
14374 cmp r0, #25
14376 bne.n 8014384 
14378 add r1, pc, #164 @ (adr r1, 8014420 ) ; =0x08014420 "PresetNet 1"
1437a add r0, sp, #16
1437c bl fn_0800C990
14380 movs r4, #11
14382 b.n 8014396 
14384 ldr r0, [pc, #40] ; =0x200000AE ram_200000AE
14386 ldrb r0, [r0, #0]
14388 cmp r0, #28
1438a bne.n 8014396 
1438c add r1, pc, #156 @ (adr r1, 801442c ) ; =0x0801442C "PresetGross 1"
1438e add r0, sp, #16
14390 bl fn_0800C990
14394 movs r4, #13
14396 cbz r4, 80143a0 
14398 mov r1, r4
1439a add r0, sp, #16
1439c bl fn_08013A5C
143a0 movs r0, #29
143a2 ldr r1, [pc, #12] ; =0x200000AE ram_200000AE
143a4 strb r0, [r1, #0]
143a6 nop
143a8 nop
143aa add sp, #48 @ 0x30
143ac ldmia.w sp!, {r4, r5, r6, r7, r8, pc}
143b0 lsls r6, r5, #2
143b2 movs r0, #0
143b4 lsls r5, r5, #2
143b6 movs r0, #0
143b8 lsls r4, r5, #2
143ba movs r0, #0
143bc cmp r5, #45 @ 0x2d
143be strb r1, [r4, #1]
143c0 ldr r0, [r6, #68] @ 0x44
143c2 strb r3, [r4, #9]
143c4 strb r3, [r2, #17]
143c6 strb r7, [r5, #1]
143c8 ldr r3, [r0, #84] @ 0x54
143ca strb r4, [r4, r1]
143cc ldr r1, [r5, #84] @ 0x54
143ce ldr r7, [pc, #404] ; =0x40006C2C BKP+0x2C
143d0 strb r5, [r6, #17]
143d2 cmp r5, #45 @ 0x2d
143d4 str r5, [r4, #64] @ 0x40
143d6 cmp r5, #45 @ 0x2d
143d8 str r5, [r4, #64] @ 0x40
143da cmp r5, #45 @ 0x2d
143dc str r5, [r4, #64] @ 0x40
143de movs r0, r0
143e0 cmp r6, #46 @ 0x2e
143e2 strb r4, [r3, #13]
143e4 str r2, [r6, #52] @ 0x34
143e6 str r4, [r3, #20]
143e8 strb r0, [r6, #1]
143ea str r4, [r3, #20]
143ec strb r0, [r6, #1]
143ee ldr r7, [r3, #68] @ 0x44
143f0 strb r3, [r4, #9]
143f2 str r6, [r5, #48] @ 0x30
143f4 movs r0, r0
143f6 movs r0, r0
143f8 strb r0, [r2, #9]
143fa ldr r1, [r5, #100] @ 0x64
143fc movs r0, #116 @ 0x74
143fe str r5, [r4, #64] @ 0x40
14400 movs r4, r5
14402 movs r0, r0
14404 lsls r0, r6, #2
14406 movs r0, #0
14408 strb r0, [r2, #9]
1440a strb r5, [r4, #13]
1440c strb r5, [r4, #17]
1440e strb r7, [r0, #9]
14410 strb r7, [r5, #13]
14412 movs r0, #115 @ 0x73
14414 str r5, [r4, #64] @ 0x40
14416 movs r5, #44 @ 0x2c
14418 cmp r6, #100 @ 0x64
1441a str r5, [r4, #64] @ 0x40
1441c movs r0, r0
1441e movs r0, r0
14420 strb r0, [r2, #9]
14422 strb r5, [r4, #13]
14424 strb r5, [r4, #17]
14426 str r6, [r1, #84] @ 0x54
14428 movs r0, #116 @ 0x74
1442a movs r1, r6
1442c strb r0, [r2, #9]
1442e strb r5, [r4, #13]
14430 strb r5, [r4, #17]
14432 strb r7, [r0, #9]
14434 strb r7, [r5, #13]
14436 movs r0, #115 @ 0x73
14438 movs r1, r6
1443a movs r0, r0

; ===== fn_0801443C  (called 0 x)
1443c push {r2, r3, r4, r5, r6, lr}
1443e mov r4, r0
14440 mov r5, r1
14442 ldr r0, [pc, #36] ; =0x2000009C ram_2000009C
14444 ldrb r0, [r0, #0]
14446 ldr r1, [pc, #36] ; =0x2000009D ram_2000009D
14448 ldrb r1, [r1, #0]
1444a add r3, pc, #36 @ (adr r3, 8014470 ) ; =0x08014470 "---Start get data---%d---%d"
1444c movw r2, #2593 @ 0xa21
14450 strd r1, r0, [sp]
14454 add r1, pc, #52 @ (adr r1, 801448c ) ; =0x0801448C "..\\src\\app\\app_lcr.c"
14456 movs r0, #0
14458 bl fn_08009EBC
1445c movs r1, #0
1445e ldr r0, [pc, #68] ; =0x20000097 ram_20000097
14460 ldrb r0, [r0, #0]
14462 bl fn_0800A1F4
14466 pop {r2, r3, r4, r5, r6, pc}
14468 lsls r4, r3, #2
1446a movs r0, #0
1446c lsls r5, r3, #2
1446e movs r0, #0
14470 cmp r5, #45 @ 0x2d
14472 strh r5, [r5, r4]
14474 str r4, [r6, #20]
14476 strb r2, [r6, #17]
14478 str r0, [r4, #112] @ 0x70
1447a strb r5, [r4, #17]
1447c str r0, [r4, #64] @ 0x40
1447e strb r1, [r4, #17]
14480 cmp r5, #97 @ 0x61
14482 cmp r5, #45 @ 0x2d
14484 str r5, [r4, #64] @ 0x40
14486 cmp r5, #45 @ 0x2d
14488 movs r5, #45 @ 0x2d
1448a lsls r4, r4, #1
1448c cmp r6, #46 @ 0x2e
1448e strb r4, [r3, #13]
14490 str r2, [r6, #52] @ 0x34
14492 str r4, [r3, #20]
14494 strb r0, [r6, #1]
14496 str r4, [r3, #20]
14498 strb r0, [r6, #1]
1449a ldr r7, [r3, #68] @ 0x44
1449c strb r3, [r4, #9]
1449e str r6, [r5, #48] @ 0x30
144a0 movs r0, r0
144a2 movs r0, r0
144a4 lsls r7, r2, #2
144a6 movs r0, #0

; ===== fn_080144A8  (called 0 x)
144a8 push {r4, r5, r6, lr}
144aa mov r4, r0
144ac mov r5, r1
144ae ldr r0, [pc, #36] ; =0x200000A8 ram_200000A8
144b0 ldrb r0, [r0, #0]
144b2 cmp r0, #1
144b4 bne.n 80144d2 
144b6 bl fn_08009230
144ba movs r1, #0
144bc ldr r0, [pc, #24] ; =0x20000099 ram_20000099
144be ldrb r0, [r0, #0]
144c0 bl fn_0800A1F4
144c4 add r3, pc, #20 @ (adr r3, 80144dc ) ; =0x080144DC "Wifi send his data is ok!"
144c6 mov.w r2, #912 @ 0x390
144ca add r1, pc, #44 @ (adr r1, 80144f8 ) ; =0x080144F8 "..\\src\\app\\app_lcr.c"
144cc movs r0, #1
144ce bl fn_08009EBC
144d2 pop {r4, r5, r6, pc}
144d4 lsls r0, r5, #2
144d6 movs r0, #0
144d8 lsls r1, r3, #2
144da movs r0, #0
144dc ldr r7, [r2, #20]
144de ldr r6, [r4, #20]
144e0 strb r0, [r4, #12]
144e2 ldr r5, [r4, #100] @ 0x64
144e4 movs r0, #100 @ 0x64
144e6 ldr r0, [r5, #20]
144e8 movs r0, #115 @ 0x73
144ea str r4, [r4, #20]
144ec str r4, [r6, #20]
144ee ldr r0, [r4, #16]
144f0 movs r0, #115 @ 0x73
144f2 ldr r7, [r5, #52] @ 0x34
144f4 movs r1, r4
144f6 movs r0, r0
144f8 cmp r6, #46 @ 0x2e
144fa strb r4, [r3, #13]
144fc str r2, [r6, #52] @ 0x34
144fe str r4, [r3, #20]
14500 strb r0, [r6, #1]
14502 str r4, [r3, #20]
14504 strb r0, [r6, #1]
14506 ldr r7, [r3, #68] @ 0x44
14508 strb r3, [r4, #9]
1450a str r6, [r5, #48] @ 0x30
1450c movs r0, r0
1450e movs r0, r0

; ===== fn_08014510  (called 1 x)
14510 push {r4, lr}
14512 bl fn_0801644C
14516 bl fn_08016438
1451a pop {r4, pc}

; ===== fn_0801451C  (called 1 x)
1451c mov r1, r0
1451e movs r0, #0
14520 cmp r1, #11
14522 blt.n 8014538 
14524 cmp r1, #42 @ 0x2a
14526 bgt.n 8014538 
14528 sub.w r2, r1, #11
1452c ldr r3, [pc, #32] ; =0x40006000 
1452e add.w r2, r3, r2, lsl #2
14532 ldrh.w r0, [r2, #3136] @ 0xc40
14536 b.n 801454c 
14538 cmp r1, #1
1453a blt.n 801454c 
1453c cmp r1, #10
1453e bgt.n 801454c 
14540 subs r2, r1, #1
14542 ldr r3, [pc, #12] ; =0x40006000 
14544 add.w r2, r3, r2, lsl #2
14548 ldrh.w r0, [r2, #3076] @ 0xc04
1454c bx lr
1454e movs r0, r0
14550 str r0, [r0, #0]
14552 ands r0, r0

; ===== fn_08014554  (called 1 x)
14554 ldr r0, [pc, #12] ; =0x40006C2C BKP+0x2C
14556 ldrh r0, [r0, #0]
14558 orr.w r0, r0, #128 @ 0x80
1455c ldr r1, [pc, #4] ; =0x40006C2C BKP+0x2C
1455e strh r0, [r1, #0]
14560 bx lr
14562 movs r0, r0
14564 ldr r4, [r5, #64] @ 0x40
14566 ands r0, r0

; ===== fn_08014568  (called 1 x)
14568 ldr r0, [pc, #12] ; =0x40006C30 BKP+0x30
1456a ldrh r0, [r0, #0]
1456c movw r1, #65534 @ 0xfffe
14570 ands r0, r1
14572 ldr r1, [pc, #4] ; =0x40006C30 BKP+0x30
14574 strh r0, [r1, #0]
14576 bx lr
14578 ldr r0, [r6, #64] @ 0x40
1457a ands r0, r0

; ===== fn_0801457C  (called 1 x)
1457c cmp r0, #11
1457e blt.n 8014594 
14580 cmp r0, #42 @ 0x2a
14582 bgt.n 8014594 
14584 sub.w r2, r0, #11
14588 ldr r3, [pc, #32] ; =0x40006000 
1458a add.w r2, r3, r2, lsl #2
1458e strh.w r1, [r2, #3136] @ 0xc40
14592 b.n 80145a8 
14594 cmp r0, #1
14596 blt.n 80145a8 
14598 cmp r0, #10
1459a bgt.n 80145a8 
1459c subs r2, r0, #1
1459e ldr r3, [pc, #12] ; =0x40006000 
145a0 add.w r2, r3, r2, lsl #2
145a4 strh.w r1, [r2, #3076] @ 0xc04
145a8 bx lr
145aa movs r0, r0
145ac str r0, [r0, #0]
145ae ands r0, r0

; ===== fn_080145B0  (called 2 x)
145b0 push {r4, r5, r6, lr}
145b2 mov r5, r0
145b4 mov r4, r1
145b6 b.n 80145c4 
145b8 subs r0, r4, #0
145ba sub.w r4, r4, #1
145be bne.n 80145c4 
145c0 movs r0, #255 @ 0xff
145c2 pop {r4, r5, r6, pc}
145c4 movs r1, #2
145c6 ldr r0, [pc, #52] ; =0x40013000 SPI0
145c8 bl fn_08016A64
145cc cmp r0, #0
145ce beq.n 80145b8 
145d0 mov r1, r5
145d2 ldr r0, [pc, #40] ; =0x40013000 SPI0
145d4 bl fn_08016A08
145d8 b.n 80145e6 
145da subs r0, r4, #0
145dc sub.w r4, r4, #1
145e0 bne.n 80145e6 
145e2 movs r0, #255 @ 0xff
145e4 b.n 80145c2 
145e6 movs r1, #1
145e8 ldr r0, [pc, #16] ; =0x40013000 SPI0
145ea bl fn_08016A64
145ee cmp r0, #0
145f0 beq.n 80145da 
145f2 ldr r0, [pc, #8] ; =0x40013000 SPI0
145f4 bl fn_08016A00
145f8 uxtb r0, r0
145fa b.n 80145c2 
145fc adds r0, #0
145fe ands r1, r0

; ===== fn_08014600  (called 1 x)
14600 push {r4, lr}
14602 movs r4, #0
14604 bl fn_0801460C
14608 mov r0, r4
1460a pop {r4, pc}

; ===== fn_0801460C  (called 1 x)
1460c movs r0, #0
1460e bx lr

; ===== fn_08014610  (called 1 x)
14610 push {r4, lr}
14612 sub sp, #40 @ 0x28
14614 movs r4, #0
14616 add r0, sp, #16
14618 bl fn_0800BF84
1461c ldrd r1, r2, [sp, #28]
14620 ldr r0, [sp, #36] @ 0x24
14622 strd r1, r2, [sp]
14626 str r0, [sp, #8]
14628 ldr r0, [pc, #12] ; =0x0801B4F8 "u32AppFlag:%x\n\ru32AppLen:%d\n\ru32AppChkSum:%d\n\ru32AppFlag2:%x\n\ru32AppLen2:%d\n\ru32AppChkSum2:%d\n\r"
1462a add r1, sp, #16
1462c ldmia r1, {r1, r2, r3}
1462e bl fn_08009FC4
14632 mov r0, r4
14634 add sp, #40 @ 0x28
14636 pop {r4, pc}
14638 push {r3, r4, r5, r6, r7}
1463a lsrs r1, r0, #32

; ===== fn_0801463C  (called 1 x)
1463c push {r4, r5, r6, lr}
1463e movs r4, #0
14640 bl fn_08009E64
14644 mov r5, r0
14646 ldr r0, [pc, #16] ; =0x08018B4C rom_08018B4C
14648 ldr.w r1, [r0, r5, lsl #2]
1464c add r0, pc, #12 @ (adr r0, 801465c ) ; =0x0801465C "DBG level: %s"
1464e bl fn_08009FC4
14652 mov r0, r4
14654 pop {r4, r5, r6, pc}
14656 movs r0, r0
14658 ldrh r4, [r1, #26]
1465a lsrs r1, r0, #32
1465c negs r4, r0
1465e movs r0, #71 @ 0x47
14660 str r4, [r5, #84] @ 0x54
14662 str r6, [r6, #84] @ 0x54
14664 subs r2, #108 @ 0x6c
14666 movs r5, #32
14668 lsls r3, r6, #1
1466a movs r0, r0

; ===== fn_0801466C  (called 1 x)
1466c push {r2, r3, r4, lr}
1466e movs r4, #0
14670 add r1, sp, #4
14672 mov r0, sp
14674 bl fn_0800B5FC
14678 ldrb.w r1, [sp]
1467c add r0, pc, #8 @ (adr r0, 8014688 ) ; =0x08014688 "Reboot reason: %d, %s"
1467e ldr r2, [sp, #4]
14680 bl fn_08009FC4
14684 mov r0, r4
14686 pop {r2, r3, r4, pc}
14688 str r2, [r2, #84] @ 0x54
1468a ldr r2, [r4, #116] @ 0x74
1468c strb r7, [r5, #17]
1468e strb r0, [r4, #8]
14690 str r5, [r4, #20]
14692 ldr r3, [r6, #116] @ 0x74
14694 subs r2, #110 @ 0x6e
14696 movs r5, #32
14698 cmp r4, #100 @ 0x64
1469a movs r5, #32
1469c lsls r3, r6, #1
1469e movs r0, r0

; ===== fn_080146A0  (called 1 x)
146a0 push {r4, lr}
146a2 sub sp, #24
146a4 movs r4, #0
146a6 add r0, sp, #16
146a8 bl fn_0800B44C
146ac ldrb.w r0, [sp, #21]
146b0 ldrb.w r1, [sp, #20]
146b4 ldrb.w r2, [sp, #19]
146b8 strd r2, r1, [sp]
146bc str r0, [sp, #8]
146be ldrb.w r3, [sp, #18]
146c2 ldrb.w r2, [sp, #17]
146c6 ldrb.w r0, [sp, #16]
146ca sub.w r1, r0, #30
146ce add r0, pc, #12 @ (adr r0, 80146dc ) ; =0x080146DC "Time: 20%02d-%02d-%02d %02d:%02d:%02d"
146d0 bl fn_08009FC4
146d4 mov r0, r4
146d6 add sp, #24
146d8 pop {r4, pc}
146da movs r0, r0
146dc ldr r4, [r2, #20]
146de str r5, [r5, #84] @ 0x54
146e0 movs r0, #58 @ 0x3a
146e2 adds r0, #50 @ 0x32
146e4 adds r0, #37 @ 0x25
146e6 str r2, [r6, #64] @ 0x40
146e8 movs r5, #45 @ 0x2d
146ea adds r2, #48 @ 0x30
146ec cmp r5, #100 @ 0x64
146ee adds r0, #37 @ 0x25
146f0 str r2, [r6, #64] @ 0x40
146f2 movs r5, #32
146f4 adds r2, #48 @ 0x30
146f6 subs r2, #100 @ 0x64
146f8 adds r0, #37 @ 0x25
146fa str r2, [r6, #64] @ 0x40
146fc movs r5, #58 @ 0x3a
146fe adds r2, #48 @ 0x30
14700 lsls r4, r4, #1
14702 movs r0, r0

; ===== fn_08014704  (called 3 x)
14704 push {r4, lr}
14706 movs r4, #0
14708 bl fn_0800B6D4
1470c mov r0, r4
1470e pop {r4, pc}

; ===== fn_08014710  (called 1 x)
14710 stmdb sp!, {r4, r5, r6, r7, r8, lr}
14714 mov r6, r0
14716 movs r7, #101 @ 0x65
14718 nop
1471a mov r0, r6
1471c bl fn_08008298
14720 cmp r0, #1
14722 beq.n 8014726 
14724 b.n 801477c 
14726 ldrb r4, [r6, #0]
14728 cmp r4, #48 @ 0x30
1472a beq.n 8014730 
1472c cmp r4, #100 @ 0x64
1472e bne.n 8014734 
14730 movs r5, #0
14732 b.n 8014766 
14734 cmp r4, #49 @ 0x31
14736 beq.n 801473c 
14738 cmp r4, #105 @ 0x69
1473a bne.n 8014740 
1473c movs r5, #1
1473e b.n 8014766 
14740 cmp r4, #50 @ 0x32
14742 beq.n 8014748 
14744 cmp r4, #119 @ 0x77
14746 bne.n 801474c 
14748 movs r5, #2
1474a b.n 8014766 
1474c cmp r4, #51 @ 0x33
1474e beq.n 8014754 
14750 cmp r4, #101 @ 0x65
14752 bne.n 8014758 
14754 movs r5, #3
14756 b.n 8014766 
14758 cmp r4, #52 @ 0x34
1475a beq.n 8014760 
1475c cmp r4, #97 @ 0x61
1475e bne.n 8014764 
14760 movs r5, #4
14762 b.n 8014766 
14764 b.n 801477c 
14766 mov r0, r5
14768 bl fn_0800A050
1476c ldr r0, [pc, #20] ; =0x08018B4C rom_08018B4C
1476e ldr.w r1, [r0, r5, lsl #2]
14772 add r0, pc, #20 @ (adr r0, 8014788 ) ; =0x08014788 "DBG level: %s"
14774 bl fn_08009FC4
14778 movs r7, #0
1477a nop
1477c nop
1477e mov r0, r7
14780 ldmia.w sp!, {r4, r5, r6, r7, r8, pc}
14784 ldrh r4, [r1, #26]
14786 lsrs r1, r0, #32
14788 negs r4, r0
1478a movs r0, #71 @ 0x47
1478c str r4, [r5, #84] @ 0x54
1478e str r6, [r6, #84] @ 0x54
14790 subs r2, #108 @ 0x6c
14792 movs r5, #32
14794 lsls r3, r6, #1
14796 movs r0, r0

; ===== fn_08014798  (called 1 x)
14798 push {r4, lr}
1479a movs r4, #0
1479c movs r0, #0
1479e bl fn_08009E58
147a2 mov r0, r4
147a4 pop {r4, pc}

; ===== fn_080147A6  (called 1 x)
147a6 push {r4, lr}
147a8 movs r4, #0
147aa movs r0, #1
147ac bl fn_08009E58
147b0 mov r0, r4
147b2 pop {r4, pc}

; ===== fn_080147B4  (called 1 x)
147b4 stmdb sp!, {r0, r1, r2, r3, r4, r5, r6, r7, r8, lr}
147b8 mov r7, r0
147ba movs r5, #0
147bc nop
147be mov r0, r7
147c0 bl fn_08008298
147c4 cmp r0, #12
147c6 beq.n 80147cc 
147c8 movs r5, #101 @ 0x65
147ca b.n 8014854 
147cc movs r2, #6
147ce add r1, sp, #8
147d0 mov r0, r7
147d2 bl fn_0800C45E
147d6 mov r5, r0
147d8 cbz r5, 80147de 
147da movs r5, #101 @ 0x65
147dc b.n 8014854 
147de movs r4, #0
147e0 b.n 8014800 
147e2 add r0, sp, #8
147e4 ldrb r0, [r0, r4]
147e6 and.w r0, r0, #15
147ea add r1, sp, #8
147ec ldrb r1, [r1, r4]
147ee asrs r1, r1, #4
147f0 add.w r1, r1, r1, lsl #2
147f4 add.w r0, r0, r1, lsl #1
147f8 add r1, sp, #8
147fa strb r0, [r1, r4]
147fc adds r0, r4, #1
147fe uxtb r4, r0
14800 cmp r4, #6
14802 blt.n 80147e2 
14804 ldrb.w r0, [sp, #8]
14808 adds r0, #30
1480a uxtb r0, r0
1480c strb.w r0, [sp]
14810 ldrb.w r0, [sp, #9]
14814 strb.w r0, [sp, #1]
14818 ldrb.w r0, [sp, #10]
1481c strb.w r0, [sp, #2]
14820 ldrb.w r0, [sp, #11]
14824 strb.w r0, [sp, #3]
14828 ldrb.w r1, [sp, #12]
1482c strb.w r1, [sp, #4]
14830 ldrb.w r1, [sp, #13]
14834 strb.w r1, [sp, #5]
14838 add.w r0, sp, #3
1483c bl fn_0800B536
14840 mov r8, r0
14842 mov r0, sp
14844 bl fn_0800B314
14848 add.w r6, r8, r0
1484c mov r0, r6
1484e bl fn_0800A916
14852 nop
14854 nop
14856 mov r0, r5
14858 add sp, #16
1485a ldmia.w sp!, {r4, r5, r6, r7, r8, pc}
1485e movs r0, r0

; ===== fn_08014860  (called 1 x)
14860 push {r4, r5, r6, lr}
14862 mov r4, r0
14864 movs r5, #101 @ 0x65
14866 add r1, pc, #36 @ (adr r1, 801488c ) ; =0x0801488C "help"
14868 mov r0, r4
1486a bl fn_080082A6
1486e cbnz r0, 8014878 
14870 bl fn_08014600
14874 mov r5, r0
14876 b.n 8014888 
14878 add r1, pc, #24 @ (adr r1, 8014894 ) ; =0x08014894 "reboot"
1487a mov r0, r4
1487c bl fn_080082A6
14880 cbnz r0, 8014888 
14882 bl fn_08014704
14886 mov r5, r0
14888 mov r0, r5
1488a pop {r4, r5, r6, pc}
1488c str r0, [r5, #84] @ 0x54
1488e strb r4, [r5, #1]
14890 movs r0, r0
14892 movs r0, r0
14894 str r2, [r6, #84] @ 0x54
14896 ldr r2, [r4, #116] @ 0x74
14898 strb r7, [r5, #17]
1489a movs r0, r0

; ===== fn_0801489C  (called 1 x)
1489c push {r4, r5, lr}
1489e sub sp, #28
148a0 mov r4, r0
148a2 movs r5, #101 @ 0x65
148a4 add r1, pc, #372 @ (adr r1, 8014a1c ) ; =0x08014A1C rom_08014A1C
148a6 mov r0, r4
148a8 bl fn_080082A6
148ac cbnz r0, 80148d8 
148ae add r1, pc, #368 @ (adr r1, 8014a20 ) ; =0x08014A20 "time"
148b0 add.w r0, r4, #20
148b4 bl fn_080082A6
148b8 cbnz r0, 80148c2 
148ba bl fn_080146A0
148be mov r5, r0
148c0 b.n 8014a16 
148c2 add r1, pc, #356 @ (adr r1, 8014a28 ) ; =0x08014A28 "appinfo"
148c4 add.w r0, r4, #20
148c8 bl fn_080082A6
148cc cmp r0, #0
148ce bne.n 80148c0 
148d0 bl fn_08014610
148d4 mov r5, r0
148d6 b.n 8014a16 
148d8 add r1, pc, #340 @ (adr r1, 8014a30 ) ; =0x08014A30 "update"
148da mov r0, r4
148dc bl fn_080082A6
148e0 cbnz r0, 8014926 
148e2 movs r0, #1
148e4 bl fn_08009E58
148e8 add r0, sp, #4
148ea bl fn_0800BF84
148ee add r1, pc, #328 @ (adr r1, 8014a38 ) ; =0x08014A38 "app1"
148f0 add.w r0, r4, #20
148f4 bl fn_080082A6
148f8 cbnz r0, 8014900 
148fa ldr r0, [pc, #324] ; =0x61707031 
148fc str r0, [sp, #4]
148fe b.n 8014912 
14900 add r1, pc, #320 @ (adr r1, 8014a44 ) ; =0x08014A44 "app2"
14902 add.w r0, r4, #20
14906 bl fn_080082A6
1490a cbnz r0, 8014912 
1490c ldr r0, [pc, #304] ; =0x61707031 
1490e adds r0, r0, #1
14910 str r0, [sp, #16]
14912 bl fn_0800C0A8
14916 movs r0, #100 @ 0x64
14918 bl fn_0800A6C0
1491c add r0, sp, #4
1491e bl fn_0800BF98
14922 movs r5, #0
14924 b.n 8014a16 
14926 add r1, pc, #292 @ (adr r1, 8014a4c ) ; =0x08014A4C "set"
14928 mov r0, r4
1492a bl fn_080082A6
1492e cmp r0, #0
14930 bne.n 8014992 
14932 add r0, sp, #4
14934 bl fn_0800BF84
14938 add r1, pc, #252 @ (adr r1, 8014a38 ) ; =0x08014A38 "app1"
1493a add.w r0, r4, #20
1493e bl fn_080082A6
14942 cbnz r0, 8014950 
14944 movs r0, #1
14946 bl fn_0800C01C
1494a bl fn_08014704
1494e b.n 801498e 
14950 add r1, pc, #240 @ (adr r1, 8014a44 ) ; =0x08014A44 "app2"
14952 add.w r0, r4, #20
14956 bl fn_080082A6
1495a cbnz r0, 8014968 
1495c movs r0, #2
1495e bl fn_0800C01C
14962 bl fn_08014704
14966 b.n 801498e 
14968 add r1, pc, #228 @ (adr r1, 8014a50 ) ; =0x08014A50 "app3"
1496a add.w r0, r4, #20
1496e bl fn_080082A6
14972 cbnz r0, 801497c 
14974 movs r0, #3
14976 bl fn_0800C01C
1497a b.n 801498e 
1497c add r1, pc, #216 @ (adr r1, 8014a58 ) ; =0x08014A58 "app4"
1497e add.w r0, r4, #20
14982 bl fn_080082A6
14986 cbnz r0, 801498e 
14988 movs r0, #4
1498a bl fn_0800C01C
1498e movs r5, #0
14990 b.n 8014a16 
14992 add r1, pc, #204 @ (adr r1, 8014a60 ) ; =0x08014A60 "get"
14994 mov r0, r4
14996 bl fn_080082A6
1499a cbnz r0, 80149c8 
1499c add r1, pc, #196 @ (adr r1, 8014a64 ) ; =0x08014A64 "gps"
1499e add.w r0, r4, #20
149a2 bl fn_080082A6
149a6 cbnz r0, 80149b4 
149a8 movs r0, #0
149aa bl fn_0800A050
149ae bl fn_080094BC
149b2 movs r5, #0
149b4 add r1, pc, #176 @ (adr r1, 8014a68 ) ; =0x08014A68 "rssi"
149b6 add.w r0, r4, #20
149ba bl fn_080082A6
149be cbnz r0, 8014a16 
149c0 bl fn_08008C94
149c4 movs r5, #0
149c6 b.n 8014a16 
149c8 add r1, pc, #164 @ (adr r1, 8014a70 ) ; =0x08014A70 "test"
149ca mov r0, r4
149cc bl fn_080082A6
149d0 cbnz r0, 8014a16 
149d2 add r1, pc, #164 @ (adr r1, 8014a78 ) ; =0x08014A78 "rs485"
149d4 add.w r0, r4, #20
149d8 bl fn_080082A6
149dc cbnz r0, 8014a16 
149de movs r1, #64 @ 0x40
149e0 ldr r0, [pc, #156] ; =0x40011800 GPIOE
149e2 bl fn_08015ABC
149e6 movs r1, #32
149e8 ldr r0, [pc, #148] ; =0x40011800 GPIOE
149ea bl fn_08015AB8
149ee movs r0, #13
149f0 bl fn_0800A7BC
149f4 movs r2, #11
149f6 add r1, pc, #140 @ (adr r1, 8014a84 ) ; =0x08014A84 "TEST2_RS485"
149f8 movs r0, #2
149fa bl fn_0800A924
149fe movs r0, #50 @ 0x32
14a00 bl fn_0800A6C0
14a04 movs r0, #12
14a06 bl fn_0800A7BC
14a0a movs r2, #11
14a0c add r1, pc, #128 @ (adr r1, 8014a90 ) ; =0x08014A90 "TEST1_RS485"
14a0e movs r0, #1
14a10 bl fn_0800A924
14a14 movs r5, #0
14a16 mov r0, r5
14a18 add sp, #28
14a1a pop {r4, r5, pc}
14a1c lsls r0, r6, #1
14a1e movs r0, r0
14a20 ldr r4, [r6, #20]
14a22 str r5, [r5, #84] @ 0x54
14a24 movs r0, r0
14a26 movs r0, r0
14a28 strb r1, [r4, #1]
14a2a ldr r0, [r6, #20]
14a2c str r6, [r5, #100] @ 0x64
14a2e lsls r7, r5, #1
14a30 strb r5, [r6, #1]
14a32 str r4, [r4, #20]
14a34 str r4, [r6, #84] @ 0x54
14a36 movs r0, r0
14a38 strb r1, [r4, #1]
14a3a adds r1, #112 @ 0x70
14a3c movs r0, r0
14a3e movs r0, r0
14a40 strb r1, [r6, #0]
14a42 str r0, [r6, #20]
14a44 strb r1, [r4, #1]
14a46 adds r2, #112 @ 0x70
14a48 movs r0, r0
14a4a movs r0, r0
14a4c str r3, [r6, #84] @ 0x54
14a4e lsls r4, r6, #1
14a50 strb r1, [r4, #1]
14a52 adds r3, #112 @ 0x70
14a54 movs r0, r0
14a56 movs r0, r0
14a58 strb r1, [r4, #1]
14a5a adds r4, #112 @ 0x70
14a5c movs r0, r0
14a5e movs r0, r0
14a60 str r7, [r4, #84] @ 0x54
14a62 lsls r4, r6, #1
14a64 strb r7, [r4, #1]
14a66 lsls r3, r6, #1
14a68 strb r2, [r6, #13]
14a6a ldr r3, [r6, #20]
14a6c movs r0, r0
14a6e movs r0, r0
14a70 str r4, [r6, #84] @ 0x54
14a72 strb r3, [r6, #17]
14a74 movs r0, r0
14a76 movs r0, r0
14a78 strb r2, [r6, #13]
14a7a subs r0, #52 @ 0x34
14a7c movs r5, r6
14a7e movs r0, r0
14a80 adds r0, r0, r0
14a82 ands r1, r0
14a84 cmp r4, sl
14a86 strb r3, [r2, r1]
14a88 ldrsh r2, [r6, r4]
14a8a strh r2, [r2, r5]
14a8c subs r0, #52 @ 0x34
14a8e movs r5, r6
14a90 cmp r4, sl
14a92 strb r3, [r2, r1]
14a94 ldrsh r1, [r6, r4]
14a96 strh r2, [r2, r5]
14a98 subs r0, #52 @ 0x34
14a9a movs r5, r6

; ===== fn_08014A9C  (called 1 x)
14a9c push {r4, r5, r6, lr}
14a9e mov r4, r0
14aa0 movs r5, #101 @ 0x65
14aa2 add r1, pc, #164 @ (adr r1, 8014b48 ) ; =0x08014B48 "set"
14aa4 mov r0, r4
14aa6 bl fn_080082A6
14aaa cbnz r0, 8014afa 
14aac add r1, pc, #156 @ (adr r1, 8014b4c ) ; =0x08014B4C "debug"
14aae add.w r0, r4, #20
14ab2 bl fn_080082A6
14ab6 cbnz r0, 8014ae2 
14ab8 add r1, pc, #152 @ (adr r1, 8014b54 ) ; =0x08014B54 "on"
14aba add.w r0, r4, #40 @ 0x28
14abe bl fn_080082A6
14ac2 cbnz r0, 8014acc 
14ac4 bl fn_080147A6
14ac8 mov r5, r0
14aca b.n 8014b42 
14acc add r1, pc, #136 @ (adr r1, 8014b58 ) ; =0x08014B58 "off"
14ace add.w r0, r4, #40 @ 0x28
14ad2 bl fn_080082A6
14ad6 cmp r0, #0
14ad8 bne.n 8014b42 
14ada bl fn_08014798
14ade mov r5, r0
14ae0 b.n 8014b42 
14ae2 add r1, pc, #120 @ (adr r1, 8014b5c ) ; =0x08014B5C "time"
14ae4 add.w r0, r4, #20
14ae8 bl fn_080082A6
14aec cbnz r0, 8014b42 
14aee add.w r0, r4, #40 @ 0x28
14af2 bl fn_080147B4
14af6 mov r5, r0
14af8 b.n 8014b42 
14afa add r1, pc, #104 @ (adr r1, 8014b64 ) ; =0x08014B64 rom_08014B64
14afc mov r0, r4
14afe bl fn_080082A6
14b02 cbnz r0, 8014b42 
14b04 add r1, pc, #68 @ (adr r1, 8014b4c ) ; =0x08014B4C "debug"
14b06 add.w r0, r4, #20
14b0a bl fn_080082A6
14b0e cbnz r0, 8014b24 
14b10 add r1, pc, #84 @ (adr r1, 8014b68 ) ; =0x08014B68 "level"
14b12 add.w r0, r4, #40 @ 0x28
14b16 bl fn_080082A6
14b1a cbnz r0, 8014b42 
14b1c bl fn_0801463C
14b20 mov r5, r0
14b22 b.n 8014b42 
14b24 add r1, pc, #72 @ (adr r1, 8014b70 ) ; =0x08014B70 "reboot"
14b26 add.w r0, r4, #20
14b2a bl fn_080082A6
14b2e cbnz r0, 8014b42 
14b30 add r1, pc, #68 @ (adr r1, 8014b78 ) ; =0x08014B78 "reason"
14b32 add.w r0, r4, #40 @ 0x28
14b36 bl fn_080082A6
14b3a cbnz r0, 8014b42 
14b3c bl fn_0801466C
14b40 mov r5, r0
14b42 mov r0, r5
14b44 pop {r4, r5, r6, pc}
14b46 movs r0, r0
14b48 str r3, [r6, #84] @ 0x54
14b4a lsls r4, r6, #1
14b4c str r4, [r4, #84] @ 0x54
14b4e strb r2, [r4, #21]
14b50 lsls r7, r4, #1
14b52 movs r0, r0
14b54 ldr r7, [r5, #100] @ 0x64
14b56 movs r0, r0
14b58 str r7, [r5, #100] @ 0x64
14b5a lsls r6, r4, #1
14b5c ldr r4, [r6, #20]
14b5e str r5, [r5, #84] @ 0x54
14b60 movs r0, r0
14b62 movs r0, r0
14b64 lsls r0, r6, #1
14b66 movs r0, r0
14b68 str r4, [r5, #84] @ 0x54
14b6a str r6, [r6, #84] @ 0x54
14b6c lsls r4, r5, #1
14b6e movs r0, r0
14b70 str r2, [r6, #84] @ 0x54
14b72 ldr r2, [r4, #116] @ 0x74
14b74 strb r7, [r5, #17]
14b76 movs r0, r0
14b78 str r2, [r6, #84] @ 0x54
14b7a strb r1, [r4, #13]
14b7c ldr r7, [r5, #100] @ 0x64
14b7e movs r0, r0

; ===== fn_08014B80  (called 1 x)
14b80 push {r4, r5, lr}
14b82 sub sp, #28
14b84 mov r4, r0
14b86 movs r5, #101 @ 0x65
14b88 add r1, pc, #224 @ (adr r1, 8014c6c ) ; =0x08014C6C "set"
14b8a mov r0, r4
14b8c bl fn_080082A6
14b90 cbnz r0, 8014bb4 
14b92 add r1, pc, #220 @ (adr r1, 8014c70 ) ; =0x08014C70 "debug"
14b94 add.w r0, r4, #20
14b98 bl fn_080082A6
14b9c cbnz r0, 8014bb4 
14b9e add r1, pc, #216 @ (adr r1, 8014c78 ) ; =0x08014C78 "level"
14ba0 add.w r0, r4, #40 @ 0x28
14ba4 bl fn_080082A6
14ba8 cbnz r0, 8014bb4 
14baa add.w r0, r4, #60 @ 0x3c
14bae bl fn_08014710
14bb2 mov r5, r0
14bb4 add r1, pc, #200 @ (adr r1, 8014c80 ) ; =0x08014C80 "update"
14bb6 mov r0, r4
14bb8 bl fn_080082A6
14bbc cmp r0, #0
14bbe bne.n 8014c66 
14bc0 add r0, sp, #4
14bc2 bl fn_0800BF84
14bc6 nop
14bc8 add r1, pc, #188 @ (adr r1, 8014c88 ) ; =0x08014C88 "app1"
14bca add.w r0, r4, #20
14bce bl fn_080082A6
14bd2 cbnz r0, 8014c08 
14bd4 ldr r0, [sp, #4]
14bd6 cmp.w r0, #1515870810 @ 0x5a5a5a5a
14bda beq.n 8014bf6 
14bdc ldr r0, [pc, #176] ; =0x61707031 
14bde str r0, [sp, #4]
14be0 add.w r0, r4, #40 @ 0x28
14be4 bl fn_080082FE
14be8 str r0, [sp, #8]
14bea add.w r0, r4, #60 @ 0x3c
14bee bl fn_080082FE
14bf2 str r0, [sp, #12]
14bf4 b.n 8014c4a 
14bf6 movs r5, #5
14bf8 add r3, pc, #152 @ (adr r3, 8014c94 ) ; =0x08014C94 "APP1 is running, Can not update!"
14bfa mov.w r2, #576 @ 0x240
14bfe add r1, pc, #184 @ (adr r1, 8014cb8 ) ; =0x08014CB8 "..\\src\\main\\cli.c"
14c00 movs r0, #3
14c02 bl fn_08009EBC
14c06 b.n 8014c64 
14c08 add r1, pc, #192 @ (adr r1, 8014ccc ) ; =0x08014CCC "app2"
14c0a add.w r0, r4, #20
14c0e bl fn_080082A6
14c12 cbnz r0, 8014c4a 
14c14 ldr r0, [sp, #16]
14c16 cmp.w r0, #1515870810 @ 0x5a5a5a5a
14c1a beq.n 8014c38 
14c1c ldr r0, [pc, #112] ; =0x61707031 
14c1e adds r0, r0, #1
14c20 str r0, [sp, #16]
14c22 add.w r0, r4, #40 @ 0x28
14c26 bl fn_080082FE
14c2a str r0, [sp, #20]
14c2c add.w r0, r4, #60 @ 0x3c
14c30 bl fn_080082FE
14c34 str r0, [sp, #24]
14c36 b.n 8014c4a 
14c38 movs r5, #5
14c3a add r3, pc, #152 @ (adr r3, 8014cd4 ) ; =0x08014CD4 "APP2 is running, Can not update!"
14c3c movw r2, #591 @ 0x24f
14c40 add r1, pc, #116 @ (adr r1, 8014cb8 ) ; =0x08014CB8 "..\\src\\main\\cli.c"
14c42 movs r0, #3
14c44 bl fn_08009EBC
14c48 b.n 8014c64 
14c4a bl fn_0800C0A8
14c4e movs r0, #100 @ 0x64
14c50 bl fn_0800A6C0
14c54 add r0, sp, #4
14c56 bl fn_0800BF98
14c5a movs r5, #0
14c5c movs r0, #0
14c5e bl fn_0800C174
14c62 nop
14c64 nop
14c66 mov r0, r5
14c68 add sp, #28
14c6a pop {r4, r5, pc}
14c6c str r3, [r6, #84] @ 0x54
14c6e lsls r4, r6, #1
14c70 str r4, [r4, #84] @ 0x54
14c72 strb r2, [r4, #21]
14c74 lsls r7, r4, #1
14c76 movs r0, r0
14c78 str r4, [r5, #84] @ 0x54
14c7a str r6, [r6, #84] @ 0x54
14c7c lsls r4, r5, #1
14c7e movs r0, r0
14c80 strb r5, [r6, #1]
14c82 str r4, [r4, #20]
14c84 str r4, [r6, #84] @ 0x54
14c86 movs r0, r0
14c88 strb r1, [r4, #1]
14c8a adds r1, #112 @ 0x70
14c8c movs r0, r0
14c8e movs r0, r0
14c90 strb r1, [r6, #0]
14c92 str r0, [r6, #20]
14c94 str r1, [r0, r1]
14c96 adds r1, #80 @ 0x50
14c98 ldr r0, [r4, #16]
14c9a movs r0, #115 @ 0x73
14c9c strb r2, [r6, #21]
14c9e ldr r6, [r5, #100] @ 0x64
14ca0 ldr r1, [r5, #100] @ 0x64
14ca2 cmp r4, #103 @ 0x67
14ca4 orrs r0, r4
14ca6 ldr r1, [r4, #100] @ 0x64
14ca8 ldr r0, [r4, #96] @ 0x60
14caa strb r7, [r5, #17]
14cac strb r0, [r4, #20]
14cae str r0, [r6, #68] @ 0x44
14cb0 strb r1, [r4, #17]
14cb2 movs r1, #101 @ 0x65
14cb4 movs r0, r0
14cb6 movs r0, r0
14cb8 cmp r6, #46 @ 0x2e
14cba strb r4, [r3, #13]
14cbc str r2, [r6, #52] @ 0x34
14cbe ldr r4, [r3, #84] @ 0x54
14cc0 ldr r1, [r4, #20]
14cc2 ldrb r6, [r5, r1]
14cc4 ldr r3, [r4, #68] @ 0x44
14cc6 cmp r6, #105 @ 0x69
14cc8 lsls r3, r4, #1
14cca movs r0, r0
14ccc strb r1, [r4, #1]
14cce adds r2, #112 @ 0x70
14cd0 movs r0, r0
14cd2 movs r0, r0
14cd4 str r1, [r0, r1]
14cd6 adds r2, #80 @ 0x50
14cd8 ldr r0, [r4, #16]
14cda movs r0, #115 @ 0x73
14cdc strb r2, [r6, #21]
14cde ldr r6, [r5, #100] @ 0x64
14ce0 ldr r1, [r5, #100] @ 0x64
14ce2 cmp r4, #103 @ 0x67
14ce4 orrs r0, r4
14ce6 ldr r1, [r4, #100] @ 0x64
14ce8 ldr r0, [r4, #96] @ 0x60
14cea strb r7, [r5, #17]
14cec strb r0, [r4, #20]
14cee str r0, [r6, #68] @ 0x44
14cf0 strb r1, [r4, #17]
14cf2 movs r1, #101 @ 0x65
14cf4 movs r0, r0
14cf6 movs r0, r0

; ===== fn_08014CF8  (called 1 x)
14cf8 mov r1, r0
14cfa movs r0, #101 @ 0x65
14cfc bx lr

; ===== fn_08014CFE  (called 1 x)
14cfe bx lr

; ===== fn_08014D00  (called 1 x)
14d00 stmdb sp!, {r4, r5, r6, r7, r8, r9, sl, fp, ip, lr}
14d04 mov r6, r0
14d06 mov.w fp, #0
14d0a nop
14d0c movs r7, #0
14d0e mov r0, r6
14d10 bl fn_08008298
14d14 mov r9, r0
14d16 movs r4, #0
14d18 b.n 8014d34 
14d1a ldrb r0, [r6, r4]
14d1c cmp r0, #32
14d1e beq.n 8014d32 
14d20 adds r0, r6, r4
14d22 ldrb r0, [r0, #1]
14d24 cmp r0, #32
14d26 beq.n 8014d2e 
14d28 adds r0, r6, r4
14d2a ldrb r0, [r0, #1]
14d2c cbnz r0, 8014d32 
14d2e adds r0, r7, #1
14d30 uxtb r7, r0
14d32 adds r4, r4, #1
14d34 cmp r4, r9
14d36 bcc.n 8014d1a 
14d38 cbnz r7, 8014d40 
14d3a mov.w fp, #100 @ 0x64
14d3e b.n 8014de6 
14d40 cmp r7, #6
14d42 blt.n 8014d4a 
14d44 mov.w fp, #101 @ 0x65
14d48 b.n 8014de6 
14d4a movs r2, #15
14d4c add r1, pc, #160 @ (adr r1, 8014df0 ) ; =0x08014DF0 "factest esp8266"
14d4e mov r0, r6
14d50 bl fn_080082C2
14d54 cbz r0, 8014d68 
14d56 movs r2, #15
14d58 add r1, pc, #164 @ (adr r1, 8014e00 ) ; =0x08014E00 "FACTEST ESP8266"
14d5a mov r0, r6
14d5c bl fn_080082C2
14d60 cbz r0, 8014d68 
14d62 mov r0, r6
14d64 bl fn_0800C5F0
14d68 mov.w r8, #0
14d6c movs r5, #0
14d6e movs r4, #0
14d70 b.n 8014dcc 
14d72 ldrb.w sl, [r6, r4]
14d76 cmp.w sl, #32
14d7a beq.n 8014dca 
14d7c b.n 8014d9e 
14d7e add.w r0, r8, r8, lsl #2
14d82 ldr r1, [pc, #140] ; =0x2000011D ram_2000011D
14d84 add.w r0, r1, r0, lsl #2
14d88 strb.w sl, [r0, r5]
14d8c adds r5, r5, #1
14d8e adds r0, r6, r4
14d90 ldrb.w sl, [r0, r5]
14d94 cmp r5, #20
14d96 bcc.n 8014d9e 
14d98 mov.w fp, #101 @ 0x65
14d9c b.n 8014daa 
14d9e cmp.w sl, #32
14da2 beq.n 8014daa 
14da4 cmp.w sl, #0
14da8 bne.n 8014d7e 
14daa nop
14dac cmp.w fp, #0
14db0 beq.n 8014db4 
14db2 b.n 8014dd0 
14db4 movs r0, #0
14db6 add.w r1, r8, r8, lsl #2
14dba ldr r2, [pc, #84] ; =0x2000011D ram_2000011D
14dbc add.w r1, r2, r1, lsl #2
14dc0 strb r0, [r1, r5]
14dc2 add r4, r5
14dc4 add.w r8, r8, #1
14dc8 movs r5, #0
14dca adds r4, r4, #1
14dcc cmp r4, r9
14dce bcc.n 8014d72 
14dd0 nop
14dd2 cmp.w fp, #0
14dd6 beq.n 8014dda 
14dd8 b.n 8014de6 
14dda mov r1, r7
14ddc ldr r0, [pc, #48] ; =0x2000011D ram_2000011D
14dde bl fn_08014E64
14de2 mov fp, r0
14de4 nop
14de6 nop
14de8 mov r0, fp
14dea ldmia.w sp!, {r4, r5, r6, r7, r8, r9, sl, fp, ip, pc}
14dee movs r0, r0
14df0 str r6, [r4, #20]
14df2 strb r3, [r4, #17]
14df4 strb r5, [r4, #13]
14df6 movs r0, #116 @ 0x74
14df8 strb r5, [r4, #13]
14dfa subs r0, #112 @ 0x70
14dfc adds r6, #50 @ 0x32
14dfe movs r6, r6
14e00 adcs r6, r0
14e02 strb r3, [r0, r1]
14e04 strh r5, [r0, r5]
14e06 movs r0, #84 @ 0x54
14e08 strh r5, [r0, r5]
14e0a subs r0, #80 @ 0x50
14e0c adds r6, #50 @ 0x32
14e0e movs r6, r6
14e10 lsls r5, r3, #4
14e12 movs r0, #0

; ===== fn_08014E14  (called 1 x)
14e14 push {r4, r5, r6, lr}
14e16 mov r5, r0
14e18 mov r4, r1
14e1a movs r6, #101 @ 0x65
14e1c cmp r4, #6
14e1e bcs.n 8014e5c 
14e20 tbb [pc, r4]
14e24 lsls r4, r3, #12
14e26 lsrs r0, r1, #20
14e28 asrs r2, r2, #28
14e2a mov r0, r5
14e2c bl fn_08014860
14e30 mov r6, r0
14e32 b.n 8014e5e 
14e34 mov r0, r5
14e36 bl fn_0801489C
14e3a mov r6, r0
14e3c b.n 8014e5e 
14e3e mov r0, r5
14e40 bl fn_08014A9C
14e44 mov r6, r0
14e46 b.n 8014e5e 
14e48 mov r0, r5
14e4a bl fn_08014B80
14e4e mov r6, r0
14e50 b.n 8014e5e 
14e52 mov r0, r5
14e54 bl fn_08014CF8
14e58 mov r6, r0
14e5a b.n 8014e5e 
14e5c nop
14e5e nop
14e60 mov r0, r6
14e62 pop {r4, r5, r6, pc}

; ===== fn_08014E64  (called 1 x)
14e64 push {r4, r5, r6, lr}
14e66 mov r4, r0
14e68 mov r5, r1
14e6a movs r6, #101 @ 0x65
14e6c mov r1, r5
14e6e mov r0, r4
14e70 bl fn_08014E14
14e74 mov r6, r0
14e76 mov r0, r6
14e78 pop {r4, r5, r6, pc}
14e7a movs r0, r0

; ===== fn_08014E7C  (called 0 x)
14e7c stmdb sp!, {r4, r5, r6, r7, r8, lr}
14e80 mov r6, r0
14e82 mov r4, r1
14e84 movs r7, #0
14e86 nop
14e88 cbnz r6, 8014e8e 
14e8a movs r7, #1
14e8c b.n 8014f64 
14e8e cbnz r4, 8014e94 
14e90 movs r7, #2
14e92 b.n 8014f64 
14e94 movs r5, #0
14e96 b.n 8014ea0 
14e98 ldrb r0, [r6, r5]
14e9a bl fn_0800A018
14e9e adds r5, r5, #1
14ea0 cmp r5, r4
14ea2 bcc.n 8014e98 
14ea4 cmp r4, #1
14ea6 bne.n 8014ed4 
14ea8 ldrb r0, [r6, #0]
14eaa cmp r0, #8
14eac bne.n 8014ed4 
14eae ldr r0, [pc, #188] ; =0x200000CC ram_200000CC
14eb0 ldrb.w r0, [r0, #80] @ 0x50
14eb4 cmp r0, #0
14eb6 ble.n 8014ed2 
14eb8 ldr r0, [pc, #176] ; =0x200000CC ram_200000CC
14eba ldrb.w r0, [r0, #80] @ 0x50
14ebe subs r0, r0, #1
14ec0 ldr r1, [pc, #168] ; =0x200000CC ram_200000CC
14ec2 strb.w r0, [r1, #80] @ 0x50
14ec6 movs r0, #32
14ec8 bl fn_0800A018
14ecc movs r0, #8
14ece bl fn_0800A018
14ed2 b.n 8014f64 
14ed4 subs r0, r4, #1
14ed6 ldrb r0, [r6, r0]
14ed8 cmp r0, #8
14eda bne.n 8014ee0 
14edc subs r0, r4, #1
14ede uxth r4, r0
14ee0 ldr r0, [pc, #136] ; =0x200000CC ram_200000CC
14ee2 ldrb.w r0, [r0, #80] @ 0x50
14ee6 rsb r0, r0, #80 @ 0x50
14eea and.w r8, r0, #255 @ 0xff
14eee cmp r8, r4
14ef0 bge.n 8014f00 
14ef2 add r0, pc, #124 @ (adr r0, 8014f70 ) ; =0x08014F70 "Command is too long"
14ef4 bl fn_08009FC4
14ef8 bl fn_08014F9C
14efc movs r7, #3
14efe b.n 8014f64 
14f00 ldr r1, [pc, #104] ; =0x200000CC ram_200000CC
14f02 ldrb.w r1, [r1, #80] @ 0x50
14f06 ldr r2, [pc, #100] ; =0x200000CC ram_200000CC
14f08 adds r0, r1, r2
14f0a mov r2, r4
14f0c mov r1, r6
14f0e bl fn_08008214
14f12 ldr r0, [pc, #88] ; =0x200000CC ram_200000CC
14f14 ldrb.w r0, [r0, #80] @ 0x50
14f18 add r0, r4
14f1a ldr r1, [pc, #80] ; =0x200000CC ram_200000CC
14f1c strb.w r0, [r1, #80] @ 0x50
14f20 mov r0, r1
14f22 ldrb.w r0, [r0, #80] @ 0x50
14f26 subs r5, r0, #1
14f28 mov r0, r1
14f2a ldrb r0, [r0, r5]
14f2c cmp r0, #13
14f2e bne.n 8014f62 
14f30 movs r0, #0
14f32 strb r0, [r1, r5]
14f34 cbz r5, 8014f5e 
14f36 mov r0, r1
14f38 bl fn_08014D00
14f3c mov r7, r0
14f3e cbnz r7, 8014f48 
14f40 add r0, pc, #64 @ (adr r0, 8014f84 ) ; =0x08014F84 "OK"
14f42 bl fn_08009FC4
14f46 b.n 8014f52 
14f48 cmp r7, #102 @ 0x66
14f4a beq.n 8014f52 
14f4c add r0, pc, #56 @ (adr r0, 8014f88 ) ; =0x08014F88 "Invalid command"
14f4e bl fn_08009FC4
14f52 add r0, pc, #68 @ (adr r0, 8014f98 ) ; =0x08014F98 rom_08014F98
14f54 bl fn_08009FC4
14f58 bl fn_08014FB4
14f5c b.n 8014f62 
14f5e bl fn_08014F9C
14f62 nop
14f64 nop
14f66 ldmia.w sp!, {r4, r5, r6, r7, r8, pc}
14f6a movs r0, r0
14f6c lsls r4, r1, #3
14f6e movs r0, #0
14f70 ldr r3, [r0, #116] @ 0x74
14f72 ldr r5, [r5, #84] @ 0x54
14f74 ldr r1, [r4, #100] @ 0x64
14f76 movs r0, #100 @ 0x64
14f78 strb r1, [r5, #13]
14f7a strb r0, [r4, #16]
14f7c ldr r7, [r5, #116] @ 0x74
14f7e ldr r0, [r4, #64] @ 0x40
14f80 ldr r7, [r5, #100] @ 0x64
14f82 lsls r7, r4, #1
14f84 ldr r3, [pc, #316] ; =0xE01B6023 
14f86 movs r0, r0
14f88 ldr r1, [r1, #100] @ 0x64
14f8a str r6, [r6, #20]
14f8c ldr r4, [r5, #20]
14f8e movs r0, #100 @ 0x64
14f90 ldr r3, [r4, #116] @ 0x74
14f92 ldr r5, [r5, #84] @ 0x54
14f94 ldr r1, [r4, #100] @ 0x64
14f96 lsls r4, r4, #1
14f98 movs r0, r0
14f9a movs r0, r0

; ===== fn_08014F9C  (called 3 x)
14f9c push {r4, lr}
14f9e bl fn_08014FB4
14fa2 add r0, pc, #8 @ (adr r0, 8014fac ) ; =0x08014FAC "DBG>"
14fa4 bl fn_08009FC4
14fa8 pop {r4, pc}
14faa movs r0, r0
14fac negs r4, r0
14fae subs r6, #71 @ 0x47
14fb0 movs r0, r0
14fb2 movs r0, r0

; ===== fn_08014FB4  (called 2 x)
14fb4 movs r0, #0
14fb6 ldr r1, [pc, #8] ; =0x200000CC ram_200000CC
14fb8 strb.w r0, [r1, #80] @ 0x50
14fbc bx lr
14fbe movs r0, r0
14fc0 lsls r4, r1, #3
14fc2 movs r0, #0

; ===== fn_08014FC4  (called 1 x)
14fc4 mov r1, r0
14fc6 cmp r1, #5
14fc8 bcs.n 8014fe8 
14fca tbb [pc, r1]
14fce lsls r3, r0, #20
14fd0 lsrs r7, r0, #4
14fd2 movs r3, r1
14fd4 movs r0, #68 @ 0x44
14fd6 b.n 8014fec 
14fd8 movs r0, #73 @ 0x49
14fda b.n 8014fec 
14fdc movs r0, #87 @ 0x57
14fde b.n 8014fec 
14fe0 movs r0, #69 @ 0x45
14fe2 b.n 8014fec 
14fe4 movs r0, #65 @ 0x41
14fe6 b.n 8014fec 
14fe8 movs r0, #32
14fea nop
14fec nop
14fee bx lr

; ===== fn_08014FF0  (called 0 x)
14ff0 push {r4, r5, r6, lr}
14ff2 mov r4, r0
14ff4 mov r5, r1
14ff6 ldr r0, [pc, #16] ; =0x20000040 ram_20000040
14ff8 ldr r0, [r0, #0]
14ffa cbz r0, 8015006 
14ffc mov r1, r5
14ffe mov r0, r4
15000 ldr r2, [pc, #4] ; =0x20000040 ram_20000040
15002 ldr r2, [r2, #0]
15004 blx r2
15006 pop {r4, r5, r6, pc}
15008 lsls r0, r0, #1
1500a movs r0, #0

; ===== fn_0801500C  (called 4 x)
1500c push {r4, r5, r6, lr}
1500e mov r4, r0
15010 mov r5, r1
15012 movs r6, #0
15014 nop
15016 uxth r2, r5
15018 mov r1, r4
1501a movs r0, #0
1501c bl fn_0800A924
15020 mov r6, r0
15022 cmp r6, #26
15024 bne.n 801502e 
15026 movs r0, #10
15028 bl fn_0800A6C0
1502c b.n 8015016 
1502e nop
15030 nop
15032 ldr r0, [pc, #20] ; =0x20000044 ram_20000044
15034 ldr r0, [r0, #0]
15036 cbz r0, 8015042 
15038 mov r1, r5
1503a mov r0, r4
1503c ldr r2, [pc, #8] ; =0x20000044 ram_20000044
1503e ldr r2, [r2, #0]
15040 blx r2
15042 mov r0, r6
15044 pop {r4, r5, r6, pc}
15046 movs r0, r0
15048 lsls r4, r0, #1
1504a movs r0, #0

; ===== fn_0801504C  (called 1 x)
1504c push {r4, lr}
1504e ldr r3, [pc, #180] ; =0x40010400 EXTI
15050 ldr r3, [r3, #0]
15052 bics r3, r0
15054 ldr r4, [pc, #172] ; =0x40010400 EXTI
15056 str r3, [r4, #0]
15058 adds r3, r4, #4
1505a ldr r3, [r3, #0]
1505c bics r3, r0
1505e adds r4, r4, #4
15060 str r3, [r4, #0]
15062 adds r3, r4, #4
15064 ldr r3, [r3, #0]
15066 bics r3, r0
15068 adds r4, r4, #4
1506a str r3, [r4, #0]
1506c adds r3, r4, #4
1506e ldr r3, [r3, #0]
15070 bics r3, r0
15072 adds r4, r4, #4
15074 str r3, [r4, #0]
15076 cbz r1, 801507e 
15078 cmp r1, #1
1507a bne.n 801509a 
1507c b.n 801508a 
1507e ldr r3, [pc, #132] ; =0x40010400 EXTI
15080 ldr r3, [r3, #0]
15082 orrs r3, r0
15084 ldr r4, [pc, #124] ; =0x40010400 EXTI
15086 str r3, [r4, #0]
15088 b.n 801509c 
1508a ldr r3, [pc, #120] ; =0x40010400 EXTI
1508c adds r3, r3, #4
1508e ldr r3, [r3, #0]
15090 orrs r3, r0
15092 ldr r4, [pc, #112] ; =0x40010400 EXTI
15094 adds r4, r4, #4
15096 str r3, [r4, #0]
15098 b.n 801509c 
1509a nop
1509c nop
1509e cbz r2, 80150ae 
150a0 cmp r2, #1
150a2 beq.n 80150c8 
150a4 cmp r2, #2
150a6 beq.n 80150e2 
150a8 cmp r2, #3
150aa bne.n 80150fc 
150ac b.n 80150fe 
150ae ldr r3, [pc, #84] ; =0x40010400 EXTI
150b0 adds r3, #8
150b2 ldr r3, [r3, #0]
150b4 orrs r3, r0
150b6 ldr r4, [pc, #76] ; =0x40010400 EXTI
150b8 adds r4, #8
150ba str r3, [r4, #0]
150bc adds r3, r4, #4
150be ldr r3, [r3, #0]
150c0 bics r3, r0
150c2 adds r4, r4, #4
150c4 str r3, [r4, #0]
150c6 b.n 8015100 
150c8 ldr r3, [pc, #56] ; =0x40010400 EXTI
150ca adds r3, #8
150cc ldr r3, [r3, #0]
150ce bics r3, r0
150d0 ldr r4, [pc, #48] ; =0x40010400 EXTI
150d2 adds r4, #8
150d4 str r3, [r4, #0]
150d6 adds r3, r4, #4
150d8 ldr r3, [r3, #0]
150da orrs r3, r0
150dc adds r4, r4, #4
150de str r3, [r4, #0]
150e0 b.n 8015100 
150e2 ldr r3, [pc, #32] ; =0x40010400 EXTI
150e4 adds r3, #8
150e6 ldr r3, [r3, #0]
150e8 orrs r3, r0
150ea ldr r4, [pc, #24] ; =0x40010400 EXTI
150ec adds r4, #8
150ee str r3, [r4, #0]
150f0 adds r3, r4, #4
150f2 ldr r3, [r3, #0]
150f4 orrs r3, r0
150f6 adds r4, r4, #4
150f8 str r3, [r4, #0]
150fa b.n 8015100 
150fc nop
150fe nop
15100 nop
15102 pop {r4, pc}
15104 lsls r0, r0, #16
15106 ands r1, r0

; ===== fn_08015108  (called 1 x)
15108 ldr r1, [pc, #4] ; =0x40010414 EXTI+0x14
1510a str r0, [r1, #0]
1510c bx lr
1510e movs r0, r0
15110 lsls r4, r2, #16
15112 ands r1, r0

; ===== fn_08015114  (called 1 x)
15114 ldr r1, [pc, #4] ; =0x1FFFF7E0 FLASH_SIZE
15116 ldrh r0, [r1, #0]
15118 bx lr
1511a movs r0, r0
1511c @ <UNDEFINED> instruction: 0xf7e01fff

; ===== fn_08015120  (called 2 x)
15120 push {r4, r5, r6, lr}
15122 bl fn_08015114
15126 uxth r5, r0
15128 subs r0, r5, #2
1512a lsls r4, r0, #10
1512c add.w r4, r4, #134217728 @ 0x8000000
15130 mov r0, r4
15132 pop {r4, r5, r6, pc}

; ===== fn_08015134  (called 4 x)
15134 stmdb sp!, {r4, r5, r6, r7, r8, r9, sl, lr}
15138 mov r4, r0
1513a mov r9, r1
1513c mov r5, r2
1513e nop
15140 and.w r0, r4, #1
15144 cbnz r0, 8015148 
15146 b.n 8015150 
15148 movs r1, #217 @ 0xd9
1514a add r0, pc, #92 @ (adr r0, 80151a8 ) ; =0x080151A8 "..\\src\\hal\\flash.c"
1514c bl fn_08009D9C
15150 and.w r0, r5, #1
15154 cbnz r0, 8015158 
15156 b.n 8015160 
15158 movs r1, #218 @ 0xda
1515a add r0, pc, #76 @ (adr r0, 80151a8 ) ; =0x080151A8 "..\\src\\hal\\flash.c"
1515c bl fn_08009D9C
15160 bl fn_0800ABB0
15164 bl fn_0801542C
15168 bl fn_0800A2B0
1516c cbz r0, 8015178 
1516e bl fn_0801531C
15172 bl fn_0800ABD8
15176 b.n 80151a0 
15178 mov r6, r5
1517a mov r7, r4
1517c mov r8, r9
1517e b.n 8015192 
15180 mov r0, r7
15182 ldr.w r1, [r8]
15186 bl fn_08015470
1518a subs r6, r6, #4
1518c adds r7, r7, #4
1518e add.w r8, r8, #4
15192 cmp r6, #0
15194 bne.n 8015180 
15196 bl fn_0801531C
1519a bl fn_0800ABD8
1519e nop
151a0 nop
151a2 ldmia.w sp!, {r4, r5, r6, r7, r8, r9, sl, pc}
151a6 movs r0, r0
151a8 cmp r6, #46 @ 0x2e
151aa strb r4, [r3, #13]
151ac str r2, [r6, #52] @ 0x34
151ae ldr r4, [r3, #4]
151b0 ldr r1, [r4, #68] @ 0x44
151b2 str r4, [r3, #100] @ 0x64
151b4 str r4, [r5, #20]
151b6 ldr r3, [r6, #4]
151b8 str r6, [r5, #48] @ 0x30
151ba movs r0, r0

; ===== fn_080151BC  (called 12 x)
151bc push {lr}
151be mov r3, r0
151c0 movs r2, #1
151c2 nop
151c4 bl fn_080151E0
151c8 mov r2, r0
151ca subs r3, r3, #1
151cc cmp r2, #1
151ce bne.n 80151d4 
151d0 cmp r3, #0
151d2 bne.n 80151c4 
151d4 cmp r2, #1
151d6 bne.n 80151da 
151d8 movs r2, #4
151da mov r0, r2
151dc pop {pc}
151de movs r0, r0

; ===== fn_080151E0  (called 1 x)
151e0 movs r0, #0
151e2 ldr r1, [pc, #40] ; =0x40022000 FMC
151e4 ldr r1, [r1, #12]
151e6 and.w r1, r1, #1
151ea cbz r1, 80151f0 
151ec movs r0, #1
151ee b.n 801520a 
151f0 ldr r1, [pc, #24] ; =0x40022000 FMC
151f2 ldr r1, [r1, #12]
151f4 and.w r1, r1, #16
151f8 cbz r1, 80151fe 
151fa movs r0, #3
151fc b.n 801520a 
151fe ldr r1, [pc, #12] ; =0x40022000 FMC
15200 ldr r1, [r1, #12]
15202 and.w r1, r1, #4
15206 cbz r1, 801520a 
15208 movs r0, #2
1520a bx lr
1520c movs r0, #0
1520e ands r2, r0

; ===== fn_08015210  (called 6 x)
15210 push {lr}
15212 mov r3, r0
15214 movs r2, #1
15216 nop
15218 bl fn_08015234
1521c mov r2, r0
1521e subs r3, r3, #1
15220 cmp r2, #1
15222 bne.n 8015228 
15224 cmp r3, #0
15226 bne.n 8015218 
15228 cmp r2, #1
1522a bne.n 801522e 
1522c movs r2, #4
1522e mov r0, r2
15230 pop {pc}
15232 movs r0, r0

; ===== fn_08015234  (called 1 x)
15234 movs r0, #0
15236 ldr r1, [pc, #40] ; =0x40022000 FMC
15238 ldr r1, [r1, #76] @ 0x4c
1523a and.w r1, r1, #1
1523e cbz r1, 8015244 
15240 movs r0, #1
15242 b.n 801525e 
15244 ldr r1, [pc, #24] ; =0x40022000 FMC
15246 ldr r1, [r1, #76] @ 0x4c
15248 and.w r1, r1, #16
1524c cbz r1, 8015252 
1524e movs r0, #3
15250 b.n 801525e 
15252 ldr r1, [pc, #12] ; =0x40022000 FMC
15254 ldr r1, [r1, #76] @ 0x4c
15256 and.w r1, r1, #4
1525a cbz r1, 801525e 
1525c movs r0, #2
1525e bx lr
15260 movs r0, #0
15262 ands r2, r0

; ===== fn_08015264  (called 1 x)
15264 push {r4, r5, r6, lr}
15266 mov r4, r0
15268 mov r5, r1
1526a movs r6, #0
1526c ldr r0, [pc, #156] ; =0x1FFFF7E0 FLASH_SIZE
1526e ldrh r0, [r0, #0]
15270 cmp.w r0, #512 @ 0x200
15274 bls.n 80152da 
15276 ldr r0, [pc, #152] ; =0x0807FFFF 
15278 cmp r4, r0
1527a bcs.n 80152ac 
1527c ldr r0, [pc, #148] ; =0x0FFF0000 
1527e bl fn_080151BC
15282 mov r6, r0
15284 cmp r6, #0
15286 bne.n 8015306 
15288 ldr r0, [pc, #140] ; =0x40022000 FMC
1528a ldr r0, [r0, #16]
1528c orr.w r0, r0, #1
15290 ldr r1, [pc, #132] ; =0x40022000 FMC
15292 str r0, [r1, #16]
15294 strh r5, [r4, #0]
15296 ldr r0, [pc, #124] ; =0x0FFF0000 
15298 bl fn_080151BC
1529c mov r6, r0
1529e ldr r0, [pc, #120] ; =0x40022000 FMC
152a0 ldr r0, [r0, #16]
152a2 bic.w r0, r0, #1
152a6 ldr r1, [pc, #112] ; =0x40022000 FMC
152a8 str r0, [r1, #16]
152aa b.n 8015306 
152ac ldr r0, [pc, #100] ; =0x0FFF0000 
152ae bl fn_08015210
152b2 mov r6, r0
152b4 cbnz r6, 8015306 
152b6 ldr r0, [pc, #96] ; =0x40022000 FMC
152b8 ldr r0, [r0, #80] @ 0x50
152ba orr.w r0, r0, #1
152be ldr r1, [pc, #88] ; =0x40022000 FMC
152c0 str r0, [r1, #80] @ 0x50
152c2 strh r5, [r4, #0]
152c4 ldr r0, [pc, #76] ; =0x0FFF0000 
152c6 bl fn_08015210
152ca mov r6, r0
152cc ldr r0, [pc, #72] ; =0x40022000 FMC
152ce ldr r0, [r0, #80] @ 0x50
152d0 bic.w r0, r0, #1
152d4 ldr r1, [pc, #64] ; =0x40022000 FMC
152d6 str r0, [r1, #80] @ 0x50
152d8 b.n 8015306 
152da ldr r0, [pc, #56] ; =0x0FFF0000 
152dc bl fn_080151BC
152e0 mov r6, r0
152e2 cbnz r6, 8015306 
152e4 ldr r0, [pc, #48] ; =0x40022000 FMC
152e6 ldr r0, [r0, #16]
152e8 orr.w r0, r0, #1
152ec ldr r1, [pc, #40] ; =0x40022000 FMC
152ee str r0, [r1, #16]
152f0 strh r5, [r4, #0]
152f2 ldr r0, [pc, #32] ; =0x0FFF0000 
152f4 bl fn_080151BC
152f8 mov r6, r0
152fa ldr r0, [pc, #28] ; =0x40022000 FMC
152fc ldr r0, [r0, #16]
152fe bic.w r0, r0, #1
15302 ldr r1, [pc, #20] ; =0x40022000 FMC
15304 str r0, [r1, #16]
15306 mov r0, r6
15308 pop {r4, r5, r6, pc}
1530a movs r0, r0
1530c @ <UNDEFINED> instruction: 0xf7e01fff
15310 vtbl.8 d16, {d15}, d7
15314 movs r0, r0
15316 lsrs r7, r7, #31
15318 movs r0, #0
1531a ands r2, r0

; ===== fn_0801531C  (called 7 x)
1531c ldr r0, [pc, #32] ; =0x40022000 FMC
1531e ldr r0, [r0, #16]
15320 orr.w r0, r0, #128 @ 0x80
15324 ldr r1, [pc, #24] ; =0x40022000 FMC
15326 str r0, [r1, #16]
15328 ldr r0, [pc, #24] ; =0x1FFFF7E0 FLASH_SIZE
1532a ldrh r0, [r0, #0]
1532c cmp.w r0, #512 @ 0x200
15330 bls.n 801533c 
15332 mov r0, r1
15334 ldr r0, [r0, #80] @ 0x50
15336 orr.w r0, r0, #128 @ 0x80
1533a str r0, [r1, #80] @ 0x50
1533c bx lr
1533e movs r0, r0
15340 movs r0, #0
15342 ands r2, r0
15344 @ <UNDEFINED> instruction: 0xf7e01fff

; ===== fn_08015348  (called 2 x)
15348 push {r4, r5, lr}
1534a mov r5, r0
1534c ldr r0, [pc, #204] ; =0x1FFFF7E0 FLASH_SIZE
1534e ldrh r0, [r0, #0]
15350 cmp.w r0, #512 @ 0x200
15354 bls.n 80153e0 
15356 ldr r0, [pc, #200] ; =0x0807FFFF 
15358 cmp r5, r0
1535a bcs.n 8015396 
1535c ldr r0, [pc, #196] ; =0x0FFF0000 
1535e bl fn_080151BC
15362 mov r4, r0
15364 cmp r4, #0
15366 bne.n 8015416 
15368 ldr r0, [pc, #188] ; =0x40022000 FMC
1536a ldr r0, [r0, #16]
1536c orr.w r0, r0, #2
15370 ldr r1, [pc, #180] ; =0x40022000 FMC
15372 str r0, [r1, #16]
15374 mov r0, r1
15376 str r5, [r0, #20]
15378 ldr r0, [r0, #16]
1537a orr.w r0, r0, #64 @ 0x40
1537e str r0, [r1, #16]
15380 ldr r0, [pc, #160] ; =0x0FFF0000 
15382 bl fn_080151BC
15386 mov r4, r0
15388 ldr r0, [pc, #156] ; =0x40022000 FMC
1538a ldr r0, [r0, #16]
1538c bic.w r0, r0, #2
15390 ldr r1, [pc, #148] ; =0x40022000 FMC
15392 str r0, [r1, #16]
15394 b.n 8015416 
15396 ldr r0, [pc, #140] ; =0x0FFF0000 
15398 bl fn_08015210
1539c mov r4, r0
1539e cmp r4, #0
153a0 bne.n 8015416 
153a2 ldr r0, [pc, #132] ; =0x40022000 FMC
153a4 ldr r0, [r0, #80] @ 0x50
153a6 orr.w r0, r0, #2
153aa ldr r1, [pc, #124] ; =0x40022000 FMC
153ac str r0, [r1, #80] @ 0x50
153ae mov r0, r1
153b0 str r5, [r0, #84] @ 0x54
153b2 ldr r0, [r0, #28]
153b4 and.w r0, r0, #2
153b8 cbz r0, 80153be 
153ba mov r0, r1
153bc str r5, [r0, #20]
153be ldr r0, [pc, #104] ; =0x40022000 FMC
153c0 ldr r0, [r0, #80] @ 0x50
153c2 orr.w r0, r0, #64 @ 0x40
153c6 ldr r1, [pc, #96] ; =0x40022000 FMC
153c8 str r0, [r1, #80] @ 0x50
153ca ldr r0, [pc, #88] ; =0x0FFF0000 
153cc bl fn_08015210
153d0 mov r4, r0
153d2 ldr r0, [pc, #84] ; =0x40022000 FMC
153d4 ldr r0, [r0, #80] @ 0x50
153d6 bic.w r0, r0, #2
153da ldr r1, [pc, #76] ; =0x40022000 FMC
153dc str r0, [r1, #80] @ 0x50
153de b.n 8015416 
153e0 ldr r0, [pc, #64] ; =0x0FFF0000 
153e2 bl fn_080151BC
153e6 mov r4, r0
153e8 cbnz r4, 8015416 
153ea ldr r0, [pc, #60] ; =0x40022000 FMC
153ec ldr r0, [r0, #16]
153ee orr.w r0, r0, #2
153f2 ldr r1, [pc, #52] ; =0x40022000 FMC
153f4 str r0, [r1, #16]
153f6 mov r0, r1
153f8 str r5, [r0, #20]
153fa ldr r0, [r0, #16]
153fc orr.w r0, r0, #64 @ 0x40
15400 str r0, [r1, #16]
15402 ldr r0, [pc, #32] ; =0x0FFF0000 
15404 bl fn_080151BC
15408 mov r4, r0
1540a ldr r0, [pc, #28] ; =0x40022000 FMC
1540c ldr r0, [r0, #16]
1540e bic.w r0, r0, #2
15412 ldr r1, [pc, #20] ; =0x40022000 FMC
15414 str r0, [r1, #16]
15416 mov r0, r4
15418 pop {r4, r5, pc}
1541a movs r0, r0
1541c @ <UNDEFINED> instruction: 0xf7e01fff
15420 vtbl.8 d16, {d15}, d7
15424 movs r0, r0
15426 lsrs r7, r7, #31
15428 movs r0, #0
1542a ands r2, r0

; ===== fn_0801542C  (called 4 x)
1542c ldr r0, [pc, #48] ; =0x40022000 FMC
1542e ldr r0, [r0, #16]
15430 and.w r0, r0, #128 @ 0x80
15434 cbz r0, 8015440 
15436 ldr r0, [pc, #44] ; =0x45670123 
15438 ldr r1, [pc, #36] ; =0x40022000 FMC
1543a str r0, [r1, #4]
1543c ldr r0, [pc, #40] ; =0xCDEF89AB 
1543e str r0, [r1, #4]
15440 ldr r0, [pc, #40] ; =0x1FFFF7E0 FLASH_SIZE
15442 ldrh r0, [r0, #0]
15444 cmp.w r0, #512 @ 0x200
15448 bls.n 801545e 
1544a ldr r0, [pc, #20] ; =0x40022000 FMC
1544c ldr r0, [r0, #80] @ 0x50
1544e and.w r0, r0, #128 @ 0x80
15452 cbz r0, 801545e 
15454 ldr r0, [pc, #12] ; =0x45670123 
15456 ldr r1, [pc, #8] ; =0x40022000 FMC
15458 str r0, [r1, #68] @ 0x44
1545a ldr r0, [pc, #12] ; =0xCDEF89AB 
1545c str r0, [r1, #68] @ 0x44
1545e bx lr
15460 movs r0, #0
15462 ands r2, r0
15464 lsls r3, r4, #4
15466 cmp r7, ip
15468 ldrh r3, [r5, #12]
1546a ldmia r5, {r0, r1, r2, r3, r5, r6, r7}
1546c @ <UNDEFINED> instruction: 0xf7e01fff

; ===== fn_08015470  (called 1 x)
15470 push {r4, r5, r6, lr}
15472 mov r4, r0
15474 mov r5, r1
15476 movs r6, #0
15478 ldr r0, [pc, #156] ; =0x1FFFF7E0 FLASH_SIZE
1547a ldrh r0, [r0, #0]
1547c cmp.w r0, #512 @ 0x200
15480 bls.n 80154e6 
15482 ldr r0, [pc, #152] ; =0x0807FFFF 
15484 cmp r4, r0
15486 bcs.n 80154b8 
15488 ldr r0, [pc, #148] ; =0x0FFF0000 
1548a bl fn_080151BC
1548e mov r6, r0
15490 cmp r6, #0
15492 bne.n 8015512 
15494 ldr r0, [pc, #140] ; =0x40022000 FMC
15496 ldr r0, [r0, #16]
15498 orr.w r0, r0, #1
1549c ldr r1, [pc, #132] ; =0x40022000 FMC
1549e str r0, [r1, #16]
154a0 str r5, [r4, #0]
154a2 ldr r0, [pc, #124] ; =0x0FFF0000 
154a4 bl fn_080151BC
154a8 mov r6, r0
154aa ldr r0, [pc, #120] ; =0x40022000 FMC
154ac ldr r0, [r0, #16]
154ae bic.w r0, r0, #1
154b2 ldr r1, [pc, #112] ; =0x40022000 FMC
154b4 str r0, [r1, #16]
154b6 b.n 8015512 
154b8 ldr r0, [pc, #100] ; =0x0FFF0000 
154ba bl fn_08015210
154be mov r6, r0
154c0 cbnz r6, 8015512 
154c2 ldr r0, [pc, #96] ; =0x40022000 FMC
154c4 ldr r0, [r0, #80] @ 0x50
154c6 orr.w r0, r0, #1
154ca ldr r1, [pc, #88] ; =0x40022000 FMC
154cc str r0, [r1, #80] @ 0x50
154ce str r5, [r4, #0]
154d0 ldr r0, [pc, #76] ; =0x0FFF0000 
154d2 bl fn_08015210
154d6 mov r6, r0
154d8 ldr r0, [pc, #72] ; =0x40022000 FMC
154da ldr r0, [r0, #80] @ 0x50
154dc bic.w r0, r0, #1
154e0 ldr r1, [pc, #64] ; =0x40022000 FMC
154e2 str r0, [r1, #80] @ 0x50
154e4 b.n 8015512 
154e6 ldr r0, [pc, #56] ; =0x0FFF0000 
154e8 bl fn_080151BC
154ec mov r6, r0
154ee cbnz r6, 8015512 
154f0 ldr r0, [pc, #48] ; =0x40022000 FMC
154f2 ldr r0, [r0, #16]
154f4 orr.w r0, r0, #1
154f8 ldr r1, [pc, #40] ; =0x40022000 FMC
154fa str r0, [r1, #16]
154fc str r5, [r4, #0]
154fe ldr r0, [pc, #32] ; =0x0FFF0000 
15500 bl fn_080151BC
15504 mov r6, r0
15506 ldr r0, [pc, #28] ; =0x40022000 FMC
15508 ldr r0, [r0, #16]
1550a bic.w r0, r0, #1
1550e ldr r1, [pc, #20] ; =0x40022000 FMC
15510 str r0, [r1, #16]
15512 mov r0, r6
15514 pop {r4, r5, r6, pc}
15516 movs r0, r0
15518 @ <UNDEFINED> instruction: 0xf7e01fff
1551c vtbl.8 d16, {d15}, d7
15520 movs r0, r0
15522 lsrs r7, r7, #31
15524 movs r0, #0
15526 ands r2, r0

; ===== fn_08015528  (called 1 x)
15528 push {r4, r5, lr}
1552a mov r2, r0
1552c mov r3, r1
1552e ldr r4, [pc, #88] ; =0x000FFFFF 
15530 movs r1, #0
15532 movw r0, #21845 @ 0x5555
15536 ldr r5, [pc, #84] ; =0x40003000 FWDGT
15538 str r0, [r5, #0]
1553a nop
1553c ldr r0, [pc, #76] ; =0x40003000 FWDGT
1553e ldr r0, [r0, #12]
15540 and.w r1, r0, #1
15544 subs r0, r4, #1
15546 subs r4, r0, #0
15548 beq.n 801554e 
1554a cmp r1, #0
1554c bne.n 801553c 
1554e cbz r1, 8015554 
15550 movs r0, #0
15552 pop {r4, r5, pc}
15554 ldr r0, [pc, #52] ; =0x40003000 FWDGT
15556 str r3, [r0, #4]
15558 ldr r4, [pc, #44] ; =0x000FFFFF 
1555a nop
1555c ldr r0, [pc, #44] ; =0x40003000 FWDGT
1555e ldr r0, [r0, #12]
15560 and.w r1, r0, #2
15564 subs r0, r4, #1
15566 subs r4, r0, #0
15568 beq.n 801556e 
1556a cmp r1, #0
1556c bne.n 801555c 
1556e cbz r1, 8015574 
15570 movs r0, #0
15572 b.n 8015552 
15574 ubfx r0, r2, #0, #12
15578 ldr r5, [pc, #16] ; =0x40003000 FWDGT
1557a str r0, [r5, #8]
1557c movw r0, #43690 @ 0xaaaa
15580 str r0, [r5, #0]
15582 movs r0, #1
15584 b.n 8015552 
15586 movs r0, r0
15588 vaddl.u<illegal width 64> q8, d15, d15
1558c adds r0, #0
1558e ands r0, r0

; ===== fn_08015590  (called 1 x)
15590 movw r0, #43690 @ 0xaaaa
15594 ldr r1, [pc, #4] ; =0x40003000 FWDGT
15596 str r0, [r1, #0]
15598 bx lr
1559a movs r0, r0
1559c adds r0, #0
1559e ands r0, r0

; ===== fn_080155A0  (called 1 x)
155a0 movw r0, #52428 @ 0xcccc
155a4 ldr r1, [pc, #4] ; =0x40003000 FWDGT
155a6 str r0, [r1, #0]
155a8 bx lr
155aa movs r0, r0
155ac adds r0, #0
155ae ands r0, r0

; ===== fn_080155B0  (called 1 x)
155b0 push {r4, lr}
155b2 movs r4, #0
155b4 bl fn_08015800
155b8 movs r0, #11
155ba bl fn_0800A7BC
155be movs r0, #199 @ 0xc7
155c0 bl fn_080157F0
155c4 movs r0, #11
155c6 bl fn_0800A808
155ca bl fn_0801577C
155ce mov r4, r0
155d0 mov r0, r4
155d2 pop {r4, pc}

; ===== fn_080155D4  (called 1 x)
155d4 push {r4, r5, r6, lr}
155d6 movs r4, #0
155d8 movs r5, #0
155da bl fn_080156E0
155de mov r4, r0
155e0 movs r0, #53 @ 0x35
155e2 bl fn_080156BC
155e6 mov r5, r0
155e8 and.w r0, r5, #1
155ec cbnz r0, 8015600 
155ee movs r0, #11
155f0 bl fn_0800A7BC
155f4 movs r0, #183 @ 0xb7
155f6 bl fn_080157F0
155fa movs r0, #11
155fc bl fn_0800A808
15600 mov r0, r4
15602 pop {r4, r5, r6, pc}

; ===== fn_08015604  (called 5 x)
15604 push {r4, lr}
15606 mov.w r1, #4294967295
1560a movs r0, #165 @ 0xa5
1560c bl fn_080145B0
15610 pop {r4, pc}
15612 movs r0, r0

; ===== fn_08015614  (called 13 x)
15614 stmdb sp!, {r4, r5, r6, r7, r8, lr}
15618 mov r6, r0
1561a mov r4, r1
1561c mov r7, r2
1561e movs r0, #11
15620 bl fn_0800A7BC
15624 movs r0, #11
15626 bl fn_080157F0
1562a lsrs r0, r4, #24
1562c bl fn_080157F0
15630 ubfx r0, r4, #16, #8
15634 bl fn_080157F0
15638 ubfx r0, r4, #8, #8
1563c bl fn_080157F0
15640 uxtb r0, r4
15642 bl fn_080157F0
15646 movs r0, #255 @ 0xff
15648 bl fn_080157F0
1564c movs r5, #0
1564e b.n 8015670 
15650 movs r1, #165 @ 0xa5
15652 ldr r0, [pc, #44] ; =0x40013000 SPI0
15654 bl fn_08016A08
15658 nop
1565a movs r1, #1
1565c ldr r0, [pc, #32] ; =0x40013000 SPI0
1565e bl fn_08016A64
15662 cmp r0, #0
15664 beq.n 801565a 
15666 ldr r0, [pc, #24] ; =0x40013000 SPI0
15668 bl fn_08016A00
1566c strb r0, [r6, r5]
1566e adds r5, r5, #1
15670 cmp r5, r7
15672 bcc.n 8015650 
15674 movs r0, #11
15676 bl fn_0800A808
1567a ldmia.w sp!, {r4, r5, r6, r7, r8, pc}
1567e movs r0, r0
15680 adds r0, #0
15682 ands r1, r0

; ===== fn_08015684  (called 1 x)
15684 stmdb sp!, {r4, r5, r6, r7, r8, lr}
15688 movs r0, #11
1568a bl fn_0800A7BC
1568e movs r0, #159 @ 0x9f
15690 bl fn_080157F0
15694 bl fn_08015604
15698 mov r4, r0
1569a bl fn_08015604
1569e mov r5, r0
156a0 bl fn_08015604
156a4 mov r6, r0
156a6 movs r0, #11
156a8 bl fn_0800A808
156ac lsls r0, r4, #16
156ae orr.w r0, r0, r5, lsl #8
156b2 orr.w r7, r0, r6
156b6 mov r0, r7
156b8 ldmia.w sp!, {r4, r5, r6, r7, r8, pc}

; ===== fn_080156BC  (called 2 x)
156bc push {r4, r5, r6, lr}
156be mov r4, r0
156c0 movs r5, #0
156c2 movs r0, #11
156c4 bl fn_0800A7BC
156c8 uxtb r0, r4
156ca bl fn_080157F0
156ce bl fn_08015604
156d2 mov r5, r0
156d4 movs r0, #11
156d6 bl fn_0800A808
156da mov r0, r5
156dc pop {r4, r5, r6, pc}
156de movs r0, r0

; ===== fn_080156E0  (called 1 x)
156e0 push {r4, r5, r6, lr}
156e2 movs r5, #0
156e4 movs r4, #0
156e6 movs r0, #11
156e8 bl fn_0800A7BC
156ec movs r0, #102 @ 0x66
156ee bl fn_080157F0
156f2 movs r0, #11
156f4 bl fn_0800A808
156f8 movs r0, #11
156fa bl fn_0800A7BC
156fe movs r0, #153 @ 0x99
15700 bl fn_080157F0
15704 movs r0, #11
15706 bl fn_0800A808
1570a nop
1570c movs r0, #5
1570e bl fn_080156BC
15712 mov r5, r0
15714 adds r4, r4, #1
15716 ldr r0, [pc, #16] ; =0x00FFFF00 
15718 cmp r4, r0
1571a bls.n 8015720 
1571c movs r0, #0
1571e pop {r4, r5, r6, pc}
15720 cmp r5, #1
15722 beq.n 801570c 
15724 movs r0, #1
15726 b.n 801571e 
15728 vqadd.u8 q0, q8, <illegal reg q15.5>

; ===== fn_0801572C  (called 6 x)
1572c push {r4, r5, r6, lr}
1572e mov r4, r0
15730 movs r5, #0
15732 bl fn_08015800
15736 bl fn_0801577C
1573a mov r5, r0
1573c cbnz r5, 8015742 
1573e mov r0, r5
15740 pop {r4, r5, r6, pc}
15742 movs r0, #11
15744 bl fn_0800A7BC
15748 movs r0, #32
1574a bl fn_080157F0
1574e lsrs r0, r4, #24
15750 bl fn_080157F0
15754 ubfx r0, r4, #16, #8
15758 bl fn_080157F0
1575c ubfx r0, r4, #8, #8
15760 bl fn_080157F0
15764 uxtb r0, r4
15766 bl fn_080157F0
1576a movs r0, #11
1576c bl fn_0800A808
15770 bl fn_0801577C
15774 mov r5, r0
15776 mov r0, r5
15778 b.n 8015740 
1577a movs r0, r0

; ===== fn_0801577C  (called 4 x)
1577c push {r4, r5, r6, lr}
1577e movs r5, #0
15780 movs r4, #0
15782 movs r0, #11
15784 bl fn_0800A7BC
15788 movs r0, #5
1578a bl fn_080157F0
1578e nop
15790 bl fn_08015604
15794 mov r5, r0
15796 adds r4, r4, #1
15798 ldr r0, [pc, #36] ; =0x00FFFF00 
1579a cmp r4, r0
1579c bls.n 80157ae 
1579e add r3, pc, #36 @ (adr r3, 80157c4 ) ; =0x080157C4 "wait write end fail!"
157a0 movs r2, #132 @ 0x84
157a2 add r1, pc, #56 @ (adr r1, 80157dc ) ; =0x080157DC "..\\src\\drv\\gd25q.c"
157a4 movs r0, #3
157a6 bl fn_08009EBC
157aa movs r0, #0
157ac pop {r4, r5, r6, pc}
157ae and.w r0, r5, #1
157b2 cmp r0, #0
157b4 bne.n 8015790 
157b6 movs r0, #11
157b8 bl fn_0800A808
157bc movs r0, #1
157be b.n 80157ac 
157c0 vqadd.u8 q0, q8, <illegal reg q15.5>
157c4 str r7, [r6, #20]
157c6 strb r1, [r5, #17]
157c8 strb r0, [r4, #28]
157ca ldr r2, [r6, #20]
157cc str r4, [r6, #84] @ 0x54
157ce str r0, [r4, #80] @ 0x50
157d0 str r6, [r5, #68] @ 0x44
157d2 str r0, [r4, #96] @ 0x60
157d4 ldr r1, [r4, #20]
157d6 movs r1, #108 @ 0x6c
157d8 movs r0, r0
157da movs r0, r0
157dc cmp r6, #46 @ 0x2e
157de strb r4, [r3, #13]
157e0 str r2, [r6, #52] @ 0x34
157e2 str r4, [r3, #68] @ 0x44
157e4 strb r2, [r6, #25]
157e6 str r4, [r3, #116] @ 0x74
157e8 adds r2, #100 @ 0x64
157ea strb r5, [r6, #4]
157ec str r6, [r5, #48] @ 0x30
157ee movs r0, r0

; ===== fn_080157F0  (called 25 x)
157f0 push {r4, lr}
157f2 mov r4, r0
157f4 mov.w r1, #4294967295
157f8 mov r0, r4
157fa bl fn_080145B0
157fe pop {r4, pc}

; ===== fn_08015800  (called 3 x)
15800 push {r4, lr}
15802 movs r0, #11
15804 bl fn_0800A7BC
15808 movs r0, #6
1580a bl fn_080157F0
1580e movs r0, #11
15810 bl fn_0800A808
15814 pop {r4, pc}

; ===== fn_08015816  (called 1 x)
15816 stmdb sp!, {r4, r5, r6, r7, r8, lr}
1581a mov r5, r0
1581c mov r4, r1
1581e mov r6, r2
15820 movs r7, #0
15822 bl fn_08015800
15826 movs r0, #11
15828 bl fn_0800A7BC
1582c movs r0, #2
1582e bl fn_080157F0
15832 lsrs r0, r4, #24
15834 bl fn_080157F0
15838 ubfx r0, r4, #16, #8
1583c bl fn_080157F0
15840 ubfx r0, r4, #8, #8
15844 bl fn_080157F0
15848 uxtb r0, r4
1584a bl fn_080157F0
1584e b.n 8015858 
15850 ldrb r0, [r5, #0]
15852 bl fn_080157F0
15856 adds r5, r5, #1
15858 subs r0, r6, #0
1585a sub.w r1, r6, #1
1585e uxth r6, r1
15860 bne.n 8015850 
15862 movs r0, #11
15864 bl fn_0800A808
15868 bl fn_0801577C
1586c mov r7, r0
1586e mov r0, r7
15870 ldmia.w sp!, {r4, r5, r6, r7, r8, pc}

; ===== fn_08015874  (called 7 x)
15874 stmdb sp!, {r4, r5, r6, r7, r8, r9, sl, lr}
15878 mov r7, r0
1587a mov r6, r1
1587c mov r4, r2
1587e mov.w r8, #0
15882 mov r9, r8
15884 movs r5, #0
15886 and.w r9, r6, #255 @ 0xff
1588a rsb r5, r9, #256 @ 0x100
1588e cmp r4, r5
15890 bgt.n 8015894 
15892 mov r5, r4
15894 b.n 80158c0 
15896 mov r2, r5
15898 mov r1, r6
1589a mov r0, r7
1589c bl fn_08015816
158a0 mov r8, r0
158a2 cmp r5, r4
158a4 beq.n 80158be 
158a6 add r6, r5
158a8 add r7, r5
158aa subs r0, r4, r5
158ac uxth r4, r0
158ae cmp.w r4, #256 @ 0x100
158b2 ble.n 80158ba 
158b4 mov.w r5, #256 @ 0x100
158b8 b.n 80158c0 
158ba mov r5, r4
158bc b.n 80158c0 
158be b.n 80158c2 
158c0 b.n 8015896 
158c2 nop
158c4 mov r0, r8
158c6 ldmia.w sp!, {r4, r5, r6, r7, r8, r9, sl, pc}
158ca movs r0, r0

; ===== fn_080158CC  (called 3 x)
158cc push {r4, r5, r6, r7, lr}
158ce mov r3, r0
158d0 mov r4, r1
158d2 mov r5, r2
158d4 movs r0, #0
158d6 cmp r3, #15
158d8 bgt.n 80158e6 
158da ldr r1, [pc, #92] ; =0x40010800 GPIOA
158dc mov r7, r3
158de movs r6, #1
158e0 lsls r6, r7
158e2 uxth r2, r6
158e4 b.n 8015930 
158e6 cmp r3, #31
158e8 bgt.n 80158f8 
158ea ldr r1, [pc, #80] ; =0x40010C00 GPIOB
158ec sub.w r6, r3, #16
158f0 movs r7, #1
158f2 lsls r7, r6
158f4 uxth r2, r7
158f6 b.n 8015930 
158f8 cmp r3, #47 @ 0x2f
158fa bgt.n 801590a 
158fc ldr r1, [pc, #64] ; =0x40011000 GPIOC
158fe sub.w r6, r3, #32
15902 movs r7, #1
15904 lsls r7, r6
15906 uxth r2, r7
15908 b.n 8015930 
1590a cmp r3, #63 @ 0x3f
1590c bgt.n 801591c 
1590e ldr r1, [pc, #52] ; =0x40011400 GPIOD
15910 sub.w r6, r3, #48 @ 0x30
15914 movs r7, #1
15916 lsls r7, r6
15918 uxth r2, r7
1591a b.n 8015930 
1591c cmp r3, #79 @ 0x4f
1591e bgt.n 801592e 
15920 ldr r1, [pc, #36] ; =0x40011800 GPIOE
15922 sub.w r6, r3, #64 @ 0x40
15926 movs r7, #1
15928 lsls r7, r6
1592a uxth r2, r7
1592c b.n 8015930 
1592e movs r0, #10
15930 cbnz r0, 8015936 
15932 str r1, [r4, #0]
15934 strh r2, [r5, #0]
15936 pop {r4, r5, r6, r7, pc}
15938 lsrs r0, r0, #32
1593a ands r1, r0
1593c lsrs r0, r0, #16
1593e ands r1, r0
15940 asrs r0, r0, #32
15942 ands r1, r0
15944 asrs r0, r0, #16
15946 ands r1, r0
15948 adds r0, r0, r0
1594a ands r1, r0

; ===== fn_0801594C  (called 1 x)
1594c push {r4, lr}
1594e movw r0, #1539 @ 0x603
15952 bl fn_08016820
15956 movw r0, #1540 @ 0x604
1595a bl fn_08016820
1595e mov.w r0, #1536 @ 0x600
15962 bl fn_08016820
15966 mov.w r3, #4096 @ 0x1000
1596a movs r2, #3
1596c movs r1, #4
1596e ldr r0, [pc, #32] ; =0x40010C00 GPIOB
15970 bl fn_08015B58
15974 mov.w r3, #8192 @ 0x2000
15978 movs r2, #3
1597a movs r1, #4
1597c ldr r0, [pc, #16] ; =0x40010C00 GPIOB
1597e bl fn_08015B58
15982 movs r3, #3
15984 movs r2, #4
15986 movs r1, #0
15988 ldr r0, [pc, #8] ; =0x40011000 GPIOC
1598a bl fn_08015B58
1598e pop {r4, pc}
15990 lsrs r0, r0, #16
15992 ands r1, r0
15994 asrs r0, r0, #32
15996 ands r1, r0

; ===== fn_08015998  (called 1 x)
15998 push {r4, lr}
1599a movw r0, #1538 @ 0x602
1599e bl fn_08016820
159a2 movw r0, #1539 @ 0x603
159a6 bl fn_08016820
159aa movw r0, #1540 @ 0x604
159ae bl fn_08016820
159b2 movw r0, #1541 @ 0x605
159b6 bl fn_08016820
159ba movw r0, #1542 @ 0x606
159be bl fn_08016820
159c2 mov.w r3, #1024 @ 0x400
159c6 movs r2, #3
159c8 movs r1, #16
159ca ldr r0, [pc, #216] ; =0x40010800 GPIOA
159cc bl fn_08015B58
159d0 movs r3, #64 @ 0x40
159d2 movs r2, #3
159d4 movs r1, #16
159d6 ldr r0, [pc, #208] ; =0x40011400 GPIOD
159d8 bl fn_08015B58
159dc movs r3, #32
159de movs r2, #3
159e0 movs r1, #16
159e2 ldr r0, [pc, #196] ; =0x40011400 GPIOD
159e4 bl fn_08015B58
159e8 movs r3, #1
159ea movs r2, #3
159ec movs r1, #16
159ee ldr r0, [pc, #184] ; =0x40011400 GPIOD
159f0 bl fn_08015B58
159f4 movs r3, #16
159f6 movs r2, #3
159f8 mov r1, r3
159fa ldr r0, [pc, #172] ; =0x40011400 GPIOD
159fc bl fn_08015B58
15a00 movs r3, #4
15a02 movs r2, #3
15a04 movs r1, #16
15a06 ldr r0, [pc, #164] ; =0x40011800 GPIOE
15a08 bl fn_08015B58
15a0c mov.w r3, #32768 @ 0x8000
15a10 movs r2, #3
15a12 movs r1, #16
15a14 ldr r0, [pc, #152] ; =0x40010C00 GPIOB
15a16 bl fn_08015B58
15a1a movs r3, #2
15a1c movs r2, #3
15a1e movs r1, #16
15a20 ldr r0, [pc, #140] ; =0x40010C00 GPIOB
15a22 bl fn_08015B58
15a26 movs r3, #1
15a28 movs r2, #3
15a2a movs r1, #16
15a2c ldr r0, [pc, #128] ; =0x40010C00 GPIOB
15a2e bl fn_08015B58
15a32 movs r3, #32
15a34 movs r2, #3
15a36 movs r1, #16
15a38 ldr r0, [pc, #120] ; =0x40011000 GPIOC
15a3a bl fn_08015B58
15a3e movs r3, #16
15a40 movs r2, #3
15a42 mov r1, r3
15a44 ldr r0, [pc, #108] ; =0x40011000 GPIOC
15a46 bl fn_08015B58
15a4a movs r3, #64 @ 0x40
15a4c movs r2, #3
15a4e movs r1, #16
15a50 ldr r0, [pc, #96] ; =0x40011000 GPIOC
15a52 bl fn_08015B58
15a56 movs r3, #128 @ 0x80
15a58 movs r2, #3
15a5a movs r1, #16
15a5c ldr r0, [pc, #84] ; =0x40011000 GPIOC
15a5e bl fn_08015B58
15a62 movs r3, #8
15a64 movs r2, #3
15a66 movs r1, #16
15a68 ldr r0, [pc, #64] ; =0x40011800 GPIOE
15a6a bl fn_08015B58
15a6e movs r3, #16
15a70 movs r2, #3
15a72 mov r1, r3
15a74 ldr r0, [pc, #52] ; =0x40011800 GPIOE
15a76 bl fn_08015B58
15a7a movs r3, #32
15a7c movs r2, #3
15a7e movs r1, #16
15a80 ldr r0, [pc, #40] ; =0x40011800 GPIOE
15a82 bl fn_08015B58
15a86 movs r3, #64 @ 0x40
15a88 movs r2, #3
15a8a movs r1, #16
15a8c ldr r0, [pc, #28] ; =0x40011800 GPIOE
15a8e bl fn_08015B58
15a92 movs r1, #32
15a94 ldr r0, [pc, #20] ; =0x40011800 GPIOE
15a96 bl fn_08015ABC
15a9a movs r1, #64 @ 0x40
15a9c ldr r0, [pc, #12] ; =0x40011800 GPIOE
15a9e bl fn_08015AB8
15aa2 pop {r4, pc}
15aa4 lsrs r0, r0, #32
15aa6 ands r1, r0
15aa8 asrs r0, r0, #16
15aaa ands r1, r0
15aac adds r0, r0, r0
15aae ands r1, r0
15ab0 lsrs r0, r0, #16
15ab2 ands r1, r0
15ab4 asrs r0, r0, #32
15ab6 ands r1, r0

; ===== fn_08015AB8  (called 5 x)
15ab8 str r1, [r0, #20]
15aba bx lr

; ===== fn_08015ABC  (called 6 x)
15abc str r1, [r0, #16]
15abe bx lr

; ===== fn_08015AC0  (called 1 x)
15ac0 push {r4, lr}
15ac2 movs r2, #0
15ac4 lsls r3, r1, #30
15ac6 lsrs r4, r3, #28
15ac8 movs r3, #15
15aca lsl.w r2, r3, r4
15ace cmp r1, #4
15ad0 bge.n 8015af0 
15ad2 ldr r3, [pc, #128] ; =0x40010000 AFIO
15ad4 ldr r3, [r3, #8]
15ad6 bics r3, r2
15ad8 ldr r4, [pc, #120] ; =0x40010000 AFIO
15ada str r3, [r4, #8]
15adc mov r3, r4
15ade ldr r3, [r3, #8]
15ae0 lsls r4, r1, #30
15ae2 lsrs r4, r4, #28
15ae4 lsl.w r4, r0, r4
15ae8 orrs r3, r4
15aea ldr r4, [pc, #104] ; =0x40010000 AFIO
15aec str r3, [r4, #8]
15aee b.n 8015b50 
15af0 cmp r1, #8
15af2 bge.n 8015b12 
15af4 ldr r3, [pc, #92] ; =0x40010000 AFIO
15af6 ldr r3, [r3, #12]
15af8 bics r3, r2
15afa ldr r4, [pc, #88] ; =0x40010000 AFIO
15afc str r3, [r4, #12]
15afe mov r3, r4
15b00 ldr r3, [r3, #12]
15b02 lsls r4, r1, #30
15b04 lsrs r4, r4, #28
15b06 lsl.w r4, r0, r4
15b0a orrs r3, r4
15b0c ldr r4, [pc, #68] ; =0x40010000 AFIO
15b0e str r3, [r4, #12]
15b10 b.n 8015b50 
15b12 cmp r1, #12
15b14 bge.n 8015b34 
15b16 ldr r3, [pc, #60] ; =0x40010000 AFIO
15b18 ldr r3, [r3, #16]
15b1a bics r3, r2
15b1c ldr r4, [pc, #52] ; =0x40010000 AFIO
15b1e str r3, [r4, #16]
15b20 mov r3, r4
15b22 ldr r3, [r3, #16]
15b24 lsls r4, r1, #30
15b26 lsrs r4, r4, #28
15b28 lsl.w r4, r0, r4
15b2c orrs r3, r4
15b2e ldr r4, [pc, #36] ; =0x40010000 AFIO
15b30 str r3, [r4, #16]
15b32 b.n 8015b50 
15b34 ldr r3, [pc, #28] ; =0x40010000 AFIO
15b36 ldr r3, [r3, #20]
15b38 bics r3, r2
15b3a ldr r4, [pc, #24] ; =0x40010000 AFIO
15b3c str r3, [r4, #20]
15b3e mov r3, r4
15b40 ldr r3, [r3, #20]
15b42 lsls r4, r1, #30
15b44 lsrs r4, r4, #28
15b46 lsl.w r4, r0, r4
15b4a orrs r3, r4
15b4c ldr r4, [pc, #4] ; =0x40010000 AFIO
15b4e str r3, [r4, #20]
15b50 pop {r4, pc}
15b52 movs r0, r0
15b54 movs r0, r0
15b56 ands r1, r0

; ===== fn_08015B58  (called 34 x)
15b58 push {r4, r5, r6, r7, lr}
15b5a mov r4, r0
15b5c mov r6, r2
15b5e movs r5, #0
15b60 movs r2, #0
15b62 and.w r5, r1, #15
15b66 and.w r7, r1, #16
15b6a cbz r7, 8015b7e 
15b6c cmp r6, #4
15b6e bne.n 8015b7c 
15b70 orr.w r5, r5, #3
15b74 ldr r7, [r4, #60] @ 0x3c
15b76 orrs r7, r3
15b78 str r7, [r4, #60] @ 0x3c
15b7a b.n 8015b7e 
15b7c orrs r5, r6
15b7e movs r0, #0
15b80 b.n 8015bc0 
15b82 movs r7, #1
15b84 lsls r7, r0
15b86 ands r7, r3
15b88 cbz r7, 8015bbc 
15b8a ldr r2, [r4, #0]
15b8c mov.w ip, r0, lsl #2
15b90 movs r7, #15
15b92 lsl.w r7, r7, ip
15b96 bics r2, r7
15b98 lsls r7, r0, #2
15b9a lsl.w r7, r5, r7
15b9e orrs r2, r7
15ba0 cmp r1, #40 @ 0x28
15ba2 bne.n 8015bae 
15ba4 movs r7, #1
15ba6 lsls r7, r0
15ba8 ands r7, r3
15baa str r7, [r4, #20]
15bac b.n 8015bba 
15bae cmp r1, #72 @ 0x48
15bb0 bne.n 8015bba 
15bb2 movs r7, #1
15bb4 lsls r7, r0
15bb6 ands r7, r3
15bb8 str r7, [r4, #16]
15bba str r2, [r4, #0]
15bbc adds r7, r0, #1
15bbe uxth r0, r7
15bc0 cmp r0, #8
15bc2 bcc.n 8015b82 
15bc4 movs r0, #8
15bc6 b.n 8015c0e 
15bc8 movs r7, #1
15bca lsls r7, r0
15bcc ands r7, r3
15bce cbz r7, 8015c0a 
15bd0 ldr r2, [r4, #4]
15bd2 sub.w r7, r0, #8
15bd6 mov.w ip, r7, lsl #2
15bda movs r7, #15
15bdc lsl.w r7, r7, ip
15be0 bics r2, r7
15be2 sub.w r7, r0, #8
15be6 lsls r7, r7, #2
15be8 lsl.w r7, r5, r7
15bec orrs r2, r7
15bee cmp r1, #40 @ 0x28
15bf0 bne.n 8015bfc 
15bf2 movs r7, #1
15bf4 lsls r7, r0
15bf6 ands r7, r3
15bf8 str r7, [r4, #20]
15bfa b.n 8015c08 
15bfc cmp r1, #72 @ 0x48
15bfe bne.n 8015c08 
15c00 movs r7, #1
15c02 lsls r7, r0
15c04 ands r7, r3
15c06 str r7, [r4, #16]
15c08 str r2, [r4, #4]
15c0a adds r7, r0, #1
15c0c uxth r0, r7
15c0e cmp r0, #16
15c10 bcc.n 8015bc8 
15c12 pop {r4, r5, r6, r7, pc}

; ===== fn_08015C14  (called 1 x)
15c14 mov r2, r0
15c16 ldr r0, [r2, #8]
15c18 ands r0, r1
15c1a cbz r0, 8015c20 
15c1c movs r0, #1
15c1e bx lr
15c20 movs r0, #0
15c22 b.n 8015c1e 

; ===== fn_08015C24  (called 1 x)
15c24 mov r2, r0
15c26 ldr r0, [r2, #12]
15c28 ands r0, r1
15c2a cbz r0, 8015c30 
15c2c movs r0, #1
15c2e bx lr
15c30 movs r0, #0
15c32 b.n 8015c2e 

; ===== fn_08015C34  (called 2 x)
15c34 push {r4, r5, r6, r7, lr}
15c36 mov r2, r1
15c38 movs r3, #0
15c3a movs r4, #0
15c3c movs r1, #0
15c3e movs r5, #0
15c40 and.w r6, r0, #2147483648 @ 0x80000000
15c44 cmp.w r6, #2147483648 @ 0x80000000
15c48 bne.n 8015c50 
15c4a ldr r6, [pc, #116] ; =0x40010000 AFIO
15c4c ldr r1, [r6, #28]
15c4e b.n 8015c54 
15c50 ldr r6, [pc, #108] ; =0x40010000 AFIO
15c52 ldr r1, [r6, #4]
15c54 ubfx r5, r0, #16, #4
15c58 uxth r3, r0
15c5a and.w r6, r0, #3145728 @ 0x300000
15c5e cmp.w r6, #3145728 @ 0x300000
15c62 bne.n 8015c76 
15c64 bic.w r1, r1, #117440512 @ 0x7000000
15c68 ldr r6, [pc, #84] ; =0x40010000 AFIO
15c6a ldr r6, [r6, #4]
15c6c bic.w r6, r6, #117440512 @ 0x7000000
15c70 ldr r7, [pc, #76] ; =0x40010000 AFIO
15c72 str r6, [r7, #4]
15c74 b.n 8015c9c 
15c76 and.w r6, r0, #1048576 @ 0x100000
15c7a cmp.w r6, #1048576 @ 0x100000
15c7e bne.n 8015c8e 
15c80 movs r6, #3
15c82 lsl.w r4, r6, r5
15c86 bics r1, r4
15c88 orr.w r1, r1, #117440512 @ 0x7000000
15c8c b.n 8015c9c 
15c8e lsrs r6, r0, #21
15c90 lsls r6, r6, #4
15c92 lsl.w r6, r3, r6
15c96 bics r1, r6
15c98 orr.w r1, r1, #117440512 @ 0x7000000
15c9c cbz r2, 8015ca8 
15c9e lsrs r6, r0, #21
15ca0 lsls r6, r6, #4
15ca2 lsl.w r6, r3, r6
15ca6 orrs r1, r6
15ca8 and.w r6, r0, #2147483648 @ 0x80000000
15cac cmp.w r6, #2147483648 @ 0x80000000
15cb0 bne.n 8015cb8 
15cb2 ldr r6, [pc, #12] ; =0x40010000 AFIO
15cb4 str r1, [r6, #28]
15cb6 b.n 8015cbc 
15cb8 ldr r6, [pc, #4] ; =0x40010000 AFIO
15cba str r1, [r6, #4]
15cbc pop {r4, r5, r6, r7, pc}
15cbe movs r0, r0
15cc0 movs r0, r0
15cc2 ands r1, r0

; ===== fn_08015CC4  (called 1 x)
15cc4 mov r1, r0
15cc6 cbz r1, 8015cce 
15cc8 cmp r1, #1
15cca bne.n 8015cd6 
15ccc b.n 8015cd2 
15cce movs r0, #10
15cd0 b.n 8015cda 
15cd2 movs r0, #11
15cd4 b.n 8015cda 
15cd6 movs r0, #18
15cd8 nop
15cda nop
15cdc bx lr

; ===== fn_08015CDE  (called 1 x)
15cde mov r1, r0
15ce0 cbz r1, 8015ce8 
15ce2 cmp r1, #1
15ce4 bne.n 8015cf0 
15ce6 b.n 8015cec 
15ce8 movs r0, #29
15cea b.n 8015cf4 
15cec movs r0, #28
15cee b.n 8015cf4 
15cf0 movs r0, #80 @ 0x50
15cf2 nop
15cf4 nop
15cf6 bx lr

; ===== fn_08015CF8  (called 3 x)
15cf8 mov r1, r0
15cfa cmp r1, #14
15cfc bcs.n 8015d48 
15cfe tbb [pc, r1]
15d02 lsrs r3, r1, #20
15d04 asrs r7, r1, #4
15d06 asrs r3, r2, #20
15d08 lsrs r7, r0, #4
15d0a adds r7, r2, r4
15d0c adds r3, r3, #4
15d0e movs r1, #31
15d10 movs r0, #66 @ 0x42
15d12 b.n 8015d4c 
15d14 movs r0, #31
15d16 b.n 8015d4c 
15d18 movs r0, #36 @ 0x24
15d1a b.n 8015d4c 
15d1c movs r0, #16
15d1e b.n 8015d4c 
15d20 movs r0, #37 @ 0x25
15d22 b.n 8015d4c 
15d24 movs r0, #17
15d26 b.n 8015d4c 
15d28 movs r0, #38 @ 0x26
15d2a b.n 8015d4c 
15d2c movs r0, #39 @ 0x27
15d2e b.n 8015d4c 
15d30 movs r0, #53 @ 0x35
15d32 b.n 8015d4c 
15d34 movs r0, #52 @ 0x34
15d36 b.n 8015d4c 
15d38 movs r0, #54 @ 0x36
15d3a b.n 8015d4c 
15d3c movs r0, #4
15d3e b.n 8015d4c 
15d40 movs r0, #67 @ 0x43
15d42 b.n 8015d4c 
15d44 movs r0, #68 @ 0x44
15d46 b.n 8015d4c 
15d48 movs r0, #80 @ 0x50
15d4a nop
15d4c nop
15d4e bx lr

; ===== fn_08015D50  (called 6 x)
15d50 mov r1, r0
15d52 movs r0, #5
15d54 cmp r1, #5
15d56 bcs.n 8015d76 
15d58 tbb [pc, r1]
15d5c lsls r3, r0, #20
15d5e lsrs r7, r0, #4
15d60 movs r3, r1
15d62 movs r0, #0
15d64 b.n 8015d7a 
15d66 movs r0, #1
15d68 b.n 8015d7a 
15d6a movs r0, #2
15d6c b.n 8015d7a 
15d6e movs r0, #3
15d70 b.n 8015d7a 
15d72 movs r0, #4
15d74 b.n 8015d7a 
15d76 movs r0, #5
15d78 nop
15d7a nop
15d7c bx lr

; ===== fn_08015D7E  (called 1 x)
15d7e mov r1, r0
15d80 cbnz r1, 8015d86 
15d82 movs r0, #0
15d84 b.n 8015d94 
15d86 cmp r1, #1
15d88 bne.n 8015d90 
15d8a mov.w r0, #1536 @ 0x600
15d8e b.n 8015d94 
15d90 mov.w r0, #1024 @ 0x400
15d94 bx lr

; ===== fn_08015D96  (called 1 x)
15d96 mov r1, r0
15d98 cbnz r1, 8015d9e 
15d9a movs r0, #0
15d9c b.n 8015da2 
15d9e mov.w r0, #4096 @ 0x1000
15da2 bx lr

; ===== fn_08015DA4  (called 1 x)
15da4 push {r4, lr}
15da6 movs r2, #0
15da8 movs r1, #2
15daa movs r0, #6
15dac bl fn_080162CC
15db0 movs r1, #0
15db2 movs r0, #2
15db4 bl fn_08015AC0
15db8 movs r2, #2
15dba movs r1, #0
15dbc movs r0, #1
15dbe bl fn_0801504C
15dc2 movs r0, #1
15dc4 bl fn_08015108
15dc8 pop {r4, pc}
15dca movs r0, r0

; ===== fn_08015DCC  (called 1 x)
15dcc push {r4, lr}
15dce ldr r0, [pc, #72] ; =0x20000000 ram_20000000
15dd0 ldr r0, [r0, #0]
15dd2 mov.w r1, #1000 @ 0x3e8
15dd6 udiv r4, r0, r1
15dda subs r0, r4, #1
15ddc cmp.w r0, #16777216 @ 0x1000000
15de0 bcc.n 8015de6 
15de2 movs r0, #1
15de4 b.n 8015e06 
15de6 subs r0, r4, #1
15de8 mov.w r1, #3758153728 @ 0xe000e000
15dec str r0, [r1, #20]
15dee movs r1, #15
15df0 mov.w r0, #4294967295
15df4 bl fn_0800B228
15df8 movs r0, #0
15dfa mov.w r1, #3758153728 @ 0xe000e000
15dfe str r0, [r1, #24]
15e00 movs r0, #7
15e02 str r0, [r1, #16]
15e04 movs r0, #0
15e06 cbz r0, 8015e0c 
15e08 nop
15e0a b.n 8015e0a 
15e0c movs r1, #0
15e0e subs r0, r1, #1
15e10 bl fn_0800B228
15e14 pop {r4, pc}
15e16 movs r0, r0
15e18 movs r0, r0
15e1a movs r0, #0

; ===== fn_08015E1C  (called 1 x)
15e1c push {lr}
15e1e sub sp, #28
15e20 movw r0, #1793 @ 0x701
15e24 bl fn_08016820
15e28 ldr r0, [pc, #132] ; =0x40000400 TIMER2
15e2a bl fn_08016F10
15e2e mov r0, sp
15e30 bl fn_0801715E
15e34 movw r0, #59999 @ 0xea5f
15e38 strh.w r0, [sp]
15e3c movs r0, #0
15e3e strh.w r0, [sp, #2]
15e42 strh.w r0, [sp, #4]
15e46 movw r0, #3999 @ 0xf9f
15e4a str r0, [sp, #8]
15e4c movs r0, #0
15e4e strh.w r0, [sp, #6]
15e52 strb.w r0, [sp, #12]
15e56 mov r1, sp
15e58 ldr r0, [pc, #84] ; =0x40000400 TIMER2
15e5a bl fn_080170A8
15e5e add r0, sp, #16
15e60 bl fn_08016EFE
15e64 movs r0, #1
15e66 strh.w r0, [sp, #16]
15e6a movs r0, #0
15e6c strh.w r0, [sp, #20]
15e70 strh.w r0, [sp, #24]
15e74 add r2, sp, #16
15e76 movs r1, #0
15e78 ldr r0, [pc, #52] ; =0x40000400 TIMER2
15e7a bl fn_08016C38
15e7e mov.w r2, #2000 @ 0x7d0
15e82 movs r1, #0
15e84 ldr r0, [pc, #40] ; =0x40000400 TIMER2
15e86 bl fn_08016E7E
15e8a movs r2, #0
15e8c mov r1, r2
15e8e ldr r0, [pc, #32] ; =0x40000400 TIMER2
15e90 bl fn_08016E24
15e94 movs r2, #0
15e96 mov r1, r2
15e98 ldr r0, [pc, #20] ; =0x40000400 TIMER2
15e9a bl fn_08016EA4
15e9e ldr r0, [pc, #16] ; =0x40000400 TIMER2
15ea0 bl fn_08016C2C
15ea4 ldr r0, [pc, #8] ; =0x40000400 TIMER2
15ea6 bl fn_0801709E
15eaa add sp, #28
15eac pop {pc}
15eae movs r0, r0
15eb0 lsls r0, r0, #16
15eb2 ands r0, r0

; ===== fn_08015EB4  (called 1 x)
15eb4 bx lr

; ===== fn_08015EB6  (called 1 x)
15eb6 bx lr

; ===== fn_08015EB8  (called 1 x)
15eb8 push {r4, r5, r6, lr}
15eba mov r4, r0
15ebc movs r6, #1
15ebe add.w r0, r4, r4, lsl #1
15ec2 ldr r1, [pc, #204] ; =0x20002D1C ram_20002D1C
15ec4 add.w r0, r1, r0, lsl #2
15ec8 ldr r0, [r0, #4]
15eca cmp r0, #0
15ecc bls.n 8015f78 
15ece add.w r0, r4, r4, lsl #1
15ed2 add.w r0, r1, r0, lsl #2
15ed6 ldr r0, [r0, #8]
15ed8 cbnz r0, 8015f28 
15eda add.w r0, r4, r4, lsl #1
15ede add.w r0, r1, r0, lsl #2
15ee2 ldr r0, [r0, #4]
15ee4 adds r0, r0, #1
15ee6 cbz r0, 8015f00 
15ee8 add.w r0, r4, r4, lsl #1
15eec add.w r0, r1, r0, lsl #2
15ef0 ldr r0, [r0, #4]
15ef2 subs r0, r0, #1
15ef4 add.w r1, r4, r4, lsl #1
15ef8 ldr r2, [pc, #148] ; =0x20002D1C ram_20002D1C
15efa add.w r1, r2, r1, lsl #2
15efe str r0, [r1, #4]
15f00 add.w r0, r4, r4, lsl #1
15f04 ldr r1, [pc, #136] ; =0x20002D1C ram_20002D1C
15f06 add.w r0, r1, r0, lsl #2
15f0a ldr r0, [r0, #4]
15f0c cbnz r0, 8015f16 
15f0e mov r0, r4
15f10 bl fn_0800AFA6
15f14 b.n 8015f30 
15f16 mov r0, r4
15f18 bl fn_08015FC8
15f1c mov r5, r0
15f1e cmp r5, #1
15f20 bne.n 8015f2a 
15f22 mov r0, r4
15f24 bl fn_0800AF6C
15f28 b.n 8015f30 
15f2a mov r0, r4
15f2c bl fn_0800AFA6
15f30 add.w r0, r4, r4, lsl #1
15f34 ldr r1, [pc, #88] ; =0x20002D1C ram_20002D1C
15f36 add.w r0, r1, r0, lsl #2
15f3a ldr r0, [r0, #8]
15f3c adds r0, r0, #1
15f3e add.w r1, r4, r4, lsl #1
15f42 ldr r2, [pc, #76] ; =0x20002D1C ram_20002D1C
15f44 add.w r1, r2, r1, lsl #2
15f48 str r0, [r1, #8]
15f4a add.w r0, r4, r4, lsl #1
15f4e mov r1, r2
15f50 add.w r0, r1, r0, lsl #2
15f54 ldrb r0, [r0, #1]
15f56 ldr r1, [pc, #60] ; =0x0801B46C rom_0801B46C
15f58 ldrb r0, [r1, r0]
15f5a add.w r1, r4, r4, lsl #1
15f5e add.w r1, r2, r1, lsl #2
15f62 ldr r1, [r1, #8]
15f64 cmp r0, r1
15f66 bhi.n 8015f74 
15f68 movs r0, #0
15f6a add.w r1, r4, r4, lsl #1
15f6e add.w r1, r2, r1, lsl #2
15f72 str r0, [r1, #8]
15f74 movs r6, #0
15f76 b.n 8015f8a 
15f78 add.w r0, r4, r4, lsl #1
15f7c ldr r2, [pc, #16] ; =0x20002D1C ram_20002D1C
15f7e ldrb.w r1, [r2, r0, lsl #2]
15f82 mov r0, r4
15f84 bl fn_0801600C
15f88 mov r6, r0
15f8a mov r0, r6
15f8c pop {r4, r5, r6, pc}
15f8e movs r0, r0
15f90 cmp r5, #28
15f92 movs r0, #0
15f94 push {r2, r3, r5, r6}
15f96 lsrs r1, r0, #32

; ===== fn_08015F98  (called 1 x)
15f98 cmp r0, #4
15f9a bge.n 8015fc0 
15f9c movs r1, #6
15f9e add.w r2, r0, r0, lsl #1
15fa2 ldr r3, [pc, #32] ; =0x20002D1C ram_20002D1C
15fa4 add.w r2, r3, r2, lsl #2
15fa8 strb r1, [r2, #1]
15faa movs r1, #0
15fac add.w r2, r0, r0, lsl #1
15fb0 add.w r2, r3, r2, lsl #2
15fb4 str r1, [r2, #4]
15fb6 add.w r2, r0, r0, lsl #1
15fba add.w r2, r3, r2, lsl #2
15fbe str r1, [r2, #8]
15fc0 bx lr
15fc2 movs r0, r0
15fc4 cmp r5, #28
15fc6 movs r0, #0

; ===== fn_08015FC8  (called 1 x)
15fc8 push {r4, r5, r6, lr}
15fca mov r5, r0
15fcc cbz r5, 8015fdc 
15fce cmp r5, #1
15fd0 beq.n 8015fe6 
15fd2 cmp r5, #2
15fd4 beq.n 8015ff0 
15fd6 cmp r5, #3
15fd8 bne.n 8016004 
15fda b.n 8015ffa 
15fdc movs r0, #0
15fde bl fn_0800A76C
15fe2 mov r4, r0
15fe4 b.n 8016006 
15fe6 movs r0, #2
15fe8 bl fn_0800A76C
15fec mov r4, r0
15fee b.n 8016006 
15ff0 movs r0, #1
15ff2 bl fn_0800A76C
15ff6 mov r4, r0
15ff8 b.n 8016006 
15ffa movs r0, #3
15ffc bl fn_0800A76C
16000 mov r4, r0
16002 b.n 8016006 
16004 nop
16006 nop
16008 mov r0, r4
1600a pop {r4, r5, r6, pc}

; ===== fn_0801600C  (called 1 x)
1600c push {r4, r5, r6, lr}
1600e mov r4, r0
16010 mov r5, r1
16012 movs r6, #1
16014 nop
16016 cmp r4, #4
16018 blt.n 801601c 
1601a b.n 801624a 
1601c cmp r5, #12
1601e bcs.n 8016114 
16020 tbb [pc, r5]
16024 asrs r6, r0, #24
16026 adds r6, #39 @ 0x27
16028 strb r5, [r0, r1]
1602a ldrh r3, [r4, #2]
1602c beq.n 8015f88 
1602e sbcs.w r0, r8, #524288 @ 0x80000
16032 add.w r1, r4, r4, lsl #1
16036 ldr r2, [pc, #536] ; =0x20002D1C ram_20002D1C
16038 add.w r1, r2, r1, lsl #2
1603c strb r0, [r1, #1]
1603e add.w r1, r4, r4, lsl #1
16042 add.w r1, r2, r1, lsl #2
16046 str r0, [r1, #4]
16048 mov r0, r4
1604a bl fn_0800AF6C
1604e b.n 8016246 
16050 movs r0, #1
16052 add.w r1, r4, r4, lsl #1
16056 ldr r2, [pc, #504] ; =0x20002D1C ram_20002D1C
16058 add.w r1, r2, r1, lsl #2
1605c strb r0, [r1, #1]
1605e movs r0, #0
16060 add.w r1, r4, r4, lsl #1
16064 add.w r1, r2, r1, lsl #2
16068 str r0, [r1, #4]
1606a mov r0, r4
1606c bl fn_0800AFA6
16070 b.n 8016246 
16072 movs r0, #2
16074 add.w r1, r4, r4, lsl #1
16078 ldr r2, [pc, #468] ; =0x20002D1C ram_20002D1C
1607a add.w r1, r2, r1, lsl #2
1607e strb r0, [r1, #1]
16080 subs r0, r0, #3
16082 add.w r1, r4, r4, lsl #1
16086 add.w r1, r2, r1, lsl #2
1608a str r0, [r1, #4]
1608c movs r6, #0
1608e b.n 8016246 
16090 movs r0, #3
16092 add.w r1, r4, r4, lsl #1
16096 ldr r2, [pc, #440] ; =0x20002D1C ram_20002D1C
16098 add.w r1, r2, r1, lsl #2
1609c strb r0, [r1, #1]
1609e subs r0, r0, #4
160a0 add.w r1, r4, r4, lsl #1
160a4 add.w r1, r2, r1, lsl #2
160a8 str r0, [r1, #4]
160aa movs r6, #0
160ac b.n 8016246 
160ae movs r0, #4
160b0 add.w r1, r4, r4, lsl #1
160b4 ldr r2, [pc, #408] ; =0x20002D1C ram_20002D1C
160b6 add.w r1, r2, r1, lsl #2
160ba strb r0, [r1, #1]
160bc subs r0, r0, #5
160be add.w r1, r4, r4, lsl #1
160c2 add.w r1, r2, r1, lsl #2
160c6 str r0, [r1, #4]
160c8 movs r6, #0
160ca b.n 8016246 
160cc movs r0, #5
160ce add.w r1, r4, r4, lsl #1
160d2 ldr r2, [pc, #380] ; =0x20002D1C ram_20002D1C
160d4 add.w r1, r2, r1, lsl #2
160d8 strb r0, [r1, #1]
160da subs r0, r0, #6
160dc add.w r1, r4, r4, lsl #1
160e0 add.w r1, r2, r1, lsl #2
160e4 str r0, [r1, #4]
160e6 movs r6, #0
160e8 b.n 8016246 
160ea add.w r0, r4, r4, lsl #1
160ee ldr r1, [pc, #352] ; =0x20002D1C ram_20002D1C
160f0 add.w r0, r1, r0, lsl #2
160f4 ldrb r0, [r0, #1]
160f6 cmp r0, #2
160f8 beq.n 8016116 
160fa movs r0, #2
160fc add.w r1, r4, r4, lsl #1
16100 ldr r2, [pc, #332] ; =0x20002D1C ram_20002D1C
16102 add.w r1, r2, r1, lsl #2
16106 strb r0, [r1, #1]
16108 add.w r1, r4, r4, lsl #1
1610c add.w r1, r2, r1, lsl #2
16110 str r0, [r1, #4]
16112 b.n 8016130 
16114 b.n 801622a 
16116 movs r0, #5
16118 add.w r1, r4, r4, lsl #1
1611c ldr r2, [pc, #304] ; =0x20002D1C ram_20002D1C
1611e add.w r1, r2, r1, lsl #2
16122 strb r0, [r1, #1]
16124 movs r0, #2
16126 add.w r1, r4, r4, lsl #1
1612a add.w r1, r2, r1, lsl #2
1612e str r0, [r1, #4]
16130 movs r6, #0
16132 b.n 8016246 
16134 add.w r0, r4, r4, lsl #1
16138 ldr r1, [pc, #276] ; =0x20002D1C ram_20002D1C
1613a add.w r0, r1, r0, lsl #2
1613e ldrb r0, [r0, #1]
16140 cmp r0, #2
16142 beq.n 801615e 
16144 movs r0, #2
16146 add.w r1, r4, r4, lsl #1
1614a ldr r2, [pc, #260] ; =0x20002D1C ram_20002D1C
1614c add.w r1, r2, r1, lsl #2
16150 strb r0, [r1, #1]
16152 add.w r1, r4, r4, lsl #1
16156 add.w r1, r2, r1, lsl #2
1615a str r0, [r1, #4]
1615c b.n 8016178 
1615e movs r0, #5
16160 add.w r1, r4, r4, lsl #1
16164 ldr r2, [pc, #232] ; =0x20002D1C ram_20002D1C
16166 add.w r1, r2, r1, lsl #2
1616a strb r0, [r1, #1]
1616c movs r0, #4
1616e add.w r1, r4, r4, lsl #1
16172 add.w r1, r2, r1, lsl #2
16176 str r0, [r1, #4]
16178 movs r6, #0
1617a b.n 8016246 
1617c add.w r0, r4, r4, lsl #1
16180 ldr r1, [pc, #204] ; =0x20002D1C ram_20002D1C
16182 add.w r0, r1, r0, lsl #2
16186 ldrb r0, [r0, #1]
16188 cmp r0, #2
1618a beq.n 80161a6 
1618c movs r0, #2
1618e add.w r1, r4, r4, lsl #1
16192 ldr r2, [pc, #188] ; =0x20002D1C ram_20002D1C
16194 add.w r1, r2, r1, lsl #2
16198 strb r0, [r1, #1]
1619a add.w r1, r4, r4, lsl #1
1619e add.w r1, r2, r1, lsl #2
161a2 str r0, [r1, #4]
161a4 b.n 80161c0 
161a6 movs r0, #5
161a8 add.w r1, r4, r4, lsl #1
161ac ldr r2, [pc, #160] ; =0x20002D1C ram_20002D1C
161ae add.w r1, r2, r1, lsl #2
161b2 strb r0, [r1, #1]
161b4 movs r0, #6
161b6 add.w r1, r4, r4, lsl #1
161ba add.w r1, r2, r1, lsl #2
161be str r0, [r1, #4]
161c0 movs r6, #0
161c2 b.n 8016246 
161c4 add.w r0, r4, r4, lsl #1
161c8 ldr r1, [pc, #132] ; =0x20002D1C ram_20002D1C
161ca add.w r0, r1, r0, lsl #2
161ce ldrb r0, [r0, #1]
161d0 cmp r0, #2
161d2 beq.n 80161ee 
161d4 movs r0, #2
161d6 add.w r1, r4, r4, lsl #1
161da ldr r2, [pc, #116] ; =0x20002D1C ram_20002D1C
161dc add.w r1, r2, r1, lsl #2
161e0 strb r0, [r1, #1]
161e2 add.w r1, r4, r4, lsl #1
161e6 add.w r1, r2, r1, lsl #2
161ea str r0, [r1, #4]
161ec b.n 8016208 
161ee movs r0, #5
161f0 add.w r1, r4, r4, lsl #1
161f4 ldr r2, [pc, #88] ; =0x20002D1C ram_20002D1C
161f6 add.w r1, r2, r1, lsl #2
161fa strb r0, [r1, #1]
161fc movs r0, #8
161fe add.w r1, r4, r4, lsl #1
16202 add.w r1, r2, r1, lsl #2
16206 str r0, [r1, #4]
16208 movs r6, #0
1620a b.n 8016246 
1620c b.n 801620e 
1620e movs r0, #6
16210 add.w r1, r4, r4, lsl #1
16214 ldr r2, [pc, #56] ; =0x20002D1C ram_20002D1C
16216 add.w r1, r2, r1, lsl #2
1621a strb r0, [r1, #1]
1621c movs r0, #0
1621e add.w r1, r4, r4, lsl #1
16222 add.w r1, r2, r1, lsl #2
16226 str r0, [r1, #4]
16228 b.n 8016246 
1622a movs r0, #6
1622c add.w r1, r4, r4, lsl #1
16230 ldr r2, [pc, #28] ; =0x20002D1C ram_20002D1C
16232 add.w r1, r2, r1, lsl #2
16236 strb r0, [r1, #1]
16238 movs r0, #0
1623a add.w r1, r4, r4, lsl #1
1623e add.w r1, r2, r1, lsl #2
16242 str r0, [r1, #4]
16244 nop
16246 nop
16248 nop
1624a nop
1624c mov r0, r6
1624e pop {r4, r5, r6, pc}
16250 cmp r5, #28
16252 movs r0, #0

; ===== fn_08016254  (called 0 x)
16254 bl fn_0800A854
16258 bl fn_0800B61C
1625c bl fn_0800A07C
16260 bl fn_08009D08
16264 bl fn_08009E24
16268 b.n 801627e 
1626a bl fn_0800A6D4
1626e bl fn_0800A6CC
16272 bl fn_0800A150
16276 bl fn_0800B164
1627a bl fn_0800B8E4
1627e b.n 801626a 

; ===== fn_08016280  (called 1 x)
16280 bx lr

; ===== fn_08016282  (called 1 x)
16282 push {r4, lr}
16284 movw r0, #1545 @ 0x609
16288 bl fn_08016820
1628c movw r0, #1793 @ 0x701
16290 bl fn_08016820
16294 movs r0, #2
16296 bl fn_080163B8
1629a mov.w r0, #2304 @ 0x900
1629e bl fn_080166A4
162a2 mov.w r0, #2304 @ 0x900
162a6 bl fn_080166C4
162aa movw r0, #1820 @ 0x71c
162ae bl fn_08016820
162b2 pop {r4, pc}

; ===== fn_080162B4  (called 2 x)
162b4 and.w r2, r0, #31
162b8 movs r1, #1
162ba lsls r1, r2
162bc ldr r2, [pc, #8] ; =0xE000E180 
162be asrs r3, r0, #5
162c0 str.w r1, [r2, r3, lsl #2]
162c4 bx lr
162c6 movs r0, r0
162c8 b.n 80165cc 
162ca b.n 80162ce 

; ===== fn_080162CC  (called 9 x)
162cc stmdb sp!, {r4, r5, r6, r7, r8, lr}
162d0 mov r3, r0
162d2 mov r5, r1
162d4 mov r6, r2
162d6 movs r4, #0
162d8 movs r7, #0
162da mov r8, r4
162dc ldr r0, [pc, #168] ; =0xE000ED0C SCB_VTOR+0x4
162de ldr r0, [r0, #0]
162e0 and.w r0, r0, #1792 @ 0x700
162e4 cmp.w r0, #1792 @ 0x700
162e8 bne.n 80162f2 
162ea nop
162ec mov.w r8, #4
162f0 b.n 8016354 
162f2 ldr r0, [pc, #148] ; =0xE000ED0C SCB_VTOR+0x4
162f4 ldr r0, [r0, #0]
162f6 and.w r0, r0, #1792 @ 0x700
162fa cmp.w r0, #1536 @ 0x600
162fe bne.n 8016308 
16300 movs r7, #1
16302 mov.w r8, #3
16306 b.n 8016354 
16308 ldr r0, [pc, #124] ; =0xE000ED0C SCB_VTOR+0x4
1630a ldr r0, [r0, #0]
1630c and.w r0, r0, #1792 @ 0x700
16310 cmp.w r0, #1280 @ 0x500
16314 bne.n 801631c 
16316 movs r7, #2
16318 mov r8, r7
1631a b.n 8016354 
1631c ldr r0, [pc, #104] ; =0xE000ED0C SCB_VTOR+0x4
1631e ldr r0, [r0, #0]
16320 and.w r0, r0, #1792 @ 0x700
16324 cmp.w r0, #1024 @ 0x400
16328 bne.n 8016332 
1632a movs r7, #3
1632c mov.w r8, #1
16330 b.n 8016354 
16332 ldr r0, [pc, #84] ; =0xE000ED0C SCB_VTOR+0x4
16334 ldr r0, [r0, #0]
16336 and.w r0, r0, #1792 @ 0x700
1633a cmp.w r0, #768 @ 0x300
1633e bne.n 8016348 
16340 movs r7, #4
16342 mov.w r8, #0
16346 b.n 8016354 
16348 mov.w r0, #1280 @ 0x500
1634c bl fn_08016390
16350 movs r7, #2
16352 mov r8, r7
16354 rsb r0, r7, #4
16358 lsl.w r4, r5, r0
1635c rsb r1, r8, #4
16360 movs r0, #15
16362 lsrs r0, r1
16364 ands r0, r6
16366 orrs r4, r0
16368 lsls r4, r4, #4
1636a ldr r0, [pc, #32] ; =0xE000E400 
1636c strb r4, [r0, r3]
1636e and.w r1, r3, #31
16372 movs r0, #1
16374 lsls r0, r1
16376 asrs r1, r3, #5
16378 lsls r1, r1, #2
1637a add.w r1, r1, #3758153728 @ 0xe000e000
1637e str.w r0, [r1, #256] @ 0x100
16382 ldmia.w sp!, {r4, r5, r6, r7, r8, pc}
16386 movs r0, r0
16388 stc 0, cr14, [ip, #-0]
1638c b.n 8015b90 
1638e b.n 8016392 

; ===== fn_08016390  (called 1 x)
16390 ldr r1, [pc, #8] ; =0x05FA0000 
16392 orrs r1, r0
16394 ldr r2, [pc, #8] ; =0xE000ED0C SCB_VTOR+0x4
16396 str r1, [r2, #0]
16398 bx lr
1639a movs r0, r0
1639c movs r0, r0
1639e lsls r2, r7, #23
163a0 stc 0, cr14, [ip, #-0]

; ===== fn_080163A4  (called 3 x)
163a4 ldr r0, [pc, #12] ; =0x40007000 PMU
163a6 ldr r0, [r0, #0]
163a8 orr.w r0, r0, #256 @ 0x100
163ac ldr r1, [pc, #4] ; =0x40007000 PMU
163ae str r0, [r1, #0]
163b0 bx lr
163b2 movs r0, r0
163b4 strb r0, [r0, #0]
163b6 ands r0, r0

; ===== fn_080163B8  (called 2 x)
163b8 ldr r3, [pc, #96] ; =0x40021000 RCU
163ba ldr r1, [r3, #4]
163bc ldr r3, [pc, #96] ; =0xEFFF3FFF 
163be ands r1, r3
163c0 ldr r3, [pc, #88] ; =0x40021000 RCU
163c2 ldr r2, [r3, #44] @ 0x2c
163c4 bic.w r2, r2, #536870912 @ 0x20000000
163c8 cmp r0, #12
163ca bcs.n 801640e 
163cc tbb [pc, r0]
163d0 lsls r6, r0, #28
163d2 lsrs r0, r1, #4
163d4 lsrs r7, r3, #16
163d6 lsrs r7, r3, #20
163d8 asrs r5, r2, #24
163da adds r7, r2, r0
163dc nop
163de nop
163e0 nop
163e2 orr.w r1, r1, r0, lsl #14
163e6 b.n 8016410 
163e8 nop
163ea bic.w r0, r0, #4
163ee mov.w r3, #268435456 @ 0x10000000
163f2 orr.w r3, r3, r0, lsl #14
163f6 orrs r1, r3
163f8 b.n 8016410 
163fa nop
163fc nop
163fe nop
16400 bic.w r0, r0, #12
16404 orr.w r1, r1, r0, lsl #14
16408 orr.w r2, r2, #536870912 @ 0x20000000
1640c b.n 8016410 
1640e nop
16410 nop
16412 ldr r3, [pc, #8] ; =0x40021000 RCU
16414 str r1, [r3, #4]
16416 str r2, [r3, #44] @ 0x2c
16418 bx lr
1641a movs r0, r0
1641c asrs r0, r0, #32
1641e ands r2, r0
16420 subs r7, #255 @ 0xff
16422 vmlal.s<illegal width 64> q10, d15, d3
16426 ldr r0, [r0, #36] @ 0x24
16428 orr.w r0, r0, #16777216 @ 0x1000000
1642c ldr r1, [pc, #4] ; =0x40021000 RCU
1642e str r0, [r1, #36] @ 0x24
16430 bx lr
16432 movs r0, r0
16434 asrs r0, r0, #32
16436 ands r2, r0

; ===== fn_08016438  (called 1 x)
16438 ldr r0, [pc, #12] ; =0x40021000 RCU
1643a ldr r0, [r0, #32]
1643c bic.w r0, r0, #65536 @ 0x10000
16440 ldr r1, [pc, #4] ; =0x40021000 RCU
16442 str r0, [r1, #32]
16444 bx lr
16446 movs r0, r0
16448 asrs r0, r0, #32
1644a ands r2, r0

; ===== fn_0801644C  (called 1 x)
1644c ldr r0, [pc, #12] ; =0x40021000 RCU
1644e ldr r0, [r0, #32]
16450 orr.w r0, r0, #65536 @ 0x10000
16454 ldr r1, [pc, #4] ; =0x40021000 RCU
16456 str r0, [r1, #32]
16458 bx lr
1645a movs r0, r0
1645c asrs r0, r0, #32
1645e ands r2, r0

; ===== fn_08016460  (called 5 x)
16460 stmdb sp!, {r0, r4, r5, r6, r7, r8, r9, sl, fp, lr}
16464 sub sp, #56 @ 0x38
16466 movs r0, #0
16468 str r0, [sp, #48] @ 0x30
1646a add r0, pc, #368 @ (adr r0, 80165dc ) ; =0x080165DC rom_080165DC
1646c ldmia.w r0, {sl, fp, lr}
16470 ldr r0, [r0, #12]
16472 strd fp, lr, [sp, #20]
16476 str.w sl, [sp, #16]
1647a str r0, [sp, #28]
1647c add r0, pc, #352 @ (adr r0, 80165e0 ) ; =0x080165E0 rom_080165E0
1647e ldr.w sl, [r0, #4]
16482 ldr r0, [r0, #0]
16484 strd r0, sl, [sp, #8]
16488 addw sl, pc, #340 @ 0x154
1648c ldrd r0, sl, [sl]
16490 strd r0, sl, [sp]
16494 ldr r0, [pc, #340] ; =0x40021000 RCU
16496 ldr r0, [r0, #4]
16498 ubfx r0, r0, #2, #2
1649c str r0, [sp, #52] @ 0x34
1649e ldr r0, [sp, #52] @ 0x34
164a0 cbz r0, 80164ac 
164a2 cmp r0, #1
164a4 beq.n 80164b0 
164a6 cmp r0, #2
164a8 bne.n 8016572 
164aa b.n 80164b4 
164ac ldr r3, [pc, #320] ; =0x007A1200 
164ae b.n 8016576 
164b0 ldr r3, [pc, #320] ; =0x00B71B00 
164b2 b.n 8016576 
164b4 ldr r0, [pc, #308] ; =0x40021000 RCU
164b6 ldr r0, [r0, #4]
164b8 and.w r9, r0, #65536 @ 0x10000
164bc cmp.w r9, #65536 @ 0x10000
164c0 bne.n 8016522 
164c2 ldr r0, [pc, #296] ; =0x40021000 RCU
164c4 ldr r0, [r0, #44] @ 0x2c
164c6 and.w r0, r0, #1073741824 @ 0x40000000
164ca str r0, [sp, #44] @ 0x2c
164cc ldr r0, [sp, #44] @ 0x2c
164ce cbnz r0, 80164d4 
164d0 ldr r2, [pc, #288] ; =0x00B71B00 
164d2 b.n 80164d6 
164d4 ldr r2, [pc, #288] ; =0x02DC6C00 
164d6 ldr r0, [pc, #276] ; =0x40021000 RCU
164d8 ldr r0, [r0, #44] @ 0x2c
164da and.w r0, r0, #65536 @ 0x10000
164de str r0, [sp, #40] @ 0x28
164e0 ldr r0, [sp, #40] @ 0x28
164e2 cmp.w r0, #65536 @ 0x10000
164e6 bne.n 801650e 
164e8 ldr r0, [pc, #256] ; =0x40021000 RCU
164ea ldr r0, [r0, #44] @ 0x2c
164ec ubfx r0, r0, #4, #4
164f0 adds r0, r0, #1
164f2 str r0, [sp, #32]
164f4 ldr r0, [pc, #244] ; =0x40021000 RCU
164f6 ldr r0, [r0, #44] @ 0x2c
164f8 ubfx r0, r0, #8, #4
164fc adds r7, r0, #2
164fe cmp r7, #17
16500 bne.n 8016504 
16502 movs r7, #20
16504 ldr r0, [sp, #32]
16506 udiv r0, r2, r0
1650a mul.w r2, r0, r7
1650e ldr r0, [pc, #220] ; =0x40021000 RCU
16510 ldr r0, [r0, #44] @ 0x2c
16512 and.w r0, r0, #15
16516 adds r0, r0, #1
16518 str r0, [sp, #36] @ 0x24
1651a ldr r0, [sp, #36] @ 0x24
1651c udiv r2, r2, r0
16520 b.n 8016524 
16522 ldr r2, [pc, #216] ; =0x003D0900 
16524 ldr r0, [pc, #196] ; =0x40021000 RCU
16526 ldr r0, [r0, #4]
16528 ubfx r1, r0, #18, #4
1652c ldr r0, [pc, #188] ; =0x40021000 RCU
1652e ldr r0, [r0, #4]
16530 and.w r0, r0, #536870912 @ 0x20000000
16534 cbz r0, 801653a 
16536 orr.w r1, r1, #16
1653a ldr r0, [pc, #176] ; =0x40021000 RCU
1653c ldr r0, [r0, #4]
1653e and.w r0, r0, #1073741824 @ 0x40000000
16542 cbz r0, 8016548 
16544 orr.w r1, r1, #32
16548 cmp r1, #15
1654a bcs.n 8016550 
1654c adds r1, r1, #2
1654e b.n 801655e 
16550 cmp r1, #15
16552 bcc.n 801655c 
16554 cmp r1, #62 @ 0x3e
16556 bhi.n 801655c 
16558 adds r1, r1, #1
1655a b.n 801655e 
1655c movs r1, #63 @ 0x3f
1655e mul.w r3, r2, r1
16562 cmp r1, #15
16564 bne.n 8016570 
16566 add.w r0, r2, r2, lsl #1
1656a lsls r0, r0, #1
1656c add.w r3, r0, r2, lsr #1
16570 b.n 8016576 
16572 ldr r3, [pc, #124] ; =0x007A1200 
16574 nop
16576 nop
16578 ldr r0, [pc, #112] ; =0x40021000 RCU
1657a ldr r0, [r0, #4]
1657c ubfx r5, r0, #4, #4
16580 add r0, sp, #16
16582 ldrb r6, [r0, r5]
16584 lsr.w r4, r3, r6
16588 ldr r0, [pc, #96] ; =0x40021000 RCU
1658a ldr r0, [r0, #4]
1658c ubfx r5, r0, #8, #3
16590 add r0, sp, #8
16592 ldrb r6, [r0, r5]
16594 lsr.w ip, r4, r6
16598 ldr r0, [pc, #80] ; =0x40021000 RCU
1659a ldr r0, [r0, #4]
1659c ubfx r5, r0, #11, #3
165a0 ldrb.w r6, [sp, r5]
165a4 lsr.w r8, r4, r6
165a8 ldr r0, [sp, #56] @ 0x38
165aa cbz r0, 80165ba 
165ac cmp r0, #1
165ae beq.n 80165be 
165b0 cmp r0, #2
165b2 beq.n 80165c2 
165b4 cmp r0, #3
165b6 bne.n 80165ce 
165b8 b.n 80165c8 
165ba str r3, [sp, #48] @ 0x30
165bc b.n 80165d0 
165be str r4, [sp, #48] @ 0x30
165c0 b.n 80165d0 
165c2 str.w ip, [sp, #48] @ 0x30
165c6 b.n 80165d0 
165c8 str.w r8, [sp, #48] @ 0x30
165cc b.n 80165d0 
165ce nop
165d0 nop
165d2 ldr r0, [sp, #48] @ 0x30
165d4 add sp, #60 @ 0x3c
165d6 ldmia.w sp!, {r4, r5, r6, r7, r8, r9, sl, fp, pc}
	...
165e2 movs r0, r0
165e4 lsls r1, r0, #8
165e6 lsls r3, r0, #16
165e8 lsls r6, r0, #28
165ea lsrs r0, r1, #4
165ec asrs r0, r0, #32
165ee ands r2, r0
165f0 asrs r0, r0, #8
165f2 lsls r2, r7, #1
165f4 subs r0, r0, r4
165f6 lsls r7, r6, #2
165f8 ldr r0, [r0, #64] @ 0x40
165fa lsls r4, r3, #11
165fc lsrs r0, r0, #4
165fe movs r5, r7

; ===== fn_08016600  (called 1 x)
16600 push {lr}
16602 ldr r0, [pc, #112] ; =0x40021000 RCU
16604 ldr r0, [r0, #0]
16606 orr.w r0, r0, #1
1660a ldr r1, [pc, #104] ; =0x40021000 RCU
1660c str r0, [r1, #0]
1660e movs r0, #0
16610 bl fn_080166C4
16614 ldr r0, [pc, #92] ; =0x40021000 RCU
16616 ldr r0, [r0, #4]
16618 bic.w r0, r0, #3
1661c ldr r1, [pc, #84] ; =0x40021000 RCU
1661e str r0, [r1, #4]
16620 mov r0, r1
16622 ldr r0, [r0, #0]
16624 ldr r1, [pc, #80] ; =0xFEF6FFFF 
16626 ands r0, r1
16628 ldr r1, [pc, #72] ; =0x40021000 RCU
1662a str r0, [r1, #0]
1662c mov r0, r1
1662e ldr r0, [r0, #0]
16630 bic.w r0, r0, #262144 @ 0x40000
16634 str r0, [r1, #0]
16636 mov r0, r1
16638 ldr r0, [r0, #4]
1663a and.w r0, r0, #12
1663e str r0, [r1, #4]
16640 mov r0, r1
16642 ldr r0, [r0, #0]
16644 ldr r1, [pc, #48] ; =0xFEF6FFFF 
16646 ands r0, r1
16648 ldr r1, [pc, #40] ; =0x40021000 RCU
1664a str r0, [r1, #0]
1664c mov r0, r1
1664e ldr r0, [r0, #0]
16650 bic.w r0, r0, #262144 @ 0x40000
16654 str r0, [r1, #0]
16656 mov r0, r1
16658 ldr r0, [r0, #0]
1665a bic.w r0, r0, #335544320 @ 0x14000000
1665e str r0, [r1, #0]
16660 mov.w r0, #16711680 @ 0xff0000
16664 str r0, [r1, #8]
16666 mov r0, r1
16668 ldr r0, [r0, #44] @ 0x2c
1666a ldr r1, [pc, #16] ; =0x1FF80000 
1666c ands r0, r1
1666e ldr r1, [pc, #4] ; =0x40021000 RCU
16670 str r0, [r1, #44] @ 0x2c
16672 pop {pc}
16674 asrs r0, r0, #32
16676 ands r2, r0
16678 @ <UNDEFINED> instruction: 0xfffffef6
1667c movs r0, r0
1667e subs r0, r7, #7

; ===== fn_08016680  (called 25 x)
16680 mov r1, r0
16682 ldr r2, [pc, #28] ; =0x40021000 RCU
16684 add.w r0, r2, r1, lsr #6
16688 ldr r0, [r0, #0]
1668a and.w r3, r1, #31
1668e movs r2, #1
16690 lsls r2, r3
16692 ands r0, r2
16694 cbz r0, 801669a 
16696 movs r0, #1
16698 bx lr
1669a movs r0, #0
1669c b.n 8016698 
1669e movs r0, r0
166a0 asrs r0, r0, #32
166a2 ands r2, r0

; ===== fn_080166A4  (called 2 x)
166a4 ldr r2, [pc, #24] ; =0x40021000 RCU
166a6 add.w r1, r2, r0, lsr #6
166aa ldr r1, [r1, #0]
166ac and.w r3, r0, #31
166b0 movs r2, #1
166b2 lsls r2, r3
166b4 orrs r1, r2
166b6 ldr r3, [pc, #8] ; =0x40021000 RCU
166b8 add.w r2, r3, r0, lsr #6
166bc str r1, [r2, #0]
166be bx lr
166c0 asrs r0, r0, #32
166c2 ands r2, r0

; ===== fn_080166C4  (called 3 x)
166c4 push {r4, r5, r6, r7, lr}
166c6 mov r6, r0
166c8 movs r4, #0
166ca movs r7, #0
166cc movs r5, #0
166ce cmp r6, #28
166d0 beq.n 80167ce 
166d2 bgt.n 80166e4 
166d4 cbz r6, 8016744 
166d6 cmp r6, #16
166d8 beq.n 80166fc 
166da cmp r6, #24
166dc beq.n 80167ae 
166de cmp r6, #26
166e0 bne.n 80167d0 
166e2 b.n 80167d2 
166e4 cmp.w r6, #2048 @ 0x800
166e8 beq.n 801671e 
166ea cmp.w r6, #2304 @ 0x900
166ee beq.n 801678a 
166f0 sub.w r0, r6, #12288 @ 0x3000
166f4 subs r0, #16
166f6 cmp r0, #0
166f8 bne.n 80166e0 
166fa b.n 8016766 
166fc b.n 8016708 
166fe movs r0, #17
16700 bl fn_08016680
16704 mov r5, r0
16706 adds r4, r4, #1
16708 cbnz r5, 8016712 
1670a movw r0, #65535 @ 0xffff
1670e cmp r4, r0
16710 bne.n 80166fe 
16712 movs r0, #17
16714 bl fn_08016680
16718 cbz r0, 801671c 
1671a movs r7, #1
1671c b.n 8016814 
1671e b.n 801672c 
16720 movw r0, #2049 @ 0x801
16724 bl fn_08016680
16728 mov r5, r0
1672a adds r4, r4, #1
1672c cbnz r5, 8016736 
1672e mvn.w r0, #4227858432 @ 0xfc000000
16732 cmp r4, r0
16734 bne.n 8016720 
16736 movw r0, #2049 @ 0x801
1673a bl fn_08016680
1673e cbz r0, 8016742 
16740 movs r7, #1
16742 b.n 8016814 
16744 b.n 8016746 
16746 b.n 8016752 
16748 movs r0, #1
1674a bl fn_08016680
1674e mov r5, r0
16750 adds r4, r4, #1
16752 cbnz r5, 801675a 
16754 cmp.w r4, #1280 @ 0x500
16758 bne.n 8016748 
1675a movs r0, #1
1675c bl fn_08016680
16760 cbz r0, 8016764 
16762 movs r7, #1
16764 b.n 8016814 
16766 b.n 8016774 
16768 movw r0, #12305 @ 0x3011
1676c bl fn_08016680
16770 mov r5, r0
16772 adds r4, r4, #1
16774 cbnz r5, 801677c 
16776 ldr r0, [pc, #164] ; =0x000FFFFF 
16778 cmp r4, r0
1677a bne.n 8016768 
1677c movw r0, #12305 @ 0x3011
16780 bl fn_08016680
16784 cbz r0, 8016788 
16786 movs r7, #1
16788 b.n 8016814 
1678a b.n 8016798 
1678c movw r0, #2305 @ 0x901
16790 bl fn_08016680
16794 mov r5, r0
16796 adds r4, r4, #1
16798 cbnz r5, 80167a0 
1679a ldr r0, [pc, #128] ; =0x000FFFFF 
1679c cmp r4, r0
1679e bne.n 801678c 
167a0 movw r0, #2305 @ 0x901
167a4 bl fn_08016680
167a8 cbz r0, 80167ac 
167aa movs r7, #1
167ac b.n 8016814 
167ae b.n 80167ba 
167b0 movs r0, #25
167b2 bl fn_08016680
167b6 mov r5, r0
167b8 adds r4, r4, #1
167ba cbnz r5, 80167c2 
167bc ldr r0, [pc, #92] ; =0x000FFFFF 
167be cmp r4, r0
167c0 bne.n 80167b0 
167c2 movs r0, #25
167c4 bl fn_08016680
167c8 cbz r0, 80167cc 
167ca movs r7, #1
167cc b.n 8016814 
167ce b.n 80167f2 
167d0 b.n 8016812 
167d2 b.n 80167de 
167d4 movs r0, #27
167d6 bl fn_08016680
167da mov r5, r0
167dc adds r4, r4, #1
167de cbnz r5, 80167e6 
167e0 ldr r0, [pc, #56] ; =0x000FFFFF 
167e2 cmp r4, r0
167e4 bne.n 80167d4 
167e6 movs r0, #27
167e8 bl fn_08016680
167ec cbz r0, 80167f0 
167ee movs r7, #1
167f0 b.n 8016814 
167f2 b.n 80167fe 
167f4 movs r0, #29
167f6 bl fn_08016680
167fa mov r5, r0
167fc adds r4, r4, #1
167fe cbnz r5, 8016806 
16800 ldr r0, [pc, #24] ; =0x000FFFFF 
16802 cmp r4, r0
16804 bne.n 80167f4 
16806 movs r0, #29
16808 bl fn_08016680
1680c cbz r0, 8016810 
1680e movs r7, #1
16810 b.n 8016814 
16812 nop
16814 nop
16816 mov r0, r7
16818 pop {r4, r5, r6, r7, pc}
1681a movs r0, r0
1681c vaddl.u<illegal width 64> q8, d15, d15

; ===== fn_08016820  (called 39 x)
16820 ldr r2, [pc, #24] ; =0x40021000 RCU
16822 add.w r1, r2, r0, lsr #6
16826 ldr r1, [r1, #0]
16828 and.w r3, r0, #31
1682c movs r2, #1
1682e lsls r2, r3
16830 orrs r1, r2
16832 ldr r3, [pc, #8] ; =0x40021000 RCU
16834 add.w r2, r3, r0, lsr #6
16838 str r1, [r2, #0]
1683a bx lr
1683c asrs r0, r0, #32
1683e ands r2, r0

; ===== fn_08016840  (called 22 x)
16840 ldr r2, [pc, #24] ; =0x40021000 RCU
16842 add.w r1, r2, r0, lsr #6
16846 ldr r1, [r1, #0]
16848 and.w r3, r0, #31
1684c movs r2, #1
1684e lsls r2, r3
16850 bics r1, r2
16852 ldr r3, [pc, #8] ; =0x40021000 RCU
16854 add.w r2, r3, r0, lsr #6
16858 str r1, [r2, #0]
1685a bx lr
1685c asrs r0, r0, #32
1685e ands r2, r0

; ===== fn_08016860  (called 22 x)
16860 ldr r2, [pc, #24] ; =0x40021000 RCU
16862 add.w r1, r2, r0, lsr #6
16866 ldr r1, [r1, #0]
16868 and.w r3, r0, #31
1686c movs r2, #1
1686e lsls r2, r3
16870 orrs r1, r2
16872 ldr r3, [pc, #8] ; =0x40021000 RCU
16874 add.w r2, r3, r0, lsr #6
16878 str r1, [r2, #0]
1687a bx lr
1687c asrs r0, r0, #32
1687e ands r2, r0

; ===== fn_08016880  (called 1 x)
16880 ldr r2, [pc, #16] ; =0x40021000 RCU
16882 ldr r1, [r2, #32]
16884 bic.w r1, r1, #768 @ 0x300
16888 orr.w r2, r1, r0
1688c ldr r3, [pc, #4] ; =0x40021000 RCU
1688e str r2, [r3, #32]
16890 bx lr
16892 movs r0, r0
16894 asrs r0, r0, #32
16896 ands r2, r0

; ===== fn_08016898  (called 3 x)
16898 mov r1, r0
1689a mov r2, r1
1689c asrs r0, r1, #31
1689e add.w r0, r1, r0, lsr #30
168a2 asrs r0, r0, #2
168a4 sub.w r0, r1, r0, lsl #2
168a8 cbnz r0, 80168ae 
168aa movs r0, #1
168ac bx lr
168ae movs r0, #0
168b0 b.n 80168ac 
168b2 movs r0, r0

; ===== fn_080168B4  (called 2 x)
168b4 ldr r0, [pc, #12] ; =0x40002804 RTC+0x4
168b6 ldr r0, [r0, #0]
168b8 orr.w r0, r0, #16
168bc ldr r1, [pc, #4] ; =0x40002804 RTC+0x4
168be str r0, [r1, #0]
168c0 bx lr
168c2 movs r0, r0
168c4 cmp r0, #4
168c6 ands r0, r0

; ===== fn_080168C8  (called 2 x)
168c8 ldr r0, [pc, #12] ; =0x40002804 RTC+0x4
168ca ldr r0, [r0, #0]
168cc bic.w r0, r0, #16
168d0 ldr r1, [pc, #4] ; =0x40002804 RTC+0x4
168d2 str r0, [r1, #0]
168d4 bx lr
168d6 movs r0, r0
168d8 cmp r0, #4
168da ands r0, r0

; ===== fn_080168DC  (called 3 x)
168dc movs r0, #0
168de ldr r1, [pc, #12] ; =0x4000281C RTC+0x1C
168e0 ldr r0, [r1, #0]
168e2 subs r1, r1, #4
168e4 ldr r1, [r1, #0]
168e6 orr.w r0, r0, r1, lsl #16
168ea bx lr
168ec cmp r0, #28
168ee ands r0, r0

; ===== fn_080168F0  (called 2 x)
168f0 push {lr}
168f2 mov r2, r0
168f4 bl fn_080168B4
168f8 lsrs r0, r2, #16
168fa ldr r1, [pc, #16] ; =0x40002818 RTC+0x18
168fc str r0, [r1, #0]
168fe uxth r0, r2
16900 adds r1, r1, #4
16902 str r0, [r1, #0]
16904 bl fn_080168C8
16908 pop {pc}
1690a movs r0, r0
1690c cmp r0, #24
1690e ands r0, r0

; ===== fn_08016910  (called 1 x)
16910 ldr r1, [pc, #8] ; =0x40002804 RTC+0x4
16912 ldr r1, [r1, #0]
16914 bics r1, r0
16916 ldr r2, [pc, #4] ; =0x40002804 RTC+0x4
16918 str r1, [r2, #0]
1691a bx lr
1691c cmp r0, #4
1691e ands r0, r0

; ===== fn_08016920  (called 1 x)
16920 mov r1, r0
16922 ldr r0, [pc, #16] ; =0x40002804 RTC+0x4
16924 ldr r0, [r0, #0]
16926 ands r0, r1
16928 cbz r0, 801692e 
1692a movs r0, #1
1692c bx lr
1692e movs r0, #0
16930 b.n 801692c 
16932 movs r0, r0
16934 cmp r0, #4
16936 ands r0, r0

; ===== fn_08016938  (called 2 x)
16938 ldr r1, [pc, #8] ; =0x40002800 RTC
1693a ldr r1, [r1, #0]
1693c orrs r1, r0
1693e ldr r2, [pc, #4] ; =0x40002800 RTC
16940 str r1, [r2, #0]
16942 bx lr
16944 cmp r0, #0
16946 ands r0, r0

; ===== fn_08016948  (called 8 x)
16948 nop
1694a ldr r0, [pc, #12] ; =0x40002804 RTC+0x4
1694c ldr r0, [r0, #0]
1694e and.w r0, r0, #32
16952 cmp r0, #0
16954 beq.n 801694a 
16956 bx lr
16958 cmp r0, #4
1695a ands r0, r0

; ===== fn_0801695C  (called 1 x)
1695c push {lr}
1695e mov r2, r0
16960 bl fn_080168B4
16964 ubfx r0, r2, #16, #4
16968 ldr r1, [pc, #12] ; =0x40002808 RTC+0x8
1696a str r0, [r1, #0]
1696c uxth r0, r2
1696e adds r1, r1, #4
16970 str r0, [r1, #0]
16972 bl fn_080168C8
16976 pop {pc}
16978 cmp r0, #8
1697a ands r0, r0

; ===== fn_0801697C  (called 2 x)
1697c ldr r0, [pc, #24] ; =0x40002804 RTC+0x4
1697e ldr r0, [r0, #0]
16980 bic.w r0, r0, #8
16984 ldr r1, [pc, #16] ; =0x40002804 RTC+0x4
16986 str r0, [r1, #0]
16988 nop
1698a ldr r0, [pc, #12] ; =0x40002804 RTC+0x4
1698c ldr r0, [r0, #0]
1698e and.w r0, r0, #8
16992 cmp r0, #0
16994 beq.n 801698a 
16996 bx lr
16998 cmp r0, #4
1699a ands r0, r0

; ===== fn_0801699C  (called 1 x)
1699c push {r4, lr}
1699e movw r0, #1819 @ 0x71b
169a2 bl fn_08016820
169a6 movw r0, #1820 @ 0x71c
169aa bl fn_08016820
169ae bl fn_080163A4
169b2 bl fn_08014510
169b6 mov.w r0, #2048 @ 0x800
169ba bl fn_080166A4
169be mov.w r0, #2048 @ 0x800
169c2 bl fn_080166C4
169c6 mov.w r0, #256 @ 0x100
169ca bl fn_08016880
169ce movw r0, #2063 @ 0x80f
169d2 bl fn_08016820
169d6 bl fn_0801697C
169da bl fn_08016948
169de movs r0, #1
169e0 bl fn_08016938
169e4 bl fn_08016948
169e8 movw r0, #32767 @ 0x7fff
169ec bl fn_0801695C
169f0 bl fn_08016948
169f4 pop {r4, pc}

; ===== fn_080169F6  (called 1 x)
169f6 ldr r1, [r0, #0]
169f8 orr.w r1, r1, #64 @ 0x40
169fc str r1, [r0, #0]
169fe bx lr

; ===== fn_08016A00  (called 2 x)
16a00 mov r1, r0
16a02 ldr r0, [r1, #12]
16a04 uxth r0, r0
16a06 bx lr

; ===== fn_08016A08  (called 2 x)
16a08 str r1, [r0, #12]
16a0a bx lr

; ===== fn_08016A0C  (called 1 x)
16a0c push {r4, lr}
16a0e mov r4, r0
16a10 ldr r0, [pc, #76] ; =0xBFFFC800 
16a12 add r0, r4
16a14 cbz r0, 8016a34 
16a16 cmp.w r0, #1024 @ 0x400
16a1a beq.n 8016a46 
16a1c cmp.w r0, #63488 @ 0xf800
16a20 bne.n 8016a58 
16a22 mov.w r0, #780 @ 0x30c
16a26 bl fn_08016860
16a2a mov.w r0, #780 @ 0x30c
16a2e bl fn_08016840
16a32 b.n 8016a5a 
16a34 movw r0, #1038 @ 0x40e
16a38 bl fn_08016860
16a3c movw r0, #1038 @ 0x40e
16a40 bl fn_08016840
16a44 b.n 8016a5a 
16a46 movw r0, #1039 @ 0x40f
16a4a bl fn_08016860
16a4e movw r0, #1039 @ 0x40f
16a52 bl fn_08016840
16a56 b.n 8016a5a 
16a58 nop
16a5a nop
16a5c pop {r4, pc}
16a5e movs r0, r0
16a60 ldmia r0!, {}
16a62 itttt <und>

; ===== fn_08016A64  (called 3 x)
16a64 mov<und> r2, r0
16a66 ldr<und> r0, [r2, #8]
16a68 and<und> r0, r1
16a6a cbz r0, 8016a70 @ unpredictable <IT:<und>>
16a6c movs r0, #1
16a6e bx lr
16a70 movs r0, #0
16a72 b.n 8016a6e 

; ===== fn_08016A74  (called 1 x)
16a74 mov r2, r0
16a76 movs r0, #0
16a78 ldr r0, [r2, #0]
16a7a and.w r0, r0, #12352 @ 0x3040
16a7e ldr r3, [r1, #0]
16a80 orrs r0, r3
16a82 ldr r3, [r1, #4]
16a84 orrs r0, r3
16a86 ldr r3, [r1, #8]
16a88 orrs r0, r3
16a8a ldr r3, [r1, #12]
16a8c orrs r0, r3
16a8e ldr r3, [r1, #16]
16a90 orrs r0, r3
16a92 ldr r3, [r1, #20]
16a94 orrs r0, r3
16a96 ldr r3, [r1, #24]
16a98 orrs r0, r3
16a9a str r0, [r2, #0]
16a9c ldr r3, [r2, #28]
16a9e bic.w r3, r3, #2048 @ 0x800
16aa2 str r3, [r2, #28]
16aa4 bx lr

; ===== fn_08016AA6  (called 1 x)
16aa6 ldr r1, [r0, #4]
16aa8 orr.w r1, r1, #4
16aac str r1, [r0, #4]
16aae bx lr

; ===== fn_08016AB0  (called 1 x)
16ab0 ldr r1, [r0, #4]
16ab2 orr.w r1, r1, #8
16ab6 str r1, [r0, #4]
16ab8 bx lr

; ===== fn_08016ABA  (called 1 x)
16aba movs r1, #0
16abc str r1, [r0, #0]
16abe str r1, [r0, #4]
16ac0 str r1, [r0, #8]
16ac2 str r1, [r0, #12]
16ac4 str r1, [r0, #20]
16ac6 str r1, [r0, #24]
16ac8 str r1, [r0, #16]
16aca bx lr

; ===== fn_08016ACC  (called 0 x)
16acc push {r4, r5, r6, lr}
16ace mov r4, r0
16ad0 mov r5, r1
16ad2 mov r6, r2
16ad4 ldr r0, [pc, #16] ; =0x2000004C ram_2000004C
16ad6 ldr r0, [r0, #4]
16ad8 cbz r0, 8016ae6 
16ada ldr r0, [pc, #12] ; =0x2000004C ram_2000004C
16adc mov r2, r6
16ade mov r1, r5
16ae0 ldr r3, [r0, #4]
16ae2 mov r0, r4
16ae4 blx r3
16ae6 pop {r4, r5, r6, pc}
16ae8 lsls r4, r1, #1
16aea movs r0, #0

; ===== fn_08016AEC  (called 1 x)
16aec movs r0, #0
16aee movs r1, #0
16af0 ldr r2, [pc, #280] ; =0x40021000 RCU
16af2 ldr r2, [r2, #0]
16af4 orr.w r2, r2, #65536 @ 0x10000
16af8 ldr r3, [pc, #272] ; =0x40021000 RCU
16afa str r2, [r3, #0]
16afc nop
16afe adds r0, r0, #1
16b00 ldr r2, [pc, #264] ; =0x40021000 RCU
16b02 ldr r2, [r2, #0]
16b04 and.w r1, r2, #131072 @ 0x20000
16b08 cbnz r1, 8016b12 
16b0a movw r2, #65535 @ 0xffff
16b0e cmp r0, r2
16b10 bne.n 8016afe 
16b12 ldr r2, [pc, #248] ; =0x40021000 RCU
16b14 ldr r2, [r2, #0]
16b16 and.w r2, r2, #131072 @ 0x20000
16b1a cbnz r2, 8016b20 
16b1c nop
16b1e b.n 8016b1e 
16b20 ldr r2, [pc, #232] ; =0x40021000 RCU
16b22 ldr r2, [r2, #28]
16b24 orr.w r2, r2, #268435456 @ 0x10000000
16b28 ldr r3, [pc, #224] ; =0x40021000 RCU
16b2a str r2, [r3, #28]
16b2c ldr r2, [pc, #224] ; =0x40007000 PMU
16b2e ldr r2, [r2, #0]
16b30 orr.w r2, r2, #49152 @ 0xc000
16b34 ldr r3, [pc, #216] ; =0x40007000 PMU
16b36 str r2, [r3, #0]
16b38 ldr r2, [pc, #208] ; =0x40021000 RCU
16b3a ldr r2, [r2, #4]
16b3c ldr r3, [pc, #204] ; =0x40021000 RCU
16b3e str r2, [r3, #4]
16b40 mov r2, r3
16b42 ldr r2, [r2, #4]
16b44 str r2, [r3, #4]
16b46 mov r2, r3
16b48 ldr r2, [r2, #4]
16b4a orr.w r2, r2, #1024 @ 0x400
16b4e str r2, [r3, #4]
16b50 mov r2, r3
16b52 ldr r2, [r2, #4]
16b54 ldr r3, [pc, #188] ; =0x9FC3FFFF 
16b56 ands r2, r3
16b58 ldr r3, [pc, #176] ; =0x40021000 RCU
16b5a str r2, [r3, #4]
16b5c mov r2, r3
16b5e ldr r2, [r2, #4]
16b60 ldr r3, [pc, #180] ; =0x20350000 
16b62 orrs r2, r3
16b64 ldr r3, [pc, #164] ; =0x40021000 RCU
16b66 str r2, [r3, #4]
16b68 mov r2, r3
16b6a ldr r2, [r2, #44] @ 0x2c
16b6c ldr r3, [pc, #172] ; =0xBFFEF000 
16b6e ands r2, r3
16b70 ldr r3, [pc, #152] ; =0x40021000 RCU
16b72 str r2, [r3, #44] @ 0x2c
16b74 mov r2, r3
16b76 ldr r2, [r2, #44] @ 0x2c
16b78 ldr r3, [pc, #164] ; =0x00010829 
16b7a orrs r2, r3
16b7c ldr r3, [pc, #140] ; =0x40021000 RCU
16b7e str r2, [r3, #44] @ 0x2c
16b80 mov r2, r3
16b82 ldr r2, [r2, #0]
16b84 orr.w r2, r2, #67108864 @ 0x4000000
16b88 str r2, [r3, #0]
16b8a nop
16b8c ldr r2, [pc, #124] ; =0x40021000 RCU
16b8e ldr r2, [r2, #0]
16b90 and.w r2, r2, #134217728 @ 0x8000000
16b94 cmp r2, #0
16b96 beq.n 8016b8c 
16b98 ldr r2, [pc, #112] ; =0x40021000 RCU
16b9a ldr r2, [r2, #0]
16b9c orr.w r2, r2, #16777216 @ 0x1000000
16ba0 ldr r3, [pc, #104] ; =0x40021000 RCU
16ba2 str r2, [r3, #0]
16ba4 nop
16ba6 ldr r2, [pc, #100] ; =0x40021000 RCU
16ba8 ldr r2, [r2, #0]
16baa and.w r2, r2, #33554432 @ 0x2000000
16bae cmp r2, #0
16bb0 beq.n 8016ba6 
16bb2 ldr r2, [pc, #92] ; =0x40007000 PMU
16bb4 ldr r2, [r2, #0]
16bb6 orr.w r2, r2, #65536 @ 0x10000
16bba ldr r3, [pc, #84] ; =0x40007000 PMU
16bbc str r2, [r3, #0]
16bbe nop
16bc0 ldr r2, [pc, #76] ; =0x40007000 PMU
16bc2 ldr r2, [r2, #4]
16bc4 and.w r2, r2, #65536 @ 0x10000
16bc8 cmp r2, #0
16bca beq.n 8016bc0 
16bcc ldr r2, [pc, #64] ; =0x40007000 PMU
16bce ldr r2, [r2, #0]
16bd0 orr.w r2, r2, #131072 @ 0x20000
16bd4 ldr r3, [pc, #56] ; =0x40007000 PMU
16bd6 str r2, [r3, #0]
16bd8 nop
16bda ldr r2, [pc, #52] ; =0x40007000 PMU
16bdc ldr r2, [r2, #4]
16bde and.w r2, r2, #131072 @ 0x20000
16be2 cmp r2, #0
16be4 beq.n 8016bda 
16be6 ldr r2, [pc, #36] ; =0x40021000 RCU
16be8 ldr r2, [r2, #4]
16bea bic.w r2, r2, #3
16bee ldr r3, [pc, #28] ; =0x40021000 RCU
16bf0 str r2, [r3, #4]
16bf2 mov r2, r3
16bf4 ldr r2, [r2, #4]
16bf6 orr.w r2, r2, #2
16bfa str r2, [r3, #4]
16bfc nop
16bfe ldr r2, [pc, #12] ; =0x40021000 RCU
16c00 ldr r2, [r2, #4]
16c02 and.w r2, r2, #8
16c06 cmp r2, #0
16c08 beq.n 8016bfe 
16c0a bx lr
16c0c asrs r0, r0, #32
16c0e ands r2, r0
16c10 strb r0, [r0, #0]
16c12 ands r0, r0
16c14 vqrdmlsh.s<illegal width 64> <illegal reg q12.5>, <illegal reg q15.5>, d3[0]
16c18 movs r0, r0
16c1a movs r0, #53 @ 0x35
16c1c b.w 8017c1c 
16c20 lsrs r1, r5, #32
16c22 movs r1, r0

; ===== fn_08016C24  (called 1 x)
16c24 push {r4, lr}
16c26 bl fn_08016AEC
16c2a pop {r4, pc}

; ===== fn_08016C2C  (called 1 x)
16c2c ldr r1, [r0, #0]
16c2e orr.w r1, r1, #128 @ 0x80
16c32 str r1, [r0, #0]
16c34 bx lr
16c36 movs r0, r0

; ===== fn_08016C38  (called 1 x)
16c38 push {r4, lr}
16c3a cbz r1, 8016c4a 
16c3c cmp r1, #1
16c3e beq.n 8016cc0 
16c40 cmp r1, #2
16c42 beq.n 8016d40 
16c44 cmp r1, #3
16c46 bne.n 8016d42 
16c48 b.n 8016dca 
16c4a ldr r3, [r0, #32]
16c4c bic.w r3, r3, #1
16c50 str r3, [r0, #32]
16c52 ldr r3, [r0, #24]
16c54 bic.w r3, r3, #3
16c58 str r3, [r0, #24]
16c5a ldr r3, [r0, #32]
16c5c ldrh r4, [r2, #0]
16c5e orrs r3, r4
16c60 str r3, [r0, #32]
16c62 ldr r3, [r0, #32]
16c64 bic.w r3, r3, #2
16c68 str r3, [r0, #32]
16c6a ldr r3, [r0, #32]
16c6c ldrh r4, [r2, #4]
16c6e orrs r3, r4
16c70 str r3, [r0, #32]
16c72 ldr r3, [pc, #424] ; =0x40012C00 
16c74 cmp r0, r3
16c76 beq.n 8016c7e 
16c78 ldr r3, [pc, #420] ; =0x40013400 
16c7a cmp r0, r3
16c7c bne.n 8016cbe 
16c7e ldr r3, [r0, #32]
16c80 bic.w r3, r3, #4
16c84 str r3, [r0, #32]
16c86 ldr r3, [r0, #32]
16c88 ldrh r4, [r2, #2]
16c8a orrs r3, r4
16c8c str r3, [r0, #32]
16c8e ldr r3, [r0, #32]
16c90 bic.w r3, r3, #8
16c94 str r3, [r0, #32]
16c96 ldr r3, [r0, #32]
16c98 ldrh r4, [r2, #6]
16c9a orrs r3, r4
16c9c str r3, [r0, #32]
16c9e ldr r3, [r0, #4]
16ca0 bic.w r3, r3, #256 @ 0x100
16ca4 str r3, [r0, #4]
16ca6 ldr r3, [r0, #4]
16ca8 ldrh r4, [r2, #8]
16caa orrs r3, r4
16cac str r3, [r0, #4]
16cae ldr r3, [r0, #4]
16cb0 bic.w r3, r3, #512 @ 0x200
16cb4 str r3, [r0, #4]
16cb6 ldr r3, [r0, #4]
16cb8 ldrh r4, [r2, #10]
16cba orrs r3, r4
16cbc str r3, [r0, #4]
16cbe b.n 8016e18 
16cc0 ldr r3, [r0, #32]
16cc2 bic.w r3, r3, #16
16cc6 str r3, [r0, #32]
16cc8 ldr r3, [r0, #24]
16cca bic.w r3, r3, #768 @ 0x300
16cce str r3, [r0, #24]
16cd0 ldr r3, [r0, #32]
16cd2 ldrh r4, [r2, #0]
16cd4 orr.w r3, r3, r4, lsl #4
16cd8 str r3, [r0, #32]
16cda ldr r3, [r0, #32]
16cdc bic.w r3, r3, #32
16ce0 str r3, [r0, #32]
16ce2 ldr r3, [r0, #32]
16ce4 ldrh r4, [r2, #4]
16ce6 orr.w r3, r3, r4, lsl #4
16cea str r3, [r0, #32]
16cec ldr r3, [pc, #300] ; =0x40012C00 
16cee cmp r0, r3
16cf0 beq.n 8016cf8 
16cf2 ldr r3, [pc, #300] ; =0x40013400 
16cf4 cmp r0, r3
16cf6 bne.n 8016d46 
16cf8 ldr r3, [r0, #32]
16cfa bic.w r3, r3, #64 @ 0x40
16cfe str r3, [r0, #32]
16d00 ldr r3, [r0, #32]
16d02 ldrh r4, [r2, #2]
16d04 orr.w r3, r3, r4, lsl #4
16d08 str r3, [r0, #32]
16d0a ldr r3, [r0, #32]
16d0c bic.w r3, r3, #128 @ 0x80
16d10 str r3, [r0, #32]
16d12 ldr r3, [r0, #32]
16d14 ldrh r4, [r2, #6]
16d16 orr.w r3, r3, r4, lsl #4
16d1a str r3, [r0, #32]
16d1c ldr r3, [r0, #4]
16d1e bic.w r3, r3, #1024 @ 0x400
16d22 str r3, [r0, #4]
16d24 ldr r3, [r0, #4]
16d26 ldrh r4, [r2, #8]
16d28 orr.w r3, r3, r4, lsl #2
16d2c str r3, [r0, #4]
16d2e ldr r3, [r0, #4]
16d30 bic.w r3, r3, #2048 @ 0x800
16d34 str r3, [r0, #4]
16d36 ldr r3, [r0, #4]
16d38 ldrh r4, [r2, #10]
16d3a orr.w r3, r3, r4, lsl #2
16d3e b.n 8016d44 
16d40 b.n 8016d48 
16d42 b.n 8016e16 
16d44 str r3, [r0, #4]
16d46 b.n 8016e18 
16d48 ldr r3, [r0, #32]
16d4a bic.w r3, r3, #256 @ 0x100
16d4e str r3, [r0, #32]
16d50 ldr r3, [r0, #28]
16d52 bic.w r3, r3, #3
16d56 str r3, [r0, #28]
16d58 ldr r3, [r0, #32]
16d5a ldrh r4, [r2, #0]
16d5c orr.w r3, r3, r4, lsl #8
16d60 str r3, [r0, #32]
16d62 ldr r3, [r0, #32]
16d64 bic.w r3, r3, #512 @ 0x200
16d68 str r3, [r0, #32]
16d6a ldr r3, [r0, #32]
16d6c ldrh r4, [r2, #4]
16d6e orr.w r3, r3, r4, lsl #8
16d72 str r3, [r0, #32]
16d74 ldr r3, [pc, #164] ; =0x40012C00 
16d76 cmp r0, r3
16d78 beq.n 8016d80 
16d7a ldr r3, [pc, #164] ; =0x40013400 
16d7c cmp r0, r3
16d7e bne.n 8016dc8 
16d80 ldr r3, [r0, #32]
16d82 bic.w r3, r3, #1024 @ 0x400
16d86 str r3, [r0, #32]
16d88 ldr r3, [r0, #32]
16d8a ldrh r4, [r2, #2]
16d8c orr.w r3, r3, r4, lsl #8
16d90 str r3, [r0, #32]
16d92 ldr r3, [r0, #32]
16d94 bic.w r3, r3, #2048 @ 0x800
16d98 str r3, [r0, #32]
16d9a ldr r3, [r0, #32]
16d9c ldrh r4, [r2, #6]
16d9e orr.w r3, r3, r4, lsl #8
16da2 str r3, [r0, #32]
16da4 ldr r3, [r0, #4]
16da6 bic.w r3, r3, #4096 @ 0x1000
16daa str r3, [r0, #4]
16dac ldr r3, [r0, #4]
16dae ldrh r4, [r2, #8]
16db0 orr.w r3, r3, r4, lsl #4
16db4 str r3, [r0, #4]
16db6 ldr r3, [r0, #4]
16db8 bic.w r3, r3, #8192 @ 0x2000
16dbc str r3, [r0, #4]
16dbe ldr r3, [r0, #4]
16dc0 ldrh r4, [r2, #10]
16dc2 orr.w r3, r3, r4, lsl #4
16dc6 str r3, [r0, #4]
16dc8 b.n 8016e18 
16dca ldr r3, [r0, #32]
16dcc bic.w r3, r3, #4096 @ 0x1000
16dd0 str r3, [r0, #32]
16dd2 ldr r3, [r0, #28]
16dd4 bic.w r3, r3, #768 @ 0x300
16dd8 str r3, [r0, #28]
16dda ldr r3, [r0, #32]
16ddc ldrh r4, [r2, #0]
16dde orr.w r3, r3, r4, lsl #12
16de2 str r3, [r0, #32]
16de4 ldr r3, [r0, #32]
16de6 bic.w r3, r3, #8192 @ 0x2000
16dea str r3, [r0, #32]
16dec ldr r3, [r0, #32]
16dee ldrh r4, [r2, #4]
16df0 orr.w r3, r3, r4, lsl #12
16df4 str r3, [r0, #32]
16df6 ldr r3, [pc, #36] ; =0x40012C00 
16df8 cmp r0, r3
16dfa beq.n 8016e02 
16dfc ldr r3, [pc, #32] ; =0x40013400 
16dfe cmp r0, r3
16e00 bne.n 8016e14 
16e02 ldr r3, [r0, #4]
16e04 bic.w r3, r3, #16384 @ 0x4000
16e08 str r3, [r0, #4]
16e0a ldr r3, [r0, #4]
16e0c ldrh r4, [r2, #8]
16e0e orr.w r3, r3, r4, lsl #6
16e12 str r3, [r0, #4]
16e14 b.n 8016e18 
16e16 nop
16e18 nop
16e1a pop {r4, pc}
16e1c cmp r4, #0
16e1e ands r1, r0
16e20 adds r4, #0
16e22 ands r1, r0

; ===== fn_08016E24  (called 1 x)
16e24 cbz r1, 8016e34 
16e26 cmp r1, #1
16e28 beq.n 8016e44 
16e2a cmp r1, #2
16e2c beq.n 8016e56 
16e2e cmp r1, #3
16e30 bne.n 8016e78 
16e32 b.n 8016e66 
16e34 ldr r3, [r0, #24]
16e36 bic.w r3, r3, #112 @ 0x70
16e3a str r3, [r0, #24]
16e3c ldr r3, [r0, #24]
16e3e orrs r3, r2
16e40 str r3, [r0, #24]
16e42 b.n 8016e7a 
16e44 ldr r3, [r0, #24]
16e46 bic.w r3, r3, #28672 @ 0x7000
16e4a str r3, [r0, #24]
16e4c ldr r3, [r0, #24]
16e4e orr.w r3, r3, r2, lsl #8
16e52 str r3, [r0, #24]
16e54 b.n 8016e7a 
16e56 ldr r3, [r0, #28]
16e58 bic.w r3, r3, #112 @ 0x70
16e5c str r3, [r0, #28]
16e5e ldr r3, [r0, #28]
16e60 orrs r3, r2
16e62 str r3, [r0, #28]
16e64 b.n 8016e7a 
16e66 ldr r3, [r0, #28]
16e68 bic.w r3, r3, #28672 @ 0x7000
16e6c str r3, [r0, #28]
16e6e ldr r3, [r0, #28]
16e70 orr.w r3, r3, r2, lsl #8
16e74 str r3, [r0, #28]
16e76 b.n 8016e7a 
16e78 nop
16e7a nop
16e7c bx lr

; ===== fn_08016E7E  (called 1 x)
16e7e cbz r1, 8016e8e 
16e80 cmp r1, #1
16e82 beq.n 8016e92 
16e84 cmp r1, #2
16e86 beq.n 8016e96 
16e88 cmp r1, #3
16e8a bne.n 8016e9e 
16e8c b.n 8016e9a 
16e8e str r2, [r0, #52] @ 0x34
16e90 b.n 8016ea0 
16e92 str r2, [r0, #56] @ 0x38
16e94 b.n 8016ea0 
16e96 str r2, [r0, #60] @ 0x3c
16e98 b.n 8016ea0 
16e9a str r2, [r0, #64] @ 0x40
16e9c b.n 8016ea0 
16e9e nop
16ea0 nop
16ea2 bx lr

; ===== fn_08016EA4  (called 1 x)
16ea4 cbz r1, 8016eb4 
16ea6 cmp r1, #1
16ea8 beq.n 8016ec4 
16eaa cmp r1, #2
16eac beq.n 8016ed6 
16eae cmp r1, #3
16eb0 bne.n 8016ef8 
16eb2 b.n 8016ee6 
16eb4 ldr r3, [r0, #24]
16eb6 bic.w r3, r3, #8
16eba str r3, [r0, #24]
16ebc ldr r3, [r0, #24]
16ebe orrs r3, r2
16ec0 str r3, [r0, #24]
16ec2 b.n 8016efa 
16ec4 ldr r3, [r0, #24]
16ec6 bic.w r3, r3, #2048 @ 0x800
16eca str r3, [r0, #24]
16ecc ldr r3, [r0, #24]
16ece orr.w r3, r3, r2, lsl #8
16ed2 str r3, [r0, #24]
16ed4 b.n 8016efa 
16ed6 ldr r3, [r0, #28]
16ed8 bic.w r3, r3, #8
16edc str r3, [r0, #28]
16ede ldr r3, [r0, #28]
16ee0 orrs r3, r2
16ee2 str r3, [r0, #28]
16ee4 b.n 8016efa 
16ee6 ldr r3, [r0, #28]
16ee8 bic.w r3, r3, #2048 @ 0x800
16eec str r3, [r0, #28]
16eee ldr r3, [r0, #28]
16ef0 orr.w r3, r3, r2, lsl #8
16ef4 str r3, [r0, #28]
16ef6 b.n 8016efa 
16ef8 nop
16efa nop
16efc bx lr

; ===== fn_08016EFE  (called 1 x)
16efe movs r1, #0
16f00 strh r1, [r0, #0]
16f02 strh r1, [r0, #2]
16f04 strh r1, [r0, #4]
16f06 strh r1, [r0, #6]
16f08 strh r1, [r0, #8]
16f0a strh r1, [r0, #10]
16f0c bx lr
16f0e movs r0, r0

; ===== fn_08016F10  (called 1 x)
16f10 push {r4, lr}
16f12 mov r4, r0
16f14 ldr r1, [pc, #368] ; =0x40001C00 
16f16 subs r0, r4, r1
16f18 cmp r4, r1
16f1a beq.n 8016ffc 
16f1c bgt.n 8016f52 
16f1e ldr r1, [pc, #364] ; =0x40000C00 
16f20 sub.w r0, r4, r1
16f24 cmp r4, r1
16f26 beq.n 8016fc6 
16f28 bgt.n 8016f3e 
16f2a cmp.w r4, #1073741824 @ 0x40000000
16f2e beq.n 8016f8e 
16f30 ldr r0, [pc, #348] ; =0xBFFFFC00 
16f32 add r0, r4
16f34 cbz r0, 8016fa0 
16f36 cmp.w r0, #1024 @ 0x400
16f3a bne.n 8017022 
16f3c b.n 8016fb4 
16f3e cmp.w r0, #1024 @ 0x400
16f42 beq.n 8016fd8 
16f44 cmp.w r0, #2048 @ 0x800
16f48 beq.n 8016fea 
16f4a cmp.w r0, #3072 @ 0xc00
16f4e bne.n 8016f3a 
16f50 b.n 801704a 
16f52 cmp.w r0, #77824 @ 0x13000
16f56 beq.n 8017010 
16f58 bgt.n 8016f6e 
16f5a cmp.w r0, #1024 @ 0x400
16f5e beq.n 8017048 
16f60 cmp.w r0, #69632 @ 0x11000
16f64 beq.n 8016f7c 
16f66 cmp.w r0, #71680 @ 0x11800
16f6a bne.n 8017022 
16f6c b.n 8016ffe 
16f6e cmp.w r0, #78848 @ 0x13400
16f72 beq.n 8017024 
16f74 cmp.w r0, #79872 @ 0x13800
16f78 bne.n 8017022 
16f7a b.n 8017036 
16f7c movw r0, #779 @ 0x30b
16f80 bl fn_08016860
16f84 movw r0, #779 @ 0x30b
16f88 bl fn_08016840
16f8c b.n 8017082 
16f8e mov.w r0, #1024 @ 0x400
16f92 bl fn_08016860
16f96 mov.w r0, #1024 @ 0x400
16f9a bl fn_08016840
16f9e b.n 8017082 
16fa0 b.n 8016fa2 
16fa2 movw r0, #1025 @ 0x401
16fa6 bl fn_08016860
16faa movw r0, #1025 @ 0x401
16fae bl fn_08016840
16fb2 b.n 8017082 
16fb4 movw r0, #1026 @ 0x402
16fb8 bl fn_08016860
16fbc movw r0, #1026 @ 0x402
16fc0 bl fn_08016840
16fc4 b.n 8017082 
16fc6 movw r0, #1027 @ 0x403
16fca bl fn_08016860
16fce movw r0, #1027 @ 0x403
16fd2 bl fn_08016840
16fd6 b.n 8017082 
16fd8 movw r0, #1028 @ 0x404
16fdc bl fn_08016860
16fe0 movw r0, #1028 @ 0x404
16fe4 bl fn_08016840
16fe8 b.n 8017082 
16fea movw r0, #1029 @ 0x405
16fee bl fn_08016860
16ff2 movw r0, #1029 @ 0x405
16ff6 bl fn_08016840
16ffa b.n 8017082 
16ffc b.n 801705c 
16ffe movw r0, #781 @ 0x30d
17002 bl fn_08016860
17006 movw r0, #781 @ 0x30d
1700a bl fn_08016840
1700e b.n 8017082 
17010 movw r0, #787 @ 0x313
17014 bl fn_08016860
17018 movw r0, #787 @ 0x313
1701c bl fn_08016840
17020 b.n 8017082 
17022 b.n 8017080 
17024 mov.w r0, #788 @ 0x314
17028 bl fn_08016860
1702c mov.w r0, #788 @ 0x314
17030 bl fn_08016840
17034 b.n 8017082 
17036 movw r0, #789 @ 0x315
1703a bl fn_08016860
1703e movw r0, #789 @ 0x315
17042 bl fn_08016840
17046 b.n 8017082 
17048 b.n 801706e 
1704a movw r0, #1030 @ 0x406
1704e bl fn_08016860
17052 movw r0, #1030 @ 0x406
17056 bl fn_08016840
1705a b.n 8017082 
1705c movw r0, #1031 @ 0x407
17060 bl fn_08016860
17064 movw r0, #1031 @ 0x407
17068 bl fn_08016840
1706c b.n 8017082 
1706e mov.w r0, #1032 @ 0x408
17072 bl fn_08016860
17076 mov.w r0, #1032 @ 0x408
1707a bl fn_08016840
1707e b.n 8017082 
17080 nop
17082 nop
17084 pop {r4, pc}
17086 movs r0, r0
17088 adds r0, r0, #0
1708a ands r0, r0
1708c lsrs r0, r0, #16
1708e ands r0, r0
17090 @ <UNDEFINED> instruction: 0xfc00bfff

; ===== fn_08017094  (called 1 x)
17094 ldr r1, [r0, #0]
17096 bic.w r1, r1, #1
1709a str r1, [r0, #0]
1709c bx lr

; ===== fn_0801709E  (called 2 x)
1709e ldr r1, [r0, #0]
170a0 orr.w r1, r1, #1
170a4 str r1, [r0, #0]
170a6 bx lr

; ===== fn_080170A8  (called 1 x)
170a8 ldrh r2, [r1, #0]
170aa str r2, [r0, #40] @ 0x28
170ac ldr r2, [pc, #116] ; =0x40012C00 
170ae cmp r0, r2
170b0 beq.n 80170d0 
170b2 cmp.w r0, #1073741824 @ 0x40000000
170b6 beq.n 80170d0 
170b8 ldr r2, [pc, #108] ; =0x40000400 TIMER2
170ba cmp r0, r2
170bc beq.n 80170d0 
170be ldr r2, [pc, #108] ; =0x40000800 
170c0 cmp r0, r2
170c2 beq.n 80170d0 
170c4 ldr r2, [pc, #104] ; =0x40000C00 
170c6 cmp r0, r2
170c8 beq.n 80170d0 
170ca ldr r2, [pc, #104] ; =0x40013400 
170cc cmp r0, r2
170ce bne.n 80170e8 
170d0 ldr r2, [r0, #0]
170d2 bic.w r2, r2, #112 @ 0x70
170d6 str r2, [r0, #0]
170d8 ldr r2, [r0, #0]
170da ldrh r3, [r1, #2]
170dc orrs r2, r3
170de str r2, [r0, #0]
170e0 ldr r2, [r0, #0]
170e2 ldrh r3, [r1, #4]
170e4 orrs r2, r3
170e6 str r2, [r0, #0]
170e8 ldr r2, [r1, #8]
170ea str r2, [r0, #44] @ 0x2c
170ec ldr r2, [pc, #72] ; =0x40001000 
170ee cmp r0, r2
170f0 beq.n 8017108 
170f2 ldr r2, [pc, #72] ; =0x40001400 
170f4 cmp r0, r2
170f6 beq.n 8017108 
170f8 ldr r2, [r0, #0]
170fa bic.w r2, r2, #768 @ 0x300
170fe str r2, [r0, #0]
17100 ldr r2, [r0, #0]
17102 ldrh r3, [r1, #6]
17104 orrs r2, r3
17106 str r2, [r0, #0]
17108 ldr r2, [pc, #24] ; =0x40012C00 
1710a cmp r0, r2
1710c beq.n 8017114 
1710e ldr r2, [pc, #36] ; =0x40013400 
17110 cmp r0, r2
17112 bne.n 8017118 
17114 ldrb r2, [r1, #12]
17116 str r2, [r0, #48] @ 0x30
17118 ldr r2, [r0, #20]
1711a orr.w r2, r2, #1
1711e str r2, [r0, #20]
17120 bx lr
17122 movs r0, r0
17124 cmp r4, #0
17126 ands r1, r0
17128 lsls r0, r0, #16
1712a ands r0, r0
1712c lsrs r0, r0, #32
1712e ands r0, r0
17130 lsrs r0, r0, #16
17132 ands r0, r0
17134 adds r4, #0
17136 ands r1, r0
17138 asrs r0, r0, #32
1713a ands r0, r0
1713c asrs r0, r0, #16
1713e ands r0, r0

; ===== fn_08017140  (called 1 x)
17140 mvns r2, r1
17142 str r2, [r0, #16]
17144 bx lr

; ===== fn_08017146  (called 1 x)
17146 mov r2, r0
17148 ldr r0, [r2, #12]
1714a and.w r3, r0, r1
1714e ldr r0, [r2, #16]
17150 ands r0, r1
17152 cbz r0, 801715a 
17154 cbz r3, 801715a 
17156 movs r0, #1
17158 bx lr
1715a movs r0, #0
1715c b.n 8017158 

; ===== fn_0801715E  (called 1 x)
1715e movs r1, #0
17160 strh r1, [r0, #0]
17162 strh r1, [r0, #2]
17164 strh r1, [r0, #4]
17166 movw r1, #65535 @ 0xffff
1716a str r1, [r0, #8]
1716c movs r1, #0
1716e strh r1, [r0, #6]
17170 strb r1, [r0, #12]
17172 bx lr

; ===== fn_08017174  (called 2 x)
17174 stmdb sp!, {r4, r5, r6, r7, r8, r9, sl, lr}
17178 mov r7, r0
1717a mov r5, r1
1717c mov r6, r2
1717e mov r8, r3
17180 ldr.w r9, [sp, #32]
17184 mov.w sl, #0
17188 nop
1718a cbnz r5, 8017192 
1718c mov.w sl, #63 @ 0x3f
17190 b.n 8017216 
17192 cbnz r6, 801719a 
17194 mov.w sl, #1
17198 b.n 8017216 
1719a cmp.w r9, #0
1719e bne.n 80171a6 
171a0 mov.w sl, #1
171a4 b.n 8017216 
171a6 movs r4, #0
171a8 b.n 8017200 
171aa bl fn_0800A88C
171ae add.w r0, r4, r4, lsl #2
171b2 ldr r1, [pc, #108] ; =0x200024CC ram_200024CC
171b4 ldrb.w r0, [r1, r0, lsl #2]
171b8 cbnz r0, 80171f8 
171ba movs r0, #1
171bc add.w r1, r4, r4, lsl #2
171c0 ldr r2, [pc, #92] ; =0x200024CC ram_200024CC
171c2 strb.w r0, [r2, r1, lsl #2]
171c6 add.w r0, r4, r4, lsl #2
171ca mov r1, r2
171cc add.w r0, r1, r0, lsl #2
171d0 strb r7, [r0, #1]
171d2 add.w r0, r4, r4, lsl #2
171d6 add.w r0, r1, r0, lsl #2
171da str r5, [r0, #4]
171dc add.w r0, r4, r4, lsl #2
171e0 add.w r0, r1, r0, lsl #2
171e4 str r6, [r0, #12]
171e6 add.w r0, r4, r4, lsl #2
171ea add.w r0, r1, r0, lsl #2
171ee str.w r8, [r0, #16]
171f2 bl fn_0800A894
171f6 b.n 8017204 
171f8 bl fn_0800A894
171fc adds r0, r4, #1
171fe uxtb r4, r0
17200 cmp r4, #20
17202 blt.n 80171aa 
17204 nop
17206 cmp r4, #20
17208 bne.n 8017210 
1720a mov.w sl, #61 @ 0x3d
1720e b.n 8017216 
17210 strb.w r4, [r9]
17214 nop
17216 nop
17218 mov r0, sl
1721a ldmia.w sp!, {r4, r5, r6, r7, r8, r9, sl, pc}
1721e movs r0, r0
17220 movs r4, #204 @ 0xcc
17222 movs r0, #0

; ===== fn_08017224  (called 2 x)
17224 push {r4, r5, r6, lr}
17226 mov r4, r0
17228 mov r5, r1
1722a mov r6, r2
1722c movs r2, #0
1722e mov r1, r2
17230 movs r0, #37 @ 0x25
17232 bl fn_080162CC
17236 ldr r0, [pc, #124] ; =0x40013800 USART0
17238 bl fn_08018778
1723c movw r0, #1539 @ 0x603
17240 bl fn_08016820
17244 movw r0, #1550 @ 0x60e
17248 bl fn_08016820
1724c mov.w r0, #1536 @ 0x600
17250 bl fn_08016820
17254 movs r1, #1
17256 movs r0, #4
17258 bl fn_08015C34
1725c movs r3, #64 @ 0x40
1725e movs r2, #3
17260 movs r1, #24
17262 ldr r0, [pc, #84] ; =0x40010C00 GPIOB
17264 bl fn_08015B58
17268 movs r3, #128 @ 0x80
1726a movs r2, #3
1726c movs r1, #4
1726e ldr r0, [pc, #72] ; =0x40010C00 GPIOB
17270 bl fn_08015B58
17274 ldr r0, [pc, #60] ; =0x40013800 USART0
17276 bl fn_08018778
1727a mov r1, r4
1727c ldr r0, [pc, #52] ; =0x40013800 USART0
1727e bl fn_080186D4
17282 movs r1, #0
17284 ldr r0, [pc, #44] ; =0x40013800 USART0
17286 bl fn_080188DE
1728a movs r1, #0
1728c ldr r0, [pc, #36] ; =0x40013800 USART0
1728e bl fn_080188A6
17292 movs r1, #4
17294 ldr r0, [pc, #28] ; =0x40013800 USART0
17296 bl fn_080188B6
1729a movs r1, #8
1729c ldr r0, [pc, #20] ; =0x40013800 USART0
1729e bl fn_080188CA
172a2 movw r1, #773 @ 0x305
172a6 ldr r0, [pc, #12] ; =0x40013800 USART0
172a8 bl fn_08018854
172ac ldr r0, [pc, #4] ; =0x40013800 USART0
172ae bl fn_08018812
172b2 pop {r4, r5, r6, pc}
172b4 subs r0, #0
172b6 ands r1, r0
172b8 lsrs r0, r0, #16
172ba ands r1, r0

; ===== fn_080172BC  (called 2 x)
172bc push {r4, r5, r6, lr}
172be mov r4, r0
172c0 mov r5, r1
172c2 mov r6, r2
172c4 movs r2, #2
172c6 movs r1, #0
172c8 movs r0, #38 @ 0x26
172ca bl fn_080162CC
172ce ldr r0, [pc, #116] ; =0x40004400 USART1
172d0 bl fn_08018778
172d4 movw r0, #1538 @ 0x602
172d8 bl fn_08016820
172dc movw r0, #1809 @ 0x711
172e0 bl fn_08016820
172e4 mov.w r0, #1536 @ 0x600
172e8 bl fn_08016820
172ec movs r3, #4
172ee movs r2, #3
172f0 movs r1, #24
172f2 ldr r0, [pc, #84] ; =0x40010800 GPIOA
172f4 bl fn_08015B58
172f8 movs r3, #8
172fa movs r2, #3
172fc movs r1, #4
172fe ldr r0, [pc, #72] ; =0x40010800 GPIOA
17300 bl fn_08015B58
17304 ldr r0, [pc, #60] ; =0x40004400 USART1
17306 bl fn_08018778
1730a mov r1, r4
1730c ldr r0, [pc, #52] ; =0x40004400 USART1
1730e bl fn_080186D4
17312 movs r1, #0
17314 ldr r0, [pc, #44] ; =0x40004400 USART1
17316 bl fn_080188DE
1731a movs r1, #0
1731c ldr r0, [pc, #36] ; =0x40004400 USART1
1731e bl fn_080188A6
17322 movs r1, #4
17324 ldr r0, [pc, #28] ; =0x40004400 USART1
17326 bl fn_080188B6
1732a movs r1, #8
1732c ldr r0, [pc, #20] ; =0x40004400 USART1
1732e bl fn_080188CA
17332 movw r1, #773 @ 0x305
17336 ldr r0, [pc, #12] ; =0x40004400 USART1
17338 bl fn_08018854
1733c ldr r0, [pc, #4] ; =0x40004400 USART1
1733e bl fn_08018812
17342 pop {r4, r5, r6, pc}
17344 add r0, r0
17346 ands r0, r0
17348 lsrs r0, r0, #32
1734a ands r1, r0

; ===== fn_0801734C  (called 2 x)
1734c push {r4, r5, r6, lr}
1734e mov r4, r0
17350 mov r5, r1
17352 mov r6, r2
17354 movs r2, #2
17356 movs r1, #0
17358 movs r0, #39 @ 0x27
1735a bl fn_080162CC
1735e ldr r0, [pc, #128] ; =0x40004800 USART2
17360 bl fn_08018778
17364 movw r0, #1541 @ 0x605
17368 bl fn_08016820
1736c movw r0, #1810 @ 0x712
17370 bl fn_08016820
17374 mov.w r0, #1536 @ 0x600
17378 bl fn_08016820
1737c movs r1, #1
1737e ldr r0, [pc, #100] ; =0x00140030 
17380 bl fn_08015C34
17384 mov.w r3, #256 @ 0x100
17388 movs r2, #3
1738a movs r1, #24
1738c ldr r0, [pc, #88] ; =0x40011400 GPIOD
1738e bl fn_08015B58
17392 mov.w r3, #512 @ 0x200
17396 movs r2, #3
17398 movs r1, #4
1739a ldr r0, [pc, #76] ; =0x40011400 GPIOD
1739c bl fn_08015B58
173a0 ldr r0, [pc, #60] ; =0x40004800 USART2
173a2 bl fn_08018778
173a6 mov r1, r4
173a8 ldr r0, [pc, #52] ; =0x40004800 USART2
173aa bl fn_080186D4
173ae movs r1, #0
173b0 ldr r0, [pc, #44] ; =0x40004800 USART2
173b2 bl fn_080188DE
173b6 movs r1, #0
173b8 ldr r0, [pc, #36] ; =0x40004800 USART2
173ba bl fn_080188A6
173be movs r1, #4
173c0 ldr r0, [pc, #28] ; =0x40004800 USART2
173c2 bl fn_080188B6
173c6 movs r1, #8
173c8 ldr r0, [pc, #20] ; =0x40004800 USART2
173ca bl fn_080188CA
173ce movw r1, #773 @ 0x305
173d2 ldr r0, [pc, #12] ; =0x40004800 USART2
173d4 bl fn_08018854
173d8 ldr r0, [pc, #4] ; =0x40004800 USART2
173da bl fn_08018812
173de pop {r4, r5, r6, pc}
173e0 ldr r0, [pc, #0] ; =0x00140030 
173e2 ands r0, r0
173e4 movs r0, r6
173e6 movs r4, r2
173e8 asrs r0, r0, #16
173ea ands r1, r0

; ===== fn_080173EC  (called 2 x)
173ec push {r4, r5, r6, lr}
173ee mov r4, r0
173f0 mov r6, r1
173f2 mov r5, r2
173f4 movs r2, #3
173f6 movs r1, #0
173f8 movs r0, #52 @ 0x34
173fa bl fn_080162CC
173fe ldr r0, [pc, #120] ; =0x40004C00 UART3
17400 bl fn_08018778
17404 movw r0, #1540 @ 0x604
17408 bl fn_08016820
1740c movw r0, #1811 @ 0x713
17410 bl fn_08016820
17414 mov.w r0, #1536 @ 0x600
17418 bl fn_08016820
1741c mov.w r3, #1024 @ 0x400
17420 movs r2, #3
17422 movs r1, #24
17424 ldr r0, [pc, #84] ; =0x40011000 GPIOC
17426 bl fn_08015B58
1742a mov.w r3, #2048 @ 0x800
1742e movs r2, #3
17430 movs r1, #4
17432 ldr r0, [pc, #72] ; =0x40011000 GPIOC
17434 bl fn_08015B58
17438 ldr r0, [pc, #60] ; =0x40004C00 UART3
1743a bl fn_08018778
1743e mov r1, r4
17440 ldr r0, [pc, #52] ; =0x40004C00 UART3
17442 bl fn_080186D4
17446 mov r1, r6
17448 ldr r0, [pc, #44] ; =0x40004C00 UART3
1744a bl fn_080188DE
1744e mov r1, r5
17450 ldr r0, [pc, #36] ; =0x40004C00 UART3
17452 bl fn_080188A6
17456 movs r1, #4
17458 ldr r0, [pc, #28] ; =0x40004C00 UART3
1745a bl fn_080188B6
1745e movs r1, #8
17460 ldr r0, [pc, #20] ; =0x40004C00 UART3
17462 bl fn_080188CA
17466 movw r1, #773 @ 0x305
1746a ldr r0, [pc, #12] ; =0x40004C00 UART3
1746c bl fn_08018854
17470 ldr r0, [pc, #4] ; =0x40004C00 UART3
17472 bl fn_08018812
17476 pop {r4, r5, r6, pc}
17478 ldr r4, [pc, #0] ; =0x40011000 GPIOC
1747a ands r0, r0
1747c asrs r0, r0, #32
1747e ands r1, r0

; ===== fn_08017480  (called 2 x)
17480 push {r4, r5, r6, lr}
17482 mov r4, r0
17484 mov r6, r1
17486 mov r5, r2
17488 movs r2, #5
1748a movs r1, #0
1748c movs r0, #53 @ 0x35
1748e bl fn_080162CC
17492 ldr r0, [pc, #128] ; =0x40005000 UART4
17494 bl fn_08018778
17498 movw r0, #1540 @ 0x604
1749c bl fn_08016820
174a0 movw r0, #1541 @ 0x605
174a4 bl fn_08016820
174a8 movw r0, #1812 @ 0x714
174ac bl fn_08016820
174b0 mov.w r0, #1536 @ 0x600
174b4 bl fn_08016820
174b8 mov.w r3, #4096 @ 0x1000
174bc movs r2, #3
174be movs r1, #24
174c0 ldr r0, [pc, #84] ; =0x40011000 GPIOC
174c2 bl fn_08015B58
174c6 movs r3, #4
174c8 movs r2, #3
174ca mov r1, r3
174cc ldr r0, [pc, #76] ; =0x40011400 GPIOD
174ce bl fn_08015B58
174d2 ldr r0, [pc, #64] ; =0x40005000 UART4
174d4 bl fn_08018778
174d8 mov r1, r4
174da ldr r0, [pc, #56] ; =0x40005000 UART4
174dc bl fn_080186D4
174e0 mov r1, r6
174e2 ldr r0, [pc, #48] ; =0x40005000 UART4
174e4 bl fn_080188DE
174e8 mov r1, r5
174ea ldr r0, [pc, #40] ; =0x40005000 UART4
174ec bl fn_080188A6
174f0 movs r1, #4
174f2 ldr r0, [pc, #32] ; =0x40005000 UART4
174f4 bl fn_080188B6
174f8 movs r1, #8
174fa ldr r0, [pc, #24] ; =0x40005000 UART4
174fc bl fn_080188CA
17500 movw r1, #773 @ 0x305
17504 ldr r0, [pc, #12] ; =0x40005000 UART4
17506 bl fn_08018854
1750a ldr r0, [pc, #8] ; =0x40005000 UART4
1750c bl fn_08018812
17510 pop {r4, r5, r6, pc}
17512 movs r0, r0
17514 str r0, [r0, r0]
17516 ands r0, r0
17518 asrs r0, r0, #32
1751a ands r1, r0
1751c asrs r0, r0, #16
1751e ands r1, r0

; ===== fn_08017520  (called 0 x)
17520 stmdb sp!, {r4, r5, r6, r7, r8, lr}
17524 mov r4, r0
17526 cmp r4, #10
17528 bcs.n 801761c 
1752a tbb [pc, r4]
1752e ldr r5, [r0, r4]
17530 ldrh r6, [r0, r0]
17532 ldrh r7, [r0, r4]
17534 ldrb r0, [r1, r0]
17536 ldrb r2, [r7, #0]
17538 nop
1753a nop
1753c nop
1753e add.w r1, r4, r4, lsr #31
17542 asrs r1, r1, #1
17544 movw r2, #389 @ 0x185
17548 muls r1, r2
1754a ldr r2, [pc, #236] ; =0x20000198 ram_20000198
1754c add.w r1, r2, r1, lsl #2
17550 ldr.w r1, [r1, #1548] @ 0x60c
17554 cbz r1, 80175a0 
17556 add.w r3, r4, r4, lsr #31
1755a asrs r3, r3, #1
1755c movw ip, #389 @ 0x185
17560 mul.w r3, r3, ip
17564 mov ip, r2
17566 add.w r3, ip, r3, lsl #2
1756a ldrh.w r1, [r3, #1546] @ 0x60a
1756e add.w r3, r4, r4, lsr #31
17572 asrs r3, r3, #1
17574 movw ip, #389 @ 0x185
17578 mul.w r3, r3, ip
1757c mov ip, r2
1757e add.w r3, ip, r3, lsl #2
17582 addw r0, r3, #1034 @ 0x40a
17586 add.w r3, r4, r4, lsr #31
1758a asrs r3, r3, #1
1758c movw ip, #389 @ 0x185
17590 mul.w r3, r3, ip
17594 mov ip, r2
17596 add.w r3, ip, r3, lsl #2
1759a ldr.w r2, [r3, #1548] @ 0x60c
1759e blx r2
175a0 b.n 8017632 
175a2 ldr r0, [pc, #152] ; =0x200019E8 ram_200019E8
175a4 ldr.w r0, [r0, #1548] @ 0x60c
175a8 cbz r0, 80175de 
175aa add.w r3, r4, r4, lsr #31
175ae asrs r3, r3, #1
175b0 movw r7, #389 @ 0x185
175b4 muls r3, r7
175b6 ldr r7, [pc, #128] ; =0x20000198 ram_20000198
175b8 add.w r3, r7, r3, lsl #2
175bc ldrh.w r1, [r3, #1546] @ 0x60a
175c0 add.w r3, r4, r4, lsr #31
175c4 asrs r3, r3, #1
175c6 movw r7, #389 @ 0x185
175ca muls r3, r7
175cc ldr r7, [pc, #104] ; =0x20000198 ram_20000198
175ce add.w r3, r7, r3, lsl #2
175d2 addw r0, r3, #1034 @ 0x40a
175d6 ldr r3, [pc, #100] ; =0x200019E8 ram_200019E8
175d8 ldr.w r2, [r3, #1548] @ 0x60c
175dc blx r2
175de b.n 8017632 
175e0 nop
175e2 nop
175e4 nop
175e6 subs r0, r4, #1
175e8 add.w r1, r0, r0, lsr #31
175ec asrs r1, r1, #1
175ee movw r2, #389 @ 0x185
175f2 muls r1, r2
175f4 ldr r2, [pc, #64] ; =0x20000198 ram_20000198
175f6 add.w r1, r2, r1, lsl #2
175fa ldr.w r1, [r1, #1552] @ 0x610
175fe cbz r1, 801761a 
17600 subs r5, r4, #1
17602 add.w r1, r5, r5, lsr #31
17606 asrs r1, r1, #1
17608 movw r2, #389 @ 0x185
1760c muls r1, r2
1760e ldr r2, [pc, #40] ; =0x20000198 ram_20000198
17610 add.w r1, r2, r1, lsl #2
17614 ldr.w r0, [r1, #1552] @ 0x610
17618 blx r0
1761a b.n 8017632 
1761c b.n 8017630 
1761e ldr r0, [pc, #28] ; =0x200019E8 ram_200019E8
17620 ldr.w r0, [r0, #1552] @ 0x610
17624 cbz r0, 801762e 
17626 ldr r1, [pc, #20] ; =0x200019E8 ram_200019E8
17628 ldr.w r0, [r1, #1552] @ 0x610
1762c blx r0
1762e b.n 8017632 
17630 nop
17632 nop
17634 ldmia.w sp!, {r4, r5, r6, r7, r8, pc}
17638 lsls r0, r3, #6
1763a movs r0, #0
1763c adds r0, r5, r7
1763e movs r0, #0

; ===== fn_08017640  (called 1 x)
17640 mov r2, r0
17642 cmp r2, r1
17644 bne.n 801764c 
17646 mov.w r0, #512 @ 0x200
1764a b.n 801765a 
1764c cmp r2, r1
1764e ble.n 8017658 
17650 add.w r3, r1, #512 @ 0x200
17654 subs r0, r3, r2
17656 b.n 801765a 
17658 subs r0, r1, r2
1765a bx lr

; ===== fn_0801765C  (called 5 x)
1765c stmdb sp!, {r4, r5, r6, r7, r8, lr}
17660 mov r6, r0
17662 mov r4, r1
17664 movs r7, #0
17666 mov r8, r7
17668 ldr r1, [pc, #176] ; =0x00050305 
1766a mov r0, r6
1766c bl fn_0801886E
17670 cbz r0, 80176a4 
17672 mov r0, r6
17674 bl fn_08018764
17678 uxtb r5, r0
1767a ldrh.w r0, [r4, #1028] @ 0x404
1767e cmp.w r0, #512 @ 0x200
17682 bge.n 8017698 
17684 ldrh.w r1, [r4, #1028] @ 0x404
17688 add.w r0, r4, #516 @ 0x204
1768c strb r5, [r0, r1]
1768e ldrh.w r0, [r4, #1028] @ 0x404
17692 adds r0, r0, #1
17694 strh.w r0, [r4, #1028] @ 0x404
17698 ldrh.w r0, [r4, #1030] @ 0x406
1769c strh.w r0, [r4, #1032] @ 0x408
176a0 mov.w r8, #1
176a4 ldr r1, [pc, #120] ; =0x00070307 
176a6 mov r0, r6
176a8 bl fn_0801886E
176ac cbz r0, 801770a 
176ae ldrh.w r0, [r4, #514] @ 0x202
176b2 ldrh.w r1, [r4, #512] @ 0x200
176b6 cmp r0, r1
176b8 bne.n 80176dc 
176ba movs r1, #6
176bc mov r0, r6
176be bl fn_0801881C
176c2 cbz r0, 8017706 
176c4 movw r1, #775 @ 0x307
176c8 mov r0, r6
176ca bl fn_0801883A
176ce movs r7, #1
176d0 ldr r0, [pc, #80] ; =0x20000008 ram_20000008
176d2 ldrh r0, [r0, #0]
176d4 adds r0, r0, #1
176d6 ldr r1, [pc, #76] ; =0x20000008 ram_20000008
176d8 strh r0, [r1, #0]
176da b.n 8017706 
176dc addw r4, r4, #514 @ 0x202
176e0 ldrh r0, [r4, #0]
176e2 adds r0, r0, #1
176e4 strh r0, [r4, #0]
176e6 ldrh r0, [r4, #0]
176e8 asrs r1, r0, #31
176ea add.w r1, r0, r1, lsr #23
176ee asrs r1, r1, #9
176f0 sub.w r1, r0, r1, lsl #9
176f4 strh r1, [r4, #0]
176f6 ldrh r0, [r4, #0]
176f8 subw r4, r4, #514 @ 0x202
176fc ldrb r5, [r4, r0]
176fe mov r1, r5
17700 mov r0, r6
17702 bl fn_0801876E
17706 mov.w r8, #1
1770a cmp.w r8, #0
1770e bne.n 8017716 
17710 mov r0, r6
17712 bl fn_08018764
17716 mov r0, r7
17718 ldmia.w sp!, {r4, r5, r6, r7, r8, pc}
1771c lsls r5, r0, #12
1771e movs r5, r0
17720 lsls r7, r0, #12
17722 movs r7, r0
17724 movs r0, r1
17726 movs r0, #0

; ===== fn_08017728  (called 1 x)
17728 stmdb sp!, {r4, r5, r6, r7, r8, r9, sl, lr}
1772c mov r4, r0
1772e mov r8, r1
17730 mov r5, r2
17732 mov.w r9, #0
17736 nop
17738 cbnz r5, 801773c 
1773a b.n 80177f4 
1773c cmp.w r5, #512 @ 0x200
17740 bcc.n 8017748 
17742 mov.w r9, #25
17746 b.n 80177f4 
17748 ldrh.w r1, [r4, #514] @ 0x202
1774c ldrh.w r0, [r4, #512] @ 0x200
17750 bl fn_08017640
17754 mov r7, r0
17756 cmp r7, r5
17758 bhi.n 8017760 
1775a mov.w r9, #26
1775e b.n 80177f4 
17760 add.w r4, r4, #512 @ 0x200
17764 ldrh r0, [r4, #0]
17766 adds r0, r0, #1
17768 strh r0, [r4, #0]
1776a ldrh r0, [r4, #0]
1776c asrs r1, r0, #31
1776e add.w r1, r0, r1, lsr #23
17772 asrs r1, r1, #9
17774 sub.w r1, r0, r1, lsl #9
17778 strh r1, [r4, #0]
1777a ldrh r0, [r4, #0]
1777c ldrh r1, [r4, #2]
1777e sub.w r4, r4, #512 @ 0x200
17782 cmp r0, r1
17784 bge.n 80177a0 
17786 ldrh.w r1, [r4, #512] @ 0x200
1778a adds r0, r1, r4
1778c mov r2, r5
1778e mov r1, r8
17790 bl fn_08008214
17794 ldrh.w r0, [r4, #512] @ 0x200
17798 add r0, r5
1779a strh.w r0, [r4, #512] @ 0x200
1779e b.n 80177e8 
177a0 ldrh.w r0, [r4, #512] @ 0x200
177a4 rsb r0, r0, #512 @ 0x200
177a8 uxth r6, r0
177aa cmp r6, r5
177ac bcc.n 80177c8 
177ae ldrh.w r1, [r4, #512] @ 0x200
177b2 adds r0, r1, r4
177b4 mov r2, r5
177b6 mov r1, r8
177b8 bl fn_08008214
177bc ldrh.w r0, [r4, #512] @ 0x200
177c0 add r0, r5
177c2 strh.w r0, [r4, #512] @ 0x200
177c6 b.n 80177e8 
177c8 ldrh.w r1, [r4, #512] @ 0x200
177cc adds r0, r1, r4
177ce mov r2, r6
177d0 mov r1, r8
177d2 bl fn_08008214
177d6 subs r2, r5, r6
177d8 add.w r1, r8, r6
177dc mov r0, r4
177de bl fn_08008214
177e2 subs r0, r5, r6
177e4 strh.w r0, [r4, #512] @ 0x200
177e8 ldrh.w r0, [r4, #512] @ 0x200
177ec subs r0, r0, #1
177ee strh.w r0, [r4, #512] @ 0x200
177f2 nop
177f4 nop
177f6 mov r0, r9
177f8 ldmia.w sp!, {r4, r5, r6, r7, r8, r9, sl, pc}

; ===== fn_080177FC  (called 1 x)
177fc push {r4, r5, r6, lr}
177fe mov r5, r0
17800 mov r6, r1
17802 mov r4, r2
17804 uxth r2, r4
17806 mov r1, r6
17808 mov r0, r5
1780a bl fn_0800A564
1780e pop {r4, r5, r6, pc}

; ===== fn_08017810  (called 2 x)
17810 stmdb sp!, {r4, r5, r6, r7, r8, lr}
17814 mov r5, r0
17816 mov r6, r1
17818 mov r4, r2
1781a bl fn_0800A54C
1781e uxth r2, r4
17820 mov r1, r6
17822 mov r0, r5
17824 bl fn_0800B252
17828 mov r7, r0
1782a cbz r7, 8017838 
1782c add r3, pc, #12 @ (adr r3, 801783c ) ; =0x0801783C "Flash error"
1782e movs r2, #175 @ 0xaf
17830 add r1, pc, #20 @ (adr r1, 8017848 ) ; =0x08017848 "..\\src\\app\\update\\update.c"
17832 movs r0, #3
17834 bl fn_08009EBC
17838 ldmia.w sp!, {r4, r5, r6, r7, r8, pc}
1783c ldr r6, [r0, #68] @ 0x44
1783e strb r1, [r4, #13]
17840 movs r0, #104 @ 0x68
17842 strb r5, [r4, #9]
17844 ldr r2, [r6, #116] @ 0x74
17846 lsls r2, r6, #1
17848 cmp r6, #46 @ 0x2e
1784a strb r4, [r3, #13]
1784c str r2, [r6, #52] @ 0x34
1784e str r4, [r3, #20]
17850 strb r0, [r6, #1]
17852 strb r4, [r3, #21]
17854 str r0, [r6, #68] @ 0x44
17856 strb r1, [r4, #17]
17858 ldrb r5, [r4, r1]
1785a strb r5, [r6, #1]
1785c str r4, [r4, #20]
1785e str r4, [r6, #84] @ 0x54
17860 str r6, [r5, #48] @ 0x30
17862 movs r0, r0

; ===== fn_08017864  (called 1 x)
17864 stmdb sp!, {r4, r5, r6, r7, r8, r9, sl, fp, lr}
17868 sub sp, #404 @ 0x194
1786a mov r4, r0
1786c mov r8, r1
1786e movs r0, #0
17870 str r0, [sp, #400] @ 0x190
17872 nop
17874 movs r0, #1
17876 bl fn_08017A3C
1787a mov sl, r0
1787c cbz r4, 8017884 
1787e cmp.w r4, #102400 @ 0x19000
17882 bls.n 80178a0 
17884 mov.w r0, #102400 @ 0x19000
17888 add r3, pc, #124 @ (adr r3, 8017908 ) ; =0x08017908 "APP len error: %d, %d"
1788a movw r2, #271 @ 0x10f
1788e add r1, pc, #144 @ (adr r1, 8017920 ) ; =0x08017920 "..\\src\\app\\update\\update.c"
17890 strd r4, r0, [sp]
17894 movs r0, #3
17896 bl fn_08009EBC
1789a movs r0, #3
1789c str r0, [sp, #400] @ 0x190
1789e b.n 80178fc 
178a0 mov fp, sl
178a2 mov r5, r4
178a4 movs r7, #0
178a6 nop
178a8 cmp.w r5, #384 @ 0x180
178ac bcc.n 80178b4 
178ae mov.w r6, #384 @ 0x180
178b2 b.n 80178b6 
178b4 mov r6, r5
178b6 mov r2, r6
178b8 add r1, sp, #16
178ba mov r0, fp
178bc bl fn_080177FC
178c0 mov.w r9, #0
178c4 b.n 80178d2 
178c6 add r0, sp, #16
178c8 ldrb.w r0, [r0, r9]
178cc add r7, r0
178ce add.w r9, r9, #1
178d2 cmp r9, r6
178d4 bcc.n 80178c6 
178d6 add fp, r6
178d8 subs r5, r5, r6
178da cmp r5, #0
178dc bhi.n 80178a8 
178de cmp r8, r7
178e0 beq.n 80178fa 
178e2 add r3, pc, #88 @ (adr r3, 801793c ) ; =0x0801793C "u32AppChkSum = %d, u32AppLen = %d, u32CheckSum = %d"
178e4 mov.w r2, #304 @ 0x130
178e8 add r1, pc, #52 @ (adr r1, 8017920 ) ; =0x08017920 "..\\src\\app\\update\\update.c"
178ea movs r0, #3
178ec strd r8, r4, [sp]
178f0 str r7, [sp, #8]
178f2 bl fn_08009EBC
178f6 movs r0, #6
178f8 str r0, [sp, #400] @ 0x190
178fa nop
178fc nop
178fe ldr r0, [sp, #400] @ 0x190
17900 add sp, #404 @ 0x194
17902 ldmia.w sp!, {r4, r5, r6, r7, r8, r9, sl, fp, pc}
17906 movs r0, r0
17908 str r1, [r0, r1]
1790a movs r0, #80 @ 0x50
1790c str r4, [r5, #84] @ 0x54
1790e movs r0, #110 @ 0x6e
17910 strb r5, [r4, #9]
17912 ldr r2, [r6, #116] @ 0x74
17914 subs r2, #114 @ 0x72
17916 movs r5, #32
17918 cmp r4, #100 @ 0x64
1791a movs r5, #32
1791c lsls r4, r4, #1
1791e movs r0, r0
17920 cmp r6, #46 @ 0x2e
17922 strb r4, [r3, #13]
17924 str r2, [r6, #52] @ 0x34
17926 str r4, [r3, #20]
17928 strb r0, [r6, #1]
1792a strb r4, [r3, #21]
1792c str r0, [r6, #68] @ 0x44
1792e strb r1, [r4, #17]
17930 ldrb r5, [r4, r1]
17932 strb r5, [r6, #1]
17934 str r4, [r4, #20]
17936 str r4, [r6, #84] @ 0x54
17938 str r6, [r5, #48] @ 0x30
1793a movs r0, r0
1793c adds r3, #117 @ 0x75
1793e asrs r2, r6
17940 strb r0, [r6, #1]
17942 ldr r3, [r0, #4]
17944 strh r3, [r5, r5]
17946 ldr r5, [r6, #84] @ 0x54
17948 subs r5, #32
1794a movs r5, #32
1794c cmp r4, #100 @ 0x64
1794e strb r0, [r4, #20]
17950 adds r2, #51 @ 0x33
17952 strb r1, [r0, #1]
17954 ldr r4, [pc, #448] ; =0x0005F89D 
17956 ldr r5, [r4, #100] @ 0x64
17958 subs r5, #32
1795a movs r5, #32
1795c cmp r4, #100 @ 0x64
1795e strb r0, [r4, #20]
17960 adds r2, #51 @ 0x33
17962 ldr r3, [r0, #4]
17964 str r5, [r4, #52] @ 0x34
17966 strh r3, [r5, r5]
17968 ldr r5, [r6, #84] @ 0x54
1796a subs r5, #32
1796c movs r5, #32
1796e lsls r4, r4, #1

; ===== fn_08017970  (called 1 x)
17970 push {r4, r5, r6, lr}
17972 add r3, pc, #104 @ (adr r3, 80179dc ) ; =0x080179DC "Erase APP data Flash start"
17974 movs r2, #218 @ 0xda
17976 add r1, pc, #128 @ (adr r1, 80179f8 ) ; =0x080179F8 "..\\src\\app\\update\\update.c"
17978 movs r0, #0
1797a bl fn_08009EBC
1797e movs r0, #10
17980 bl fn_0800B5EE
17984 movs r0, #1
17986 bl fn_08017A3C
1798a mov r6, r0
1798c movs r5, #49 @ 0x31
1798e bl fn_0800A54C
17992 mov r2, r5
17994 mov.w r1, #2048 @ 0x800
17998 mov r0, r6
1799a bl fn_0800A24C
1799e mov r4, r0
179a0 cbz r4, 80179ae 
179a2 add r3, pc, #112 @ (adr r3, 8017a14 ) ; =0x08017A14 "Flash error"
179a4 movs r2, #228 @ 0xe4
179a6 add r1, pc, #80 @ (adr r1, 80179f8 ) ; =0x080179F8 "..\\src\\app\\update\\update.c"
179a8 movs r0, #3
179aa bl fn_08009EBC
179ae add r3, pc, #112 @ (adr r3, 8017a20 ) ; =0x08017A20 "Erase APP Data Flash end"
179b0 movs r2, #231 @ 0xe7
179b2 add r1, pc, #68 @ (adr r1, 80179f8 ) ; =0x080179F8 "..\\src\\app\\update\\update.c"
179b4 movs r0, #0
179b6 bl fn_08009EBC
179ba movs r1, #0
179bc movs r0, #3
179be bl fn_0800AFE0
179c2 movs r1, #0
179c4 movs r0, #1
179c6 bl fn_0800AFE0
179ca movs r1, #0
179cc mov r0, r1
179ce bl fn_0800AFE0
179d2 movs r1, #0
179d4 movs r0, #2
179d6 bl fn_0800AFE0
179da pop {r4, r5, r6, pc}
179dc strb r5, [r0, #9]
179de strb r1, [r4, #13]
179e0 movs r0, #101 @ 0x65
179e2 str r1, [r0, r1]
179e4 movs r0, #80 @ 0x50
179e6 str r4, [r4, #20]
179e8 str r4, [r6, #20]
179ea mov r0, r4
179ec str r4, [r5, #20]
179ee ldr r3, [r6, #4]
179f0 strb r0, [r4, #12]
179f2 str r4, [r6, #20]
179f4 strb r2, [r6, #17]
179f6 movs r0, r0
179f8 cmp r6, #46 @ 0x2e
179fa strb r4, [r3, #13]
179fc str r2, [r6, #52] @ 0x34
179fe str r4, [r3, #20]
17a00 strb r0, [r6, #1]
17a02 strb r4, [r3, #21]
17a04 str r0, [r6, #68] @ 0x44
17a06 strb r1, [r4, #17]
17a08 ldrb r5, [r4, r1]
17a0a strb r5, [r6, #1]
17a0c str r4, [r4, #20]
17a0e str r4, [r6, #84] @ 0x54
17a10 str r6, [r5, #48] @ 0x30
17a12 movs r0, r0
17a14 ldr r6, [r0, #68] @ 0x44
17a16 strb r1, [r4, #13]
17a18 movs r0, #104 @ 0x68
17a1a strb r5, [r4, #9]
17a1c ldr r2, [r6, #116] @ 0x74
17a1e lsls r2, r6, #1
17a20 strb r5, [r0, #9]
17a22 strb r1, [r4, #13]
17a24 movs r0, #101 @ 0x65
17a26 str r1, [r0, r1]
17a28 movs r0, #80 @ 0x50
17a2a str r4, [r0, #20]
17a2c str r4, [r6, #20]
17a2e mov r0, r4
17a30 str r4, [r5, #20]
17a32 ldr r3, [r6, #4]
17a34 str r0, [r4, #80] @ 0x50
17a36 str r6, [r5, #68] @ 0x44
17a38 movs r0, r0
17a3a movs r0, r0

; ===== fn_08017A3C  (called 5 x)
17a3c push {r4, r5, lr}
17a3e sub sp, #28
17a40 mov r4, r0
17a42 movs r5, #0
17a44 add r0, sp, #4
17a46 bl fn_0800BF84
17a4a cbnz r4, 8017a7c 
17a4c ldr r0, [sp, #4]
17a4e cmp.w r0, #1515870810 @ 0x5a5a5a5a
17a52 bne.n 8017a58 
17a54 ldr r5, [pc, #56] ; =0x08008000 "P9"
17a56 b.n 8017a8a 
17a58 ldr r0, [sp, #16]
17a5a cmp.w r0, #1515870810 @ 0x5a5a5a5a
17a5e bne.n 8017a64 
17a60 ldr r5, [pc, #48] ; =0x08021000 
17a62 b.n 8017a8a 
17a64 ldr r1, [pc, #48] ; =0x62616E6B 
17a66 ldr r0, [sp, #4]
17a68 cmp r0, r1
17a6a bne.n 8017a70 
17a6c ldr r5, [pc, #32] ; =0x08008000 "P9"
17a6e b.n 8017a8a 
17a70 ldr r1, [pc, #36] ; =0x62616E6B 
17a72 ldr r0, [sp, #16]
17a74 cmp r0, r1
17a76 bne.n 8017a8a 
17a78 ldr r5, [pc, #24] ; =0x08021000 
17a7a b.n 8017a8a 
17a7c ldr r1, [pc, #28] ; =0x61707032 
17a7e ldr r0, [sp, #16]
17a80 cmp r0, r1
17a82 bne.n 8017a88 
17a84 ldr r5, [pc, #12] ; =0x08021000 
17a86 b.n 8017a8a 
17a88 ldr r5, [pc, #4] ; =0x08008000 "P9"
17a8a mov r0, r5
17a8c add sp, #28
17a8e pop {r4, r5, pc}
17a90 strh r0, [r0, #0]
17a92 lsrs r0, r0, #32
17a94 asrs r0, r0, #32
17a96 lsrs r2, r0, #32
17a98 ldr r3, [r5, #100] @ 0x64
17a9a str r1, [r4, #36] @ 0x24
17a9c strb r2, [r6, #0]
17a9e str r0, [r6, #20]

; ===== fn_08017AA0  (called 0 x)
17aa0 push {r4, r5, r6, lr}
17aa2 mov r4, r0
17aa4 mov r5, r1
17aa6 ldr r0, [pc, #40] ; =0x200000C6 ram_200000C6
17aa8 ldrb r0, [r0, #0]
17aaa cbnz r0, 8017aba 
17aac movs r0, #0
17aae bl fn_0800A808
17ab2 movs r0, #1
17ab4 ldr r1, [pc, #24] ; =0x200000C6 ram_200000C6
17ab6 strb r0, [r1, #0]
17ab8 b.n 8017ac6 
17aba movs r0, #0
17abc bl fn_0800A7BC
17ac0 movs r0, #0
17ac2 ldr r1, [pc, #12] ; =0x200000C6 ram_200000C6
17ac4 strb r0, [r1, #0]
17ac6 ldr r0, [pc, #12] ; =0x200000C5 ram_200000C5
17ac8 ldrb r0, [r0, #0]
17aca bl fn_0800BA34
17ace pop {r4, r5, r6, pc}
17ad0 lsls r6, r0, #3
17ad2 movs r0, #0
17ad4 lsls r5, r0, #3
17ad6 movs r0, #0

; ===== fn_08017AD8  (called 2 x)
17ad8 push {r4, r5, lr}
17ada sub.w sp, sp, #516 @ 0x204
17ade mov r4, r0
17ae0 mov r5, r1
17ae2 mov.w r1, #512 @ 0x200
17ae6 add r0, sp, #4
17ae8 bl fn_08008246
17aec mov r2, r5
17aee mov r1, r4
17af0 add r0, sp, #4
17af2 bl fn_08008214
17af6 ldr r0, [pc, #140] ; =0x200029D0 ram_200029D0
17af8 ldrb r0, [r0, #1]
17afa cmp r0, #1
17afc bne.n 8017b10 
17afe ldr r1, [pc, #132] ; =0x200029D0 ram_200029D0
17b00 ldrb.w r0, [r1, #412] @ 0x19c
17b04 bl fn_0800B97C
17b08 mov r1, r5
17b0a mov r0, r4
17b0c bl fn_0800C6D0
17b10 ldr r0, [pc, #116] ; =0x200000C5 ram_200000C5
17b12 ldrb r0, [r0, #0]
17b14 bl fn_0800BAA0
17b18 ldrb.w r0, [sp, #5]
17b1c asrs r1, r0, #31
17b1e add.w r1, r0, r1, lsr #29
17b22 asrs r1, r1, #3
17b24 sub.w r1, r0, r1, lsl #3
17b28 cmp r1, #8
17b2a bcs.n 8017b78 
17b2c tbb [pc, r1]
17b30 lsrs r4, r0, #32
17b32 asrs r4, r1, #32
17b34 adds r4, r2, r0
17b36 movs r0, #28
17b38 movs r0, #0
17b3a bl fn_0800A808
17b3e b.n 8017b7a 
17b40 movs r0, #2
17b42 bl fn_0800A808
17b46 b.n 8017b7a 
17b48 movs r0, #1
17b4a bl fn_0800A808
17b4e b.n 8017b7a 
17b50 movs r0, #3
17b52 bl fn_0800A808
17b56 b.n 8017b7a 
17b58 movs r0, #0
17b5a bl fn_0800A7BC
17b5e b.n 8017b7a 
17b60 movs r0, #2
17b62 bl fn_0800A7BC
17b66 b.n 8017b7a 
17b68 movs r0, #1
17b6a bl fn_0800A7BC
17b6e b.n 8017b7a 
17b70 movs r0, #3
17b72 bl fn_0800A7BC
17b76 b.n 8017b7a 
17b78 nop
17b7a nop
17b7c add.w sp, sp, #516 @ 0x204
17b80 pop {r4, r5, pc}
17b82 movs r0, r0
17b84 cmp r1, #208 @ 0xd0
17b86 movs r0, #0
17b88 lsls r5, r0, #3
17b8a movs r0, #0

; ===== fn_08017B8C  (called 0 x)
17b8c stmdb sp!, {r4, r5, r6, r7, r8, lr}
17b90 sub sp, #40 @ 0x28
17b92 mov r7, r0
17b94 mov r8, r1
17b96 mov r4, r2
17b98 cbz r7, 8017ba4 
17b9a cmp r7, #1
17b9c beq.n 8017c9c 
17b9e cmp r7, #2
17ba0 bne.n 8017c9e 
17ba2 b.n 8017d6a 
17ba4 cmp.w r4, #384 @ 0x180
17ba8 ble.n 8017bbc 
17baa add r3, pc, #564 @ (adr r3, 8017de0 ) ; =0x08017DE0 "Data Len error: %d"
17bac movw r2, #589 @ 0x24d
17bb0 add r1, pc, #576 @ (adr r1, 8017df4 ) ; =0x08017DF4 "..\\src\\app\\update\\update.c"
17bb2 movs r0, #3
17bb4 str r4, [sp, #0]
17bb6 bl fn_08009EBC
17bba b.n 8017dd6 
17bbc ldr r0, [pc, #592] ; =0x200029D0 ram_200029D0
17bbe ldr.w r0, [r0, #400] @ 0x190
17bc2 add r0, r4
17bc4 cmp.w r0, #384 @ 0x180
17bc8 bls.n 8017c00 
17bca movs r0, #1
17bcc bl fn_08017A3C
17bd0 mov r6, r0
17bd2 ldr r1, [pc, #572] ; =0x200029D0 ram_200029D0
17bd4 ldr.w r2, [r1, #400] @ 0x190
17bd8 ldr.w r1, [r1, #404] @ 0x194
17bdc adds r0, r1, r6
17bde ldr r1, [pc, #560] ; =0x200029D0 ram_200029D0
17be0 adds r1, #16
17be2 bl fn_08017810
17be6 ldr r0, [pc, #552] ; =0x200029D0 ram_200029D0
17be8 ldr.w r0, [r0, #404] @ 0x194
17bec ldr r1, [pc, #544] ; =0x200029D0 ram_200029D0
17bee ldr.w r1, [r1, #400] @ 0x190
17bf2 add r0, r1
17bf4 ldr r1, [pc, #536] ; =0x200029D0 ram_200029D0
17bf6 str.w r0, [r1, #404] @ 0x194
17bfa movs r0, #0
17bfc str.w r0, [r1, #400] @ 0x190
17c00 ldr r1, [pc, #524] ; =0x200029D0 ram_200029D0
17c02 ldr.w r2, [r1, #400] @ 0x190
17c06 adds r1, #16
17c08 adds r0, r2, r1
17c0a mov r2, r4
17c0c mov r1, r8
17c0e bl fn_08008214
17c12 ldr r0, [pc, #508] ; =0x200029D0 ram_200029D0
17c14 ldr.w r0, [r0, #400] @ 0x190
17c18 add r0, r4
17c1a ldr r1, [pc, #500] ; =0x200029D0 ram_200029D0
17c1c str.w r0, [r1, #400] @ 0x190
17c20 mov r0, r1
17c22 ldr.w r0, [r0, #404] @ 0x194
17c26 ldr.w r1, [r1, #400] @ 0x190
17c2a add r0, r1
17c2c ldr r1, [pc, #480] ; =0x200029D0 ram_200029D0
17c2e ldr r1, [r1, #4]
17c30 cmp r0, r1
17c32 bls.n 8017c5a 
17c34 ldr r0, [pc, #472] ; =0x200029D0 ram_200029D0
17c36 ldr.w r0, [r0, #400] @ 0x190
17c3a ldr r1, [pc, #468] ; =0x200029D0 ram_200029D0
17c3c ldr.w r1, [r1, #404] @ 0x194
17c40 ldr r2, [pc, #460] ; =0x200029D0 ram_200029D0
17c42 ldr r2, [r2, #4]
17c44 add r3, pc, #460 @ (adr r3, 8017e14 ) ; =0x08017E14 "Data Len error: %d, %d, %d"
17c46 strd r2, r1, [sp]
17c4a str r0, [sp, #8]
17c4c movw r2, #613 @ 0x265
17c50 add r1, pc, #416 @ (adr r1, 8017df4 ) ; =0x08017DF4 "..\\src\\app\\update\\update.c"
17c52 movs r0, #3
17c54 bl fn_08009EBC
17c58 b.n 8017dd6 
17c5a ldr r0, [pc, #436] ; =0x200029D0 ram_200029D0
17c5c ldr.w r0, [r0, #404] @ 0x194
17c60 ldr r1, [pc, #428] ; =0x200029D0 ram_200029D0
17c62 ldr.w r1, [r1, #400] @ 0x190
17c66 add r0, r1
17c68 ldr r1, [pc, #420] ; =0x200029D0 ram_200029D0
17c6a ldr r1, [r1, #4]
17c6c cmp r0, r1
17c6e bne.n 8017cac 
17c70 movs r0, #1
17c72 bl fn_08017A3C
17c76 mov r6, r0
17c78 ldr r1, [pc, #404] ; =0x200029D0 ram_200029D0
17c7a ldr.w r2, [r1, #400] @ 0x190
17c7e ldr.w r1, [r1, #404] @ 0x194
17c82 adds r0, r1, r6
17c84 ldr r1, [pc, #392] ; =0x200029D0 ram_200029D0
17c86 adds r1, #16
17c88 bl fn_08017810
17c8c ldr r0, [pc, #384] ; =0x200029D0 ram_200029D0
17c8e ldr.w r0, [r0, #404] @ 0x194
17c92 ldr r1, [pc, #380] ; =0x200029D0 ram_200029D0
17c94 ldr.w r1, [r1, #400] @ 0x190
17c98 add r0, r1
17c9a b.n 8017ca0 
17c9c b.n 8017cae 
17c9e b.n 8017dd4 
17ca0 ldr r1, [pc, #364] ; =0x200029D0 ram_200029D0
17ca2 str.w r0, [r1, #404] @ 0x194
17ca6 movs r0, #0
17ca8 str.w r0, [r1, #400] @ 0x190
17cac b.n 8017dd6 
17cae bl fn_0800C14C
17cb2 ldr r2, [pc, #348] ; =0x200029D0 ram_200029D0
17cb4 ldr r1, [r2, #8]
17cb6 ldr r0, [r2, #4]
17cb8 bl fn_08017864
17cbc mov r5, r0
17cbe cmp r5, #0
17cc0 bne.n 8017d5a 
17cc2 add r0, sp, #16
17cc4 bl fn_0800BF84
17cc8 ldr r1, [pc, #356] ; =0x61707032 
17cca ldr r0, [sp, #28]
17ccc cmp r0, r1
17cce bne.n 8017cf0 
17cd0 mov.w r0, #1515870810 @ 0x5a5a5a5a
17cd4 str r0, [sp, #28]
17cd6 ldr r0, [pc, #312] ; =0x200029D0 ram_200029D0
17cd8 ldr r0, [r0, #4]
17cda str r0, [sp, #32]
17cdc ldr r0, [pc, #304] ; =0x200029D0 ram_200029D0
17cde ldr r0, [r0, #8]
17ce0 str r0, [sp, #36] @ 0x24
17ce2 ldr r0, [sp, #16]
17ce4 cmp.w r0, #1515870810 @ 0x5a5a5a5a
17ce8 bne.n 8017d0e 
17cea ldr r0, [pc, #328] ; =0x62616E6B 
17cec str r0, [sp, #16]
17cee b.n 8017d0e 
17cf0 mov.w r0, #1515870810 @ 0x5a5a5a5a
17cf4 str r0, [sp, #16]
17cf6 ldr r0, [pc, #280] ; =0x200029D0 ram_200029D0
17cf8 ldr r0, [r0, #4]
17cfa str r0, [sp, #20]
17cfc ldr r0, [pc, #272] ; =0x200029D0 ram_200029D0
17cfe ldr r0, [r0, #8]
17d00 str r0, [sp, #24]
17d02 ldr r0, [sp, #28]
17d04 cmp.w r0, #1515870810 @ 0x5a5a5a5a
17d08 bne.n 8017d0e 
17d0a ldr r0, [pc, #296] ; =0x62616E6B 
17d0c str r0, [sp, #28]
17d0e bl fn_0800C0A8
17d12 add r0, sp, #16
17d14 bl fn_0800BF98
17d18 add r3, pc, #284 @ (adr r3, 8017e38 ) ; =0x08017E38 "Update OK"
17d1a mov.w r2, #664 @ 0x298
17d1e add r1, pc, #212 @ (adr r1, 8017df4 ) ; =0x08017DF4 "..\\src\\app\\update\\update.c"
17d20 movs r0, #1
17d22 bl fn_08009EBC
17d26 add r0, pc, #284 @ (adr r0, 8017e44 ) ; =0x08017E44 "Update succeed"
17d28 bl fn_08018418
17d2c movs r1, #10
17d2e add r0, pc, #292 @ (adr r0, 8017e54 ) ; =0x08017E54 "LxUpdate 0"
17d30 bl fn_080184C4
17d34 movs r0, #2
17d36 ldr r1, [pc, #216] ; =0x200029D0 ram_200029D0
17d38 strb r0, [r1, #1]
17d3a ldrb.w r0, [r1, #412] @ 0x19c
17d3e bl fn_0800BAA0
17d42 ldr r1, [pc, #204] ; =0x200029D0 ram_200029D0
17d44 ldrb.w r0, [r1, #412] @ 0x19c
17d48 movs r1, #200 @ 0xc8
17d4a bl fn_0800B9D0
17d4e ldr r1, [pc, #192] ; =0x200029D0 ram_200029D0
17d50 ldrb.w r0, [r1, #412] @ 0x19c
17d54 bl fn_0800B97C
17d58 b.n 8017d68 
17d5a add r0, pc, #260 @ (adr r0, 8017e60 ) ; =0x08017E60 "Update fail: check error"
17d5c bl fn_08018418
17d60 movs r1, #10
17d62 add r0, pc, #280 @ (adr r0, 8017e7c ) ; =0x08017E7C "LxUpdate 1"
17d64 bl fn_080184C4
17d68 b.n 8017dd6 
17d6a add r3, pc, #284 @ (adr r3, 8017e88 ) ; =0x08017E88 "Update error end"
17d6c mov.w r2, #684 @ 0x2ac
17d70 add r1, pc, #128 @ (adr r1, 8017df4 ) ; =0x08017DF4 "..\\src\\app\\update\\update.c"
17d72 movs r0, #3
17d74 bl fn_08009EBC
17d78 add r0, sp, #16
17d7a bl fn_0800BF84
17d7e ldr r1, [pc, #176] ; =0x61707032 
17d80 subs r1, r1, #1
17d82 ldr r0, [sp, #16]
17d84 cmp r0, r1
17d86 bne.n 8017da2 
17d88 ldr r1, [pc, #168] ; =0x62616E6B 
17d8a ldr r0, [sp, #28]
17d8c cmp r0, r1
17d8e beq.n 8017d98 
17d90 ldr r0, [sp, #28]
17d92 cmp.w r0, #1515870810 @ 0x5a5a5a5a
17d96 bne.n 8017da2 
17d98 mov.w r0, #1515870810 @ 0x5a5a5a5a
17d9c str r0, [sp, #28]
17d9e movs r0, #0
17da0 str r0, [sp, #16]
17da2 ldr r1, [pc, #140] ; =0x61707032 
17da4 ldr r0, [sp, #28]
17da6 cmp r0, r1
17da8 bne.n 8017dc4 
17daa ldr r1, [pc, #136] ; =0x62616E6B 
17dac ldr r0, [sp, #16]
17dae cmp r0, r1
17db0 beq.n 8017dba 
17db2 ldr r0, [sp, #16]
17db4 cmp.w r0, #1515870810 @ 0x5a5a5a5a
17db8 bne.n 8017dc4 
17dba mov.w r0, #1515870810 @ 0x5a5a5a5a
17dbe str r0, [sp, #16]
17dc0 movs r0, #0
17dc2 str r0, [sp, #28]
17dc4 bl fn_0800C0A8
17dc8 add r0, sp, #16
17dca bl fn_0800BF98
17dce bl fn_0800B6D4
17dd2 b.n 8017dd6 
17dd4 nop
17dd6 nop
17dd8 add sp, #40 @ 0x28
17dda ldmia.w sp!, {r4, r5, r6, r7, r8, pc}
17dde movs r0, r0
17de0 str r4, [r0, #20]
17de2 str r4, [r6, #20]
17de4 ldr r4, [pc, #128] ; =0x3A6C6961 
17de6 ldr r5, [r4, #100] @ 0x64
17de8 str r0, [r4, #80] @ 0x50
17dea strb r2, [r6, #9]
17dec strb r7, [r5, #9]
17dee movs r0, #58 @ 0x3a
17df0 str r5, [r4, #64] @ 0x40
17df2 movs r0, r0
17df4 cmp r6, #46 @ 0x2e
17df6 strb r4, [r3, #13]
17df8 str r2, [r6, #52] @ 0x34
17dfa str r4, [r3, #20]
17dfc strb r0, [r6, #1]
17dfe strb r4, [r3, #21]
17e00 str r0, [r6, #68] @ 0x44
17e02 strb r1, [r4, #17]
17e04 ldrb r5, [r4, r1]
17e06 strb r5, [r6, #1]
17e08 str r4, [r4, #20]
17e0a str r4, [r6, #84] @ 0x54
17e0c str r6, [r5, #48] @ 0x30
17e0e movs r0, r0
17e10 cmp r1, #208 @ 0xd0
17e12 movs r0, #0
17e14 str r4, [r0, #20]
17e16 str r4, [r6, #20]
17e18 ldr r4, [pc, #128] ; =0xB086B570 
17e1a ldr r5, [r4, #100] @ 0x64
17e1c str r0, [r4, #80] @ 0x50
17e1e strb r2, [r6, #9]
17e20 strb r7, [r5, #9]
17e22 movs r0, #58 @ 0x3a
17e24 str r5, [r4, #64] @ 0x40
17e26 movs r0, #44 @ 0x2c
17e28 str r5, [r4, #64] @ 0x40
17e2a movs r0, #44 @ 0x2c
17e2c str r5, [r4, #64] @ 0x40
17e2e movs r0, r0
17e30 strb r2, [r6, #0]
17e32 str r0, [r6, #20]
17e34 ldr r3, [r5, #100] @ 0x64
17e36 str r1, [r4, #36] @ 0x24
17e38 strb r5, [r2, #1]
17e3a str r4, [r4, #20]
17e3c str r4, [r6, #84] @ 0x54
17e3e ldr r7, [pc, #128] ; =0x0101E9DD 
17e40 lsls r3, r1, #1
17e42 movs r0, r0
17e44 strb r5, [r2, #1]
17e46 str r4, [r4, #20]
17e48 str r4, [r6, #84] @ 0x54
17e4a strb r0, [r4, #12]
17e4c str r5, [r6, #52] @ 0x34
17e4e str r3, [r4, #84] @ 0x54
17e50 str r5, [r4, #68] @ 0x44
17e52 movs r0, r0
17e54 ldrb r4, [r1, #1]
17e56 strb r5, [r2, #1]
17e58 str r4, [r4, #20]
17e5a str r4, [r6, #84] @ 0x54
17e5c adds r0, #32
17e5e movs r0, r0
17e60 strb r5, [r2, #1]
17e62 str r4, [r4, #20]
17e64 str r4, [r6, #84] @ 0x54
17e66 str r0, [r4, #96] @ 0x60
17e68 ldr r1, [r4, #20]
17e6a subs r2, #108 @ 0x6c
17e6c str r0, [r4, #48] @ 0x30
17e6e str r0, [r5, #84] @ 0x54
17e70 ldr r3, [r4, #52] @ 0x34
17e72 str r0, [r4, #80] @ 0x50
17e74 strb r2, [r6, #9]
17e76 strb r7, [r5, #9]
17e78 movs r0, r0
17e7a movs r0, r0
17e7c ldrb r4, [r1, #1]
17e7e strb r5, [r2, #1]
17e80 str r4, [r4, #20]
17e82 str r4, [r6, #84] @ 0x54
17e84 adds r1, #32
17e86 movs r0, r0
17e88 strb r5, [r2, #1]
17e8a str r4, [r4, #20]
17e8c str r4, [r6, #84] @ 0x54
17e8e str r0, [r4, #80] @ 0x50
17e90 strb r2, [r6, #9]
17e92 strb r7, [r5, #9]
17e94 str r0, [r4, #80] @ 0x50
17e96 str r6, [r5, #68] @ 0x44
17e98 movs r0, r0
17e9a movs r0, r0

; ===== fn_08017E9C  (called 0 x)
17e9c push {r4, r5, r6, lr}
17e9e sub sp, #24
17ea0 mov r5, r0
17ea2 mov r6, r1
17ea4 ldr r0, [pc, #164] ; =0x200029D0 ram_200029D0
17ea6 ldrb r0, [r0, #1]
17ea8 cmp r0, #0
17eaa bne.n 8017f0e 
17eac mov r0, sp
17eae bl fn_0800BF84
17eb2 ldr r1, [pc, #156] ; =0x61707031 
17eb4 ldr r0, [sp, #0]
17eb6 cmp r0, r1
17eb8 bne.n 8017eca 
17eba add r0, pc, #152 @ (adr r0, 8017f54 ) ; =0x08017F54 "APP1 NOT OK, wait update\n\r"
17ebc bl fn_08009FC4
17ec0 ldrd r0, r1, [sp, #4]
17ec4 bl fn_0800C23C
17ec8 b.n 8017f46 
17eca ldr r1, [pc, #132] ; =0x61707031 
17ecc adds r1, r1, #1
17ece ldr r0, [sp, #12]
17ed0 cmp r0, r1
17ed2 bne.n 8017ee4 
17ed4 add r0, pc, #152 @ (adr r0, 8017f70 ) ; =0x08017F70 "APP2 NOT OK, wait update\n\r"
17ed6 bl fn_08009FC4
17eda ldrd r0, r1, [sp, #16]
17ede bl fn_0800C23C
17ee2 b.n 8017f46 
17ee4 add r0, pc, #164 @ (adr r0, 8017f8c ) ; =0x08017F8C "Jump to APP\n\r"
17ee6 bl fn_08009FC4
17eea movs r0, #0
17eec bl fn_08017A3C
17ef0 mov r4, r0
17ef2 cbnz r4, 8017f06 
17ef4 add r0, pc, #164 @ (adr r0, 8017f9c ) ; =0x08017F9C "APP NOT OK, wait update\n\r"
17ef6 bl fn_08009FC4
17efa ldr r1, [pc, #188] ; =0x0095B68C 
17efc mov.w r0, #51200 @ 0xc800
17f00 bl fn_0800C23C
17f04 b.n 8017f46 
17f06 mov r0, r4
17f08 bl fn_0800A89C
17f0c b.n 8017f46 
17f0e ldr r0, [pc, #60] ; =0x200029D0 ram_200029D0
17f10 ldrb r0, [r0, #1]
17f12 cmp r0, #1
17f14 bne.n 8017f26 
17f16 add r3, pc, #164 @ (adr r3, 8017fbc ) ; =0x08017FBC "Update timeout, reboot"
17f18 mov.w r2, #544 @ 0x220
17f1c add r1, pc, #180 @ (adr r1, 8017fd4 ) ; =0x08017FD4 "..\\src\\app\\update\\update.c"
17f1e movs r0, #3
17f20 bl fn_08009EBC
17f24 b.n 8017f46 
17f26 ldr r0, [pc, #36] ; =0x200029D0 ram_200029D0
17f28 ldrb r0, [r0, #1]
17f2a cmp r0, #2
17f2c bne.n 8017f34 
17f2e bl fn_0800B6D4
17f32 b.n 8017f46 
17f34 add r3, pc, #184 @ (adr r3, 8017ff0 ) ; =0x08017FF0 rom_08017FF0
17f36 movw r2, #555 @ 0x22b
17f3a add r1, pc, #152 @ (adr r1, 8017fd4 ) ; =0x08017FD4 "..\\src\\app\\update\\update.c"
17f3c movs r0, #3
17f3e bl fn_08009EBC
17f42 bl fn_0800B6D4
17f46 add sp, #24
17f48 pop {r4, r5, r6, pc}
17f4a movs r0, r0
17f4c cmp r1, #208 @ 0xd0
17f4e movs r0, #0
17f50 strb r1, [r6, #0]
17f52 str r0, [r6, #20]
17f54 str r1, [r0, r1]
17f56 adds r1, #80 @ 0x50
17f58 ldr r6, [pc, #128] ; =0x755C7070 
17f5a strb r7, [r1, r1]
17f5c ldr r7, [pc, #128] ; =0x74616470 
17f5e cmp r4, #75 @ 0x4b
17f60 strb r0, [r4, #28]
17f62 ldr r1, [r4, #20]
17f64 movs r0, #116 @ 0x74
17f66 strb r5, [r6, #1]
17f68 str r4, [r4, #20]
17f6a str r4, [r6, #84] @ 0x54
17f6c lsrs r2, r1, #20
17f6e movs r0, r0
17f70 str r1, [r0, r1]
17f72 adds r2, #80 @ 0x50
17f74 ldr r6, [pc, #128] ; =0x46074D04 
17f76 strb r7, [r1, r1]
17f78 ldr r7, [pc, #128] ; =0x2500460E 
17f7a cmp r4, #75 @ 0x4b
17f7c strb r0, [r4, #28]
17f7e ldr r1, [r4, #20]
17f80 movs r0, #116 @ 0x74
17f82 strb r5, [r6, #1]
17f84 str r4, [r4, #20]
17f86 str r4, [r6, #84] @ 0x54
17f88 lsrs r2, r1, #20
17f8a movs r0, r0
17f8c strb r2, [r1, #21]
17f8e strb r5, [r5, #1]
17f90 strb r0, [r4, #16]
17f92 movs r0, #111 @ 0x6f
17f94 str r1, [r0, r1]
17f96 lsrs r0, r2, #9
17f98 movs r5, r1
17f9a movs r0, r0
17f9c str r1, [r0, r1]
17f9e movs r0, #80 @ 0x50
17fa0 ldr r7, [pc, #312] ; =0x3282F240 
17fa2 movs r0, #84 @ 0x54
17fa4 ldr r3, [pc, #316] ; =0xF7F19400 
17fa6 movs r0, #44 @ 0x2c
17fa8 str r7, [r6, #20]
17faa strb r1, [r5, #17]
17fac strb r0, [r4, #20]
17fae str r0, [r6, #68] @ 0x44
17fb0 strb r1, [r4, #17]
17fb2 lsrs r5, r4, #9
17fb4 movs r5, r1
17fb6 movs r0, r0
17fb8 @ <UNDEFINED> instruction: 0xb68c
17fba lsls r5, r2, #2
17fbc strb r5, [r2, #1]
17fbe str r4, [r4, #20]
17fc0 str r4, [r6, #84] @ 0x54
17fc2 strb r0, [r4, #16]
17fc4 ldr r1, [r5, #84] @ 0x54
17fc6 ldr r5, [r4, #116] @ 0x74
17fc8 strb r5, [r6, #17]
17fca movs r0, #44 @ 0x2c
17fcc str r2, [r6, #84] @ 0x54
17fce ldr r2, [r4, #116] @ 0x74
17fd0 strb r7, [r5, #17]
17fd2 movs r0, r0
17fd4 cmp r6, #46 @ 0x2e
17fd6 strb r4, [r3, #13]
17fd8 str r2, [r6, #52] @ 0x34
17fda str r4, [r3, #20]
17fdc strb r0, [r6, #1]
17fde strb r4, [r3, #21]
17fe0 str r0, [r6, #68] @ 0x44
17fe2 strb r1, [r4, #17]
17fe4 ldrb r5, [r4, r1]
17fe6 strb r5, [r6, #1]
17fe8 str r4, [r4, #20]
17fea str r4, [r6, #84] @ 0x54
17fec str r6, [r5, #48] @ 0x30
17fee movs r0, r0
17ff0 movs r0, r0
17ff2 movs r0, r0

; ===== fn_08017FF4  (called 0 x)
17ff4 push {r4, r5, r6, r7, lr}
17ff6 subw sp, sp, #1028 @ 0x404
17ffa mov r7, r0
17ffc mov r6, r1
17ffe movs r5, #0
18000 movs r4, #0
18002 mov.w r1, #512 @ 0x200
18006 add r0, sp, #516 @ 0x204
18008 bl fn_08008246
1800c mov.w r1, #512 @ 0x200
18010 add r0, sp, #4
18012 bl fn_08008246
18016 mov r2, r6
18018 mov r1, r7
1801a add r0, sp, #516 @ 0x204
1801c bl fn_08008214
18020 b.n 8018116 
18022 add r0, sp, #516 @ 0x204
18024 ldrb r0, [r0, r4]
18026 cmp r0, #2
18028 bne.n 8018068 
1802a add r1, sp, #516 @ 0x204
1802c adds r0, r4, #1
1802e ldrb r0, [r1, r0]
18030 cmp r0, #7
18032 bne.n 8018068 
18034 movs r0, #1
18036 ldr r1, [pc, #272] ; =0x200000C4 ram_200000C4
18038 strb r0, [r1, #0]
1803a adds r0, r4, #2
1803c uxth r4, r0
1803e add r3, sp, #516 @ 0x204
18040 ldrb r2, [r3, r4]
18042 mov ip, r3
18044 adds r3, r4, #1
18046 add.w r1, ip, r3
1804a add r3, sp, #4
1804c adds r0, r3, r5
1804e bl fn_08008214
18052 add r0, sp, #516 @ 0x204
18054 ldrb r0, [r0, r4]
18056 add r0, r5
18058 uxth r5, r0
1805a add r0, sp, #516 @ 0x204
1805c ldrb r0, [r0, r4]
1805e add r0, r4
18060 uxth r4, r0
18062 adds r0, r4, #1
18064 uxth r4, r0
18066 b.n 8018116 
18068 add r0, sp, #516 @ 0x204
1806a ldrb r0, [r0, r4]
1806c cmp r0, #2
1806e bne.n 80180ec 
18070 add r1, sp, #516 @ 0x204
18072 adds r0, r4, #1
18074 ldrb r0, [r1, r0]
18076 cmp r0, #8
18078 bne.n 80180ec 
1807a movs r0, #0
1807c ldr r1, [pc, #200] ; =0x200000C4 ram_200000C4
1807e strb r0, [r1, #0]
18080 cmp r5, #5
18082 ble.n 80180a8 
18084 subs r0, r5, #2
18086 add r1, sp, #4
18088 ldrb r0, [r1, r0]
1808a cmp r0, #13
1808c bne.n 80180a8 
1808e subs r0, r5, #1
18090 ldrb r0, [r1, r0]
18092 cmp r0, #10
18094 bne.n 80180a8 
18096 add r3, pc, #180 @ (adr r3, 801814c ) ; =0x0801814C "u16DataLen = %d"
18098 movw r2, #890 @ 0x37a
1809c add r1, pc, #188 @ (adr r1, 801815c ) ; =0x0801815C "..\\src\\app\\update\\update.c"
1809e movs r0, #1
180a0 str r6, [sp, #0]
180a2 bl fn_08009EBC
180a6 b.n 801811a 
180a8 adds r0, r4, #2
180aa uxth r4, r0
180ac add r3, sp, #516 @ 0x204
180ae ldrb r3, [r3, r4]
180b0 subs r2, r3, #2
180b2 add.w ip, sp, #516 @ 0x204
180b6 adds r3, r4, #3
180b8 add.w r1, ip, r3
180bc add r3, sp, #4
180be adds r0, r3, r5
180c0 bl fn_08008214
180c4 add r0, sp, #516 @ 0x204
180c6 ldrb r0, [r0, r4]
180c8 subs r0, r0, #2
180ca add r0, r5
180cc uxth r5, r0
180ce add r0, sp, #516 @ 0x204
180d0 ldrb r0, [r0, r4]
180d2 add r0, r4
180d4 uxth r4, r0
180d6 adds r0, r4, #1
180d8 uxth r4, r0
180da add r3, pc, #156 @ (adr r3, 8018178 ) ; =0x08018178 "u8ReadLen = %d"
180dc movw r2, #898 @ 0x382
180e0 add r1, pc, #120 @ (adr r1, 801815c ) ; =0x0801815C "..\\src\\app\\update\\update.c"
180e2 movs r0, #1
180e4 str r4, [sp, #0]
180e6 bl fn_08009EBC
180ea b.n 8018116 
180ec add r0, sp, #516 @ 0x204
180ee ldrb r0, [r0, r4]
180f0 cmp r0, #2
180f2 bne.n 8018112 
180f4 add r1, sp, #516 @ 0x204
180f6 adds r0, r4, #1
180f8 ldrb r0, [r1, r0]
180fa cmp r0, #6
180fc bne.n 8018112 
180fe add r3, pc, #136 @ (adr r3, 8018188 ) ; =0x08018188 "---send to bt ok---"
18100 movw r2, #902 @ 0x386
18104 add r1, pc, #84 @ (adr r1, 801815c ) ; =0x0801815C "..\\src\\app\\update\\update.c"
18106 movs r0, #0
18108 bl fn_08009EBC
1810c adds r0, r4, #1
1810e uxth r4, r0
18110 b.n 8018116 
18112 adds r0, r4, #1
18114 uxth r4, r0
18116 cmp r4, r6
18118 blt.n 8018022 
1811a nop
1811c add r3, pc, #124 @ (adr r3, 801819c ) ; =0x0801819C "---Rcv bt data %d"
1811e movw r2, #910 @ 0x38e
18122 add r1, pc, #56 @ (adr r1, 801815c ) ; =0x0801815C "..\\src\\app\\update\\update.c"
18124 movs r0, #0
18126 str r5, [sp, #0]
18128 bl fn_08009EBC
1812c cmp r5, #1
1812e beq.n 8018138 
18130 movw r0, #389 @ 0x185
18134 cmp r5, r0
18136 bne.n 8018140 
18138 mov r1, r5
1813a add r0, sp, #4
1813c bl fn_08017AD8
18140 addw sp, sp, #1028 @ 0x404
18144 pop {r4, r5, r6, r7, pc}
18146 movs r0, r0
18148 lsls r4, r0, #3
1814a movs r0, #0
1814c adds r1, #117 @ 0x75
1814e add r6, r6
18150 strb r1, [r4, #17]
18152 ldr r4, [pc, #388] ; =0xA30E6085 
18154 ldr r5, [r4, #100] @ 0x64
18156 subs r5, #32
18158 movs r5, #32
1815a lsls r4, r4, #1
1815c cmp r6, #46 @ 0x2e
1815e strb r4, [r3, #13]
18160 str r2, [r6, #52] @ 0x34
18162 str r4, [r3, #20]
18164 strb r0, [r6, #1]
18166 strb r4, [r3, #21]
18168 str r0, [r6, #68] @ 0x44
1816a strb r1, [r4, #17]
1816c ldrb r5, [r4, r1]
1816e strb r5, [r6, #1]
18170 str r4, [r4, #20]
18172 str r4, [r6, #84] @ 0x54
18174 str r6, [r5, #48] @ 0x30
18176 movs r0, r0
18178 subs r0, #117 @ 0x75
1817a str r2, [r2, #84] @ 0x54
1817c str r1, [r4, #68] @ 0x44
1817e str r4, [r1, #84] @ 0x54
18180 movs r0, #110 @ 0x6e
18182 movs r0, #61 @ 0x3d
18184 str r5, [r4, #64] @ 0x40
18186 movs r0, r0
18188 cmp r5, #45 @ 0x2d
1818a strb r5, [r5, #12]
1818c ldr r5, [r4, #100] @ 0x64
1818e movs r0, #100 @ 0x64
18190 ldr r4, [r6, #116] @ 0x74
18192 str r0, [r4, #32]
18194 movs r0, #116 @ 0x74
18196 ldr r7, [r5, #52] @ 0x34
18198 cmp r5, #45 @ 0x2d
1819a movs r5, r5
1819c cmp r5, #45 @ 0x2d
1819e strh r5, [r5, r0]
181a0 strb r3, [r4, #25]
181a2 str r0, [r4, #32]
181a4 movs r0, #116 @ 0x74
181a6 str r4, [r4, #20]
181a8 str r4, [r6, #20]
181aa movs r5, #32
181ac lsls r4, r4, #1
181ae movs r0, r0

; ===== fn_080181B0  (called 0 x)
181b0 push {r4, r5, r6, r7, lr}
181b2 subw sp, sp, #1028 @ 0x404
181b6 mov r7, r0
181b8 mov r5, r1
181ba movs r4, #0
181bc movs r6, #0
181be cmp r5, #2
181c0 blt.n 80181c8 
181c2 cmp.w r5, #512 @ 0x200
181c6 ble.n 80181ce 
181c8 addw sp, sp, #1028 @ 0x404
181cc pop {r4, r5, r6, r7, pc}
181ce mov.w r1, #512 @ 0x200
181d2 add r0, sp, #516 @ 0x204
181d4 bl fn_08008246
181d8 mov r2, r5
181da mov r1, r7
181dc add r0, sp, #516 @ 0x204
181de bl fn_08008214
181e2 add r1, pc, #200 @ (adr r1, 80182ac ) ; =0x080182AC "+QIURC"
181e4 add r0, sp, #516 @ 0x204
181e6 bl fn_0800825C
181ea cbz r0, 801821c 
181ec cmp r5, #10
181ee ble.n 801821c 
181f0 cmp.w r5, #512 @ 0x200
181f4 bge.n 801821c 
181f6 mov.w r1, #512 @ 0x200
181fa add r0, sp, #4
181fc bl fn_08008246
18200 add r1, pc, #176 @ (adr r1, 80182b4 ) ; =0x080182B4 "AT+QIRD=0,512\r\n"
18202 add r0, sp, #4
18204 bl fn_0800C990
18208 add r0, sp, #4
1820a bl fn_08008298
1820e uxth r6, r0
18210 mov r2, r6
18212 add r1, sp, #4
18214 movs r0, #4
18216 bl fn_0800A924
1821a b.n 80182a8 
1821c add r1, pc, #164 @ (adr r1, 80182c4 ) ; =0x080182C4 "+QIRD"
1821e add r0, sp, #516 @ 0x204
18220 bl fn_0800825C
18224 cmp r0, #0
18226 beq.n 80182a8 
18228 cmp r5, #10
1822a ble.n 80182a8 
1822c cmp.w r5, #512 @ 0x200
18230 bge.n 80182a8 
18232 b.n 801823e 
18234 adds r0, r4, #1
18236 uxtb r4, r0
18238 cmp r4, r5
1823a ble.n 801823e 
1823c b.n 8018250 
1823e add r0, sp, #516 @ 0x204
18240 ldrb r0, [r0, r4]
18242 cmp r0, #82 @ 0x52
18244 beq.n 8018250 
18246 add r1, sp, #516 @ 0x204
18248 adds r0, r4, #1
1824a ldrb r0, [r1, r0]
1824c cmp r0, #68 @ 0x44
1824e bne.n 8018234 
18250 nop
18252 adds r0, r4, #4
18254 uxtb r4, r0
18256 movs r6, #0
18258 b.n 8018272 
1825a add r0, sp, #516 @ 0x204
1825c ldrb r0, [r0, r4]
1825e subs r0, #48 @ 0x30
18260 movs r1, #10
18262 mla r0, r1, r6, r0
18266 uxth r6, r0
18268 adds r0, r4, #1
1826a uxtb r4, r0
1826c cmp r4, r5
1826e ble.n 8018272 
18270 b.n 8018284 
18272 add r0, sp, #516 @ 0x204
18274 ldrb r0, [r0, r4]
18276 cmp r0, #13
18278 beq.n 8018284 
1827a add r1, sp, #516 @ 0x204
1827c adds r0, r4, #1
1827e ldrb r0, [r1, r0]
18280 cmp r0, #10
18282 bne.n 801825a 
18284 nop
18286 adds r0, r4, #2
18288 uxtb r4, r0
1828a mov.w r1, #512 @ 0x200
1828e add r0, sp, #4
18290 bl fn_08008246
18294 add r0, sp, #516 @ 0x204
18296 adds r1, r0, r4
18298 mov r2, r6
1829a add r0, sp, #4
1829c bl fn_08008214
182a0 mov r1, r6
182a2 add r0, sp, #4
182a4 bl fn_08017AD8
182a8 nop
182aa b.n 80181c8 
182ac str r3, [r5, r4]
182ae strb r1, [r1, r5]
182b0 muls r2, r2
182b2 movs r0, r0
182b4 strb r1, [r0, r1]
182b6 str r3, [r5, r4]
182b8 strh r1, [r1, r1]
182ba subs r5, #68 @ 0x44
182bc cmp r4, #48 @ 0x30
182be adds r1, #53 @ 0x35
182c0 lsrs r2, r6, #20
182c2 movs r2, r1
182c4 str r3, [r5, r4]
182c6 strh r1, [r1, r1]
182c8 lsls r4, r0, #1
182ca movs r0, r0

; ===== fn_080182CC  (called 1 x)
182cc push {r2, r3, r4, r5, r6, lr}
182ce mov r4, r0
182d0 mov r5, r1
182d2 movs r6, #0
182d4 ldr r0, [pc, #56] ; =0x200029D0 ram_200029D0
182d6 str r4, [r0, #4]
182d8 str r5, [r0, #8]
182da add r3, pc, #56 @ (adr r3, 8018314 ) ; =0x08018314 "APP Len: %d, CheckSum32: %d"
182dc movw r2, #994 @ 0x3e2
182e0 add r1, pc, #76 @ (adr r1, 8018330 ) ; =0x08018330 "..\\src\\app\\update\\update.c"
182e2 movs r0, #0
182e4 strd r4, r5, [sp]
182e8 bl fn_08009EBC
182ec ldr r0, [pc, #32] ; =0x200029D0 ram_200029D0
182ee ldr r0, [r0, #12]
182f0 cmp r0, r4
182f2 bcs.n 801830a 
182f4 ldr r0, [pc, #24] ; =0x200029D0 ram_200029D0
182f6 ldr r0, [r0, #12]
182f8 add r3, pc, #80 @ (adr r3, 801834c ) ; =0x0801834C "%d, %d"
182fa movw r2, #998 @ 0x3e6
182fe add r1, pc, #48 @ (adr r1, 8018330 ) ; =0x08018330 "..\\src\\app\\update\\update.c"
18300 strd r0, r4, [sp]
18304 movs r0, #3
18306 bl fn_08009EBC
1830a mov r0, r6
1830c pop {r2, r3, r4, r5, r6, pc}
1830e movs r0, r0
18310 cmp r1, #208 @ 0xd0
18312 movs r0, #0
18314 str r1, [r0, r1]
18316 movs r0, #80 @ 0x50
18318 str r4, [r1, #84] @ 0x54
1831a subs r2, #110 @ 0x6e
1831c movs r5, #32
1831e cmp r4, #100 @ 0x64
18320 orrs r0, r4
18322 str r0, [r5, #84] @ 0x54
18324 ldr r3, [r4, #52] @ 0x34
18326 strb r3, [r2, #21]
18328 adds r3, #109 @ 0x6d
1832a subs r2, #50 @ 0x32
1832c movs r5, #32
1832e lsls r4, r4, #1
18330 cmp r6, #46 @ 0x2e
18332 strb r4, [r3, #13]
18334 str r2, [r6, #52] @ 0x34
18336 str r4, [r3, #20]
18338 strb r0, [r6, #1]
1833a strb r4, [r3, #21]
1833c str r0, [r6, #68] @ 0x44
1833e strb r1, [r4, #17]
18340 ldrb r5, [r4, r1]
18342 strb r5, [r6, #1]
18344 str r4, [r4, #20]
18346 str r4, [r6, #84] @ 0x54
18348 str r6, [r5, #48] @ 0x30
1834a movs r0, r0
1834c str r5, [r4, #64] @ 0x40
1834e movs r0, #44 @ 0x2c
18350 str r5, [r4, #64] @ 0x40
18352 movs r0, r0

; ===== fn_08018354  (called 1 x)
18354 push {r0, r1, r2, r3, r4, lr}
18356 movs r0, #0
18358 str r0, [sp, #0]
1835a str r0, [sp, #4]
1835c str r0, [sp, #8]
1835e str r0, [sp, #12]
18360 ldr r0, [pc, #144] ; =0x200029D0 ram_200029D0
18362 ldrb r0, [r0, #0]
18364 cbnz r0, 801837e 
18366 movs r1, #200 @ 0xc8
18368 movs r0, #0
1836a bl fn_0800AAA8
1836e movs r2, #0
18370 ldr r1, [pc, #132] ; =0x08017AD9 fn_08017AD8
18372 mov r0, r2
18374 bl fn_0800AA4C
18378 ldr r0, [pc, #128] ; =0x080185CD fn_080185CC
1837a str r0, [sp, #8]
1837c b.n 80183da 
1837e ldr r0, [pc, #116] ; =0x200029D0 ram_200029D0
18380 ldrb r0, [r0, #0]
18382 cmp r0, #1
18384 bne.n 801839e 
18386 movs r1, #200 @ 0xc8
18388 movs r0, #4
1838a bl fn_0800AAA8
1838e movs r2, #0
18390 ldr r1, [pc, #108] ; =0x080181B1 fn_080181B0
18392 movs r0, #4
18394 bl fn_0800AA4C
18398 ldr r0, [pc, #104] ; =0x08018425 fn_08018424
1839a str r0, [sp, #8]
1839c b.n 80183da 
1839e ldr r0, [pc, #84] ; =0x200029D0 ram_200029D0
183a0 ldrb r0, [r0, #0]
183a2 cmp r0, #3
183a4 bne.n 80183bc 
183a6 movs r1, #200 @ 0xc8
183a8 bl fn_0800AAA8
183ac movs r2, #0
183ae ldr r1, [pc, #88] ; =0x08017FF5 fn_08017FF4
183b0 movs r0, #3
183b2 bl fn_0800AA4C
183b6 ldr r0, [pc, #84] ; =0x080184C5 fn_080184C4
183b8 str r0, [sp, #8]
183ba b.n 80183da 
183bc ldr r0, [pc, #52] ; =0x200029D0 ram_200029D0
183be ldrb r0, [r0, #0]
183c0 cmp r0, #2
183c2 bne.n 80183da 
183c4 movs r1, #200 @ 0xc8
183c6 movs r0, #4
183c8 bl fn_0800AAA8
183cc movs r2, #0
183ce ldr r1, [pc, #56] ; =0x08017FF5 fn_08017FF4
183d0 movs r0, #4
183d2 bl fn_0800AA4C
183d6 ldr r0, [pc, #56] ; =0x080185E1 fn_080185E0
183d8 str r0, [sp, #8]
183da mov.w r0, #384 @ 0x180
183de str r0, [sp, #0]
183e0 movs r0, #0
183e2 strb.w r0, [sp, #4]
183e6 ldr r0, [pc, #44] ; =0x08017B8D fn_08017B8C
183e8 str r0, [sp, #12]
183ea mov r0, sp
183ec bl fn_0800C8D4
183f0 pop {r0, r1, r2, r3, r4, pc}
183f2 movs r0, r0
183f4 cmp r1, #208 @ 0xd0
183f6 movs r0, #0
183f8 ldrb r1, [r3, #11]
183fa lsrs r1, r0, #32
183fc strh r5, [r1, #46] @ 0x2e
183fe lsrs r1, r0, #32
18400 strh r1, [r6, #12]
18402 lsrs r1, r0, #32
18404 strh r5, [r4, #32]
18406 lsrs r1, r0, #32
18408 ldrb r5, [r6, #31]
1840a lsrs r1, r0, #32
1840c strh r5, [r0, #38] @ 0x26
1840e lsrs r1, r0, #32
18410 strh r1, [r4, #46] @ 0x2e
18412 lsrs r1, r0, #32
18414 ldrb r5, [r1, #14]
18416 lsrs r1, r0, #32

; ===== fn_08018418  (called 7 x)
18418 push {r4, lr}
1841a mov r4, r0
1841c mov r0, r4
1841e bl fn_08009FC4
18422 pop {r4, pc}

; ===== fn_08018424  (called 0 x)
18424 push {r4, r5, r6, lr}
18426 sub sp, #72 @ 0x48
18428 mov r4, r0
1842a mov r5, r1
1842c movs r6, #0
1842e nop
18430 movs r1, #64 @ 0x40
18432 add r0, sp, #8
18434 bl fn_08008246
18438 mov r2, r5
1843a add r1, pc, #80 @ (adr r1, 801848c ) ; =0x0801848C "AT+QISEND=0,%d\r\n"
1843c add r0, sp, #8
1843e bl fn_0800C990
18442 add r0, sp, #8
18444 bl fn_08008298
18448 uxtb r6, r0
1844a mov r2, r6
1844c add r1, sp, #8
1844e movs r0, #4
18450 bl fn_0800A924
18454 add r3, sp, #8
18456 mov.w r2, #356 @ 0x164
1845a add r1, pc, #68 @ (adr r1, 80184a0 ) ; =0x080184A0 "..\\src\\app\\update\\update.c"
1845c movs r0, #1
1845e bl fn_08009EBC
18462 movs r0, #3
18464 bl fn_0800A6C0
18468 mov r2, r5
1846a mov r1, r4
1846c movs r0, #4
1846e bl fn_0800A924
18472 ldrb r0, [r4, #0]
18474 add r3, pc, #68 @ (adr r3, 80184bc ) ; =0x080184BC "%02X"
18476 mov.w r2, #360 @ 0x168
1847a add r1, pc, #36 @ (adr r1, 80184a0 ) ; =0x080184A0 "..\\src\\app\\update\\update.c"
1847c str r0, [sp, #0]
1847e movs r0, #1
18480 bl fn_08009EBC
18484 nop
18486 add sp, #72 @ 0x48
18488 pop {r4, r5, r6, pc}
1848a movs r0, r0
1848c strb r1, [r0, r1]
1848e str r3, [r5, r4]
18490 strh r1, [r1, r5]
18492 ldr r6, [pc, #276] ; =0x646E6553 
18494 subs r5, #68 @ 0x44
18496 cmp r4, #48 @ 0x30
18498 str r5, [r4, #64] @ 0x40
1849a lsrs r5, r1, #8
1849c movs r0, r0
1849e movs r0, r0
184a0 cmp r6, #46 @ 0x2e
184a2 strb r4, [r3, #13]
184a4 str r2, [r6, #52] @ 0x34
184a6 str r4, [r3, #20]
184a8 strb r0, [r6, #1]
184aa strb r4, [r3, #21]
184ac str r0, [r6, #68] @ 0x44
184ae strb r1, [r4, #17]
184b0 ldrb r5, [r4, r1]
184b2 strb r5, [r6, #1]
184b4 str r4, [r4, #20]
184b6 str r4, [r6, #84] @ 0x54
184b8 str r6, [r5, #48] @ 0x30
184ba movs r0, r0
184bc adds r0, #37 @ 0x25
184be ldr r2, [r6, r0]
184c0 movs r0, r0
184c2 movs r0, r0

; ===== fn_080184C4  (called 2 x)
184c4 push {r4, r5, r6, lr}
184c6 sub.w sp, sp, #520 @ 0x208
184ca mov r6, r0
184cc mov r5, r1
184ce movs r4, #0
184d0 nop
184d2 cmp r5, #253 @ 0xfd
184d4 ble.n 80184d8 
184d6 b.n 801859a 
184d8 mov.w r1, #256 @ 0x100
184dc add r0, sp, #8
184de bl fn_08008246
184e2 mov r2, r5
184e4 mov r1, r6
184e6 add r0, sp, #8
184e8 bl fn_08008214
184ec mov.w r1, #256 @ 0x100
184f0 add r0, sp, #264 @ 0x108
184f2 bl fn_08008246
184f6 ldr r0, [pc, #172] ; =0x200000C4 ram_200000C4
184f8 ldrb r0, [r0, #0]
184fa cmp r0, #1
184fc bne.n 8018530 
184fe movs r2, #1
18500 mov r0, r4
18502 adds r1, r4, #1
18504 uxtb r4, r1
18506 add r1, sp, #264 @ 0x108
18508 strb r2, [r1, r0]
1850a movs r2, #5
1850c mov r0, r4
1850e adds r1, r4, #1
18510 uxtb r4, r1
18512 add r1, sp, #264 @ 0x108
18514 strb r2, [r1, r0]
18516 mov r0, r4
18518 adds r1, r4, #1
1851a uxtb r4, r1
1851c add r1, sp, #264 @ 0x108
1851e strb r5, [r1, r0]
18520 adds r0, r1, r4
18522 mov r2, r5
18524 add r1, sp, #8
18526 bl fn_08008214
1852a adds r0, r4, r5
1852c uxtb r4, r0
1852e b.n 801857c 
18530 movs r2, #1
18532 mov r0, r4
18534 adds r1, r4, #1
18536 uxtb r4, r1
18538 add r1, sp, #264 @ 0x108
1853a strb r2, [r1, r0]
1853c movs r2, #9
1853e mov r0, r4
18540 adds r1, r4, #1
18542 uxtb r4, r1
18544 add r1, sp, #264 @ 0x108
18546 strb r2, [r1, r0]
18548 adds r0, r5, #2
1854a uxtb r2, r0
1854c mov r0, r4
1854e adds r1, r4, #1
18550 uxtb r4, r1
18552 add r1, sp, #264 @ 0x108
18554 strb r2, [r1, r0]
18556 movs r2, #42 @ 0x2a
18558 mov r0, r4
1855a adds r1, r4, #1
1855c uxtb r4, r1
1855e add r1, sp, #264 @ 0x108
18560 strb r2, [r1, r0]
18562 movs r2, #0
18564 mov r0, r4
18566 adds r1, r4, #1
18568 uxtb r4, r1
1856a add r1, sp, #264 @ 0x108
1856c strb r2, [r1, r0]
1856e adds r0, r1, r4
18570 mov r2, r5
18572 add r1, sp, #8
18574 bl fn_08008214
18578 adds r0, r4, r5
1857a uxtb r4, r0
1857c mov r2, r4
1857e add r1, sp, #264 @ 0x108
18580 movs r0, #3
18582 bl fn_0800A924
18586 ldrb r0, [r6, #0]
18588 add r3, pc, #28 @ (adr r3, 80185a8 ) ; =0x080185A8 "Send %x"
1858a mov.w r2, #464 @ 0x1d0
1858e add r1, pc, #32 @ (adr r1, 80185b0 ) ; =0x080185B0 "..\\src\\app\\update\\update.c"
18590 str r0, [sp, #0]
18592 movs r0, #1
18594 bl fn_08009EBC
18598 nop
1859a nop
1859c add.w sp, sp, #520 @ 0x208
185a0 pop {r4, r5, r6, pc}
185a2 movs r0, r0
185a4 lsls r4, r0, #3
185a6 movs r0, #0
185a8 str r3, [r2, #84] @ 0x54
185aa str r6, [r5, #68] @ 0x44
185ac movs r5, #32
185ae lsls r0, r7, #1
185b0 cmp r6, #46 @ 0x2e
185b2 strb r4, [r3, #13]
185b4 str r2, [r6, #52] @ 0x34
185b6 str r4, [r3, #20]
185b8 strb r0, [r6, #1]
185ba strb r4, [r3, #21]
185bc str r0, [r6, #68] @ 0x44
185be strb r1, [r4, #17]
185c0 ldrb r5, [r4, r1]
185c2 strb r5, [r6, #1]
185c4 str r4, [r4, #20]
185c6 str r4, [r6, #84] @ 0x54
185c8 str r6, [r5, #48] @ 0x30
185ca movs r0, r0

; ===== fn_080185CC  (called 0 x)
185cc push {r4, r5, r6, lr}
185ce mov r4, r0
185d0 mov r5, r1
185d2 mov r2, r5
185d4 mov r1, r4
185d6 movs r0, #0
185d8 bl fn_0800A924
185dc pop {r4, r5, r6, pc}
185de movs r0, r0

; ===== fn_080185E0  (called 0 x)
185e0 push {r4, r5, r6, lr}
185e2 sub.w sp, sp, #776 @ 0x308
185e6 mov r6, r0
185e8 mov r5, r1
185ea movs r4, #0
185ec nop
185ee mov.w r1, #256 @ 0x100
185f2 add r0, sp, #8
185f4 bl fn_08008246
185f8 mov r2, r5
185fa mov r1, r6
185fc add r0, sp, #8
185fe bl fn_08008214
18602 mov.w r1, #512 @ 0x200
18606 add r0, sp, #264 @ 0x108
18608 bl fn_08008246
1860c lsls r2, r5, #1
1860e add r1, pc, #112 @ (adr r1, 8018680 ) ; =0x08018680 "AT+QDATAFWD=0,3,%d,"
18610 add r0, sp, #264 @ 0x108
18612 bl fn_0800C990
18616 add r0, sp, #264 @ 0x108
18618 bl fn_08008298
1861c uxth r4, r0
1861e movs r2, #34 @ 0x22
18620 mov r0, r4
18622 adds r1, r4, #1
18624 uxth r4, r1
18626 add r1, sp, #264 @ 0x108
18628 strb r2, [r1, r0]
1862a adds r0, r1, r4
1862c mov r3, r5
1862e add r2, sp, #8
18630 mov.w r1, #512 @ 0x200
18634 bl fn_0800C304
18638 movs r0, #2
1863a mla r0, r0, r5, r4
1863e uxth r4, r0
18640 movs r2, #34 @ 0x22
18642 mov r0, r4
18644 adds r1, r4, #1
18646 uxth r4, r1
18648 add r1, sp, #264 @ 0x108
1864a strb r2, [r1, r0]
1864c add r0, sp, #264 @ 0x108
1864e add r0, r4
18650 add r1, pc, #64 @ (adr r1, 8018694 ) ; =0x08018694 ",1\r\n"
18652 ldr r1, [r1, #0]
18654 str r1, [r0, #0]
18656 adds r0, r4, #4
18658 uxth r4, r0
1865a mov r2, r4
1865c add r1, sp, #264 @ 0x108
1865e movs r0, #4
18660 bl fn_0800A924
18664 add r0, sp, #264 @ 0x108
18666 add r3, pc, #52 @ (adr r3, 801869c ) ; =0x0801869C "send to wifi len = %d,--,%s"
18668 movw r2, #405 @ 0x195
1866c add r1, pc, #72 @ (adr r1, 80186b8 ) ; =0x080186B8 "..\\src\\app\\update\\update.c"
1866e strd r4, r0, [sp]
18672 movs r0, #1
18674 bl fn_08009EBC
18678 nop
1867a add.w sp, sp, #776 @ 0x308
1867e pop {r4, r5, r6, pc}
18680 strb r1, [r0, r1]
18682 str r3, [r5, r4]
18684 adcs r4, r0
18686 adcs r4, r2
18688 ldrsb r6, [r0, r5]
1868a subs r5, #68 @ 0x44
1868c cmp r4, #48 @ 0x30
1868e cmp r4, #51 @ 0x33
18690 str r5, [r4, #64] @ 0x40
18692 movs r4, r5
18694 adds r1, #44 @ 0x2c
18696 lsrs r5, r1, #8
18698 movs r0, r0
1869a movs r0, r0
1869c str r3, [r6, #84] @ 0x54
1869e str r6, [r5, #68] @ 0x44
186a0 strb r0, [r4, #16]
186a2 movs r0, #111 @ 0x6f
186a4 ldr r7, [r6, #20]
186a6 ldr r6, [r4, #20]
186a8 ldr r0, [r4, #64] @ 0x40
186aa ldr r5, [r4, #100] @ 0x64
186ac subs r5, #32
186ae movs r5, #32
186b0 cmp r4, #100 @ 0x64
186b2 cmp r5, #45 @ 0x2d
186b4 movs r5, #44 @ 0x2c
186b6 lsls r3, r6, #1
186b8 cmp r6, #46 @ 0x2e
186ba strb r4, [r3, #13]
186bc str r2, [r6, #52] @ 0x34
186be str r4, [r3, #20]
186c0 strb r0, [r6, #1]
186c2 strb r4, [r3, #21]
186c4 str r0, [r6, #68] @ 0x44
186c6 strb r1, [r4, #17]
186c8 ldrb r5, [r4, r1]
186ca strb r5, [r6, #1]
186cc str r4, [r4, #20]
186ce str r4, [r6, #84] @ 0x54
186d0 str r6, [r5, #48] @ 0x30
186d2 movs r0, r0

; ===== fn_080186D4  (called 5 x)
186d4 stmdb sp!, {r4, r5, r6, r7, r8, r9, sl, lr}
186d8 mov r4, r0
186da mov r5, r1
186dc movs r7, #0
186de mov r8, r7
186e0 mov r9, r7
186e2 movs r6, #0
186e4 ldr r1, [pc, #116] ; =0x40004C00 UART3
186e6 subs r0, r4, r1
186e8 cmp r4, r1
186ea beq.n 8018726 
186ec bgt.n 80186fc 
186ee ldr r0, [pc, #112] ; =0xBFFFBC00 
186f0 add r0, r4
186f2 cbz r0, 8018712 
186f4 cmp.w r0, #1024 @ 0x400
186f8 bne.n 801873a 
186fa b.n 801871c 
186fc cmp.w r0, #1024 @ 0x400
18700 beq.n 8018730 
18702 cmp.w r0, #60416 @ 0xec00
18706 bne.n 801873a 
18708 movs r0, #3
1870a bl fn_08016460
1870e mov r7, r0
18710 b.n 801873c 
18712 movs r0, #2
18714 bl fn_08016460
18718 mov r7, r0
1871a b.n 801873c 
1871c movs r0, #2
1871e bl fn_08016460
18722 mov r7, r0
18724 b.n 801873c 
18726 movs r0, #2
18728 bl fn_08016460
1872c mov r7, r0
1872e b.n 801873c 
18730 movs r0, #2
18732 bl fn_08016460
18736 mov r7, r0
18738 b.n 801873c 
1873a nop
1873c nop
1873e add.w r0, r7, r5, lsr #1
18742 udiv r6, r0, r5
18746 movw r0, #65520 @ 0xfff0
1874a and.w r8, r6, r0
1874e and.w r9, r6, #15
18752 orr.w r0, r8, r9
18756 str r0, [r4, #8]
18758 ldmia.w sp!, {r4, r5, r6, r7, r8, r9, sl, pc}
1875c ldr r4, [pc, #0] ; =0xBFFFBC00 
1875e ands r0, r0
18760 pop {}
18762 itttt <und>

; ===== fn_08018764  (called 2 x)
18764 mov<und> r1, r0
18766 ldr<und> r0, [r1, #4]
18768 ubfx<und> r0, r0, #0, #9
1876c bx<und> lr

; ===== fn_0801876E  (called 1 x)
1876e ubfx r2, r1, #0, #9
18772 str r2, [r0, #4]
18774 bx lr
18776 movs r0, r0

; ===== fn_08018778  (called 10 x)
18778 push {r4, lr}
1877a mov r4, r0
1877c ldr r1, [pc, #128] ; =0x40004C00 UART3
1877e subs r0, r4, r1
18780 cmp r4, r1
18782 beq.n 80187d6 
18784 bgt.n 8018794 
18786 ldr r0, [pc, #124] ; =0xBFFFBC00 
18788 add r0, r4
1878a cbz r0, 80187b2 
1878c cmp.w r0, #1024 @ 0x400
18790 bne.n 80187fa 
18792 b.n 80187c4 
18794 cmp.w r0, #1024 @ 0x400
18798 beq.n 80187e8 
1879a cmp.w r0, #60416 @ 0xec00
1879e bne.n 80187fa 
187a0 movw r0, #782 @ 0x30e
187a4 bl fn_08016860
187a8 movw r0, #782 @ 0x30e
187ac bl fn_08016840
187b0 b.n 80187fc 
187b2 movw r0, #1041 @ 0x411
187b6 bl fn_08016860
187ba movw r0, #1041 @ 0x411
187be bl fn_08016840
187c2 b.n 80187fc 
187c4 movw r0, #1042 @ 0x412
187c8 bl fn_08016860
187cc movw r0, #1042 @ 0x412
187d0 bl fn_08016840
187d4 b.n 80187fc 
187d6 movw r0, #1043 @ 0x413
187da bl fn_08016860
187de movw r0, #1043 @ 0x413
187e2 bl fn_08016840
187e6 b.n 80187fc 
187e8 movw r0, #1044 @ 0x414
187ec bl fn_08016860
187f0 movw r0, #1044 @ 0x414
187f4 bl fn_08016840
187f8 b.n 80187fc 
187fa nop
187fc nop
187fe pop {r4, pc}
18800 ldr r4, [pc, #0] ; =0xBFFFBC00 
18802 ands r0, r0
18804 pop {}
18806 itttt <und>

; ===== fn_08018808  (called 2 x)
18808 ldr<und> r1, [r0, #12]
1880a bic<und>.w r1, r1, #8192 @ 0x2000
1880e str<und> r1, [r0, #12]
18810 bx<und> lr

; ===== fn_08018812  (called 5 x)
18812 ldr r1, [r0, #12]
18814 orr.w r1, r1, #8192 @ 0x2000
18818 str r1, [r0, #12]
1881a bx lr

; ===== fn_0801881C  (called 1 x)
1881c push {r4, lr}
1881e mov r2, r0
18820 add.w r0, r2, r1, lsr #6
18824 ldr r0, [r0, #0]
18826 and.w r4, r1, #31
1882a movs r3, #1
1882c lsls r3, r4
1882e ands r0, r3
18830 cbz r0, 8018836 
18832 movs r0, #1
18834 pop {r4, pc}
18836 movs r0, #0
18838 b.n 8018834 

; ===== fn_0801883A  (called 1 x)
1883a push {r4, lr}
1883c add.w r2, r0, r1, lsr #6
18840 ldr r2, [r2, #0]
18842 and.w r4, r1, #31
18846 movs r3, #1
18848 lsls r3, r4
1884a bics r2, r3
1884c add.w r3, r0, r1, lsr #6
18850 str r2, [r3, #0]
18852 pop {r4, pc}

; ===== fn_08018854  (called 11 x)
18854 push {r4, lr}
18856 add.w r2, r0, r1, lsr #6
1885a ldr r2, [r2, #0]
1885c and.w r4, r1, #31
18860 movs r3, #1
18862 lsls r3, r4
18864 orrs r2, r3
18866 add.w r3, r0, r1, lsr #6
1886a str r2, [r3, #0]
1886c pop {r4, pc}

; ===== fn_0801886E  (called 2 x)
1886e push {r4, r5, r6, lr}
18870 mov r2, r0
18872 movs r3, #0
18874 movs r4, #0
18876 ubfx r0, r1, #6, #10
1887a ldr r0, [r2, r0]
1887c and.w r6, r1, #31
18880 movs r5, #1
18882 lsls r5, r6
18884 and.w r3, r0, r5
18888 add.w r0, r2, r1, lsr #22
1888c ldr r0, [r0, #0]
1888e ubfx r6, r1, #16, #5
18892 movs r5, #1
18894 lsls r5, r6
18896 and.w r4, r0, r5
1889a cbz r4, 80188a2 
1889c cbz r3, 80188a2 
1889e movs r0, #1
188a0 pop {r4, r5, r6, pc}
188a2 movs r0, #0
188a4 b.n 80188a0 

; ===== fn_080188A6  (called 5 x)
188a6 ldr r2, [r0, #12]
188a8 bic.w r2, r2, #1536 @ 0x600
188ac str r2, [r0, #12]
188ae ldr r2, [r0, #12]
188b0 orrs r2, r1
188b2 str r2, [r0, #12]
188b4 bx lr

; ===== fn_080188B6  (called 5 x)
188b6 ldr r2, [r0, #12]
188b8 bic.w r2, r2, #4
188bc str r2, [r0, #12]
188be ldr r2, [r0, #12]
188c0 and.w r3, r1, #4
188c4 orrs r2, r3
188c6 str r2, [r0, #12]
188c8 bx lr

; ===== fn_080188CA  (called 5 x)
188ca ldr r2, [r0, #12]
188cc bic.w r2, r2, #8
188d0 str r2, [r0, #12]
188d2 ldr r2, [r0, #12]
188d4 and.w r3, r1, #8
188d8 orrs r2, r3
188da str r2, [r0, #12]
188dc bx lr

; ===== fn_080188DE  (called 5 x)
188de ldr r2, [r0, #12]
188e0 bic.w r2, r2, #4096 @ 0x1000
188e4 str r2, [r0, #12]
188e6 ldr r2, [r0, #12]
188e8 orrs r2, r1
188ea str r2, [r0, #12]
188ec bx lr

; ===== fn_080188EE  (called 1 x)
188ee push {r4, lr}
188f0 mov r2, r0
188f2 movs r3, #0
188f4 str r3, [r1, #0]
188f6 str r3, [r1, #4]
188f8 str r3, [r1, #8]
188fa str r3, [r1, #12]
188fc ldr r0, [r2, #0]
188fe ldrb r3, [r0, #0]
18900 strb r3, [r1, #0]
18902 adds r0, r0, #1
18904 ldrb r3, [r1, #0]
18906 cmp r3, #1
18908 bne.n 8018948 
1890a ldrb r3, [r0, #0]
1890c strb r3, [r1, #1]
1890e adds r0, r0, #1
18910 ldrb r3, [r0, #0]
18912 strb r3, [r1, #2]
18914 adds r0, r0, #1
18916 str r0, [r1, #4]
18918 ldr r3, [r2, #8]
1891a add r0, r3
1891c ldr r3, [r2, #8]
1891e str r3, [r1, #8]
18920 ldrb r3, [r2, #12]
18922 cbnz r3, 8018942 
18924 ldrb r3, [r0, #0]
18926 strh r3, [r1, #12]
18928 adds r0, r0, #1
1892a ldrh r3, [r1, #12]
1892c movw r4, #65535 @ 0xffff
18930 and.w r3, r4, r3, lsl #8
18934 strh r3, [r1, #12]
18936 ldrh r3, [r1, #12]
18938 ldrb r4, [r0, #0]
1893a add r3, r4
1893c strh r3, [r1, #12]
1893e adds r0, r0, #1
18940 b.n 8018948 
18942 ldrb r3, [r0, #0]
18944 strh r3, [r1, #12]
18946 adds r0, r0, #1
18948 pop {r4, pc}
1894a movs r0, r0

; ===== fn_0801894C  (called 4 x)
1894c push {r4, lr}
1894e ldr r1, [pc, #16] ; =0x20002D08 ram_20002D08
18950 ldrb r0, [r1, #18]
18952 bl fn_0800B88C
18956 movs r0, #0
18958 ldr r1, [pc, #4] ; =0x20002D08 ram_20002D08
1895a strb r0, [r1, #19]
1895c pop {r4, pc}
1895e movs r0, r0
18960 cmp r5, #8
18962 movs r0, #0

; ===== fn_08018964  (called 9 x)
18964 push {r4, lr}
18966 sub sp, #24
18968 mov r4, r0
1896a cmp r4, #6
1896c beq.n 801897a 
1896e cmp r4, #21
18970 beq.n 801897a 
18972 cmp r4, #24
18974 beq.n 801897a 
18976 cmp r4, #67 @ 0x43
18978 bne.n 801897c 
1897a b.n 8018984 
1897c movs r1, #200 @ 0xc8
1897e add r0, pc, #32 @ (adr r0, 80189a0 ) ; =0x080189A0 "..\\src\\app\\update\\xmodem.c"
18980 bl fn_08009D9C
18984 movs r1, #24
18986 mov r0, sp
18988 bl fn_08008246
1898c strb.w r4, [sp]
18990 ldr r0, [pc, #40] ; =0x20002D08 ram_20002D08
18992 ldr r0, [r0, #8]
18994 str r0, [sp, #20]
18996 mov r0, sp
18998 bl fn_08018A6C
1899c add sp, #24
1899e pop {r4, pc}
189a0 cmp r6, #46 @ 0x2e
189a2 strb r4, [r3, #13]
189a4 str r2, [r6, #52] @ 0x34
189a6 str r4, [r3, #20]
189a8 strb r0, [r6, #1]
189aa strb r4, [r3, #21]
189ac str r0, [r6, #68] @ 0x44
189ae strb r1, [r4, #17]
189b0 ldrb r5, [r4, r1]
189b2 ldr r0, [r7, #84] @ 0x54
189b4 str r7, [r5, #68] @ 0x44
189b6 ldr r5, [r4, #84] @ 0x54
189b8 str r6, [r5, #48] @ 0x30
189ba movs r0, r0
189bc cmp r5, #8
189be movs r0, #0

; ===== fn_080189C0  (called 4 x)
189c0 push {r4, r5, r6, lr}
189c2 mov r5, r0
189c4 mov r6, r1
189c6 mov r4, r2
189c8 ldr r0, [pc, #16] ; =0x20002D08 ram_20002D08
189ca ldr r0, [r0, #12]
189cc cbz r0, 80189da 
189ce uxth r2, r4
189d0 ldr r0, [pc, #8] ; =0x20002D08 ram_20002D08
189d2 mov r1, r6
189d4 ldr r3, [r0, #12]
189d6 mov r0, r5
189d8 blx r3
189da pop {r4, r5, r6, pc}
189dc cmp r5, #8
189de movs r0, #0

; ===== fn_080189E0  (called 0 x)
189e0 push {r4, r5, r6, lr}
189e2 mov r4, r0
189e4 mov r5, r1
189e6 ldr r0, [pc, #96] ; =0x20002D08 ram_20002D08
189e8 ldrb r0, [r0, #19]
189ea cmp r0, #1
189ec beq.n 80189f6 
189ee ldr r0, [pc, #88] ; =0x20002D08 ram_20002D08
189f0 ldrb r0, [r0, #19]
189f2 cmp r0, #2
189f4 bne.n 8018a38 
189f6 ldr r0, [pc, #80] ; =0x20002D08 ram_20002D08
189f8 ldrb r0, [r0, #17]
189fa adds r0, r0, #1
189fc ldr r1, [pc, #72] ; =0x20002D08 ram_20002D08
189fe strb r0, [r1, #17]
18a00 mov r0, r1
18a02 ldrb r0, [r0, #17]
18a04 cmp r0, #5
18a06 blt.n 8018a18 
18a08 bl fn_0801894C
18a0c movs r2, #0
18a0e mov r1, r2
18a10 movs r0, #2
18a12 bl fn_080189C0
18a16 b.n 8018a46 
18a18 ldr r0, [pc, #44] ; =0x20002D08 ram_20002D08
18a1a ldrb r0, [r0, #19]
18a1c cmp r0, #1
18a1e bne.n 8018a28 
18a20 movs r0, #67 @ 0x43
18a22 bl fn_08018964
18a26 b.n 8018a2e 
18a28 movs r0, #6
18a2a bl fn_08018964
18a2e ldr r1, [pc, #24] ; =0x20002D08 ram_20002D08
18a30 ldrb r0, [r1, #18]
18a32 bl fn_0800B97C
18a36 b.n 8018a46 
18a38 add r3, pc, #16 @ (adr r3, 8018a4c ) ; =0x08018A4C rom_08018A4C
18a3a movw r2, #297 @ 0x129
18a3e add r1, pc, #16 @ (adr r1, 8018a50 ) ; =0x08018A50 "..\\src\\app\\update\\xmodem.c"
18a40 movs r0, #3
18a42 bl fn_08009EBC
18a46 pop {r4, r5, r6, pc}
18a48 cmp r5, #8
18a4a movs r0, #0
18a4c movs r0, r0
18a4e movs r0, r0
18a50 cmp r6, #46 @ 0x2e
18a52 strb r4, [r3, #13]
18a54 str r2, [r6, #52] @ 0x34
18a56 str r4, [r3, #20]
18a58 strb r0, [r6, #1]
18a5a strb r4, [r3, #21]
18a5c str r0, [r6, #68] @ 0x44
18a5e strb r1, [r4, #17]
18a60 ldrb r5, [r4, r1]
18a62 ldr r0, [r7, #84] @ 0x54
18a64 str r7, [r5, #68] @ 0x44
18a66 ldr r5, [r4, #84] @ 0x54
18a68 str r6, [r5, #48] @ 0x30
18a6a movs r0, r0

; ===== fn_08018A6C  (called 1 x)
18a6c stmdb sp!, {r4, r5, r6, r7, r8, r9, lr}
18a70 sub sp, #396 @ 0x18c
18a72 mov r4, r0
18a74 movw r1, #389 @ 0x185
18a78 ldr r0, [r4, #8]
18a7a cmp r0, r1
18a7c bcs.n 8018a80 
18a7e b.n 8018a88 
18a80 movs r1, #78 @ 0x4e
18a82 add r0, pc, #172 @ (adr r0, 8018b30 ) ; =0x08018B30 "..\\src\\app\\update\\xmodem.c"
18a84 bl fn_08009D9C
18a88 movw r1, #389 @ 0x185
18a8c ldr r0, [r4, #12]
18a8e cmp r0, r1
18a90 bcs.n 8018a94 
18a92 b.n 8018a9c 
18a94 movs r1, #79 @ 0x4f
18a96 add r0, pc, #152 @ (adr r0, 8018b30 ) ; =0x08018B30 "..\\src\\app\\update\\xmodem.c"
18a98 bl fn_08009D9C
18a9c movs r5, #0
18a9e ldrb r0, [r4, #0]
18aa0 add r1, sp, #4
18aa2 strb r0, [r1, r5]
18aa4 adds r5, r5, #1
18aa6 ldrb r0, [r4, #0]
18aa8 cmp r0, #1
18aaa bne.n 8018b1c 
18aac ldrb r0, [r4, #1]
18aae strb r0, [r1, r5]
18ab0 adds r5, r5, #1
18ab2 ldrb r0, [r4, #1]
18ab4 mvns r0, r0
18ab6 strb r0, [r1, r5]
18ab8 adds r5, r5, #1
18aba mov r6, r5
18abc add r3, sp, #4
18abe adds r0, r3, r5
18ac0 ldrd r1, r2, [r4, #4]
18ac4 bl fn_08008214
18ac8 ldr r0, [r4, #8]
18aca add r5, r0
18acc ldrd r1, r0, [r4, #8]
18ad0 cmp r0, r1
18ad2 bls.n 8018aea 
18ad4 ldrd r1, r0, [r4, #8]
18ad8 sub.w r8, r0, r1
18adc add r1, sp, #4
18ade adds r0, r1, r5
18ae0 movs r2, #255 @ 0xff
18ae2 mov r1, r8
18ae4 bl fn_08008238
18ae8 add r5, r8
18aea ldrb r0, [r4, #16]
18aec cbnz r0, 8018b08 
18aee add r2, sp, #4
18af0 adds r0, r2, r6
18af2 ldr r1, [r4, #12]
18af4 bl fn_0800C662
18af8 mov r7, r0
18afa asrs r0, r7, #8
18afc add r1, sp, #4
18afe strb r0, [r1, r5]
18b00 adds r5, r5, #1
18b02 strb r7, [r1, r5]
18b04 adds r5, r5, #1
18b06 b.n 8018b1c 
18b08 add r2, sp, #4
18b0a adds r0, r2, r6
18b0c ldr r1, [r4, #12]
18b0e bl fn_0800C6A2
18b12 mov r9, r0
18b14 add r1, sp, #4
18b16 strb.w r9, [r1, r5]
18b1a adds r5, r5, #1
18b1c ldr r0, [r4, #20]
18b1e cbz r0, 8018b28 
18b20 uxth r1, r5
18b22 add r0, sp, #4
18b24 ldr r2, [r4, #20]
18b26 blx r2
18b28 add sp, #396 @ 0x18c
18b2a ldmia.w sp!, {r4, r5, r6, r7, r8, r9, pc}
18b2e movs r0, r0
18b30 cmp r6, #46 @ 0x2e
18b32 strb r4, [r3, #13]
18b34 str r2, [r6, #52] @ 0x34
18b36 str r4, [r3, #20]
18b38 strb r0, [r6, #1]
18b3a strb r4, [r3, #21]
18b3c str r0, [r6, #68] @ 0x44
18b3e strb r1, [r4, #17]
18b40 ldrb r5, [r4, r1]
18b42 ldr r0, [r7, #84] @ 0x54
18b44 str r7, [r5, #68] @ 0x44
18b46 ldr r5, [r4, #84] @ 0x54
18b48 str r6, [r5, #48] @ 0x30
18b4a movs r0, r0
18b4c push {r5, r6, lr}
18b4e lsrs r1, r0, #32
18b50 push {r3, r5, r6, lr}
18b52 lsrs r1, r0, #32
18b54 push {r3, r4, r6, lr}
18b56 lsrs r1, r0, #32
18b58 push {r4, r5, r6, lr}
18b5a lsrs r1, r0, #32
18b5c push {r3, r4, r5, r6, lr}
18b5e lsrs r1, r0, #32
18b60 subs r0, #0
18b62 ands r1, r0
18b64 add r0, r0
18b66 ands r0, r0
18b68 ldr r0, [pc, #0] ; =0x40004C00 UART3
18b6a ands r0, r0
18b6c ldr r4, [pc, #0] ; =0x40005000 UART4
18b6e ands r0, r0
18b70 str r0, [r0, r0]
18b72 ands r0, r0
18b74 subs r5, r3, #4
18b76 subs r4, r3, #4
18b78 subs r6, r3, #4
18b7a subs r6, r3, #4
18b7c subs r7, r3, #0
18b7e subs r7, r3, #0
18b80 movs r7, r3
18b82 movs r0, r0
18b84 push {r3, r4, r7, lr}
18b86 lsrs r1, r0, #32
18b88 push {r2, r3, r7, lr}
18b8a lsrs r1, r0, #32
18b8c push {r5, r7, lr}
18b8e lsrs r1, r0, #32
18b90 push {r4, r5, r7, lr}
18b92 lsrs r1, r0, #32
18b94 push {r6, r7, lr}
18b96 lsrs r1, r0, #32
18b98 push {r7, lr}
18b9a lsrs r1, r0, #32
18b9c movs r7, #143 @ 0x8f
18b9e lsls r0, r7, #7
18ba0 @ <UNDEFINED> instruction: 0xfc0300f4
18ba4 and.w r2, r0, #12910789 @ 0xc500c5
18ba8 lsrs r0, r0, #30
18baa lsls r0, r0, #3
18bac bmi.n 8018bb0 
18bae lsls r0, r0, #15
18bb0 cbz r0, 8018bf4 
18bb2 adds r0, r0, r7
18bb4 ldrh r0, [r0, #36] @ 0x24
18bb6 movs r1, #192 @ 0xc0
18bb8 vrhadd.s8 q1, <illegal reg q9.5>, q0
18bbc @ <UNDEFINED> instruction: 0xfb832ac0
18bc0 b.n 8018dc4 
18bc2 ldr r0, [pc, #768] ; =0x333A2000 
18bc4 str r2, [sp, #16]
18bc6 ldr r1, [pc, #768] ; =0x33402027 
18bc8 udf #0
18bca ldr r2, [pc, #768] ; =0x00202049 
18bcc subs r6, #4
18bce ldr r2, [pc, #768] ; =0x16F11FB8 
18bd0 add r2, pc, #512 @ (adr r2, 8018dd4 ) ; =0x08018DD4 rom_08018DD4
18bd2 ldr r5, [pc, #768] ; =0x966C1900 
18bd4 str r7, [r0, #96] @ 0x60
18bd6 strh r0, [r0, r3]
18bd8 ldr r7, [r0, #48] @ 0x30
18bda ldr r0, [r0, r3]
18bdc bgt.n 8018be0 
18bde movs r0, #32
18be0 addw r1, r0, #192 @ 0xc0
18be4 subs r4, r0, #0
18be6 lsls r0, r0, #15
18be8 subs r4, r0, #2
18bea lsls r0, r0, #19
18bec ldr r6, [sp, #28]
18bee lsrs r0, r0, #19
18bf0 addw r9, r6, #2496 @ 0x9c0
18bf4 ldrh r0, [r0, #8]
18bf6 subs r0, r0, r7
18bf8 strh r0, [r0, #48] @ 0x30
18bfa adds r0, r0, #3
18bfc adds r7, #0
18bfe subs r0, r0, #7
18c00 strb r7, [r0, #8]
18c02 subs r0, r0, #7
18c04 strb r7, [r0, #22]
18c06 movs r1, #192 @ 0xc0
18c08 ldr r4, [pc, #0] ; =0x24C03D07 
18c0a movs r4, #192 @ 0xc0
18c0c subs r5, #7
18c0e movs r4, #192 @ 0xc0
18c10 adds r0, #135 @ 0x87
18c12 movs r5, #192 @ 0xc0
18c14 add r7, r0
18c16 movs r5, #192 @ 0xc0
18c18 ldrh r7, [r0, r2]
18c1a movs r6, #192 @ 0xc0
18c1c strb r4, [r0, #4]
18c1e movs r6, #192 @ 0xc0
18c20 ldrb r4, [r0, #2]
18c22 adds r0, #192 @ 0xc0
18c24 ldr r2, [pc, #516] ; =0x0024421C 
18c26 adds r1, #192 @ 0xc0
18c28 ldr r1, [r0, r2]
18c2a adds r2, #192 @ 0xc0
18c2c bhi.n 8018b34 
18c2e adds r5, #192 @ 0xc0
18c30 add r2, sp, #16
18c32 adds r5, #192 @ 0xc0
18c34 bvc.n 8018b46 
18c36 subs r0, #192 @ 0xc0
18c38 ldr r0, [r0, r0]
18c3a subs r5, #192 @ 0xc0
18c3c ldr r1, [sp, #24]
18c3e subs r6, #192 @ 0xc0
18c40 bvs.n 8018b4a 
18c42 mvns r0, r0
18c44 ldr r3, [sp, #512] @ 0x200
18c46 add r8, r8
18c48 ldrh r0, [r0, #56] @ 0x38
18c4a add r8, r8
18c4c b.n 8018b56 
18c4e nop @ (mov r8, r8)
18c50 @ <UNDEFINED> instruction: 0xe9834fc0
18c54 add r6, pc, #536 @ (adr r6, 8018e70 ) ; =0x08018E70 rom_08018E70
18c56 ldrsh r0, [r0, r7]
18c58 str r6, [sp, #520] @ 0x208
18c5a str r0, [r0, #12]
18c5c ssat r3, #1, r0, lsl #27
18c60 str r5, [sp, #8]
18c62 str r0, [r0, #92] @ 0x5c
18c64 cdp 6, 0, cr6, cr3, cr0, {6}
18c68 str r7, [sp, #8]
18c6a str r0, [r0, #108] @ 0x6c
18c6c strb r1, [r0, #2]
18c6e str r0, [r0, #124] @ 0x7c
18c70 ldrh r2, [r0, #40] @ 0x28
18c72 strb r0, [r0, #7]
18c74 lsls r4, r0, #16
18c76 strb r0, [r0, #7]
18c78 ldmia r4!, {r1, r2, r7}
18c7a ldrb r0, [r0, #11]
18c7c str r0, [r0, #72] @ 0x48
18c7e movs r0, #32
18c80 addw r7, r0, #1400 @ 0x578
18c84 lsls r4, r7, #1
18c86 ands r0, r4
18c88 lsls r2, r3, #9
18c8a movs r1, #32
18c8c rev16 r3, r2
18c8e ands r0, r4
18c90 cmp r0, #62 @ 0x3e
18c92 ands r0, r4
18c94 adds r4, r2, #1
18c96 ldr??.w r0, [fp, <undefined>]
18c9a @ <UNDEFINED> instruction: 0xf4fc00f0
18c9e movs r0, #240 @ 0xf0
18ca0 strb r0, [r0, r1]
18ca2 movs r0, #120 @ 0x78
18ca4 lsls r0, r0, #1
18ca6 movs r4, #64 @ 0x40
18ca8 bcc.n 8018d18 
18caa movs r0, #173 @ 0xad
18cac strh r0, [r4, r4]
18cae ldr r6, [r3, #8]
18cb0 ldmia r3!, {}
18cb2 bge.n 8018c0e 
18cb4 ldr r3, [pc, #128] ; =0x20DE5440 
18cb6 ldr r2, [sp, #580] @ 0x244
18cb8 add r2, pc, #128 @ (adr r2, 8018d3c ) ; =0x08018D3C rom_08018D3C
18cba subs r0, r0, #4
18cbc @ <UNDEFINED> instruction: 0xfee01f01
18cc0 ldrb r6, [r4, #19]
18cc2 movs r4, #19
18cc4 lsls r1, r0, #1
18cc6 str r2, [r1, #4]
18cc8 ldmia r3!, {}
18cca ldr r4, [r5, #8]
18ccc strh r0, [r0, #0]
18cce b.n 8019102 
18cd0 strh r0, [r4, #0]
18cd2 movs r0, #0
18cd4 lsls r0, r4, #1
18cd6 ldr r0, [r0, r0]
18cd8 movs r0, r0
18cda movs r0, #0
18cdc lsls r0, r4, #1
18cde ldrb r0, [r0, #0]
18ce0 ldrb r4, [r2, #17]
18ce2 ldr r0, [r0, #0]
18ce4 strh r0, [r0, #0]
18ce6 movs r0, #22
18ce8 lsls r2, r3, #1
18cea subs r5, r2, #5
18cec @ <UNDEFINED> instruction: 0xfee06001
18cf0 strh r0, [r0, #0]
18cf2 stmia r1!, {r1, r2, r4}
18cf4 lsls r4, r2, #2
18cf6 strb r0, [r0, #0]
18cf8 asrs r0, r0, #24
18cfa ldrb r4, [r4, #0]
18cfc ldrb r4, [r6, #16]
18cfe movs r0, #0
18d00 lsls r0, r4, #1
18d02 strb r0, [r0, #0]
18d04 asrs r0, r0, #24
18d06 ldr r4, [r4, #0]
18d08 strh r0, [r0, #0]
18d0a movs r0, #22
18d0c lsls r0, r4, #1
18d0e ldr r0, [r0, #0]
18d10 stmia r3!, {}
18d12 movs r0, #216 @ 0xd8
18d14 lsls r2, r7, #1
18d16 bhi.n 8018d1a 
18d18 lsls r0, r4, #3
18d1a movs r0, #1
18d1c ldrb r0, [r0, #25]
18d1e movs r4, #83 @ 0x53
18d20 lsls r2, r7, #1
18d22 ldrb r0, [r0, #0]
18d24 @ <UNDEFINED> instruction: 0xfc547800
18d28 ldrb r0, [r5, #16]
18d2a movs r0, #0
18d2c strb r0, [r0, r5]
18d2e movs r0, #114 @ 0x72
18d30 strb r0, [r0, r1]
18d32 movs r0, #44 @ 0x2c
18d34 ldrh r4, [r6, r0]
18d36 movs r0, #39 @ 0x27
18d38 strb r0, [r0, r1]
18d3a movs r0, #222 @ 0xde
18d3c ldrh r0, [r4, r0]
18d3e ldr r2, [r3, #0]
18d40 strh r0, [r0, #56] @ 0x38
18d42 movs r0, #220 @ 0xdc
18d44 lsls r2, r7, #1
18d46 strb r0, [r0, #0]
18d48 bgt.n 8018d5a 
18d4a ldr r0, [r0, #0]
18d4c strh r0, [r0, #56] @ 0x38
18d4e stmia r0!, {r1, r3, r4, r6, r7}
18d50 strh r4, [r0, #0]
18d52 movs r0, #106 @ 0x6a
18d54 strb r0, [r4, #28]
18d56 bge.n 8018d42 
18d58 lsrs r0, r4, #32
18d5a bhi.n 8018d6e 
18d5c lsrs r0, r4, #14
18d5e movs r0, #171 @ 0xab
18d60 ldrb r0, [r0, #1]
18d62 bge.n 8018d24 
18d64 lsls r0, r4, #28
18d66 bhi.n 8018d4a 
18d68 lsrs r0, r4, #14
18d6a movs r0, #195 @ 0xc3
18d6c ldrb r0, [r0, #1]
18d6e bge.n 8018d30 
18d70 lsrs r0, r4, #12
18d72 bge.n 8018cfc 
18d74 lsls r0, r0, #29
18d76 bhi.n 8018d5a 
18d78 lsrs r0, r4, #14
18d7a movs r0, #195 @ 0xc3
18d7c ldrb r0, [r0, #1]
18d7e bge.n 8018cfc 
18d80 lsls r0, r4, #28
18d82 bge.n 8018e3a 
18d84 lsls r0, r0, #29
18d86 bhi.n 8018d6a 
18d88 lsrs r0, r4, #14
18d8a movs r0, #147 @ 0x93
18d8c ldrb r0, [r0, #1]
18d8e subs r7, #189 @ 0xbd
18d90 lsls r0, r7, #7
18d92 @ <UNDEFINED> instruction: 0xfc03e0f4
18d96 and.w r0, r1, #3657488896 @ 0xda00da00
18d9a str r3, [sp, #44] @ 0x2c
18d9c lsrs r2, r3
18d9e stmia r3!, {r0, r1, r3}
18da0 add r0, pc, #864 @ (adr r0, 8019104 ) ; =0x08019104 rom_08019104
18da2 stmia r3!, {r0, r1, r3}
18da4 ands r0, r4
18da6 ldrh r0, [r7, #34] @ 0x22
18da8 movs r0, #218 @ 0xda
18daa strb r7, [r0, #8]
18dac lsrs r2, r3
18dae stmia r3!, {r0, r1, r3}
18db0 add r0, pc, #864 @ (adr r0, 8019114 ) ; =0x08019114 rom_08019114
18db2 stmia r3!, {r0, r1, r3}
18db4 ands r0, r4
18db6 ldrh r0, [r7, #34] @ 0x22
18db8 movs r0, #223 @ 0xdf
18dba adds r0, r0, r0
18dbc movs r0, #218 @ 0xda
18dbe add r3, sp, #44 @ 0x2c
18dc0 lsrs r2, r3
18dc2 stmia r3!, {r0, r1, r3}
18dc4 ands r0, r4
18dc6 movs r5, #127 @ 0x7f
18dc8 movs r2, #36 @ 0x24
18dca ldr r7, [r6, #12]
18dcc movs r0, #32
18dce strh r7, [r6, r1]
18dd0 lsls r0, r5, #1
18dd2 b.n 80186dc 
18dd4 strh r2, [r0, #14]
18dd6 str r2, [sp, #844] @ 0x34c
18dd8 movs r0, #32
18dda strh r3, [r2, #2]
18ddc add r0, lr
18dde lsls r6, r7, #4
18de0 add r0, lr
18de2 movs r7, r7
18de4 movs r0, #32
18de6 ldr r6, [pc, #332] ; =0x3C202036 
18de8 movs r0, #218 @ 0xda
18dea eors r0, r0
18dec movs r0, r3
18dee lsls r2, r6, #5
18df0 movs r0, #32
18df2 lsls r3, r6, #20
18df4 movs r2, #26
18df6 lsls r6, r7, #1
18df8 ldrb r0, [r4, #8]
18dfa movs r0, r0
18dfc ands r0, r3
18dfe str r5, [r0, #8]
18e00 ands r0, r3
18e02 str r5, [r0, #8]
18e04 subs r7, #121 @ 0x79
18e06 adds r4, r0, #2
18e08 lsrs r0, r4, #9
18e0a stcl 0, cr2, [r7], {32}
18e0e adds r4, r7, #5
18e10 lsls r0, r3, #1
18e12 asrs r0, r0, #32
18e14 b.n 8018fc8 
18e16 lsls r0, r0, #12
18e18 ands r0, r4
18e1a ldr r6, [r7, #4]
18e1c lsls r2, r3
18e1e lsls r4, r4, #2
18e20 str r0, [r4, #0]
18e22 movs r0, r0
18e24 movs r0, #218 @ 0xda
18e26 movs r0, r0
18e28 lsrs r0, r5, #9
18e2a stcl 2, cr4, [r7], {28}
18e2e movs r4, r4
18e30 tst r2, r3
18e32 lsls r6, r7, #1
18e34 mov r8, r3
18e36 lsls r4, r7, #1
18e38 asrs r4, r4
18e3a str r6, [sp, #0]
18e3c movs r0, #32
18e3e lsrs r4, r7, #5
18e40 strb r4, [r4, #20]
18e42 lsls r0, r0, #2
18e44 ands r0, r4
18e46 add r5, pc, #0 @ (adr r5, 8018e48 ) ; =0x08018E48 rom_08018E48
18e48 movs r0, #32
18e4a add r7, sp, #232 @ 0xe8
18e4c lsls r0, r5, #1
18e4e adds r2, r0, r7
18e50 subs r2, #36 @ 0x24
18e52 add r3, sp, #0
18e54 ands r0, r4
18e56 str r1, [sp, #244] @ 0xf4
18e58 movs r0, r4
18e5a adds r0, #117 @ 0x75
18e5c movs r0, r4
18e5e adds r0, #117 @ 0x75
18e60 movs r0, r4
18e62 adds r0, #117 @ 0x75
18e64 ands r0, r4
18e66 lsrs r3, r7, #8
18e68 strh r0, [r6, #2]
18e6a lsls r2, r0, #17
18e6c asrs r0, r5, #1
18e6e ldr r1, [r1, #56] @ 0x38
18e70 b.n 80190b2 
18e72 ldmia r7!, {r1, r2, r3, r4, r5, r6}
18e74 asrs r0, r4, #1
18e76 ldr r1, [r1, #56] @ 0x38
18e78 b.n 80190ba 
18e7a adds r0, #254 @ 0xfe
18e7c asrs r0, r4, #1
18e7e ldr r1, [r1, #56] @ 0x38
18e80 str r0, [r4, #0]
18e82 movs r0, r0
18e84 ands r0, r4
18e86 push {lr}
18e88 ldr??.w r0, [r6, <undefined>]
18e8c @ <UNDEFINED> instruction: 0xf4fc02d0
18e90 movs r0, #240 @ 0xf0
18e92 adds r0, #32
18e94 bge.n 8018ef0 
18e96 lsls r0, r4, #1
18e98 movs r0, #183 @ 0xb7
18e9a adds r3, #32
18e9c stmia r3!, {r0}
18e9e cbz r0, 8018ee2 
18ea0 movs r0, #7
18ea2 adds r3, #64 @ 0x40
18ea4 movs r0, #61 @ 0x3d
18ea6 lsls r0, r0, #1
18ea8 ldr r0, [sp, #784] @ 0x310
18eaa ldrb r6, [r0, #25]
18eac subs r0, r0, #4
18eae @ <UNDEFINED> instruction: 0xfee02001
18eb2 movs r1, r4
18eb4 movs r0, #190 @ 0xbe
18eb6 adds r3, #32
18eb8 ldr r0, [sp, #148] @ 0x94
18eba movs r4, #0
18ebc subs r0, r0, r0
18ebe ldrh r0, [r4, #32]
18ec0 @ <UNDEFINED> instruction: 0xe80200c1
18ec4 movs r0, #0
18ec6 adds r3, #58 @ 0x3a
18ec8 movs r0, #39 @ 0x27
18eca adds r3, #64 @ 0x40
18ecc movs r0, #73 @ 0x49
18ece movs r0, r4
18ed0 subs r0, r7, #6
18ed2 asrs r1, r6, #27
18ed4 adds r0, r0, r4
18ed6 str r6, [sp, #432] @ 0x1b0
18ed8 movs r0, #0
18eda strh r2, [r4, #0]
18edc cmp r1, #206 @ 0xce
18ede subs r0, r4, #1
18ee0 movs r4, #15
18ee2 strh r0, [r4, #2]
18ee4 adds r0, r0, r0
18ee6 asrs r1, r2, #25
18ee8 adds r0, r0, r4
18eea str r6, [sp, #432] @ 0x1b0
18eec movs r4, #0
18eee strh r2, [r4, #2]
18ef0 ldrb r0, [r0, #4]
18ef2 lsls r0, r4, #16
18ef4 movs r0, #28
18ef6 lsls r0, r4, #1
18ef8 adds r0, r0, r0
18efa asrs r1, r2, #25
18efc adds r0, r0, r4
18efe str r6, [sp, #432] @ 0x1b0
18f00 cmp r1, #0
18f02 subs r0, r4, #1
18f04 movs r4, #15
18f06 strh r0, [r4, #2]
18f08 ldrb r0, [r0, #4]
18f0a ldrb r0, [r4, #24]
18f0c movs r0, #28
18f0e lsls r0, r4, #1
18f10 movs r0, #0
18f12 strh r5, [r6, #0]
18f14 ldr r7, [r2, #12]
18f16 strh r0, [r0, #16]
18f18 stmia r2!, {r0, r5}
18f1a cbnz r1, 8018f7e 
18f1c movs r0, #241 @ 0xf1
18f1e lsls r0, r0, #2
18f20 movs r4, #0
18f22 vhadd.u16 q9, <illegal reg q2.5>, q12
18f26 rev16 r5, r2
18f28 movs r4, #158 @ 0x9e
18f2a rev16 r5, r2
18f2c movs r0, #161 @ 0xa1
18f2e adds r0, #32
18f30 movs r0, #5
18f32 subs r3, #64 @ 0x40
18f34 movs r0, #54 @ 0x36
18f36 subs r4, #32
18f38 str r4, [r3, #12]
18f3a strh r0, [r1, #0]
18f3c adds r7, r2, r0
18f3e add r2, pc, #256 @ (adr r2, 8019040 ) ; =0x08019040 rom_08019040
18f40 movs r0, #4
18f42 subs r2, #32
18f44 ldr r6, [r0, #8]
18f46 strh r0, [r0, #0]
18f48 cmp r7, #76 @ 0x4c
18f4a @ <UNDEFINED> instruction: 0xfeef6805
18f4e movs r1, r0
18f50 movs r0, #145 @ 0x91
18f52 push {r5, lr}
18f54 adds r1, r4, r2
18f56 lsls r0, r0, #8
18f58 subs r3, r0, #4
18f5a ldrb r6, [r4, #19]
18f5c movs r0, #17
18f5e lsls r1, r4, #1
18f60 adds r0, r0, r0
18f62 lsls r0, r0, #8
18f64 subs r4, r0, #4
18f66 ldrb r6, [r4, #19]
18f68 movs r0, #27
18f6a lsls r1, r4, #1
18f6c adds r0, r0, r0
18f6e lsls r0, r0, #8
18f70 subs r2, r1, #4
18f72 ldrb r6, [r4, #19]
18f74 movs r0, #121 @ 0x79
18f76 lsls r1, r4, #1
18f78 adds r0, r0, r0
18f7a lsls r0, r0, #8
18f7c subs r3, r1, #4
18f7e ldrb r6, [r4, #19]
18f80 @ <UNDEFINED> instruction: 0xf3b701f8
18f84 @ <UNDEFINED> instruction: 0xfc03c0f4
18f88 and.w r1, r3, #167772160 @ 0xa000000
18f8c movs r0, r0
18f8e movs r0, #32
18f90 ldr r4, [sp, #212] @ 0xd4
18f92 movs r0, #32
18f94 addw r0, r0, #104 @ 0x68
18f98 ubfx r0, r7, #3, #1
18f9c addw r0, r0, #2592 @ 0xa20
18fa0 ldrh r4, [r5, #26]
18fa2 lsls r0, r5, #5
18fa4 ldmia r3!, {r1}
18fa6 b.n 80193e8 
18fa8 movs r4, r1
18faa ands r0, r4
18fac lsrs r4, r5, #29
18fae lsls r0, r5, #1
18fb0 str r4, [sp, #528] @ 0x210
18fb2 lsls r0, r0, #3
18fb4 @ <UNDEFINED> instruction: 0xfc002020
18fb8 lsls r1, r0, #8
18fba lsls r0, r5, #1
18fbc str r5, [sp, #528] @ 0x210
18fbe subs r0, r0, #7
18fc0 ldmia r7, {r0, r1, r3, r5, r6, r7}
18fc2 subs r1, #192 @ 0xc0
18fc4 bhi.n 8018f9e 
18fc6 strb r0, [r0, #31]
18fc8 lsrs r1, r0, #10
18fca cmp r1, #192 @ 0xc0
18fcc adds r1, r0, #2
18fce str r0, [r4, #0]
18fd0 movs r0, r0
18fd2 movs r0, #32
18fd4 lsls r1, r0, #12
18fd6 lsls r0, r5, #1
18fd8 str r5, [sp, #528] @ 0x210
18fda subs r1, #192 @ 0xc0
18fdc str r4, [r5, #44] @ 0x2c
18fde subs r0, r0, #7
18fe0 str r4, [r5, #108] @ 0x6c
18fe2 strb r0, [r0, #31]
18fe4 strh r4, [r5, #6]
18fe6 ldrb r0, [r0, #31]
18fe8 ldrb r4, [r5, #3]
18fea cmp r1, #192 @ 0xc0
18fec adds r1, r0, #2
18fee str r0, [r4, #0]
18ff0 movs r0, r0
18ff2 lsls r0, r5, #5
18ff4 ldr r1, [sp, #16]
18ff6 b.n 8019438 
18ff8 movs r4, r1
18ffa ands r0, r4
18ffc subs r4, r5, r1
18ffe lsls r0, r5, #1
19000 ldr r3, [sp, #528] @ 0x210
19002 movs r0, #192 @ 0xc0
19004 asrs r1, r0, #18
19006 movs r0, #192 @ 0xc0
19008 lsls r4, r5, #17
1900a subs r0, #192 @ 0xc0
1900c asrs r1, r0, #26
1900e subs r0, #192 @ 0xc0
19010 adds r1, r0, r0
19012 movs r4, #192 @ 0xc0
19014 subs r1, r0, #6
19016 movs r0, #32
19018 bvc.n 80190f4 
1901a ands r0, r4
1901c lsls r4, r5, #25
1901e movs r0, #32
19020 @ <UNDEFINED> instruction: 0xfe6b4020
19024 lsrs r4, r5, #1
19026 movs r0, #32
19028 add r4, sp
1902a lsrs r0, r6, #13
1902c lsrs r5, r7, #1
1902e ands r0, r4
19030 movs r7, #124 @ 0x7c
19032 ands r0, r4
19034 lsrs r4, r5, #1
19036 movs r0, #32
19038 strh r4, [r5, r5]
1903a lsrs r0, r6, #13
1903c lsrs r5, r7, #5
1903e ands r0, r4
19040 movs r7, #124 @ 0x7c
19042 movs r0, #32
19044 strh r4, [r5, #42] @ 0x2a
19046 ands r0, r4
19048 movs r2, #108 @ 0x6c
1904a stmia r0!, {r3, r5, r6, r7}
1904c lsls r0, r0, #2
1904e lsls r0, r4, #1
19050 b.n 80193e6 
19052 ands r0, r4
19054 b.n 80190fc 
19056 ands r0, r4
19058 vqadd.s16 q8, q1, q4
1905c lsrs r0, r0, #24
1905e add r1, pc, #896 @ (adr r1, 80193e0 ) ; =0x080193E0 rom_080193E0
19060 movs r0, r0
19062 lsls r0, r5, #5
19064 cbz r2, 80190b8 
19066 add r1, pc, #896 @ (adr r1, 80193e8 ) ; =0x080193E8 rom_080193E8
19068 movs r0, r0
1906a lsls r0, r5, #1
1906c str r7, [r0, r7]
1906e b.n 80196b0 
19070 lsls r6, r7, #3
19072 movs r0, #121 @ 0x79
19074 lsls r6, r7, #1
19076 add r0, pc, #896 @ (adr r0, 80193f8 ) ; =0x080193F8 rom_080193F8
19078 lsls r0, r0, #2
1907a ldrh.w r0, [r0, <undefined>]
1907e @ <UNDEFINED> instruction: 0xf4fc04b0
19082 ldr r0, [r6, r3]
19084 asrs r0, r0, #20
19086 b.n 8019268 
19088 lsls r1, r4, #2
1908a ldr r0, [r0, r0]
1908c asrs r0, r0, #4
1908e b.n 80191b4 
19090 lsls r1, r4, #2
19092 ldr r0, [r0, #0]
19094 ldmia r1!, {}
19096 b.n 801925c 
19098 strh r0, [r4, #4]
1909a ldr r0, [r0, r0]
1909c movs r0, r0
1909e b.n 80190b0 
190a0 strh r2, [r4, #4]
190a2 ldr r0, [r0, r0]
190a4 movs r0, r0
190a6 b.n 80190ac 
190a8 lsls r1, r4, #2
190aa movs r0, #0
190ac ldr r0, [r0, #52] @ 0x34
190ae b.n 80191aa 
190b0 strh r0, [r4, #4]
190b2 movs r0, #0
190b4 lsls r0, r4, #1
190b6 subs r0, r0, #4
190b8 vsri.64 q9, <illegal reg q15.5>, #32
190bc lsls r2, r7, #4
190be movs r0, #57 @ 0x39
190c0 lsls r0, r4, #1
190c2 bhi.n 80190c6 
190c4 strh r0, [r4, #4]
190c6 movs r0, #116 @ 0x74
190c8 ldr r0, [r4, #16]
190ca movs r0, #230 @ 0xe6
190cc lsls r0, r0, #5
190ce movs r0, #64 @ 0x40
190d0 lsls r0, r4, #4
190d2 bge.n 80190ca 
190d4 vmul.p<illegal width 64> <illegal reg q3.5>, <illegal reg q15.5>, <illegal reg q15.5>
190d8 add r2, pc, #252 @ (adr r2, 80191d8 ) ; =0x080191D8 rom_080191D8
190da ldrb r6, [r0, #4]
190dc add r2, pc, #252 @ (adr r2, 80191dc ) ; =0x080191DC rom_080191DC
190de ldr r7, [r0, #0]
190e0 movs r2, r2
190e2 ldr r0, [r7, #4]
190e4 movs r2, r3
190e6 ldr r0, [sp, #496] @ 0x1f0
190e8 @ <UNDEFINED> instruction: 0xfe411f00
190ec ldrb r4, [r4, #27]
190ee ldr r2, [sp, #0]
190f0 ldrb r1, [r4, #24]
190f2 str r0, [r0, #0]
190f4 movs r2, r2
190f6 movs r0, #112 @ 0x70
190f8 lsls r0, r4, #1
190fa strb r0, [r0, #0]
190fc ldrh r3, [r1, #10]
190fe ldr r2, [r0, #0]
19100 strh r0, [r0, #24]
19102 stmia r3!, {r0, r1, r2, r4, r6, r7}
19104 strh r2, [r0, #4]
19106 strb r0, [r0, #0]
19108 ldrh r3, [r1, #10]
1910a strb r0, [r0, #0]
1910c ldrh r3, [r1, #18]
1910e movs r0, #0
19110 ldrsb r0, [r4, r0]
19112 ldr r6, [r4, #0]
19114 lsls r1, r0, #12
19116 stmia r1!, {r1, r3, r4, r5, r6, r7}
19118 strh r5, [r2, #4]
1911a ldr r0, [r0, #0]
1911c ldmia r2!, {}
1911e movs r0, #238 @ 0xee
19120 lsls r2, r7, #1
19122 strb r0, [r0, #0]
19124 cdp 0, 4, cr2, cr10, cr1, {0}
19128 subs r7, #64 @ 0x40
1912a strb r4, [r4, #2]
1912c ldrb r3, [r1, #20]
1912e movs r0, #18
19130 ldrb r0, [r4, #16]
19132 ldr r3, [r6, #0]
19134 stmia r4!, {}
19136 stmia r0!, {r6}
19138 strh r7, [r0, #8]
1913a stmia r0!, {r0, r1, r2, r3, r4, r6}
1913c strh r3, [r0, #8]
1913e stmia r0!, {r2, r5, r6}
19140 strh r4, [r0, #8]
19142 stmia r0!, {r0, r1, r3, r5, r6}
19144 strh r2, [r1, #8]
19146 stmia r0!, {r3, r5, r6}
19148 lsls r6, r0, #4
1914a movs r0, #109 @ 0x6d
1914c ldrsb r0, [r4, r0]
1914e adds r2, r7, r0
19150 ldrh r0, [r4, #28]
19152 bhi.n 8019154 
19154 ldr r3, [pc, #768] ; =0x0060017E 
19156 movs r0, #107 @ 0x6b
19158 ldrb r0, [r0, #25]
1915a adds r5, r6, r0
1915c lsls r0, r0, #8
1915e movs r0, #2
19160 ldr r0, [r4, r0]
19162 ldr r2, [r1, #8]
19164 ldmia r2!, {}
19166 b.n 801916c 
19168 strh r0, [r4, #4]
1916a adds r0, r0, r0
1916c lsls r0, r0, #16
1916e movs r0, #2
19170 ldr r0, [r4, r0]
19172 movs r2, #146 @ 0x92
19174 lsls r0, r7, #7
19176 @ <UNDEFINED> instruction: 0xfc03a0f4
1917a and.w r4, r5, #104 @ 0x68
1917e ldrb r3, [r1, #13]
19180 add r4, pc, #896 @ (adr r4, 8019504 ) ; =0x08019504 rom_08019504
19182 movs r0, r0
19184 movs r0, #32
19186 stmia r2!, {r1, r2, r4, r6}
19188 lsls r0, r3, #1
1918a movs r1, #0
1918c movs r0, #32
1918e stmia r2!, {r1, r2, r4, r6}
19190 lsls r0, r5, #17
19192 @ <UNDEFINED> instruction: 0xfd46a2e0
19196 lsls r0, r0, #2
19198 movs r0, #32
1919a ldmia r5!, {r1, r2, r4, r6}
1919c asrs r0, r5, #9
1919e ldrb r0, [r0, #0]
191a0 movs r0, #121 @ 0x79
191a2 subs r6, r7, r5
191a4 asrs r0, r4, #9
191a6 ldrb r0, [r0, #0]
191a8 lsls r0, r3, #21
191aa lsrs r6, r1, #4
191ac lsls r0, r4, #5
191ae @ <UNDEFINED> instruction: 0xfdc60058
191b2 lsls r0, r0, #16
191b4 add r1, pc, #896 @ (adr r1, 8019538 ) ; =0x08019538 rom_08019538
191b6 movs r0, r0
191b8 strb r0, [r4, #20]
191ba lsls r0, r0, #2
191bc ldr r0, [pc, #448] ; =0x3F798580 
191be movs r3, r2
191c0 ands r0, r4
191c2 str r5, [sp, #4]
191c4 ands r0, r4
191c6 bgt.n 80191cc 
191c8 lsls r0, r3, #1
191ca @ <UNDEFINED> instruction: 0xfd010160
191ce str r0, [sp, #264] @ 0x108
191d0 lsls r0, r3, #1
191d2 @ <UNDEFINED> instruction: 0xfc010160
191d6 ldrh r2, [r0, #50] @ 0x32
191d8 lsls r0, r3, #1
191da movs r1, #2
191dc lsls r0, r4, #5
191de str r2, [sp, #264] @ 0x108
191e0 lsls r0, r3, #1
191e2 ldrb r6, [r0, #24]
191e4 lsls r0, r4, #5
191e6 str r6, [sp, #264] @ 0x108
191e8 lsls r0, r3, #1
191ea @ <UNDEFINED> instruction: 0xfd010160
191ee ldrh r2, [r0, #34] @ 0x22
191f0 lsls r0, r3, #1
191f2 str r4, [sp, #4]
191f4 lsls r0, r4, #5
191f6 strh r2, [r0, #50] @ 0x32
191f8 lsls r0, r3, #1
191fa subs r6, #1
191fc lsls r0, r4, #5
191fe ldrh r2, [r0, #18]
19200 lsls r0, r3, #1
19202 movs r0, r0
19204 lsls r0, r4, #9
19206 lsrs r0, r1, #9
19208 lsls r0, r4, #5
1920a asrs r0, r1, #1
1920c ands r0, r4
1920e asrs r2, r0, #24
19210 ands r0, r4
19212 stmia r0!, {r0}
19214 ands r0, r4
19216 subs r0, #59 @ 0x3b
19218 ands r0, r4
1921a lsrs r6, r7, #12
1921c ands r0, r4
1921e cmp r3, #62 @ 0x3e
19220 ands r0, r4
19222 ldr r1, [sp, #24]
19224 ands r0, r4
19226 str r4, [sp, #252] @ 0xfc
19228 movs r0, #32
1922a ldrh r6, [r0, #56] @ 0x38
1922c movs r0, #32
1922e cmp r2, #99 @ 0x63
19230 ands r0, r4
19232 ldrh r0, [r5, #18]
19234 lsls r0, r3, #1
19236 @ <UNDEFINED> instruction: 0xe80720da
1923a bcs.n 80192d2 
1923c lsrs r0, r3
1923e lsrs r0, r0, #32
19240 ands r0, r4
19242 bcc.n 8019316 
19244 lsls r0, r3, #1
19246 b.n 8019258 
19248 movs r0, #218 @ 0xda
1924a adc.w r0, r1, #1811939328 @ 0x6c000000
1924e lsls r0, r0, #8
19250 ands r0, r4
19252 bcc.n 8019326 
19254 ands r0, r4
19256 ldrh r0, [r5, #42] @ 0x2a
19258 lsls r0, r5, #5
1925a bmi.n 80192f2 
1925c subs r2, #36 @ 0x24
1925e add r3, pc, #4 @ (adr r3, 8019264 ) ; =0x08019264 rom_08019264
19260 lsls r0, r3, #1
19262 asrs r2, r3, #29
19264 lsls r0, r4, #5
19266 bmi.n 80192fe 
19268 lsls r0, r3, #1
1926a bl fn_07C1A3F8
1926e lsls r1, r0, #12
19270 @ <UNDEFINED> instruction: 0xf4fc0690
19274 str r0, [r6, #12]
19276 ldr r2, [pc, #4] ; =0x0040D8A6 
19278 movs r0, #220 @ 0xdc
1927a lsls r0, r4, #4
1927c bhi.n 80191cc 
1927e lsls r0, r0, #1
19280 movs r0, #20
19282 ldr r0, [r0, #20]
19284 bhi.n 8019240 
19286 lsls r0, r0, #1
19288 movs r0, #20
1928a ldr r0, [r0, #20]
1928c movs r0, #239 @ 0xef
1928e lsls r0, r0, #5
19290 str r5, [r5, #8]
19292 ldr r2, [pc, #36] ; =0x89106853 
19294 movs r0, #218 @ 0xda
19296 lsls r0, r4, #1
19298 strb r0, [r0, #0]
1929a strb r1, [r1, #6]
1929c strb r7, [r1, #2]
1929e strb r1, [r1, #14]
192a0 movs r0, #53 @ 0x35
192a2 lsls r0, r4, #4
192a4 strb r2, [r6, #2]
192a6 strb r1, [r1, #6]
192a8 movs r0, #175 @ 0xaf
192aa lsls r0, r4, #4
192ac ldr r2, [r6, #8]
192ae strh r0, [r2, #0]
192b0 ldrb r3, [r2, #5]
192b2 ldrb r0, [r4, #24]
192b4 str r7, [r0, #0]
192b6 strh r0, [r2, #0]
192b8 ldr r3, [r2, #4]
192ba ldrh r0, [r2, #8]
192bc subs r3, r6, #5
192be @ <UNDEFINED> instruction: 0xfee16030
192c2 ldrh r0, [r2, #8]
192c4 strb r3, [r6, #1]
192c6 lsls r1, r1, #26
192c8 strb r4, [r7, #1]
192ca strb r1, [r1, #10]
192cc movs r0, #170 @ 0xaa
192ce asrs r0, r0, #12
192d0 ldr r0, [r1, #8]
192d2 lsls r1, r3, #4
192d4 ldr r0, [r2, #4]
192d6 strh r0, [r2, #0]
192d8 ldrb r3, [r2, #5]
192da @ <UNDEFINED> instruction: 0xfe3f6007
192de strh r0, [r2, #0]
192e0 movs r0, #83 @ 0x53
192e2 lsls r0, r4, #1
192e4 movs r0, #0
192e6 strh r5, [r6, #2]
192e8 ldr r0, [r0, #0]
192ea movs r1, r2
192ec ldr r2, [r2, r1]
192ee lsls r0, r0, #4
192f0 str r0, [r4, #8]
192f2 tst r1, r0
192f4 movs r0, #172 @ 0xac
192f6 ldr r0, [r0, #36] @ 0x24
192f8 ldr r5, [r1, r0]
192fa ldr r4, [pc, #0] ; =0x00116000 
192fc str r0, [r0, #0]
192fe movs r1, r2
19300 ldr r4, [r2, r1]
19302 ldr r7, [pc, #0] ; =0x001160FF 
19304 str r7, [r7, #12]
19306 movs r1, r2
19308 ldr r6, [r2, r1]
1930a adds r0, r0, #0
1930c str r0, [r0, #0]
1930e movs r1, r2
19310 ldr r2, [r3, r1]
19312 subs r0, r0, #4
19314 str r7, [r7, #12]
19316 movs r1, r2
19318 ldr r4, [r3, #4]
1931a strh r0, [r2, #0]
1931c subs r1, r0, #6
1931e @ <UNDEFINED> instruction: 0xfee11f04
19322 ldrb r1, [r4, #27]
19324 str r4, [r7, #12]
19326 strh r0, [r2, #0]
19328 strb r1, [r0, #2]
1932a ldr r7, [sp, #8]
1932c strb r7, [r7, #3]
1932e str r0, [r0, #40] @ 0x28
19330 ldr r0, [r0, r0]
19332 adds r0, r0, #0
19334 str r0, [r0, #0]
19336 movs r1, r2
19338 str r6, [r3, #4]
1933a movs r1, r2
1933c ldr r0, [r4, r1]
1933e ldr r4, [pc, #0] ; =0x00116000 
19340 str r0, [r0, #0]
19342 movs r1, r2
19344 ldr r0, [r3, #4]
19346 movs r2, r2
19348 ldrb r0, [r7, #5]
1934a ldrb r0, [r4, #24]
1934c str r7, [r0, #0]
1934e movs r2, r2
19350 movs r0, #120 @ 0x78
19352 add r0, r4
19354 movs r0, #128 @ 0x80
19356 ldrb r0, [r0, #13]
19358 ldr r1, [r3, #12]
1935a ldmia r0!, {r3}
1935c movs r0, #3
1935e ldr r0, [r0, #20]
19360 movs r0, #220 @ 0xdc
19362 str r0, [r0, #52] @ 0x34
19364 strh r3, [r2, #60] @ 0x3c
19366 lsls r0, r7, #7
19368 @ <UNDEFINED> instruction: 0xfc0380f4
1936c and.w r0, r7, #2684354560 @ 0xa0000000
19370 @ <UNDEFINED> instruction: 0xfa011068
19374 strh r0, [r0, #12]
19376 subs r7, #121 @ 0x79
19378 lsls r6, r7, #31
1937a asrs r0, r4, #1
1937c strh r0, [r0, #12]
1937e asrs r0, r5, #1
19380 strh r0, [r0, #44] @ 0x2c
19382 subs r7, #121 @ 0x79
19384 lsls r6, r7, #31
19386 asrs r0, r4, #1
19388 strh r0, [r0, #44] @ 0x2c
1938a asrs r0, r5, #5
1938c str r0, [r0, r0]
1938e movs r0, #121 @ 0x79
19390 lsrs r6, r7, #21
19392 asrs r0, r4, #5
19394 str r0, [r0, r0]
19396 lsrs r0, r5, #1
19398 ldmia r4!, {r0, r3, r6, r7}
1939a ands r0, r4
1939c bgt.n 8019472 
1939e ands r0, r4
193a0 @ <UNDEFINED> instruction: 0xfa010868
193a4 lsls r0, r1, #7
193a6 movs r0, #32
193a8 bne.n 801947e 
193aa ands r0, r4
193ac strb.w r6, [r1, r0, lsl #2]
193b0 lsls r0, r0, #2
193b2 ands r0, r4
193b4 addw r2, r1, #2152 @ 0x868
193b8 ldmia r5!, {r0, r3, r6}
193ba adds.w r0, pc, lr, ror #1
193be ldrb r0, [r4, #8]
193c0 movs r0, r0
193c2 movs r0, #32
193c4 subs r1, #1
193c6 lsrs r0, r5, #1
193c8 ldmia r4!, {r0, r3, r6, r7}
193ca movs r0, #32
193cc vadd.i32 q8, <illegal reg q4.5>, q12
193d0 ldmia r4!, {r0, r3, r6, r7}
193d2 movs r0, #32
193d4 subs r4, #1
193d6 lsrs r0, r5, #1
193d8 ldmia r4!, {r0, r3, r6, r7}
193da movs r0, #32
193dc stcl 0, cr4, [r9, #-128]! @ 0xffffff80
193e0 lsrs r2, r0, #32
193e2 movs r0, #32
193e4 @ <UNDEFINED> instruction: 0xfe014020
193e8 lsls r2, r0, #8
193ea ands r0, r4
193ec ldrb r2, [r2, #9]
193ee ldrb r4, [r4, #8]
193f0 movs r0, r0
193f2 movs r0, #32
193f4 bls.n 8019400 
193f6 ands r0, r4
193f8 lsls r2, r0, #20
193fa movs r1, #32
193fc str r7, [r7, #96] @ 0x60
193fe movs r0, #32
19400 ldr r7, [r7, #0]
19402 asrs r0, r5, #5
19404 lsrs r1, r0, #24
19406 lsrs r0, r3
19408 movs r3, r0
1940a movs r0, #32
1940c str r0, [sp, #508] @ 0x1fc
1940e lsls r0, r5, #1
19410 stcl 0, cr0, [r9, #780] @ 0x30c
19414 asrs r2, r0, #24
19416 lsls r0, r3, #1
19418 vpmax.u<illegal width 64> q0, q7, q12
1941c @ <UNDEFINED> instruction: 0xfa494098
19420 lsls r4, r0, #2
19422 tst r4, r3
19424 lsls r6, r7, #1
19426 mov r8, r3
19428 lsls r4, r7, #1
1942a str r4, [r4, #16]
1942c movs r0, r0
1942e lsls r0, r5, #5
19430 bne.w 7f209b8 <_binary_v289_app1_bin_size+0x7f0d0ec>
19434 asrs r2, r0, #26
19436 lsls r0, r5, #1
19438 asrs r0, r1, #15
1943a strh r3, [r0, #6]
1943c lsls r0, r0, #2
1943e ands r0, r4
19440 adds r2, r0, r4
19442 ands r0, r4
19444 ldr r6, [sp, #252] @ 0xfc
19446 tst r4, r3
19448 lsls r6, r7, #1
1944a lsls r0, r4, #9
1944c @ <UNDEFINED> instruction: 0xfa496020
19450 movs r0, r0
19452 lsls r0, r5, #1
19454 asrs r0, r1, #15
19456 movs r0, #121 @ 0x79
19458 lsls r6, r7, #5
1945a lsls r0, r4, #1
1945c asrs r0, r1, #15
1945e ldr.w r0, [sp, <undefined>]
19462 @ <UNDEFINED> instruction: 0xf4fc0870
19466 movs r0, #240 @ 0xf0
19468 lsls r0, r4, #1
1946a ldr r0, [r0, #0]
1946c ldmia r0!, {}
1946e ldrb r3, [r2, #4]
19470 @ <UNDEFINED> instruction: 0xfe3f6001
19474 ldmia r0!, {}
19476 movs r0, #19
19478 lsls r0, r4, #1
1947a subs r0, r0, r0
1947c ldrb r2, [r4, #25]
1947e stmia r0!, {}
19480 lsls r5, r0, #8
19482 stmia r0!, {r0, r1, r2, r3, r4, r6}
19484 lsls r2, r0, #8
19486 stmia r0!, {r0, r1, r3, r7}
19488 strh r1, [r1, #16]
1948a stmia r0!, {r0, r1, r3, r7}
1948c lsls r1, r0, #8
1948e stmia r0!, {r0, r1, r2, r3, r4, r5, r6}
19490 strh r0, [r0, #16]
19492 stmia r0!, {r0, r2, r3, r4, r5, r6}
19494 strh r0, [r2, #16]
19496 stmia r0!, {r1, r3, r4, r6}
19498 lsls r2, r2, #8
1949a stmia r0!, {r1, r2, r3, r4, r5, r6}
1949c lsls r2, r1, #8
1949e stmia r0!, {r1, r4, r5, r6}
194a0 strh r2, [r1, #16]
194a2 stmia r0!, {r1, r2, r7}
194a4 strh r2, [r0, #16]
194a6 stmia r0!, {r0, r1, r3, r4, r5, r6}
194a8 strh r5, [r0, #16]
194aa stmia r0!, {r0, r1, r3, r4, r6}
194ac lsls r6, r0, #8
194ae stmia r0!, {r0, r2, r3, r4, r6}
194b0 lsls r4, r2, #4
194b2 stmia r0!, {r4, r6}
194b4 lsls r4, r0, #8
194b6 stmia r0!, {r2, r5, r6}
194b8 strh r4, [r0, #16]
194ba subs r3, r5, #5
194bc lsls r1, r4, #19
194be subs r7, r1, #4
194c0 ldrb r1, [r4, #27]
194c2 stmia r0!, {r4, r5, r6, r7}
194c4 lsls r0, r5, #8
194c6 movs r0, #53 @ 0x35
194c8 str r0, [r4, #48] @ 0x30
194ca str r7, [r6, #0]
194cc strh r0, [r1, #16]
194ce ldr r1, [r3, #4]
194d0 strh r0, [r0, #16]
194d2 movs r0, #89 @ 0x59
194d4 lsls r2, r7, #1
194d6 subs r0, r0, #4
194d8 vshr.u64 q11, <illegal reg q15.5>, #32
194dc strh r0, [r0, #16]
194de movs r0, #89 @ 0x59
194e0 str r0, [r0, #52] @ 0x34
194e2 movs r0, #243 @ 0xf3
194e4 lsls r0, r0, #9
194e6 movs r0, #61 @ 0x3d
194e8 lsls r0, r4, #8
194ea ldr r6, [r6, #0]
194ec ldmia r2!, {}
194ee movs r0, #227 @ 0xe3
194f0 lsls r2, r7, #1
194f2 ldr r0, [r0, #0]
194f4 ldmia r2!, {}
194f6 movs r0, #222 @ 0xde
194f8 lsls r2, r7, #1
194fa ldr r0, [r0, #0]
194fc ldmia r2!, {}
194fe subs r6, r3, #7
19500 vshr.u64 q11, <illegal reg q15.5>, #32
19504 ldmia r2!, {}
19506 movs r4, #222 @ 0xde
19508 lsls r2, r7, #1
1950a strb r0, [r0, #0]
1950c udf #74 @ 0x4a
1950e movs r0, #1
19510 lsls r0, r0, #5
19512 str r0, [r6, #8]
19514 ldr r2, [pc, #36] ; =0x18FD7E40 
19516 movs r0, #223 @ 0xdf
19518 lsls r0, r4, #8
1951a ldr r1, [r1, #4]
1951c ldr r2, [pc, #4] ; =0x68002246 
1951e ldr r4, [r2, #12]
19520 ldr r2, [pc, #36] ; =0x18FD7E40 
19522 ldr r0, [sp, #872] @ 0x368
19524 movs r2, #70 @ 0x46
19526 ldr r0, [r0, #0]
19528 ldr r2, [pc, #4] ; =0x98DC4A09 
1952a ldr r0, [sp, #892] @ 0x37c
1952c ldrb r6, [r0, #25]
1952e ldr r0, [r0, #0]
19530 ldr r2, [pc, #36] ; =0xFC0301F8 
19532 ldr r0, [sp, #880] @ 0x370
19534 vseleq.f32 s19, s30, s0
19538 @ <UNDEFINED> instruction: 0xfc262000
1953c ldrb r0, [r0, #25]
1953e adds r5, r7, r3
19540 @ <UNDEFINED> instruction: 0xfe071f00
19544 @ <UNDEFINED> instruction: 0xfce62064
19548 ldrb r0, [r0, #25]
1954a adds r5, r7, r3
1954c @ <UNDEFINED> instruction: 0xfe071800
19550 lsls r7, r0, #16
19552 str r0, [r0, #0]
19554 ldmia r2!, {}
19556 add r6, sp, #900 @ 0x384
19558 lsls r0, r7, #7
1955a @ <UNDEFINED> instruction: 0xfc0360f4
1955e and.w r8, r9, #96 @ 0x60
19562 b.n 8019afa 
19564 str r0, [r4, #0]
19566 movs r0, r0
19568 movs r0, #32
1956a adds r2, r0, #4
1956c ands r0, r4
1956e asrs r2, r0, #24
19570 movs r0, #32
19572 strh r3, [r4, r1]
19574 ands r0, r4
19576 adds r2, r0, #4
19578 movs r0, #32
1957a add r6, pc, #252 @ (adr r6, 8019678 ) ; =0x08019678 rom_08019678
1957c stmia r0!, {r3, r4, r6, r7}
1957e ldrb r2, [r1, #25]
19580 add r0, pc, #864 @ (adr r0, 80198e4 ) ; =0x080198E4 rom_080198E4
19582 ldr r7, [pc, #20] ; =0xEDC90060 
19584 movs r0, #223 @ 0xdf
19586 asrs r0, r0, #32
19588 ands r0, r4
1958a cmp r6, pc
1958c movs r0, #32
1958e ldr r7, [r7, #32]
19590 lsls r0, r5, #1
19592 stcl 0, cr2, [r9, #484] @ 0x1e4
19596 lsls r6, r7, #1
19598 lsls r0, r4, #1
1959a stcl 0, cr0, [r9, #416] @ 0x1a0
1959e lsls r2, r1, #3
195a0 lsls r0, r4, #1
195a2 asrs r2, r0, #15
195a4 ands r0, r4
195a6 ldr r6, [sp, #396] @ 0x18c
195a8 movs r0, #32
195aa ldr r6, [pc, #24] ; =0x5A062020 
195ac ands r0, r4
195ae ldr r2, [r0, #80] @ 0x50
195b0 movs r0, #32
195b2 str r3, [sp, #396] @ 0x18c
195b4 lsls r0, r5, #1
195b6 stcl 0, cr0, [r9, #784] @ 0x310
195ba movs r0, r0
195bc subs r7, #121 @ 0x79
195be lsls r6, r7, #3
195c0 lsls r0, r4, #1
195c2 stcl 0, cr2, [r9, #128] @ 0x80
195c6 ldrh r6, [r0, r0]
195c8 ands r0, r4
195ca str r5, [sp, #396] @ 0x18c
195cc lsls r0, r3, #1
195ce subs r0, r0, r4
195d0 lsls r0, r4, #5
195d2 strh r3, [r1, #26]
195d4 lsls r0, r3, #1
195d6 asrs r0, r0, #28
195d8 lsls r0, r4, #5
195da strh r3, [r1, #42] @ 0x2a
195dc lsls r0, r5, #1
195de vmla.i<illegal width 8> q8, <illegal reg q4.5>, d0[4]
195e2 asrs r2, r0, #15
195e4 ldr r2, [pc, #448] ; =0x016828D7 
195e6 lsls r6, r5, #3
195e8 movs r0, #32
195ea ldrsb r6, [r0, r0]
195ec ands r0, r4
195ee str r7, [sp, #396] @ 0x18c
195f0 movs r0, #32
195f2 asrs r2, r0, #24
195f4 ands r0, r4
195f6 adds r2, r0, #4
195f8 movs r0, #32
195fa asrs r4, r4, #1
195fc ldr r2, [pc, #448] ; =0x4020A002 
195fe lsls r7, r5, #3
19600 ands r0, r4
19602 asrs r2, r0, #24
19604 ands r0, r4
19606 add r0, pc, #20 @ (adr r0, 801961c ) ; =0x0801961C rom_0801961C
19608 ands r0, r4
1960a str r3, [sp, #396] @ 0x18c
1960c lsls r0, r5, #1
1960e stcl 0, cr0, [r9, #784] @ 0x310
19612 movs r0, r0
19614 movs r0, #32
19616 ldr r2, [r0, #80] @ 0x50
19618 ands r0, r4
1961a add r0, pc, #20 @ (adr r0, 8019630 ) ; =0x08019630 rom_08019630
1961c ands r0, r4
1961e str r3, [sp, #396] @ 0x18c
19620 lsls r0, r3, #1
19622 movs r0, r0
19624 lsls r0, r4, #17
19626 ldrh r3, [r1, #10]
19628 movs r0, #32
1962a str r6, [r0, #32]
1962c ands r0, r4
1962e add r0, pc, #20 @ (adr r0, 8019644 ) ; =0x08019644 rom_08019644
19630 movs r0, #32
19632 str r3, [sp, #396] @ 0x18c
19634 lsls r0, r6, #1
19636 movs r7, #22
19638 lsls r0, r6, #5
1963a lsls r3, r2, #1
1963c lsls r0, r6, #5
1963e lsls r1, r1, #2
19640 lsls r0, r6, #5
19642 lsls r2, r1, #2
19644 lsls r0, r3, #1
19646 movs r0, r0
19648 lsls r0, r4, #9
1964a bge.n 801955c 
1964c ands r0, r4
1964e asrs r2, r0, #24
19650 ldrb.w r0, [sl, #769] @ 0x301
19654 @ <UNDEFINED> instruction: 0xf4fc0a50
19658 movs r0, #240 @ 0xf0
1965a lsls r0, r4, #4
1965c movs r0, #196 @ 0xc4
1965e ldr r0, [r4, #80] @ 0x50
19660 movs r0, #36 @ 0x24
19662 ldr r0, [r4, #48] @ 0x30
19664 ldr r7, [r3, #4]
19666 ldr r0, [pc, #4] ; =0x0221207F 
19668 subs r6, r1, #4
1966a ldrb r6, [r4, #19]
1966c movs r0, #127 @ 0x7f
1966e lsls r1, r4, #8
19670 ldr r5, [r3, #8]
19672 strh r0, [r0, #32]
19674 subs r0, r5, #6
19676 @ <UNDEFINED> instruction: 0xfee06001
1967a strh r0, [r0, #32]
1967c movs r0, #168 @ 0xa8
1967e ldr r0, [r0, #52] @ 0x34
19680 ldr r7, [r7, #8]
19682 ldr r0, [pc, #4] ; =0x84086808 
19684 subs r6, r1, #4
19686 @ <UNDEFINED> instruction: 0xfee06808
1968a strh r0, [r1, #32]
1968c ldr r0, [sp, #672] @ 0x2a0
1968e add r2, pc, #256 @ (adr r2, 8019790 ) ; =0x08019790 rom_08019790
19690 movs r0, #0
19692 strh r0, [r0, r1]
19694 str r0, [r1, #4]
19696 lsls r1, r0, #8
19698 subs r6, r3, #7
1969a @ <UNDEFINED> instruction: 0xfee06004
1969e lsls r1, r0, #8
196a0 subs r0, r4, #7
196a2 lsrs r2, r4, #11
196a4 ldr r0, [r0, #0]
196a6 strh r0, [r0, #32]
196a8 b.n 80197f6 
196aa strh r0, [r4, #4]
196ac ldr r0, [r0, #0]
196ae strh r0, [r0, #32]
196b0 b.n 8019800 
196b2 strh r0, [r4, #4]
196b4 movs r0, #0
196b6 lsls r0, r0, #9
196b8 movs r0, #198 @ 0xc6
196ba ldr r0, [r0, #84] @ 0x54
196bc ldr r0, [r5, #12]
196be ldr r1, [pc, #4] ; =0x48016800 
196c0 subs r1, r5, #7
196c2 lsls r2, r4, #27
196c4 ldr r0, [r0, #0]
196c6 ldr r0, [pc, #4] ; =0x49402000 
196c8 subs r6, r1, #4
196ca strb r2, [r4, #11]
196cc movs r0, #0
196ce ldr r1, [pc, #256] ; =0x5478F682 
196d0 adds r4, r7, r1
196d2 lsls r2, r4, #18
196d4 adds r0, r0, r0
196d6 ldrb r2, [r4, #25]
196d8 str r0, [r0, #0]
196da ldr r1, [pc, #4] ; =0x84006800 
196dc adds r1, r5, r3
196de lsrs r2, r0, #9
196e0 ldr r0, [r0, #0]
196e2 strh r0, [r0, #32]
196e4 b.n 8019836 
196e6 strh r0, [r4, #4]
196e8 ldr r0, [r0, #0]
196ea lsls r1, r0, #8
196ec subs r6, r3, #7
196ee lsrs r2, r4, #11
196f0 ldr r0, [r0, #0]
196f2 ldr r0, [pc, #4] ; =0xFE4098A8 
196f4 ldr r6, [r1, #0]
196f6 strh r0, [r1, #32]
196f8 ldr r0, [sp, #672] @ 0x2a0
196fa @ <UNDEFINED> instruction: 0xfe401f00
196fe @ <UNDEFINED> instruction: 0xfee0e004
19702 lsls r1, r4, #2
19704 ldr r0, [r0, #0]
19706 tst r1, r0
19708 b.n 8019872 
1970a lsls r1, r4, #2
1970c strb r0, [r0, #0]
1970e ldrsb r7, [r0, r5]
19710 ldr r0, [r0, #0]
19712 ldr r1, [pc, #4] ; =0x8B0B70D6 
19714 stmia r0!, {r0, r1, r3, r5, r6, r7}
19716 lsls r0, r0, #8
19718 strb r6, [r2, #3]
1971a ldrh r3, [r1, #24]
1971c movs r0, #0
1971e lsls r0, r4, #1
19720 ldr r0, [r0, #0]
19722 ldr r0, [pc, #4] ; =0x0221247F 
19724 subs r6, r1, #4
19726 ldrb r6, [r4, #19]
19728 movs r4, #127 @ 0x7f
1972a lsls r1, r4, #8
1972c subs r5, r1, #7
1972e @ <UNDEFINED> instruction: 0xfee37900
19732 ldrb r0, [r4, #24]
19734 b.n 8019738 
19736 strh r0, [r4, #4]
19738 movs r0, #0
1973a lsls r0, r4, #1
1973c ldr r0, [r0, #0]
1973e ldr r0, [pc, #4] ; =0x84511800 
19740 subs r6, r1, #4
19742 lsls r1, r5, #19
19744 adds r0, r0, r0
19746 strh r1, [r2, #34] @ 0x22
19748 svc 0
1974a lsls r0, r7, #7
1974c @ <UNDEFINED> instruction: 0xfc0340f4
19750 bfcsel 0, 8018990 , 4, cs
19754 ldrb r6, [r7, #29]
19756 b.n 8019d98 
19758 lsls r6, r7, #3
1975a subs r7, #121 @ 0x79
1975c lsls r6, r7, #3
1975e add r0, pc, #896 @ (adr r0, 8019ae0 ) ; =0x08019AE0 rom_08019AE0
19760 lsls r0, r0, #2
19762 add r0, sp, #896 @ 0x380
19764 lsls r0, r0, #2
19766 str r0, [r4, #0]
19768 movs r0, r0
1976a lsrs r0, r6, #13
1976c lsls r3, r1, #6
1976e movs r0, #32
19770 str r6, [sp, #24]
19772 lsls r0, r5, #1
19774 add ip, r8
19776 lsls r0, r0, #7
19778 ldrh r3, [r0, #20]
1977a lsrs r0, r0, #23
1977c add r3, pc, #524 @ (adr r3, 801998c ) ; =0x0801998C rom_0801998C
1977e lsrs r0, r0, #31
19780 stmia r6!, {r0, r1, r7}
19782 lsrs r0, r0, #15
19784 ldrh r3, [r0, #44] @ 0x2c
19786 lsrs r0, r0, #19
19788 ldrh r3, [r0, #4]
1978a lsrs r0, r0, #3
1978c adds r3, r0, #2
1978e lsls r0, r0, #19
19790 b.n 8019c98 
19792 lsrs r0, r0, #7
19794 ldrb r0, [r3, r3]
19796 movs r0, #32
19798 str r6, [r2, #100] @ 0x64
1979a lsrs r0, r5, #5
1979c stmia r0!, {r2, r6}
1979e lsls r0, r3, #1
197a0 lsls r0, r5, #12
197a2 mov r8, r3
197a4 lsls r4, r7, #1
197a6 movs r2, #36 @ 0x24
197a8 cmp r0, #215 @ 0xd7
197aa lsls r0, r5, #5
197ac pop {r2, r6}
197ae lsls r0, r4, #5
197b0 add r0, pc, #8 @ (adr r0, 80197bc ) ; =0x080197BC rom_080197BC
197b2 adds r4, #120 @ 0x78
197b4 lsls r4, r7, #1
197b6 ands r0, r4
197b8 strb r3, [r0, #8]
197ba movs r1, #36 @ 0x24
197bc strb.w r0, [r2], #-104
197c0 add r0, pc, #8 @ (adr r0, 80197cc ) ; =0x080197CC rom_080197CC
197c2 ands r0, r4
197c4 str r3, [r0, #0]
197c6 lsls r0, r0, #3
197c8 strb.w r4, [r2, #32]
197cc strb r3, [r0, #24]
197ce movs r2, #36 @ 0x24
197d0 @ <UNDEFINED> instruction: 0xf6825478
197d4 lsls r4, r7, #1
197d6 ands r0, r4
197d8 @ <UNDEFINED> instruction: 0xfa024020
197dc ldr r6, [pc, #12] ; =0x20204E03 
197de ands r0, r4
197e0 str r3, [r0, #0]
197e2 ands r0, r4
197e4 lsls r3, r0, #8
197e6 movs r0, #32
197e8 strb.w r4, [r2, r0, lsl #2]
197ec ldr r6, [pc, #12] ; =0x0160A002 
197ee movs r0, #32
197f0 stmdb r2, {r5, sl, ip, sp}
197f4 cmp r0, #87 @ 0x57
197f6 movs r0, #32
197f8 ldrb r3, [r0, #8]
197fa lsls r0, r5, #5
197fc add r0, pc, #8 @ (adr r0, 8019808 ) ; =0x08019808 rom_08019808
197fe lsls r0, r4, #5
19800 mov r4, r8
19802 lsls r0, r5, #1
19804 strh r3, [r1, #44] @ 0x2c
19806 b.n 8019c48 
19808 lsls r2, r6, #1
1980a ands r0, r4
1980c ldrb r3, [r0, #28]
1980e add r0, pc, #864 @ (adr r0, 8019b70 ) ; =0x08019B70 rom_08019B70
19810 ldr r0, [pc, #272] ; =0x2001840B 
19812 ands r0, r4
19814 cmp r6, pc
19816 movs r0, #32
19818 strh r3, [r0, #16]
1981a lsrs r0, r5, #5
1981c strh r3, [r1, #16]
1981e ldr r4, [pc, #96] ; =0x70820340 
19820 lsls r6, r7, #3
19822 strh r0, [r0, #22]
19824 asrs r3, r0, #18
19826 ands r0, r4
19828 ldrb r3, [r0, #16]
1982a lsls r0, r5, #5
1982c add r0, pc, #8 @ (adr r0, 8019838 ) ; =0x08019838 rom_08019838
1982e add r1, pc, #896 @ (adr r1, 8019bb0 ) ; =0x08019BB0 rom_08019BB0
19830 movs r0, r0
19832 ands r0, r4
19834 strh r3, [r0, #16]
19836 lsls r0, r3, #1
19838 lsls r5, r0, #17
1983a lsls r0, r3
1983c lsls r4, r1, #2
1983e stmia r0!, {r3, r5, r6, r7}
19840 lsls r0, r0, #2
19842 str.w r0, [sl, <undefined>]
19846 @ <UNDEFINED> instruction: 0xf4fc0c30
1984a adds r0, r6, r3
1984c lsls r2, r0, #19
1984e subs r0, r0, #4
19850 strb r2, [r4, #11]
19852 subs r0, r0, #4
19854 @ <UNDEFINED> instruction: 0xfee06005
19858 stmia r4!, {}
1985a movs r0, #69 @ 0x45
1985c lsls r0, r0, #13
1985e adds r4, r7, r1
19860 lsrs r2, r0, #17
19862 movs r0, #0
19864 ldrb r0, [r0, #25]
19866 movs r0, #69 @ 0x45
19868 lsls r0, r4, #12
1986a movs r0, #130 @ 0x82
1986c lsls r0, r0, #13
1986e ldr r4, [r7, #4]
19870 lsls r1, r0, #8
19872 b.n 80199b6 
19874 lsls r1, r4, #2
19876 ldr r0, [r0, #0]
19878 lsrs r1, r0, #12
1987a b.n 8019982 
1987c lsls r1, r4, #2
1987e movs r0, #0
19880 lsls r0, r0, #13
19882 strb r2, [r0, #2]
19884 cmp r4, r8
19886 movs r0, #7
19888 lsls r0, r4, #1
1988a bls.n 801988e 
1988c lsls r0, r4, #1
1988e ldr r3, [r0, #0]
19890 add r1, r0
19892 str r4, [r7, #8]
19894 lsls r1, r0, #8
19896 strb r0, [r4, #2]
19898 strh r3, [r1, #32]
1989a ldrb r0, [r0, #0]
1989c ldrb r4, [r6, #16]
1989e movs r0, #0
198a0 lsls r0, r0, #13
198a2 movs r4, #114 @ 0x72
198a4 lsls r1, r4, #12
198a6 ldr r4, [r0, #4]
198a8 lsls r1, r1, #8
198aa movs r0, #160 @ 0xa0
198ac lsls r0, r0, #13
198ae stmia r0!, {r5, r6}
198b0 strh r0, [r0, #24]
198b2 movs r0, #71 @ 0x47
198b4 lsls r0, r0, #13
198b6 movs r4, #118 @ 0x76
198b8 strh r2, [r4, #24]
198ba ldr r0, [r0, #4]
198bc ldrh r0, [r0, #24]
198be stmia r0!, {r2, r7}
198c0 strh r0, [r0, #24]
198c2 movs r4, #71 @ 0x47
198c4 lsls r4, r6, #12
198c6 ldrb r1, [r6, #0]
198c8 ldrb r4, [r2, #17]
198ca ldr r0, [r0, #0]
198cc ldrh r0, [r0, #24]
198ce subs r5, r0, #6
198d0 @ <UNDEFINED> instruction: 0xfee06004
198d4 stmia r4!, {}
198d6 movs r0, #69 @ 0x45
198d8 lsls r0, r0, #13
198da movs r0, #130 @ 0x82
198dc lsls r0, r4, #12
198de ldr r3, [r7, #0]
198e0 ldrh r0, [r0, #24]
198e2 subs r5, r0, #6
198e4 ldrb r6, [r4, #19]
198e6 movs r0, #16
198e8 strh r2, [r4, #24]
198ea ldr r7, [r0, #4]
198ec stmia r4!, {}
198ee subs r5, r0, #5
198f0 ldrb r6, [r4, #19]
198f2 movs r0, #16
198f4 strh r2, [r4, #24]
198f6 ldr r7, [r0, #4]
198f8 lsls r1, r0, #8
198fa subs r0, r4, #6
198fc vshr.u64 q11, <illegal reg q15.5>, #32
19900 lsrs r1, r0, #12
19902 movs r0, #128 @ 0x80
19904 lsls r0, r0, #13
19906 ldr r7, [r2, #4]
19908 lsls r1, r0, #8
1990a str r0, [r4, #8]
1990c lsrs r1, r0, #12
1990e movs r0, #126 @ 0x7e
19910 lsls r0, r0, #13
19912 adds r2, r2, r5
19914 str r7, [sp, #384] @ 0x180
19916 movs r0, #255 @ 0xff
19918 strh r2, [r4, #24]
1991a movs r0, #66 @ 0x42
1991c lsls r0, r0, #13
1991e movs r0, #78 @ 0x4e
19920 lsls r0, r4, #12
19922 strb r1, [r4, #0]
19924 strh r3, [r1, #32]
19926 movs r0, #1
19928 lsls r0, r4, #12
1992a ldr r0, [r0, #4]
1992c lsls r1, r0, #8
1992e str r0, [r4, #8]
19930 lsrs r1, r0, #12
19932 movs r0, #128 @ 0x80
19934 lsls r0, r4, #12
19936 ldr r3, [r1, #4]
19938 lsls r1, r0, #8
1993a add r1, pc, #640 @ (adr r1, 8019bbc ) ; =0x08019BBC rom_08019BBC
1993c lsls r0, r7, #7
1993e @ <UNDEFINED> instruction: 0xfc0320f4
19942 bfcsel 0, 8018982 , 2, cc
19946 @ <UNDEFINED> instruction: 0xffff0160
1994a strh r3, [r1, #0]
1994c movs r0, #32
1994e ldr r3, [pc, #12] ; =0xA0020968 
19950 adds r4, #32
19952 cmp r0, #87 @ 0x57
19954 ands r0, r4
19956 ldrsb r3, [r0, r4]
19958 movs r0, #32
1995a ldrb r3, [r0, #8]
1995c lsrs r0, r5, #5
1995e add r0, pc, #8 @ (adr r0, 8019968 ) ; =0x08019968 " `"
19960 ands r0, r3
19962 lsls r4, r0, #6
19964 lsrs r0, r4, #5
19966 add r0, pc, #8 @ (adr r0, 8019970 ) ; =0x08019970 rom_08019970
19968 str r0, [r4, #0]
1996a movs r0, r0
1996c lsls r0, r5, #1
1996e strh r3, [r1, #44] @ 0x2c
19970 lsls r0, r4, #1
19972 lsls r1, r0, #14
19974 b.n 8019db6 
19976 lsls r2, r6, #1
19978 ands r0, r4
1997a ldrb r3, [r0, #28]
1997c movs r0, #32
1997e cmp r6, pc
19980 ands r0, r4
19982 ldrb r3, [r0, #16]
19984 lsls r0, r5, #5
19986 ldrb r3, [r1, #24]
19988 add r1, pc, #896 @ (adr r1, 8019d0c ) ; =0x08019D0C rom_08019D0C
1998a movs r0, r0
1998c lsls r0, r5, #5
1998e strh r3, [r1, #0]
19990 add r1, pc, #896 @ (adr r1, 8019d14 ) ; =0x08019D14 rom_08019D14
19992 movs r0, r0
19994 lsls r0, r5, #1
19996 lsls r1, r0, #14
19998 b.n 8019dda 
1999a lsls r2, r6, #1
1999c ands r0, r4
1999e cmp r6, pc
199a0 movs r0, #32
199a2 strh r3, [r0, #16]
199a4 stmia r0!, {r3, r4, r6, r7}
199a6 lsls r5, r0, #17
199a8 tst r0, r3
199aa movs r2, r4
199ac stmia r1!, {r3, r5, r6, r7}
199ae movs r0, r0
199b0 subs r2, #32
199b2 ldr r3, [r0, #48] @ 0x30
199b4 ldmia r1!, {r3, r5, r6, r7}
199b6 movs r0, r0
199b8 lsrs r0, r4, #5
199ba strh r3, [r1, #16]
199bc movs r6, #154 @ 0x9a
199be lsls r4, r7, #1
199c0 movs r2, #32
199c2 ldr r3, [r0, #88] @ 0x58
199c4 stmia r0!, {r3, r5, r6, r7}
199c6 lsls r0, r0, #2
199c8 stmia r0!, {r3, r4, r7}
199ca lsls r4, r1, #2
199cc movs r0, #32
199ce str r3, [r0, #32]
199d0 lsls r0, r3, #1
199d2 lsls r0, r0, #4
199d4 str r0, [r4, #0]
199d6 movs r0, r0
199d8 stmia r0!, {r3, r5, r6, r7}
199da lsls r0, r0, #2
199dc lsls r0, r4, #1
199de strh r3, [r1, #44] @ 0x2c
199e0 ands r0, r4
199e2 strh r3, [r0, #40] @ 0x28
199e4 lsls r0, r3, #1
199e6 movs r0, r0
199e8 str r0, [r4, #0]
199ea movs r0, r0
199ec lsrs r0, r5, #5
199ee add r0, pc, #8 @ (adr r0, 80199f8 ) ; =0x080199F8 " `"
199f0 lsls r0, r5, #5
199f2 bkpt 0x0044
199f4 mov r8, r3
199f6 lsls r4, r7, #1
199f8 str r0, [r4, #0]
199fa movs r0, r0
199fc lsls r0, r5, #5
199fe stmia r0!, {r2, r6}
19a00 lsrs r0, r5, #5
19a02 strh r3, [r1, #16]
19a04 mov r8, r3
19a06 lsls r4, r7, #1
19a08 str r0, [r4, #0]
19a0a movs r0, r0
19a0c ands r0, r4
19a0e ldrb r3, [r0, #16]
19a10 movs r0, #32
19a12 ldrh r0, [r3, #18]
19a14 lsls r0, r5, #5
19a16 cbnz r2, 8019a1a 
19a18 b.n 8019e5a 
19a1a movs r2, r1
19a1c str r0, [r4, #0]
19a1e movs r0, r0
19a20 lsls r0, r5, #5
19a22 @ <UNDEFINED> instruction: 0xb702
19a24 b.n 8019e66 
19a26 movs r4, r1
19a28 str r0, [r4, #0]
19a2a movs r0, r0
19a2c add r2, pc, #96 @ (adr r2, 8019a90 ) ; =0x08019A90 rom_08019A90
19a2e lsls r6, r7, #1
19a30 lsls r0, r4, #5
19a32 cbnz r2, 8019a36 
19a34 ldrh.w r0, [r0, <undefined>]
19a38 @ <UNDEFINED> instruction: 0xf4fc0e10
19a3c movs r0, #240 @ 0xf0
19a3e lsls r0, r4, #1
19a40 adds r0, r0, r0
19a42 ldrb r2, [r0, #27]
19a44 str r0, [r0, #0]
19a46 lsls r1, r0, #8
19a48 movs r0, #183 @ 0xb7
19a4a lsls r0, r4, #1
19a4c bhi.n 8019a50 
19a4e lsls r0, r0, #1
19a50 movs r0, #5
19a52 ldr r0, [r4, r0]
19a54 ldr r2, [r2, #8]
19a56 ldr r3, [pc, #4] ; =0x58202000 
19a58 b.n 8019b66 
19a5a lsls r1, r4, #2
19a5c movs r0, #0
19a5e ldr r0, [r4, r0]
19a60 strb r2, [r1, #2]
19a62 str r0, [sp, #300] @ 0x12c
19a64 strb r2, [r0, #0]
19a66 svc 11
19a68 ldr r7, [r2, #0]
19a6a lsrs r1, r0, #12
19a6c subs r3, r3, #7
19a6e @ <UNDEFINED> instruction: 0xfee06004
19a72 ldr r3, [pc, #4] ; =0x4B0160DB 
19a74 ldr r3, [r1, r2]
19a76 lsrs r0, r0, #12
19a78 str r3, [r3, #12]
19a7a ldr r3, [pc, #4] ; =0x0020D897 
19a7c movs r0, #141 @ 0x8d
19a7e lsls r0, r0, #13
19a80 bhi.n 80199b2 
19a82 movs r0, r4
19a84 movs r0, #2
19a86 ldr r0, [r4, r0]
19a88 strb r1, [r3, #2]
19a8a ldrh r3, [r1, #18]
19a8c ldr r1, [r0, #0]
19a8e ldr r3, [pc, #36] ; =0x5620201F 
19a90 ldr r3, [r1, #8]
19a92 ldr r3, [pc, #4] ; =0xC40060B9 
19a94 movs r0, #131 @ 0x83
19a96 ldrb r0, [r0, #29]
19a98 str r1, [r7, #8]
19a9a stmia r4!, {}
19a9c subs r7, r7, #4
19a9e movs r2, #226 @ 0xe2
19aa0 adds r0, r0, r0
19aa2 ldrb r2, [r0, #25]
19aa4 ldr r2, [sp, #0]
19aa6 ldrb r6, [r4, #24]
19aa8 str r0, [r0, #0]
19aaa ldr r3, [pc, #4] ; =0x7D0B7000 
19aac movs r0, #139 @ 0x8b
19aae lsls r2, r7, #1
19ab0 strb r0, [r0, #0]
19ab2 ldrb r3, [r1, #20]
19ab4 movs r0, #31
19ab6 ldrsb r0, [r4, r0]
19ab8 ldr r0, [r4, #0]
19aba ldr r1, [pc, #4] ; =0x49016800 
19abc subs r6, r5, #7
19abe lsls r2, r4, #27
19ac0 ldr r0, [r0, #0]
19ac2 ldr r1, [pc, #4] ; =0x904B7090 
19ac4 movs r0, #242 @ 0xf2
19ac6 ldr r2, [r7, r0]
19ac8 strb r0, [r2, #2]
19aca str r0, [sp, #300] @ 0x12c
19acc bhi.n 8019ad2 
19ace lsls r0, r0, #1
19ad0 movs r0, #200 @ 0xc8
19ad2 ldrb r0, [r0, #29]
19ad4 ldr r1, [r7, #8]
19ad6 ldr r3, [pc, #36] ; =0x8E016042 
19ad8 adds r5, r0, r2
19ada strh r0, [r0, #42] @ 0x2a
19adc movs r0, #253 @ 0xfd
19ade ldrb r0, [r0, #29]
19ae0 subs r1, r7, #6
19ae2 strb r2, [r4, #11]
19ae4 subs r0, r0, #4
19ae6 @ <UNDEFINED> instruction: 0xfee06003
19aea lsrs r1, r0, #24
19aec ldr r2, [r7, #0]
19aee ldr r1, [pc, #4] ; =0x49016000 
19af0 ldr r7, [sp, #968] @ 0x3c8
19af2 ldrb r6, [r4, #24]
19af4 str r0, [r0, #0]
19af6 ldr r1, [pc, #4] ; =0x8E016042 
19af8 ldr r2, [r6, #12]
19afa stmia r4!, {r0}
19afc str r2, [r0, #4]
19afe ldrh r1, [r0, #48] @ 0x30
19b00 ldr r4, [r7, #0]
19b02 ldr r1, [pc, #4] ; =0x49402000 
19b04 b.n 8019cf0 
19b06 lsls r1, r4, #2
19b08 movs r0, #0
19b0a ldr r1, [pc, #256] ; =0x4020EC3B 
19b0c adds r4, r7, r1
19b0e ldrb r2, [r4, #25]
19b10 str r0, [r0, #0]
19b12 ldr r1, [pc, #4] ; =0xFEE01F3A 
19b14 ldr r6, [r5, #12]
19b16 lsrs r1, r0, #24
19b18 subs r2, r7, #4
19b1a @ <UNDEFINED> instruction: 0xfee06004
19b1e ldr r3, [pc, #4] ; =0x4B01603A 
19b20 ldr r3, [r1, r2]
19b22 lsrs r0, r0, #24
19b24 str r2, [r7, #0]
19b26 ldr r3, [pc, #4] ; =0x01F8EF97 
19b28 movs r0, #141 @ 0x8d
19b2a lsls r0, r0, #13
19b2c vsra.s64 q0, q12, #41
19b30 @ <UNDEFINED> instruction: 0xfc0300f4
19b34 and.w r1, pc, #104 @ 0x68
19b38 ldrh r3, [r1, #26]
19b3a ldrh r0, [r4, r0]
19b3c beq.n 8019b46 
19b3e movs r0, #216 @ 0xd8
19b40 lsls r0, r0, #8
19b42 movs r0, #32
19b44 ldr r1, [sp, #352] @ 0x160
19b46 ldr r3, [pc, #448] ; =0x20340440 
19b48 lsls r7, r1, #10
19b4a str r0, [r4, #0]
19b4c movs r0, r0
19b4e ands r0, r4
19b50 str r7, [sp, #12]
19b52 lsls r0, r5, #1
19b54 str r0, [sp, #812] @ 0x32c
19b56 lsls r0, r0, #7
19b58 bmi.n 8019b62 
19b5a lsls r0, r0, #3
19b5c ldmia r4!, {r0, r1, r7}
19b5e ldr r3, [pc, #448] ; =0xFC0301F8 
19b60 lsls r0, r2, #2
19b62 str r0, [r4, #0]
19b64 movs r0, r0
19b66 lsls r0, r5, #5
19b68 ldrh r3, [r1, #26]
19b6a ldrh r0, [r4, r0]
19b6c beq.n 8019b76 
19b6e movs r0, #216 @ 0xd8
19b70 lsls r0, r0, #4
19b72 movs r0, #32
19b74 ldr r1, [sp, #352] @ 0x160
19b76 lsls r0, r5, #5
19b78 movw sl, #37664 @ 0x9320
19b7c stmia r4!, {r0, r1}
19b7e lsrs r0, r6, #13
19b80 subs r5, r7, r5
19b82 movs r0, #32
19b84 movs r0, #86 @ 0x56
19b86 movs r0, #216 @ 0xd8
19b88 lsls r0, r0, #4
19b8a movs r0, #32
19b8c ldr r1, [sp, #352] @ 0x160
19b8e strb r0, [r7, r5]
19b90 lsls r4, r7, #3
19b92 adds r7, #32
19b94 bls.n 8019b9e 
19b96 adds r6, #36 @ 0x24
19b98 cmp r2, #219 @ 0xdb
19b9a ands r0, r4
19b9c strb r5, [r7, #24]
19b9e lsls r0, r5, #5
19ba0 str r1, [r0, #20]
19ba2 lsls r0, r4, #5
19ba4 ldmia r6!, {r0, r1}
19ba6 lsls r0, r5, #1
19ba8 lsls r3, r0
19baa b.n 8019c0c 
19bac lsls r6, r0, #4
19bae movs r0, #36 @ 0x24
19bb0 ldrh r5, [r7, #20]
19bb2 lsls r0, r5, #1
19bb4 subs r6, #196 @ 0xc4
19bb6 b.n 8019c18 
19bb8 lsls r6, r0, #4
19bba movs r0, #36 @ 0x24
19bbc ldrh r5, [r7, #20]
19bbe ands r0, r4
19bc0 subs r6, r2, r1
19bc2 subs r2, #36 @ 0x24
19bc4 ldrh r5, [r7, #16]
19bc6 lsls r0, r5, #1
19bc8 stmia r0!, {r0, r1, r7}
19bca strh r2, [r0, #22]
19bcc ldrh r5, [r7, #20]
19bce movs r0, #32
19bd0 ldr r5, [r7, #112] @ 0x70
19bd2 adcs r0, r6
19bd4 ldrb r6, [r5, #29]
19bd6 movs r0, #32
19bd8 cmp r1, #124 @ 0x7c
19bda movs r0, #218 @ 0xda
19bdc b.n 801946e 
19bde ands r0, r4
19be0 ldr r7, [sp, #508] @ 0x1fc
19be2 ldrb r0, [r4, #8]
19be4 movs r0, r0
19be6 lsrs r0, r0, #7
19be8 str r4, [r7, #116] @ 0x74
19bea movs r0, #32
19bec ldrh r4, [r7, r1]
19bee movs r0, #32
19bf0 strb r6, [r0, #12]
19bf2 ands r0, r4
19bf4 movs r5, #62 @ 0x3e
19bf6 ands r0, r4
19bf8 stcl 0, cr4, [sp], #-128 @ 0xffffff80
19bfc bvs.n 8019c6a 
19bfe ands r0, r4
19c00 ands r0, r0
19c02 ands r0, r4
19c04 ldrh r4, [r0, #48] @ 0x30
19c06 adds r6, #36 @ 0x24
19c08 ldrh r4, [r6, #44] @ 0x2c
19c0a ands r0, r4
19c0c ldc 0, cr4, [fp], #-128 @ 0xffffff80
19c10 asrs r6, r5, #1
19c12 ands r0, r4
19c14 bx r6
19c16 ands r0, r4
19c18 cbz r0, 8019c2a 
19c1a ands r0, r4
19c1c strb r0, [r7, #0]
19c1e movs r0, #32
19c20 strh r4, [r6, #48] @ 0x30
19c22 ands r0, r4
19c24 str r5, [r7, #16]
19c26 ldrb.w r0, [r1, #769] @ 0x301
19c2a @ <UNDEFINED> instruction: 0xf4fc0ff0
19c2e movs r0, #240 @ 0xf0
19c30 subs r3, #64 @ 0x40
19c32 movs r0, #226 @ 0xe2
19c34 adds r4, #33 @ 0x21
19c36 movs r0, #152 @ 0x98
19c38 adds r2, #64 @ 0x40
19c3a movs r4, #4
19c3c adds r4, #52 @ 0x34
19c3e movs r0, #152 @ 0x98
19c40 subs r0, #64 @ 0x40
19c42 movs r4, #18
19c44 lsls r2, r7, #12
19c46 movs r0, #239 @ 0xef
19c48 ldr r0, [r0, #36] @ 0x24
19c4a movs r0, #92 @ 0x5c
19c4c adds r2, #32
19c4e ldr r0, [r2, #8]
19c50 strh r0, [r0, #0]
19c52 stmia r0!, {r0, r2, r3, r4, r5, r6}
19c54 strh r5, [r0, #32]
19c56 stmia r0!, {r0, r1, r3, r4}
19c58 lsls r6, r3, #16
19c5a stmia r0!, {r1, r3, r4}
19c5c strh r3, [r1, #32]
19c5e stmia r0!, {r4}
19c60 lsls r0, r1, #16
19c62 movs r0, #10
19c64 ldrh r0, [r4, r4]
19c66 ldr r1, [r2, #8]
19c68 strh r0, [r1, #32]
19c6a adds r7, r3, r3
19c6c ldrb r6, [r0, #17]
19c6e movs r0, #6
19c70 lsls r1, r4, #16
19c72 movs r0, #14
19c74 ldrb r0, [r4, r0]
19c76 strb r2, [r4, #3]
19c78 ldrb r0, [r0, #24]
19c7a movs r0, #36 @ 0x24
19c7c ldrh r0, [r4, r4]
19c7e ldr r1, [r1, #12]
19c80 lsls r1, r0, #16
19c82 movs r0, #228 @ 0xe4
19c84 ldrb r2, [r7, r4]
19c86 ldr r5, [r6, #8]
19c88 lsls r1, r0, #16
19c8a ldr r2, [r4, #12]
19c8c ldmia r2!, {r3}
19c8e ldr r0, [sp, #0]
19c90 @ <UNDEFINED> instruction: 0xfe4fd800
19c94 lsls r0, r0, #25
19c96 ldr r0, [sp, #256] @ 0x100
19c98 ldrb r6, [r0, #17]
19c9a movs r0, #0
19c9c ldrb r1, [r4, r4]
19c9e strb r5, [r6, #2]
19ca0 asrs r2, r0, #13
19ca2 movs r0, #2
19ca4 ldrb r0, [r4, r4]
19ca6 movs r0, #162 @ 0xa2
19ca8 ldrh r0, [r4, r4]
19caa ldr r7, [r1, #12]
19cac strh r0, [r0, #56] @ 0x38
19cae movs r0, #225 @ 0xe1
19cb0 lsls r2, r3, #29
19cb2 movs r0, #198 @ 0xc6
19cb4 ldrb r0, [r4, r4]
19cb6 @ <UNDEFINED> instruction: 0xe81a80c1
19cba str r0, [r0, #0]
19cbc strh r1, [r0, #24]
19cbe stmia r0!, {r0, r3, r4, r5, r6, r7}
19cc0 lsls r1, r1, #16
19cc2 stmia r0!, {r1, r4, r5}
19cc4 lsls r1, r5, #16
19cc6 stmia r0!, {r2, r4, r5}
19cc8 lsls r3, r1, #16
19cca stmia r0!, {r0, r1, r3, r5}
19ccc lsls r4, r1, #16
19cce stmia r0!, {r0, r3, r5}
19cd0 lsls r1, r0, #16
19cd2 movs r0, #38 @ 0x26
19cd4 ldr r0, [r4, r4]
19cd6 ldr r7, [r0, #0]
19cd8 lsls r1, r0, #12
19cda str r7, [r0, #4]
19cdc ldr r3, [pc, #4] ; =0x20197D0B 
19cde movs r0, #133 @ 0x85
19ce0 ldr r0, [r4, r4]
19ce2 strb r6, [r1, #2]
19ce4 ldrb r3, [r1, #20]
19ce6 movs r0, #25
19ce8 ldrsb r0, [r4, r0]
19cea ldr r0, [r4, r0]
19cec lsrs r0, r0, #12
19cee str r3, [r3, #12]
19cf0 ldr r3, [pc, #4] ; =0xDAFEF320 
19cf2 movs r0, #135 @ 0x87
19cf4 lsls r0, r0, #17
19cf6 subs r7, r6, #4
19cf8 bl fn_08B3A2F8
19cfc asrs r0, r4, #32
19cfe movs r0, #164 @ 0xa4
19d00 lsls r0, r0, #17
19d02 movs r0, #197 @ 0xc5
19d04 lsls r0, r4, #16
19d06 movs r0, #204 @ 0xcc
19d08 lsls r0, r0, #17
19d0a movs r0, #52 @ 0x34
19d0c lsls r0, r4, #16
19d0e movs r0, #199 @ 0xc7
19d10 lsls r0, r0, #17
19d12 bge.n 8019d84 
19d14 asrs r0, r4, #32
19d16 movs r0, #162 @ 0xa2
19d18 lsls r0, r4, #16
19d1a ldr r5, [r0, #12]
19d1c strh r0, [r0, #24]
19d1e add r1, pc, #260 @ (adr r1, 8019e24 ) ; =0x08019E24 rom_08019E24
19d20 lsls r0, r7, #7
19d22 @ <UNDEFINED> instruction: 0xfc03e0f4
19d26 bfcsel 0, 8019d66 , 2, mi
19d2a ldr??.w lr, [r3, #31]
19d2e @ <UNDEFINED> instruction: 0xfcff0160
19d32 b.n 801a1c8 
19d34 ldmia r1!, {r3, r5, r6, r7}
19d36 movs r0, r0
19d38 lsrs r0, r4, #5
19d3a b.n 80195d0 
19d3c str r0, [r4, #0]
19d3e movs r0, r0
19d40 lsrs r0, r4, #1
19d42 asrs r0, r0, #30
19d44 ands r0, r3
19d46 lsls r2, r4, #2
19d48 ands r0, r4
19d4a @ <UNDEFINED> instruction: 0xb63a
19d4c lsls r0, r3, #1
19d4e movs r5, r0
19d50 ands r0, r4
19d52 bgt.w 80d5036 <_binary_v289_app1_bin_end+0xb976a>
19d56 lsls r6, r0, #4
19d58 ldrh r0, [r6, #10]
19d5a subs r4, #0
19d5c ldrh r0, [r6, #10]
19d5e b.n 8019d64 
19d60 ldrh r0, [r6, #10]
19d62 asrs r5, r5, #9
19d64 movs r0, r4
19d66 lsrs r0, r0, #8
19d68 ldrh r0, [r6, #10]
19d6a lsls r2, r0, #4
19d6c ldrh r0, [r6, #10]
19d6e subs r5, #2
19d70 movs r0, r4
19d72 lsrs r0, r0, #8
19d74 ldrh r0, [r6, #10]
19d76 @ <UNDEFINED> instruction: 0xb703
19d78 movs r0, r4
19d7a lsrs r0, r0, #8
19d7c ldrh r0, [r6, #10]
19d7e ldrb r2, [r0, #20]
19d80 lsls r0, r5, #1
19d82 push {r0, r1, r3, r6, r7}
19d84 lsls r0, r0, #3
19d86 strb r4, [r0, r4]
19d88 lsls r0, r0, #7
19d8a ldr r4, [r0, r6]
19d8c lsls r0, r0, #11
19d8e ldrb r4, [r0, r6]
19d90 asrs r0, r0, #23
19d92 str r4, [r0, #16]
19d94 asrs r0, r0, #23
19d96 str r4, [r0, #88] @ 0x58
19d98 movs r0, #32
19d9a strb r4, [r0, r4]
19d9c ldrh r0, [r6, #10]
19d9e orrs.w r0, r6, #2684354560 @ 0xa0000000
19da2 ldr r4, [r0, #16]
19da4 ldrh r0, [r6, #10]
19da6 bhi.n 8019e54 
19da8 str r0, [r4, #0]
19daa movs r0, r0
19dac ldrh r0, [r6, #10]
19dae svc 86 @ 0x56
19db0 ands r0, r4
19db2 ldr r4, [r0, #16]
19db4 ldrh r0, [r6, #10]
19db6 svc 85 @ 0x55
19db8 str r0, [r4, #0]
19dba movs r0, r0
19dbc ldrh r0, [r6, #10]
19dbe vhadd.u16 d20, d6, d16
19dc2 ldr r4, [r0, #16]
19dc4 ldrh r0, [r6, #10]
19dc6 svc 85 @ 0x55
19dc8 str r0, [r4, #0]
19dca movs r0, r0
19dcc ldrh r0, [r6, #10]
19dce ldmia r6, {r1, r2, r4, r6}
19dd0 ands r0, r4
19dd2 ldr r4, [r0, #16]
19dd4 ldrh r0, [r6, #10]
19dd6 bhi.n 8019e84 
19dd8 str r0, [r4, #0]
19dda movs r0, r0
19ddc ldrh r0, [r6, #10]
19dde ldmia r3!, {r1, r2, r4, r6}
19de0 ands r0, r4
19de2 ldr r4, [r0, #16]
19de4 ldrh r0, [r6, #10]
19de6 bhi.n 8019e94 
19de8 str r0, [r4, #0]
19dea movs r0, r0
19dec movs r0, r4
19dee lsls r0, r0, #16
19df0 ldrh r0, [r6, #10]
19df2 bne.n 8019ea0 
19df4 movs r0, r4
19df6 lsls r0, r0, #16
19df8 ldrh r0, [r6, #10]
19dfa bcs.n 8019ea8 
19dfc movs r0, r4
19dfe lsls r0, r0, #16
19e00 ldrh r0, [r6, #10]
19e02 bmi.n 8019eb0 
19e04 movs r0, r4
19e06 lsls r0, r0, #16
19e08 str r0, [r4, #0]
19e0a movs r0, r0
19e0c ands r0, r4
19e0e ble.n 8019eb8 
19e10 ands r0, r4
19e12 ldrh r4, [r0, #24]
19e14 lsrs r0, r3
19e16 lsls r0, r0, #20
19e18 str.w r0, [lr, #769] @ 0x301
19e1c @ <UNDEFINED> instruction: 0xf4fc11d0
19e20 movs r0, #240 @ 0xf0
19e22 ldr r0, [r0, #20]
19e24 bhi.n 8019ddc 
19e26 lsls r0, r0, #1
19e28 movs r0, #5
19e2a ldr r0, [r0, #20]
19e2c movs r0, #237 @ 0xed
19e2e strb r0, [r4, r0]
19e30 ldr r1, [r0, #12]
19e32 ldmia r3!, {}
19e34 movs r0, #138 @ 0x8a
19e36 strb r2, [r7, r0]
19e38 ldr r6, [r1, #12]
19e3a stmia r4!, {}
19e3c lsrs r6, r7, #32
19e3e strh r0, [r0, #48] @ 0x30
19e40 @ <UNDEFINED> instruction: 0xe80880c0
19e44 subs r0, r0, #4
19e46 strb r2, [r4, #11]
19e48 lsrs r0, r0, #32
19e4a strh r0, [r0, #48] @ 0x30
19e4c movs r0, #8
19e4e bmi.n 8019e96 
19e50 ldr r7, [r2, #12]
19e52 ldr r3, [pc, #4] ; =0x7C461889 
19e54 ldr r5, [r1, #8]
19e56 ldmia r3, {r3}
19e58 adds r1, r1, r2
19e5a ldrb r6, [r0, #17]
19e5c movs r0, #2
19e5e strh r2, [r0, #34] @ 0x22
19e60 subs r1, r1, #6
19e62 lsrs r2, r4, #19
19e64 movs r0, #0
19e66 strb r0, [r0, r1]
19e68 adds r4, r2, r3
19e6a ldrb r2, [r0, #27]
19e6c str r0, [r0, #0]
19e6e ldr r3, [pc, #4] ; =0x7E269F00 
19e70 movs r0, #141 @ 0x8d
19e72 lsls r0, r4, #1
19e74 ldr r7, [sp, #0]
19e76 ldrb r6, [r4, #24]
19e78 movs r0, #0
19e7a lsls r0, r4, #1
19e7c movs r0, #0
19e7e strh r6, [r6, #32]
19e80 movs r0, #67 @ 0x43
19e82 strh r0, [r0, r5]
19e84 movs r0, #238 @ 0xee
19e86 lsls r0, r4, #16
19e88 bhi.n 8019f08 
19e8a lsls r0, r0, #1
19e8c movs r0, #4
19e8e ldr r0, [r0, #20]
19e90 bhi.n 8019e48 
19e92 lsls r0, r0, #1
19e94 movs r0, #4
19e96 ldr r0, [r4, #16]
19e98 movs r0, #239 @ 0xef
19e9a movs r0, r0
19e9c movs r0, #36 @ 0x24
19e9e strh r0, [r2, #34] @ 0x22
19ea0 movs r0, #142 @ 0x8e
19ea2 rev r0, r6
19ea4 movs r0, #111 @ 0x6f
19ea6 lsls r0, r0, #29
19ea8 strb r2, [r4, #1]
19eaa strb r1, [r1, r6]
19eac movs r0, #212 @ 0xd4
19eae movs r0, r0
19eb0 strb r4, [r0, #0]
19eb2 strb r1, [r1, r6]
19eb4 movs r0, #210 @ 0xd2
19eb6 movs r0, r0
19eb8 strb r4, [r0, #0]
19eba strb r1, [r1, r6]
19ebc movs r0, #209 @ 0xd1
19ebe movs r0, r0
19ec0 strb r4, [r0, #0]
19ec2 strb r1, [r1, r6]
19ec4 strb r0, [r2, #3]
19ec6 ldrsb r1, [r1, r2]
19ec8 ldr r0, [r4, #12]
19eca ldmia r3!, {}
19ecc stmia r0!, {r2, r4, r5, r7}
19ece lsls r0, r0, #16
19ed0 stmia r0!, {r2, r5, r7}
19ed2 strh r1, [r0, #32]
19ed4 stmia r0!, {r0, r1, r2, r5, r7}
19ed6 strh r2, [r0, #32]
19ed8 stmia r0!, {r2, r5, r7}
19eda lsls r5, r2, #16
19edc stmia r0!, {r0, r1, r2, r5, r7}
19ede strh r5, [r2, #32]
19ee0 strb r7, [r4, #2]
19ee2 strb r1, [r1, r6]
19ee4 strb r0, [r2, #3]
19ee6 ldrsb r1, [r1, r2]
19ee8 movs r0, #224 @ 0xe0
19eea subs r2, #32
19eec strb r7, [r5, #1]
19eee strb r1, [r1, r6]
19ef0 strb r0, [r2, #3]
19ef2 ldrsb r1, [r1, r2]
19ef4 movs r0, #192 @ 0xc0
19ef6 subs r2, #32
19ef8 movs r0, #111 @ 0x6f
19efa ldrsb r0, [r0, r1]
19efc movs r4, #28
19efe subs r3, #58 @ 0x3a
19f00 ldr r1, [r6, #12]
19f02 strh r0, [r0, #24]
19f04 movs r0, #65 @ 0x41
19f06 lsls r2, r7, #1
19f08 ldr r0, [r0, #0]
19f0a strh r0, [r0, #24]
19f0c cmp r7, #64 @ 0x40
19f0e lsls r0, r4, #27
19f10 bpl.n 8019f16 
19f12 lsls r0, r7, #7
19f14 @ <UNDEFINED> instruction: 0xfc03c0f4
19f18 ands.w r0, r2, #536879104 @ 0x20002000
19f1c hlt 0x0004
19f1e b.n 8019f80 
19f20 lsls r6, r0, #8
19f22 movs r0, #32
19f24 push {r2, r7}
19f26 movs r0, #32
19f28 rev16 r0, r3
19f2a lsls r0, r5, #5
19f2c add r3, r0
19f2e lsls r0, r0, #11
19f30 subs r4, r0, #0
19f32 lsls r0, r0, #15
19f34 @ <UNDEFINED> instruction: 0xb804
19f36 str r0, [r4, #0]
19f38 movs r0, r0
19f3a lsrs r0, r6, #13
19f3c lsls r5, r7, #21
19f3e movs r0, #32
19f40 movs r0, #86 @ 0x56
19f42 ands r0, r4
19f44 itt eq
19f46 lsleq r0, r5, #1
19f48 vst2eq.32 {d0[1],d2[1]}, [r3], r0
19f4c stmia r7!, {r2}
19f4e lsrs r0, r0, #15
19f50 stmia r6!, {r2}
19f52 str r0, [r4, #0]
19f54 movs r0, r0
19f56 lsls r0, r5, #1
19f58 sbcs r3, r0
19f5a lsrs r0, r5, #5
19f5c b.n 801a3f2 
19f5e lsls r0, r3
19f60 lsls r4, r0, #2
19f62 lsrs r0, r4, #5
19f64 b.n 801a3fa 
19f66 b.n 801a3a8 
19f68 lsls r2, r6, #1
19f6a movs r0, #218 @ 0xda
19f6c ldr r3, [sp, #64] @ 0x40
19f6e movs r0, #32
19f70 @ <UNDEFINED> instruction: 0xfe592020
19f74 ldmia r4!, {r2}
19f76 lsls r0, r5, #5
19f78 b.n 801980e 
19f7a lsrs r0, r5, #5
19f7c b.n 801a412 
19f7e mov r8, r3
19f80 lsls r4, r7, #1
19f82 str r4, [r4, #32]
19f84 lsls r0, r0, #2
19f86 movs r0, #32
19f88 bhi.n 801a03e 
19f8a lsls r0, r5, #5
19f8c strh r3, [r1, #58] @ 0x3a
19f8e b.n 801a3d0 
19f90 movs r2, r1
19f92 lsls r0, r5, #1
19f94 ldr r2, [sp, #576] @ 0x240
19f96 b.n 801a3d8 
19f98 lsls r2, r6, #1
19f9a ands r0, r4
19f9c cmp r6, pc
19f9e add r2, pc, #96 @ (adr r2, 801a000 ) ; =0x0801A000 rom_0801A000
19fa0 lsls r6, r7, #1
19fa2 lsls r0, r4, #5
19fa4 strh r3, [r1, #58] @ 0x3a
19fa6 lsls r0, r5, #5
19fa8 b.n 801983e 
19faa lsrs r0, r5, #5
19fac b.n 801a442 
19fae mov r8, r3
19fb0 lsls r4, r7, #1
19fb2 str r4, [r4, #32]
19fb4 lsls r0, r0, #2
19fb6 lsrs r0, r6, #13
19fb8 asrs r5, r7, #29
19fba movs r0, #32
19fbc movs r0, #86 @ 0x56
19fbe asrs r0, r5, #1
19fc0 lsrs r1, r0, #18
19fc2 strh r3, [r0, #14]
19fc4 lsls r0, r0, #2
19fc6 asrs r0, r5, #5
19fc8 ldr r0, [r0, r0]
19fca lsls r0, r3, #2
19fcc movs r6, r0
19fce str r0, [r5, #12]
19fd0 lsls r0, r0, #2
19fd2 strh r0, [r0, #6]
19fd4 @ <UNDEFINED> instruction: 0xf7841168
19fd8 asrs r1, r0, #8
19fda b.n 8019c1c 
19fdc lsls r4, r7, #9
19fde str r0, [r4, #16]
19fe0 movs r0, r0
19fe2 str r0, [r5, #12]
19fe4 lsls r0, r0, #2
19fe6 lsls r0, r4, #1
19fe8 ldrh r3, [r1, #44] @ 0x2c
19fea ldr r0, [r5, #12]
19fec lsls r0, r0, #2
19fee str r0, [r3, #32]
19ff0 movs r2, r4
19ff2 lsrs r0, r4, #1
19ff4 ldrh r3, [r1, #52] @ 0x34
19ff6 ands r0, r3
19ff8 lsls r4, r0, #14
19ffa asrs r0, r5, #5
19ffc asrs r1, r0, #8
19ffe mov r8, r3
1a000 movs r4, r0
1a002 str r4, [r4, #16]
1a004 movs r0, r0
1a006 lsrs r0, r6, #13
1a008 lsls r3, r1, #6
1a00a ldrb.w r0, [r2, <undefined>]
1a00e @ <UNDEFINED> instruction: 0xf4fc13b0
1a012 movs r0, #240 @ 0xf0
1a014 lsls r0, r0, #21
1a016 ldr r7, [r0, #0]
1a018 ldrh r0, [r0, #24]
1a01a stmia r1!, {r0, r1, r3, r7}
1a01c movs r0, r0
1a01e movs r0, #0
1a020 lsls r0, r4, #16
1a022 ldr r7, [r7, #12]
1a024 lsls r1, r2, #4
1a026 movs r0, #18
1a028 lsls r2, r7, #1
1a02a ldr r0, [r0, #0]
1a02c movs r1, r2
1a02e ldr r0, [sp, #352] @ 0x160
1a030 lsls r0, r0, #24
1a032 ldr r0, [r0, #0]
1a034 lsls r1, r2, #4
1a036 ldr r0, [sp, #72] @ 0x48
1a038 strh r0, [r4, #50] @ 0x32
1a03a movs r0, #0
1a03c lsls r0, r4, #20
1a03e strb r4, [r0, #0]
1a040 ldrh r3, [r1, #40] @ 0x28
1a042 movs r0, #15
1a044 lsls r0, r0, #25
1a046 movs r0, #144 @ 0x90
1a048 ldrb r0, [r0, #29]
1a04a movs r0, #104 @ 0x68
1a04c lsls r0, r0, #17
1a04e ldr r0, [r6, #12]
1a050 bx r0
1a052 stmia r2!, {r2, r4, r5, r6, r7}
1a054 itt hi
1a056 stmiahi r2!, {r4, r7}
1a058 subhi r7, #128 @ 0x80
1a05a movs r0, #119 @ 0x77
1a05c lsls r0, r4, #1
1a05e ldr r0, [r0, #0]
1a060 movs r1, r2
1a062 subs r0, r3, #5
1a064 lsls r2, r4, #27
1a066 adds r0, r0, r0
1a068 strh r0, [r4, #50] @ 0x32
1a06a @ <UNDEFINED> instruction: 0xe8028060
1a06e ldr r0, [sp, #0]
1a070 strh r0, [r4, #50] @ 0x32
1a072 adds r0, r0, r0
1a074 ldrb r2, [r4, #25]
1a076 str r0, [r0, #0]
1a078 movs r1, r2
1a07a movs r0, #88 @ 0x58
1a07c lsls r0, r4, #1
1a07e ldr r0, [r0, #0]
1a080 ldrh r0, [r0, #24]
1a082 stmia r0!, {r0, r2, r3, r7}
1a084 lsls r0, r0, #20
1a086 stmia r0!, {r1, r3, r7}
1a088 strh r0, [r0, #40] @ 0x28
1a08a stmia r0!, {r0, r1, r2, r3, r7}
1a08c lsls r1, r0, #20
1a08e stmia r0!, {r2, r4, r7}
1a090 strh r1, [r0, #40] @ 0x28
1a092 stmia r0!, {r1, r2, r5, r7}
1a094 lsls r2, r0, #20
1a096 stmia r0!, {r0, r4, r5, r7}
1a098 strh r2, [r0, #40] @ 0x28
1a09a stmia r0!, {r1, r6, r7}
1a09c strh r4, [r0, #40] @ 0x28
1a09e stmia r0!, {r2, r5, r6, r7}
1a0a0 lsls r6, r0, #20
1a0a2 stmia r0!, {r0, r2, r3, r4, r5, r6, r7}
1a0a4 strh r6, [r0, #48] @ 0x30
1a0a6 stmia r0!, {r4}
1a0a8 lsls r7, r0, #24
1a0aa stmia r0!, {r0, r1, r2, r4}
1a0ac strh r7, [r0, #48] @ 0x30
1a0ae stmia r0!, {r0, r2, r3, r4}
1a0b0 lsls r0, r1, #24
1a0b2 stmia r0!, {r0, r1, r3, r5}
1a0b4 strh r2, [r1, #40] @ 0x28
1a0b6 stmia r0!, {r0, r2, r3, r4, r5, r7}
1a0b8 lsls r3, r2, #28
1a0ba stmia r0!, {r0, r4, r6, r7}
1a0bc strh r3, [r2, #40] @ 0x28
1a0be stmia r0!, {r2, r7}
1a0c0 strh r0, [r1, #48] @ 0x30
1a0c2 stmia r0!, {r0, r4, r5}
1a0c4 lsls r1, r1, #24
1a0c6 stmia r0!, {r0, r2, r4, r5}
1a0c8 lsls r3, r5, #20
1a0ca stmia r0!, {r0, r1, r3, r5, r6}
1a0cc strh r3, [r5, #40] @ 0x28
1a0ce stmia r0!, {r0, r4, r5, r6}
1a0d0 strh r3, [r6, #40] @ 0x28
1a0d2 stmia r0!, {r0, r1, r2, r3, r4}
1a0d4 strh r5, [r2, #40] @ 0x28
1a0d6 stmia r0!, {r0, r1, r2, r4, r5, r6}
1a0d8 lsls r6, r2, #20
1a0da movs r0, #125 @ 0x7d
1a0dc lsls r0, r4, #24
1a0de ldr r3, [r2, #8]
1a0e0 bx r0
1a0e2 stmia r2!, {r2, r4, r5, r6, r7}
1a0e4 strh r4, [r0, #44] @ 0x2c
1a0e6 ldr r4, [r4, #0]
1a0e8 ldr r1, [pc, #4] ; =0xDA930620 
1a0ea stmia r2!, {r0, r2, r3, r5, r6, r7}
1a0ec lsls r0, r0, #22
1a0ee movs r0, #36 @ 0x24
1a0f0 lsls r0, r4, #24
1a0f2 bge.n 801a01c 
1a0f4 movs r0, r4
1a0f6 bhi.n 801a0fc 
1a0f8 lsls r0, r0, #1
1a0fa ldr r0, [r0, #0]
1a0fc ldrh r0, [r0, #24]
1a0fe subs r5, r1, #6
1a100 movs r6, #226 @ 0xe2
1a102 ldrsh r0, [r0, r0]
1a104 lsls r0, r7, #7
1a106 @ <UNDEFINED> instruction: 0xfc03a0f4
1a10a ands.w fp, r4, #112 @ 0x70
1a10e lsls r5, r1, #26
1a110 lsls r0, r3, #1
1a112 lsls r0, r0, #8
1a114 movs r0, #154 @ 0x9a
1a116 lsls r6, r7, #3
1a118 ands r0, r4
1a11a cmp r6, r0
1a11c str r2, [r3, #32]
1a11e lsls r6, r7, #1
1a120 lsrs r1, r4
1a122 lsls r0, r0, #2
1a124 ldr r0, [pc, #900] ; =0x207ACA01 
1a126 lsls r0, r0, #2
1a128 ands r0, r4
1a12a subs r7, #5
1a12c ands r0, r4
1a12e ldr r4, [pc, #20] ; =0x008040E1 
1a130 ands r0, r4
1a132 ldr r5, [r0, r4]
1a134 ands r0, r4
1a136 str r5, [r0, #32]
1a138 lsls r0, r5, #1
1a13a add r6, sp, #812 @ 0x32c
1a13c lsls r0, r4, #1
1a13e adds r0, r0, r2
1a140 ands r0, r4
1a142 subs r0, #5
1a144 lsrs r1, r4
1a146 lsls r0, r0, #2
1a148 movs r0, #32
1a14a @ <UNDEFINED> instruction: 0xfa680068
1a14e adds r0, r0, r2
1a150 adds.w r0, pc, #132 @ 0x84
1a154 ldr r7, [pc, #96] ; =0x57054124 
1a156 lsrs r4, r0, #10
1a158 b.n 801a39a 
1a15a lsrs r6, r7, #29
1a15c lsls r0, r3
1a15e lsls r4, r0, #2
1a160 mov r0, r3
1a162 lsls r6, r7, #1
1a164 str r0, [r4, #0]
1a166 movs r0, r0
1a168 lsls r0, r3, #1
1a16a movs r0, r0
1a16c lsls r0, r4, #9
1a16e add r5, sp, #300 @ 0x12c
1a170 movs r0, r3
1a172 asrs r2, r6, #17
1a174 movs r0, #218 @ 0xda
1a176 str r1, [sp, #300] @ 0x12c
1a178 movs r0, #234 @ 0xea
1a17a lsls r0, r0, #2
1a17c lsrs r0, r5, #1
1a17e add r5, sp, #812 @ 0x32c
1a180 mov r8, r3
1a182 lsls r4, r7, #1
1a184 asrs r0, r4
1a186 ldr r2, [pc, #20] ; =0x14720018 
1a188 movs r0, #26
1a18a lsls r2, r4, #6
1a18c lsls r2, r0, #3
1a18e orrs r5, r0
1a190 str r0, [r4, #0]
1a192 movs r0, r0
1a194 lsls r0, r4, #1
1a196 add r5, sp, #812 @ 0x32c
1a198 str r0, [r4, #0]
1a19a movs r0, r0
1a19c movs r0, r3
1a19e asrs r2, r6, #17
1a1a0 lsls r0, r5, #1
1a1a2 str r1, [sp, #812] @ 0x32c
1a1a4 lsls r0, r4, #1
1a1a6 add r6, sp, #812 @ 0x32c
1a1a8 movs r0, #218 @ 0xda
1a1aa str r1, [sp, #300] @ 0x12c
1a1ac movs r0, #234 @ 0xea
1a1ae lsls r0, r0, #2
1a1b0 lsrs r0, r5, #1
1a1b2 add r6, sp, #812 @ 0x32c
1a1b4 mov r8, r3
1a1b6 lsls r4, r7, #1
1a1b8 asrs r4, r4
1a1ba ldrsb r5, [r0, r4]
1a1bc movs r0, #26
1a1be lsls r2, r4, #6
1a1c0 lsls r2, r0, #3
1a1c2 str r5, [r0, r0]
1a1c4 str r0, [r4, #0]
1a1c6 movs r0, r0
1a1c8 lsls r0, r4, #1
1a1ca add r6, sp, #812 @ 0x32c
1a1cc str r0, [r4, #0]
1a1ce movs r0, r0
1a1d0 movs r0, r3
1a1d2 asrs r2, r6, #17
1a1d4 movs r0, #218 @ 0xda
1a1d6 str r1, [sp, #300] @ 0x12c
1a1d8 movs r0, #234 @ 0xea
1a1da lsls r0, r0, #2
1a1dc lsrs r0, r5, #5
1a1de add r7, sp, #300 @ 0x12c
1a1e0 lsls r0, r3
1a1e2 lsls r6, r7, #3
1a1e4 lsls r0, r4, #5
1a1e6 add r7, sp, #300 @ 0x12c
1a1e8 movs r0, #26
1a1ea lsls r2, r4, #6
1a1ec lsls r2, r0, #3
1a1ee ldrh r5, [r0, r4]
1a1f0 str r0, [r4, #0]
1a1f2 movs r0, r0
1a1f4 lsls r0, r5, #5
1a1f6 add r7, sp, #300 @ 0x12c
1a1f8 lsrs r0, r5, #1
1a1fa add r6, sp, #812 @ 0x32c
1a1fc str.w r0, [r6, <undefined>]
1a200 @ <UNDEFINED> instruction: 0xf4fc1590
1a204 ldr r0, [sp, #960] @ 0x3c0
1a206 ldrb r6, [r0, #25]
1a208 ldr r0, [r0, #0]
1a20a ldmia r3, {r3}
1a20c ldr r0, [sp, #692] @ 0x2b4
1a20e ldrb r6, [r0, #25]
1a210 subs r0, r0, #4
1a212 @ <UNDEFINED> instruction: 0xfce62012
1a216 ldrb r0, [r0, #25]
1a218 adds r5, r7, r3
1a21a @ <UNDEFINED> instruction: 0xfe072000
1a21e lsls r0, r4, #1
1a220 ldr r0, [r0, #0]
1a222 ldrh r0, [r0, #24]
1a224 str r6, [r1, #8]
1a226 stmia r3!, {}
1a228 subs r1, r3, #7
1a22a strb r2, [r4, #11]
1a22c bhi.n 801a230 
1a22e bics r0, r4
1a230 movs r0, #218 @ 0xda
1a232 ldr r1, [pc, #256] ; =0xA0D80006 
1a234 movs r0, #124 @ 0x7c
1a236 lsls r0, r4, #24
1a238 ldr r6, [r2, #8]
1a23a ldrh r0, [r0, #24]
1a23c str r6, [r1, #8]
1a23e stmia r3!, {}
1a240 subs r1, r7, #7
1a242 strb r2, [r4, #11]
1a244 bhi.n 801a248 
1a246 bics r0, r4
1a248 movs r0, #250 @ 0xfa
1a24a ldr r1, [pc, #256] ; =0xE61F9306 
1a24c movs r0, #124 @ 0x7c
1a24e lsls r0, r4, #24
1a250 bhi.n 801a180 
1a252 lsls r0, r0, #1
1a254 bge.n 801a258 
1a256 movs r0, r4
1a258 ldr r2, [r0, #0]
1a25a ldr r2, [pc, #4] ; =0x0B40DA91 
1a25c str r1, [r4, #12]
1a25e lsrs r1, r0, #12
1a260 bge.n 801a186 
1a262 lsrs r0, r0, #13
1a264 movs r0, #145 @ 0x91
1a266 lsls r0, r4, #24
1a268 ldr r6, [r4, #4]
1a26a ldrh r0, [r0, #24]
1a26c stmia r0!, {r1, r2, r3, r7}
1a26e strh r0, [r0, #52] @ 0x34
1a270 ldmia.w r3, {r5, r6, pc}
1a274 str r0, [r0, #0]
1a276 ldmia r2!, {}
1a278 ldr r3, [r4, r3]
1a27a movs r0, r0
1a27c str r0, [r0, #0]
1a27e ldr r2, [pc, #4] ; =0x01487096 
1a280 movs r0, #225 @ 0xe1
1a282 lsls r0, r4, #24
1a284 strb r6, [r2, #2]
1a286 lsls r0, r1, #5
1a288 ldr r0, [r1, #8]
1a28a ldmia r0!, {r3}
1a28c movs r0, #1
1a28e ldr r0, [r0, #20]
1a290 ldr r1, [r2, r3]
1a292 movs r0, r0
1a294 str r0, [r0, #0]
1a296 movs r2, r0
1a298 movs r0, #163 @ 0xa3
1a29a subs r7, #32
1a29c ldr r2, [r3, #8]
1a29e ldrh r0, [r0, #24]
1a2a0 stmia r0!, {r1, r2, r3, r7}
1a2a2 lsls r3, r0, #26
1a2a4 ldmia.w r3, {r0, r1, r5, r6}
1a2a8 str r0, [r0, #0]
1a2aa asrs r3, r0
1a2ac movs r0, #64 @ 0x40
1a2ae lsls r0, r4, #24
1a2b0 ldr r6, [r2, #8]
1a2b2 ldrh r0, [r0, #24]
1a2b4 stmia r0!, {r1, r2, r3, r7}
1a2b6 lsls r3, r0, #26
1a2b8 ldmia.w r3, {r0, r1, r5, r6}
1a2bc str r0, [r0, #0]
1a2be add r3, r0
1a2c0 movs r0, #249 @ 0xf9
1a2c2 lsls r0, r4, #24
1a2c4 ldr r6, [r2, #8]
1a2c6 ldrh r0, [r0, #24]
1a2c8 stmia r0!, {r1, r2, r3, r7}
1a2ca strh r0, [r0, #52] @ 0x34
1a2cc ldr r3, [r2, #8]
1a2ce bx r0
1a2d0 stmia r2!, {r2, r4, r5, r6, r7}
1a2d2 lsls r0, r0, #26
1a2d4 stmia r2!, {r0, r1, r4, r7}
1a2d6 strh r4, [r0, #52] @ 0x34
1a2d8 subs r3, r2, r2
1a2da lsls r2, r4, #24
1a2dc movs r0, #0
1a2de lsls r0, r0, #25
1a2e0 ldmia.w r6, {r3, r5, r6, pc}
1a2e4 str r0, [r0, #0]
1a2e6 ldmia r2!, {r3}
1a2e8 ldr r7, [r4, #12]
1a2ea bx r0
1a2ec stmia r3!, {r2, r4, r5, r6, r7}
1a2ee strh r4, [r0, #4]
1a2f0 stmia r3!, {}
1a2f2 lsls r0, r0, #2
1a2f4 movs r5, #0
1a2f6 lsls r0, r7, #7
1a2f8 @ <UNDEFINED> instruction: 0xfc0380f4
1a2fc ands.w r8, r6, #104 @ 0x68
1a300 b.n 801a298 
1a302 asrs r0, r3
1a304 lsls r6, r7, #13
1a306 lsls r0, r4, #1
1a308 adds r3, #193 @ 0xc1
1a30a ldr r7, [pc, #160] ; =0x01680000 
1a30c lsls r6, r7, #11
1a30e movs r0, #32
1a310 ldrh r7, [r7, #4]
1a312 movs r0, #32
1a314 strh r7, [r7, #48] @ 0x30
1a316 lsls r0, r5, #1
1a318 ldrh r3, [r1, #52] @ 0x34
1a31a b.n 8019f5c 
1a31c lsls r4, r7, #9
1a31e movs r1, #32
1a320 str r3, [sp, #24]
1a322 b.n 8019f64 
1a324 movs r0, #124 @ 0x7c
1a326 movs r1, #36 @ 0x24
1a328 str r3, [sp, #24]
1a32a lsls r0, r4, #1
1a32c lsls r7, r0, #11
1a32e b.n 801a770 
1a330 lsls r2, r6, #1
1a332 movs r2, #26
1a334 movs r6, r0
1a336 add r0, pc, #864 @ (adr r0, 801a698 ) ; =0x0801A698 rom_0801A698
1a338 lsls r7, r0, #13
1a33a ands r0, r4
1a33c ldrb r1, [r1, #17]
1a33e movs r0, #32
1a340 str r6, [sp, #24]
1a342 lsls r0, r5, #1
1a344 ldrh r3, [r1, #52] @ 0x34
1a346 b.n 8019f88 
1a348 lsls r4, r7, #9
1a34a movs r1, #32
1a34c str r3, [sp, #24]
1a34e b.n 8019f90 
1a350 asrs r4, r7, #17
1a352 movs r1, #36 @ 0x24
1a354 str r3, [sp, #24]
1a356 lsls r0, r4, #1
1a358 adds r4, r0, r7
1a35a b.n 801a79c 
1a35c lsls r2, r6, #1
1a35e movs r2, #26
1a360 movs r6, r0
1a362 add r0, pc, #864 @ (adr r0, 801a6c4 ) ; =0x0801A6C4 rom_0801A6C4
1a364 subs r4, r0, r1
1a366 ands r0, r4
1a368 ldrb r1, [r1, #17]
1a36a ands r0, r4
1a36c blt.n 801a424 
1a36e movs r0, #32
1a370 str r6, [sp, #24]
1a372 lsls r0, r5, #1
1a374 ldrh r3, [r1, #52] @ 0x34
1a376 strh r0, [r0, #14]
1a378 str r3, [sp, #536] @ 0x218
1a37a str r0, [r5, #28]
1a37c lsls r0, r0, #2
1a37e lsls r0, r4, #5
1a380 ldr r2, [pc, #772] ; =0x49402000 
1a382 movs r0, #32
1a384 str r6, [sp, #24]
1a386 lsls r0, r5, #1
1a388 stcl 0, cr0, [r9, #784] @ 0x310
1a38c movs r0, r0
1a38e ands r0, r4
1a390 ands r7, r7
1a392 movs r0, #32
1a394 bpl.n 801a2a2 
1a396 lsrs r0, r6, #13
1a398 lsls r3, r1, #2
1a39a ands r0, r4
1a39c asrs r2, r0, #24
1a39e lsls r0, r5, #1
1a3a0 ldrsb r7, [r0, r3]
1a3a2 ldrb r0, [r4, #8]
1a3a4 movs r0, r0
1a3a6 ands r0, r4
1a3a8 movs r1, #7
1a3aa ldrb r4, [r4, #8]
1a3ac movs r0, r0
1a3ae lsls r0, r5, #5
1a3b0 @ <UNDEFINED> instruction: 0xeb4980c0
1a3b4 bcc.n 801a3c2 
1a3b6 lsls r0, r5, #1
1a3b8 ldrh r3, [r1, #52] @ 0x34
1a3ba lsls r0, r4, #5
1a3bc adc.w r2, r9, sl, lsr #8
1a3c0 movs r6, r0
1a3c2 str r0, [r3, #32]
1a3c4 lsls r6, r7, #1
1a3c6 lsls r0, r4, #5
1a3c8 strd r4, r0, [r9, #-128] @ 0x80
1a3cc udf #5
1a3ce movs r0, #32
1a3d0 str r7, [sp, #436] @ 0x1b4
1a3d2 lsrs r0, r6, #13
1a3d4 lsls r3, r1, #2
1a3d6 movs r0, #32
1a3d8 add r3, sp, #396 @ 0x18c
1a3da lsls r0, r5, #5
1a3dc adc.w r0, r9, r8, lsr #19
1a3e0 b.n 8019fe4 
1a3e2 ands r0, r4
1a3e4 cbnz r7, 801a406 
1a3e6 lsrs r0, r5, #5
1a3e8 ldr r4, [pc, #284] ; =0x0072E21F 
1a3ea ands r0, r4
1a3ec cbnz r7, 801a40e 
1a3ee ldr.w r0, [r1, #769] @ 0x301
1a3f2 @ <UNDEFINED> instruction: 0xf4fc1770
1a3f6 str r0, [r6, #12]
1a3f8 ldr r0, [pc, #4] ; =0x68D70540 
1a3fa movs r0, #14
1a3fc lsls r0, r4, #1
1a3fe movs r0, #0
1a400 lsls r0, r0, #21
1a402 ldr r7, [r2, #12]
1a404 ldr r1, [pc, #4] ; =0x60007E46 
1a406 ldr r3, [r5, #12]
1a408 ldr r0, [pc, #36] ; =0xC0008000 
1a40a ldr r0, [sp, #56] @ 0x38
1a40c ldrb r6, [r0, #25]
1a40e str r0, [r0, #0]
1a410 ldr r1, [pc, #4] ; =0xC4F44701 
1a412 movs r0, #235 @ 0xeb
1a414 lsls r0, r4, #1
1a416 ldr r0, [r0, #0]
1a418 bx r0
1a41a stmia r4!, {r2, r4, r5, r6, r7}
1a41c strh r4, [r0, #0]
1a41e strb r0, [r0, #0]
1a420 ldrh r3, [r1, #24]
1a422 ldr r0, [r0, #0]
1a424 ldr r3, [pc, #4] ; =0xC18FCB00 
1a426 movs r4, #139 @ 0x8b
1a428 lsls r2, r7, #1
1a42a ldr r0, [r0, #0]
1a42c ldmia r3!, {}
1a42e stmia r1!, {r0, r1, r2, r3, r7}
1a430 strh r0, [r0, #0]
1a432 stmia r0!, {}
1a434 lsls r1, r0, #20
1a436 strb r1, [r7, #3]
1a438 ldrh r3, [r1, #58] @ 0x3a
1a43a @ <UNDEFINED> instruction: 0xe8010061
1a43e str r0, [r0, #0]
1a440 ldr r1, [pc, #4] ; =0x24FEFFE0 
1a442 ldr r4, [r6, #12]
1a444 ldrh r0, [r0, #24]
1a446 subs r6, r1, #6
1a448 vsri.64 q9, q15, #32
1a44c lsls r1, r4, #24
1a44e movs r0, #147 @ 0x93
1a450 lsls r2, r7, #24
1a452 str r3, [r2, #8]
1a454 ldr r1, [pc, #4] ; =0x60007E62 
1a456 str r6, [r6, #12]
1a458 ldr r1, [pc, #4] ; =0x70EE4901 
1a45a adds r2, r6, r3
1a45c ldrb r2, [r4, #25]
1a45e str r0, [r0, #0]
1a460 ldr r1, [pc, #4] ; =0x70205620 
1a462 strb r6, [r5, #3]
1a464 ldrb r3, [r1, #20]
1a466 movs r0, #27
1a468 ldrsb r0, [r4, r0]
1a46a strb r0, [r4, #0]
1a46c ldrh r3, [r1, #58] @ 0x3a
1a46e strb r0, [r0, #0]
1a470 ldrh r3, [r1, #24]
1a472 movs r0, #1
1a474 lsls r0, r4, #24
1a476 movs r0, #150 @ 0x96
1a478 lsls r0, r4, #1
1a47a subs r0, r0, r0
1a47c lsls r2, r4, #24
1a47e @ <UNDEFINED> instruction: 0xe8008060
1a482 stmia r0!, {}
1a484 lsls r0, r0, #24
1a486 stmia r0!, {r0, r1}
1a488 strh r0, [r0, #48] @ 0x30
1a48a stmia r0!, {r1, r2}
1a48c lsls r1, r0, #24
1a48e movs r0, #11
1a490 lsls r0, r4, #24
1a492 movs r0, #147 @ 0x93
1a494 str r0, [r0, #4]
1a496 strb r1, [r1, #0]
1a498 bgt.n 801a52a 
1a49a movs r0, #0
1a49c lsls r0, r4, #24
1a49e movs r0, #150 @ 0x96
1a4a0 str r0, [r0, #4]
1a4a2 strb r3, [r0, #0]
1a4a4 bgt.n 801a536 
1a4a6 ldr r1, [r0, r0]
1a4a8 movs r4, r0
1a4aa str r3, [r0, #0]
1a4ac ldmia r2!, {r0}
1a4ae movs r0, #122 @ 0x7a
1a4b0 lsls r0, r4, #24
1a4b2 movs r0, #150 @ 0x96
1a4b4 str r0, [r0, #4]
1a4b6 strb r3, [r0, #0]
1a4b8 bgt.n 801a54a 
1a4ba ldr r1, [r0, r0]
1a4bc movs r3, r0
1a4be str r1, [r0, #0]
1a4c0 ldmia r2!, {r0}
1a4c2 movs r0, #122 @ 0x7a
1a4c4 lsls r0, r4, #24
1a4c6 ldr r6, [r2, #8]
1a4c8 ldrh r0, [r0, #24]
1a4ca str r6, [r1, #8]
1a4cc ldmia r2!, {}
1a4ce subs r6, r7, #5
1a4d0 strb r2, [r4, #11]
1a4d2 subs r0, r0, r0
1a4d4 lsls r2, r4, #24
1a4d6 bhi.n 801a4da 
1a4d8 ldr r2, [pc, #640] ; =0x0068046E 
1a4da movs r0, #127 @ 0x7f
1a4dc ldr r1, [pc, #256] ; =0x0301F899 
1a4de movs r0, #124 @ 0x7c
1a4e0 lsls r0, r4, #24
1a4e2 subs r6, r2, r2
1a4e4 lsls r2, r4, #24
1a4e6 b.n 801a6ea 
1a4e8 lsls r0, r7, #7
1a4ea @ <UNDEFINED> instruction: 0xfc0360f4
1a4ee ands.w r0, r8, #121634816 @ 0x7400000
1a4f2 lsls r0, r0, #2
1a4f4 adds r0, r5, r1
1a4f6 str r0, [r0, #40] @ 0x28
1a4f8 subs r2, #125 @ 0x7d
1a4fa lsls r4, r0, #16
1a4fc adds r0, r4, r1
1a4fe str r0, [r0, #40] @ 0x28
1a500 movs r0, #32
1a502 str r6, [sp, #24]
1a504 lsls r0, r5, #1
1a506 ldrh r3, [r1, #52] @ 0x34
1a508 b.n 801a94a 
1a50a lsls r2, r6, #1
1a50c movs r2, #26
1a50e movs r6, r0
1a510 ands r0, r4
1a512 subs r1, #6
1a514 bgt.n 801a5cc 
1a516 lsls r4, r5, #1
1a518 mov r8, r3
1a51a lsls r4, r7, #3
1a51c ands r0, r4
1a51e @ <UNDEFINED> instruction: 0xfd7e0718
1a522 lsls r6, r7, #3
1a524 lsls r0, r4, #5
1a526 add r4, sp, #264 @ 0x108
1a528 ands r0, r4
1a52a str r6, [sp, #24]
1a52c ands r0, r4
1a52e ldr r7, [r7, #4]
1a530 lsls r0, r5, #5
1a532 add r4, sp, #264 @ 0x108
1a534 asrs r0, r4, #5
1a536 strh r0, [r0, r0]
1a538 str r0, [r4, #0]
1a53a movs r0, r0
1a53c lsrs r0, r3
1a53e movs r0, r0
1a540 movs r0, #218 @ 0xda
1a542 lsls r0, r0, #8
1a544 b.n 801a706 
1a546 strh r2, [r0, #24]
1a548 lsls r0, r4, #5
1a54a str r1, [sp, #44] @ 0x2c
1a54c lsrs r2, r3
1a54e str r1, [sp, #44] @ 0x2c
1a550 movs r0, #32
1a552 str r6, [r0, #96] @ 0x60
1a554 lsls r0, r5, #5
1a556 orr.w r0, r7, #6389760 @ 0x618000
1a55a str r3, [sp, #24]
1a55c ands r0, r4
1a55e str r6, [sp, #24]
1a560 movs r0, #32
1a562 strb r7, [r7, #28]
1a564 lsls r0, r5, #5
1a566 orr.w r4, r7, #6389760 @ 0x618000
1a56a str r3, [sp, #536] @ 0x218
1a56c ands r0, r4
1a56e str r6, [sp, #24]
1a570 movs r0, #32
1a572 str r0, [sp, #252] @ 0xfc
1a574 lsrs r0, r3
1a576 movs r0, r0
1a578 tst r0, r3
1a57a movs r6, r4
1a57c str r0, [r5, #12]
1a57e lsls r0, r0, #2
1a580 ands r0, r4
1a582 ldmia r1, {r1, r2, r3, r4, r5, r6}
1a584 str r2, [r3, #32]
1a586 movs r4, r0
1a588 ands r0, r4
1a58a adds r2, #127 @ 0x7f
1a58c lsrs r2, r3
1a58e lsrs r0, r0, #8
1a590 ldr r7, [pc, #616] ; =0x20D60601 
1a592 lsls r6, r7, #3
1a594 lsls r0, r3
1a596 lsls r6, r7, #3
1a598 b.n 801a9da 
1a59a movs r4, r0
1a59c lsls r2, r0, #3
1a59e subs r2, #6
1a5a0 str r0, [r4, #0]
1a5a2 movs r0, r0
1a5a4 lsrs r0, r6, #13
1a5a6 lsls r4, r1, #10
1a5a8 lsls r0, r4, #1
1a5aa ldrh r3, [r1, #52] @ 0x34
1a5ac lsrs r0, r4, #17
1a5ae add r0, pc, #8 @ (adr r0, 801a5b8 ) ; =0x0801A5B8 rom_0801A5B8
1a5b0 ands r0, r4
1a5b2 sha1c.32 q0, <illegal reg q0.5>, q12
1a5b6 add r0, pc, #8 @ (adr r0, 801a5c0 ) ; =0x0801A5C0 rom_0801A5C0
1a5b8 ands r0, r4
1a5ba @ <UNDEFINED> instruction: 0xf7680168
1a5be ldrh r3, [r1, #36] @ 0x24
1a5c0 rors r1, r4
1a5c2 lsls r0, r0, #2
1a5c4 str r0, [r4, #0]
1a5c6 movs r0, r0
1a5c8 lsrs r0, r6, #13
1a5ca lsls r5, r1, #2
1a5cc lsls r0, r3, #1
1a5ce movs r0, r0
1a5d0 ands r0, r4
1a5d2 cmp r6, r0
1a5d4 movs r0, #32
1a5d6 @ <UNDEFINED> instruction: 0xfa680b70
1a5da lsls r5, r1, #6
1a5dc lsls r0, r3, #1
1a5de movs r0, r0
1a5e0 ldrb.w r0, [r9, #769] @ 0x301
1a5e4 @ <UNDEFINED> instruction: 0xf4fc1950
1a5e8 movs r0, #240 @ 0xf0
1a5ea lsls r0, r0, #25
1a5ec movs r0, #69 @ 0x45
1a5ee ldr r0, [r4, #0]
1a5f0 strb r2, [r7, #3]
1a5f2 ldrh r3, [r1, #40] @ 0x28
1a5f4 ldr r2, [r0, r0]
1a5f6 movs r0, r0
1a5f8 movs r0, #0
1a5fa lsls r0, r0, #25
1a5fc movs r0, #69 @ 0x45
1a5fe ldr r0, [r4, #0]
1a600 strb r2, [r7, #3]
1a602 ldrh r3, [r1, #40] @ 0x28
1a604 ldr r3, [r0, r0]
1a606 movs r0, r0
1a608 movs r0, #0
1a60a lsls r0, r0, #25
1a60c movs r0, #69 @ 0x45
1a60e ldr r0, [r4, #0]
1a610 strb r2, [r7, #3]
1a612 ldrh r3, [r1, #40] @ 0x28
1a614 ldr r4, [r0, r0]
1a616 movs r0, r0
1a618 movs r0, #0
1a61a lsls r0, r0, #25
1a61c movs r0, #69 @ 0x45
1a61e ldr r0, [r4, #0]
1a620 strb r2, [r7, #3]
1a622 ldrh r3, [r1, #40] @ 0x28
1a624 ldr r5, [r0, r0]
1a626 movs r0, r0
1a628 movs r0, #0
1a62a lsls r0, r0, #25
1a62c movs r0, #69 @ 0x45
1a62e ldr r0, [r4, #0]
1a630 ldr r2, [r7, #12]
1a632 ldrh r0, [r0, #24]
1a634 subs r5, r1, #6
1a636 movs r6, #226 @ 0xe2
1a638 strb r0, [r0, #0]
1a63a ldrh r3, [r1, #40] @ 0x28
1a63c ldr r6, [r0, r0]
1a63e movs r0, r0
1a640 ldr r2, [sp, #8]
1a642 @ <UNDEFINED> instruction: 0xfe202000
1a646 lsls r0, r0, #25
1a648 subs r5, r0, r1
1a64a ldrb r2, [r4, #25]
1a64c b.n 801a850 
1a64e strh r0, [r0, #2]
1a650 b.n 801a854 
1a652 strh r0, [r1, #2]
1a654 subs r0, r0, r0
1a656 strb r2, [r4, #8]
1a658 subs r0, r0, r0
1a65a lsrs r2, r0, #17
1a65c movs r0, #0
1a65e ldr r1, [pc, #256] ; =0x7A20CDC3 
1a660 movs r0, #118 @ 0x76
1a662 ldr r0, [r4, #0]
1a664 movs r0, #250 @ 0xfa
1a666 lsls r0, r0, #9
1a668 strb r6, [r2, #0]
1a66a ldrh r3, [r1, #40] @ 0x28
1a66c ldr r7, [r0, #0]
1a66e strh r0, [r0, #32]
1a670 movs r0, #151 @ 0x97
1a672 lsls r2, r7, #1
1a674 movs r0, #0
1a676 lsls r0, r0, #25
1a678 ldr r5, [r0, #4]
1a67a strh r0, [r0, #32]
1a67c subs r7, r2, #6
1a67e strb r2, [r4, #11]
1a680 ldr r0, [r0, #0]
1a682 lsls r1, r0, #16
1a684 subs r1, r3, #6
1a686 lsrs r2, r4, #19
1a688 movs r0, #0
1a68a ldr r1, [pc, #256] ; =0x221A00CD 
1a68c movs r0, #118 @ 0x76
1a68e ldr r0, [r4, #0]
1a690 ldr r2, [r7, #12]
1a692 lsls r1, r1, #12
1a694 adds r2, r7, r3
1a696 ldrb r6, [r0, #17]
1a698 movs r0, #49 @ 0x31
1a69a strh r2, [r4, #48] @ 0x30
1a69c adds r5, r0, r2
1a69e ldrb r6, [r0, #17]
1a6a0 movs r0, #45 @ 0x2d
1a6a2 strh r2, [r4, #48] @ 0x30
1a6a4 adds r5, r0, r2
1a6a6 ldrb r6, [r0, #17]
1a6a8 movs r4, #47 @ 0x2f
1a6aa strh r2, [r4, #2]
1a6ac strb r0, [r0, #0]
1a6ae ldrh r3, [r1, #40] @ 0x28
1a6b0 subs r0, r1, #4
1a6b2 @ <UNDEFINED> instruction: 0xfe202002
1a6b6 lsls r0, r0, #25
1a6b8 ldr r5, [r0, #4]
1a6ba lsls r1, r0, #12
1a6bc b.n 801aab4 
1a6be lsls r1, r0, #1
1a6c0 subs r0, r0, r0
1a6c2 lsrs r2, r4, #16
1a6c4 movs r0, #0
1a6c6 ldr r1, [pc, #256] ; =0x4B184BC7 
1a6c8 movs r0, #118 @ 0x76
1a6ca ldr r0, [r4, #0]
1a6cc ldr r2, [r7, r3]
1a6ce lsls r0, r0, #24
1a6d0 movs r0, #133 @ 0x85
1a6d2 ldrb r0, [r4, #28]
1a6d4 strb r1, [r7, #1]
1a6d6 ldrh r3, [r1, #40] @ 0x28
1a6d8 mcr 1, 0, r0, cr9, cr8, {7}
1a6dc @ <UNDEFINED> instruction: 0xfc0340f4
1a6e0 ands.w r0, sl, #88 @ 0x58
1a6e4 movs r0, r0
1a6e6 ands r0, r4
1a6e8 cmp r6, r0
1a6ea movs r0, #32
1a6ec @ <UNDEFINED> instruction: 0xfa6840d8
1a6f0 lsls r0, r0, #4
1a6f2 movs r0, #218 @ 0xda
1a6f4 movs r0, r0
1a6f6 movs r0, #32
1a6f8 str r6, [r0, #96] @ 0x60
1a6fa lsrs r0, r3
1a6fc movs r0, r0
1a6fe movs r0, #218 @ 0xda
1a700 movs r0, r0
1a702 movs r0, #32
1a704 str r6, [r0, #96] @ 0x60
1a706 ands r0, r4
1a708 svc 90 @ 0x5a
1a70a movs r0, #32
1a70c ldr r3, [sp, #24]
1a70e lsls r0, r5, #1
1a710 adds r4, r0, r7
1a712 b.n 801ab54 
1a714 lsls r2, r6, #1
1a716 b.n 801a758 
1a718 lsls r6, r7, #7
1a71a lsls r0, r4, #1
1a71c ble.n 801a6a6 
1a71e add r0, pc, #96 @ (adr r0, 801a780 ) ; =0x0801A780 rom_0801A780
1a720 lsls r2, r1, #6
1a722 stmia r0!, {r3, r4, r6, r7}
1a724 subs r4, r0, r1
1a726 ands r0, r4
1a728 cmp r6, pc
1a72a lsls r0, r5, #1
1a72c ble.n 801a6b6 
1a72e b.n 801a770 
1a730 lsls r6, r7, #19
1a732 lsls r0, r4, #1
1a734 bls.n 801a6be 
1a736 str r0, [r4, #0]
1a738 movs r0, r0
1a73a ands r0, r4
1a73c ldrb r2, [r2, #9]
1a73e ldrb r4, [r4, #8]
1a740 movs r0, r0
1a742 ands r0, r4
1a744 add r7, sp, #24
1a746 ands r0, r4
1a748 movs r1, #7
1a74a ldrb r4, [r4, #8]
1a74c movs r0, r0
1a74e ands r0, r4
1a750 bx sp
1a752 ands r0, r4
1a754 ldr r7, [r1, #100] @ 0x64
1a756 ands r0, r4
1a758 stmia r3!, {r1, r2}
1a75a movs r0, #32
1a75c lsls r6, r5, #17
1a75e lsls r0, r5, #1
1a760 ldmia r5!, {r0, r1, r6, r7}
1a762 ldrb r0, [r4, #8]
1a764 movs r0, r0
1a766 b.n 801aba8 
1a768 movs r2, r4
1a76a lsls r0, r5, #1
1a76c vmlsl.s8 <illegal reg q9.5>, d10, d16
1a770 bkpt 0x0006
1a772 lsls r0, r5, #9
1a774 subs r4, #3
1a776 lsrs r0, r3
1a778 movs r1, r0
1a77a lsls r0, r3
1a77c lsls r4, r0, #2
1a77e tst r4, r3
1a780 lsls r6, r7, #1
1a782 mov r8, r3
1a784 lsls r4, r7, #1
1a786 str r4, [r4, #16]
1a788 movs r0, r0
1a78a muls r0, r6
1a78c lsls r5, r1, #3
1a78e movs r2, #26
1a790 lsls r6, r7, #1
1a792 cmp r0, #192 @ 0xc0
1a794 stmia r1!, {r1, r2}
1a796 movs r0, #32
1a798 @ <UNDEFINED> instruction: 0xf13b0268
1a79c subs r4, #3
1a79e lsrs r0, r3
1a7a0 movs r3, r0
1a7a2 movs r0, #32
1a7a4 @ <UNDEFINED> instruction: 0xb606
1a7a6 lsls r1, r3, #3
1a7a8 movs r0, r0
1a7aa movs r0, #32
1a7ac bgt.n 801a84a 
1a7ae lsls r0, r5, #1
1a7b0 strb r7, [r0, r7]
1a7b2 ldrb r0, [r4, #8]
1a7b4 movs r0, r0
1a7b6 lsls r0, r0, #7
1a7b8 stmia r7!, {r1, r2, r7}
1a7ba movs r0, #32
1a7bc @ <UNDEFINED> instruction: 0xf13b4770
1a7c0 lsls r5, r2, #1
1a7c2 ands r0, r4
1a7c4 b.n 801a86c 
1a7c6 lsrs r0, r5, #1
1a7c8 ldr r3, [pc, #796] ; =0x0060007E 
1a7ca ldr r3, [pc, #96] ; =0xE002C700 
1a7cc lsls r4, r0, #2
1a7ce movs r0, #32
1a7d0 b.n 801a8ac 
1a7d2 ldr.w r0, [lr, #769] @ 0x301
1a7d6 @ <UNDEFINED> instruction: 0xf4fc1b30
1a7da ldrb r0, [r6, #3]
1a7dc ldrb r4, [r2, #17]
1a7de movs r0, #0
1a7e0 str r0, [r0, #20]
1a7e2 ldr r1, [r3, #12]
1a7e4 strh r0, [r0, #0]
1a7e6 movs r0, #72 @ 0x48
1a7e8 lsls r2, r7, #1
1a7ea stmia r2!, {}
1a7ec svc 131 @ 0x83
1a7ee stmia r0!, {r4}
1a7f0 strh r0, [r3, #48] @ 0x30
1a7f2 stmia r0!, {r2, r4, r5, r6, r7}
1a7f4 strh r1, [r0, #48] @ 0x30
1a7f6 stmia r0!, {r0, r3, r5, r6, r7}
1a7f8 strh r7, [r1, #48] @ 0x30
1a7fa stmia r0!, {r2, r5, r6, r7}
1a7fc lsls r1, r0, #24
1a7fe movs r0, #214 @ 0xd6
1a800 ldrsh r0, [r4, r0]
1a802 strb r0, [r4, #3]
1a804 vadd.i8 d17, d10, d1
1a808 ldrb r0, [r0, #24]
1a80a movs r0, #17
1a80c str r0, [r0, #20]
1a80e ldr r5, [r6, #8]
1a810 strh r0, [r0, #0]
1a812 subs r1, r1, #5
1a814 lsls r2, r4, #19
1a816 stmia r0!, {}
1a818 lsls r0, r0, #24
1a81a stmia r0!, {r0, r1, r2, r3, r4, r6, r7}
1a81c lsls r7, r0, #24
1a81e stmia r0!, {r0, r1, r2, r3, r4, r6, r7}
1a820 lsls r6, r1, #24
1a822 movs r0, #223 @ 0xdf
1a824 lsls r0, r4, #1
1a826 b.n 801a82a 
1a828 strh r0, [r4, #4]
1a82a ldr r0, [r0, #0]
1a82c stmia r7!, {}
1a82e b.n 801a836 
1a830 strh r0, [r4, #4]
1a832 ldr r0, [r0, r0]
1a834 movs r0, r0
1a836 movs r0, #14
1a838 ldrsh r0, [r4, r4]
1a83a adds r6, r4, r2
1a83c ldrb r0, [r0, #24]
1a83e movs r0, #2
1a840 str r0, [r0, #20]
1a842 ldr r5, [r6, r2]
1a844 movs r0, r0
1a846 b.n 801a84a 
1a848 strh r0, [r4, #4]
1a84a movs r0, #0
1a84c str r0, [r4, #16]
1a84e adds r7, r1, r3
1a850 ldrb r0, [r0, #24]
1a852 movs r0, #2
1a854 str r0, [r0, #20]
1a856 ldr r5, [r6, #8]
1a858 strh r0, [r0, #0]
1a85a b.n 801a8f0 
1a85c strh r0, [r4, #4]
1a85e stmia r0!, {}
1a860 svc 21
1a862 movs r0, #90 @ 0x5a
1a864 str r0, [r0, #20]
1a866 ldr r4, [r0, #12]
1a868 strh r0, [r0, #0]
1a86a stmia r0!, {r0, r3, r6}
1a86c strh r1, [r3, #48] @ 0x30
1a86e movs r0, #242 @ 0xf2
1a870 ldrsh r0, [r4, r4]
1a872 strb r4, [r4, #0]
1a874 ldrb r0, [r0, #16]
1a876 movs r0, #139 @ 0x8b
1a878 ldrsh r0, [r4, r4]
1a87a strb r7, [r5, #1]
1a87c ldrb r0, [r0, #16]
1a87e movs r0, #46 @ 0x2e
1a880 str r0, [r4, #0]
1a882 ldr r4, [r3, #12]
1a884 lsls r1, r0, #8
1a886 movs r0, #205 @ 0xcd
1a888 ldr r5, [pc, #232] ; =0xF33A4020 
1a88a ldr r4, [r7, #12]
1a88c strh r0, [r0, #16]
1a88e stmia r0!, {r0, r1, r2, r3, r6, r7}
1a890 strh r0, [r0, #48] @ 0x30
1a892 stmia r0!, {r2, r3, r4, r5, r6, r7}
1a894 lsls r0, r5, #24
1a896 movs r0, #255 @ 0xff
1a898 ldr r5, [pc, #128] ; =0x1F072020 
1a89a movs r0, #187 @ 0xbb
1a89c lsls r0, r0, #29
1a89e movs r4, #33 @ 0x21
1a8a0 lsls r2, r7, #1
1a8a2 movs r0, #0
1a8a4 ldr r5, [pc, #128] ; =0x002420F9 
1a8a6 movs r0, #195 @ 0xc3
1a8a8 lsls r0, r0, #29
1a8aa movs r4, #33 @ 0x21
1a8ac lsls r2, r7, #1
1a8ae movs r0, #0
1a8b0 strh r0, [r0, r1]
1a8b2 movs r0, #210 @ 0xd2
1a8b4 ldr r0, [r0, #116] @ 0x74
1a8b6 movs r0, #114 @ 0x72
1a8b8 lsls r0, r0, #29
1a8ba movs r0, #5
1a8bc ldr r5, [pc, #128] ; =0x87524020 
1a8be ldr r3, [r5, #12]
1a8c0 lsls r1, r0, #8
1a8c2 subs r4, r3, #7
1a8c4 @ <UNDEFINED> instruction: 0xfee01f04
1a8c8 @ <UNDEFINED> instruction: 0xfef1fc00
1a8cc lsls r0, r7, #7
1a8ce @ <UNDEFINED> instruction: 0xfc0320f4
1a8d2 bfcsel 0, 801ab14 , 2, vc
1a8d6 lsls r6, r7, #1
1a8d8 b.n 801a91a 
1a8da lsls r4, r0, #6
1a8dc stmia r0!, {r3, r4, r6, r7}
1a8de ldmia r1, {r1, r6}
1a8e0 stmia r1!, {r3, r5, r6, r7}
1a8e2 lsls r0, r0, #2
1a8e4 ldrb r0, [r4, #8]
1a8e6 movs r0, r0
1a8e8 lsls r0, r4, #5
1a8ea b.n 801a282 
1a8ec lsls r0, r5, #1
1a8ee b.n 801a286 
1a8f0 b.n 801ad32 
1a8f2 movs r2, r4
1a8f4 ands r0, r4
1a8f6 asrs r7, r0, #16
1a8f8 tst r2, r3
1a8fa lsls r6, r7, #1
1a8fc lsls r0, r4, #1
1a8fe ldmia r1, {r1, r6, r7}
1a900 str r0, [r4, #0]
1a902 movs r0, r0
1a904 b.n 801aab8 
1a906 movs r0, r0
1a908 lsrs r2, r3
1a90a movs r0, r0
1a90c b.n 801a540 
1a90e lsls r4, r7, #29
1a910 str r4, [r4, #16]
1a912 movs r0, r0
1a914 cmp r7, #170 @ 0xaa
1a916 vaddl.u<illegal width 64> q9, d15, d16
1a91a subs r7, r0, r6
1a91c movs r0, #32
1a91e subs r7, r0, #4
1a920 tst r0, r3
1a922 lsls r6, r7, #1
1a924 subs r2, #32
1a926 subs r7, r0, #4
1a928 movs r0, #249 @ 0xf9
1a92a movs r4, r4
1a92c ands r0, r3
1a92e vmov.i32 d14, #216 @ 0x000000d8
1a932 lsls r6, r1, #6
1a934 movs r0, #32
1a936 asrs r7, r0, #24
1a938 ands r0, r4
1a93a ldrb r2, [r2, #9]
1a93c ldrb r4, [r4, #8]
1a93e movs r0, r0
1a940 ands r0, r4
1a942 strh r2, [r2, #58] @ 0x3a
1a944 lsls r0, r5, #1
1a946 ittt gt
1a948 lslgt r0, r0, #3
1a94a cmpgt r6, #7
1a94c lslgt r0, r0, #3
1a94e cmp r6, #135 @ 0x87
1a950 lsls r0, r0, #7
1a952 cmp r6, #7
1a954 lsls r0, r0, #7
1a956 cmp r6, #135 @ 0x87
1a958 lsrs r0, r0
1a95a cmp r6, #135 @ 0x87
1a95c str r0, [r0, #12]
1a95e cmp r6, #7
1a960 lsrs r0, r0
1a962 cmp r6, #7
1a964 movs r0, #192 @ 0xc0
1a966 cmp r6, #7
1a968 str r0, [r4, #0]
1a96a movs r0, r0
1a96c lsls r0, r3, #1
1a96e movs r0, r0
1a970 str r0, [r4, #0]
1a972 movs r0, r0
1a974 ands r0, r4
1a976 @ <UNDEFINED> instruction: 0xf33a2378
1a97a lsls r4, r7, #3
1a97c movs r4, #120 @ 0x78
1a97e lsls r4, r7, #3
1a980 strh r1, [r1, #0]
1a982 lsrs r0, r0, #32
1a984 ldrh r1, [r3, #8]
1a986 lsls r6, r7, #1
1a988 lsls r0, r4, #1
1a98a lsls r3, r0
1a98c strh r1, [r1, #0]
1a98e lsrs r0, r0, #32
1a990 ldrh r1, [r3, #8]
1a992 lsls r6, r7, #1
1a994 add r0, pc, #896 @ (adr r0, 801ad18 ) ; =0x0801AD18 rom_0801AD18
1a996 lsls r0, r0, #2
1a998 subs r2, #32
1a99a add r3, pc, #336 @ (adr r3, 801aaec ) ; =0x0801AAEC rom_0801AAEC
1a99c b.n 801adde 
1a99e lsls r2, r6, #1
1a9a0 add r0, pc, #864 @ (adr r0, 801ad04 ) ; =0x0801AD04 rom_0801AD04
1a9a2 ldr r3, [sp, #64] @ 0x40
1a9a4 movs r0, #32
1a9a6 ldr r7, [sp, #336] @ 0x150
1a9a8 ands r0, r4
1a9aa ble.n 801aa54 
1a9ac ldrsb r0, [r7, r1]
1a9ae lsls r4, r7, #3
1a9b0 lsrs r0, r3
1a9b2 lsls r0, r0, #16
1a9b4 ands r0, r4
1a9b6 bge.n 801aa8c 
1a9b8 lsrs r0, r3
1a9ba lsls r0, r0, #16
1a9bc ands r0, r4
1a9be stcl 0, cr2, [r9, #-128]! @ 0xffffff80
1a9c2 strh r4, [r2, #26]
1a9c4 ldrh.w r0, [fp, #769] @ 0x301
1a9c8 @ <UNDEFINED> instruction: 0xf4fc1d10
1a9cc lsrs r0, r6, #7
1a9ce lsls r0, r0, #2
1a9d0 ldrb r0, [r3, #0]
1a9d2 ldrb r0, [r5, #16]
1a9d4 blt.n 801a9d8 
1a9d6 lsls r0, r4, #25
1a9d8 subs r4, r4, #5
1a9da ldrb r7, [r5, #27]
1a9dc subs r0, r0, #4
1a9de ldrb r1, [r6, #27]
1a9e0 b.n 801a9e4 
1a9e2 strh r1, [r4, #4]
1a9e4 movs r0, #0
1a9e6 adds r7, #35 @ 0x23
1a9e8 bhi.n 801aaa4 
1a9ea lsls r0, r4, #14
1a9ec bhi.n 801aa74 
1a9ee asrs r0, r0, #3
1a9f0 movs r0, #155 @ 0x9b
1a9f2 ldrb r0, [r0, #25]
1a9f4 ldr r5, [r5, #0]
1a9f6 lsls r1, r0, #12
1a9f8 str r0, [r0, #4]
1a9fa asrs r1, r0, #32
1a9fc ldmia.w r9, {r0, r1, r6, r7}
1aa00 b.n 801aa04 
1aa02 lsls r3, r4, #2
1aa04 ldrb r0, [r0, #0]
1aa06 @ <UNDEFINED> instruction: 0xfc366800
1aa0a strh r0, [r0, #0]
1aa0c subs r7, r2, #4
1aa0e add r2, pc, #896 @ (adr r2, 801ad90 ) ; =0x0801AD90 rom_0801AD90
1aa10 bhi.n 801aa14 
1aa12 lsls r0, r0, #1
1aa14 movs r0, #4
1aa16 ldr r0, [r0, #20]
1aa18 bhi.n 801a9d0 
1aa1a lsls r0, r0, #1
1aa1c movs r0, #4
1aa1e ldr r0, [r0, #20]
1aa20 movs r0, #239 @ 0xef
1aa22 strb r0, [r4, r0]
1aa24 movs r0, #175 @ 0xaf
1aa26 strb r0, [r0, r1]
1aa28 movs r0, #189 @ 0xbd
1aa2a lsls r0, r0, #29
1aa2c ldr r2, [r4, #4]
1aa2e strh r0, [r1, #0]
1aa30 movs r0, #23
1aa32 subs r2, #64 @ 0x40
1aa34 movs r0, #130 @ 0x82
1aa36 subs r2, #64 @ 0x40
1aa38 ldrb r7, [r0, #2]
1aa3a ldrb r0, [r5, #16]
1aa3c bls.n 801aa40 
1aa3e asrs r0, r4, #21
1aa40 movs r0, #124 @ 0x7c
1aa42 strb r0, [r4, r0]
1aa44 bhi.n 801ab46 
1aa46 lsls r0, r0, #1
1aa48 movs r0, #5
1aa4a ldr r0, [r0, #20]
1aa4c bhi.n 801aa04 
1aa4e lsls r0, r0, #1
1aa50 movs r0, #5
1aa52 ldr r0, [r4, #16]
1aa54 bhi.n 801aa36 
1aa56 lsls r0, r0, #1
1aa58 movs r0, #4
1aa5a ldr r0, [r0, #20]
1aa5c bhi.n 801aa14 
1aa5e lsls r0, r0, #1
1aa60 movs r0, #4
1aa62 ldr r0, [r0, #20]
1aa64 movs r0, #237 @ 0xed
1aa66 subs r3, #32
1aa68 bhi.n 801aae4 
1aa6a lsls r0, r0, #1
1aa6c movs r0, #5
1aa6e ldr r0, [r0, #20]
1aa70 bhi.n 801aa28 
1aa72 lsls r0, r0, #1
1aa74 movs r0, #5
1aa76 ldr r0, [r0, #20]
1aa78 movs r0, #237 @ 0xed
1aa7a subs r3, #32
1aa7c movs r0, #176 @ 0xb0
1aa7e strb r0, [r0, r1]
1aa80 movs r0, #187 @ 0xbb
1aa82 strh r0, [r4, r4]
1aa84 strb r2, [r5, #2]
1aa86 lsrs r1, r1, #30
1aa88 strb r6, [r6, #0]
1aa8a lsrs r1, r1, #14
1aa8c movs r0, #95 @ 0x5f
1aa8e strh r0, [r4, r4]
1aa90 strb r4, [r2, #3]
1aa92 lsrs r1, r1, #30
1aa94 strb r6, [r5, #0]
1aa96 lsrs r1, r1, #14
1aa98 movs r0, #255 @ 0xff
1aa9a strh r0, [r4, r4]
1aa9c strb r1, [r3, #3]
1aa9e ldrh r3, [r1, #40] @ 0x28
1aaa0 ldr r5, [r1, r0]
1aaa2 movs r0, r0
1aaa4 movs r0, #120 @ 0x78
1aaa6 lsls r0, r0, #25
1aaa8 svc 69 @ 0x45
1aaaa movs r0, r4
1aaac bhi.n 801aba0 
1aaae ldr r2, [pc, #768] ; =0x010C9B48 
1aab0 movs r0, #2
1aab2 ldr r1, [pc, #256] ; =0xA0F30000 
1aab4 movs r0, #118 @ 0x76
1aab6 ldr r0, [r4, #0]
1aab8 ldrb r2, [r7, #3]
1aaba ldrb r4, [r2, #17]
1aabc bkpt 0x0000
1aabe lsls r0, r7, #7
1aac0 @ <UNDEFINED> instruction: 0xfc0300f4
1aac4 ands.w r3, lr, #104 @ 0x68
1aac8 ands r0, r0
1aaca lsls r0, r4, #13
1aacc push {r0}
1aace lsls r0, r6, #5
1aad0 adds r3, #179 @ 0xb3
1aad2 lsls r0, r3, #1
1aad4 lsls r2, r1, #13
1aad6 lsls r0, r4, #5
1aad8 rev r1, r0
1aada lsls r0, r5, #1
1aadc lsls r2, r1, #11
1aade lsls r0, r4, #1
1aae0 uxth r1, r0
1aae2 movs r0, #223 @ 0xdf
1aae4 lsls r0, r0, #20
1aae6 movs r2, #31
1aae8 lsls r6, r7, #1
1aaea lsls r0, r4, #1
1aaec str r1, [r0, #24]
1aaee lsls r0, r5, #5
1aaf0 rev r1, r0
1aaf2 b.n 801af34 
1aaf4 movs r2, r4
1aaf6 ands r0, r4
1aaf8 ldr r1, [sp, #28]
1aafa strb r0, [r4, #16]
1aafc movs r0, r0
1aafe lsrs r0, r5, #5
1ab00 rev r1, r0
1ab02 ands r0, r3
1ab04 adds r4, r0, r2
1ab06 lsrs r0, r4, #5
1ab08 rev r1, r0
1ab0a ands r0, r3
1ab0c vmla.i<illegal width 8> q2, <illegal reg q10.5>, d0[6]
1ab10 lsls r0, r0, #2
1ab12 lsls r0, r4, #1
1ab14 uxth r1, r0
1ab16 lsls r0, r5, #1
1ab18 str r1, [r0, #24]
1ab1a b.n 801af5c 
1ab1c lsls r2, r6, #1
1ab1e lsls r2, r0, #3
1ab20 ldrh r7, [r0, #0]
1ab22 lsls r0, r6, #5
1ab24 lsls r2, r6, #18
1ab26 str r0, [r4, #0]
1ab28 movs r0, r0
1ab2a lsrs r2, r3
1ab2c cbz r1, 801ab70 
1ab2e movs r0, #223 @ 0xdf
1ab30 lsls r0, r0, #28
1ab32 ands r0, r4
1ab34 movs r5, #127 @ 0x7f
1ab36 movs r2, #32
1ab38 cbz r1, 801ab76 
1ab3a str r0, [r4, #0]
1ab3c movs r0, r0
1ab3e ands r0, r4
1ab40 stmia r2!, {r0, r1, r2}
1ab42 tst r0, r4
1ab44 pop {r0, r1, r2, r7}
1ab46 ands r0, r4
1ab48 ldrb r7, [r0, #28]
1ab4a str r2, [r3, #12]
1ab4c lsls r0, r0, #20
1ab4e lsrs r0, r3
1ab50 lsls r2, r1, #9
1ab52 lsrs r0, r4, #5
1ab54 rev r1, r0
1ab56 str r2, [r3, #32]
1ab58 lsls r6, r7, #1
1ab5a subs r2, #32
1ab5c ldrb r7, [r0, #0]
1ab5e str r2, [r3, #0]
1ab60 vrshr.u32 d4, d8, #25
1ab64 movs r2, r4
1ab66 movs r0, #234 @ 0xea
1ab68 lsls r0, r0, #2
1ab6a lsrs r0, r5, #1
1ab6c uxth r1, r0
1ab6e mov r8, r3
1ab70 lsls r4, r7, #1
1ab72 tst r0, r4
1ab74 push {r0, r1, r2, r7}
1ab76 movs r1, #32
1ab78 add sp, #28
1ab7a movs r0, #234 @ 0xea
1ab7c lsls r0, r0, #2
1ab7e b.n 801abc0 
1ab80 lsls r6, r7, #7
1ab82 movs r0, #226 @ 0xe2
1ab84 lsls r0, r0, #2
1ab86 lsrs r0, r5, #5
1ab88 rev r1, r0
1ab8a ands r0, r3
1ab8c adds r4, r0, r2
1ab8e lsrs r0, r4, #5
1ab90 rev r1, r0
1ab92 movs r0, #32
1ab94 add r4, pc, #28 @ (adr r4, 801abb4 ) ; =0x0801ABB4 rom_0801ABB4
1ab96 lsls r0, r3, #1
1ab98 movs r0, r0
1ab9a movs r0, #226 @ 0xe2
1ab9c lsls r0, r0, #2
1ab9e lsls r0, r5, #13
1aba0 cbz r1, 801ac04 
1aba2 add r3, pc, #896 @ (adr r3, 801af24 ) ; =0x0801AF24 rom_0801AF24
1aba4 lsls r0, r0, #2
1aba6 stmia r0!, {r3, r4, r6, r7}
1aba8 str r2, [r0, #36] @ 0x24
1abaa ands r0, r4
1abac adds r5, #126 @ 0x7e
1abae movs r0, r3
1abb0 lsls r4, r7, #5
1abb2 str r0, [r4, #0]
1abb4 movs r0, r0
1abb6 add r0, pc, #972 @ (adr r0, 801af84 ) ; =0x0801AF84 rom_0801AF84
1abb8 lsls r1, r0, #12
1abba ldr r4, [sp, #1008] @ 0x3f0
1abbc subs r0, r6, #3
1abbe strb r0, [r3, #2]
1abc0 lsls r2, r1, #9
1abc2 strb r0, [r0, #0]
1abc4 subs r2, r1, r1
1abc6 strb r1, [r0, #0]
1abc8 adds r2, #74 @ 0x4a
1abca strb r2, [r0, #0]
1abcc ldr r2, [pc, #296] ; =0x10010D04 
1abce strb r3, [r0, #0]
1abd0 str r2, [r1, #36] @ 0x24
1abd2 movs r0, #4
1abd4 lsls r0, r4, #1
1abd6 ldr r0, [r0, #0]
1abd8 ldmia r2!, {}
1abda ldr r2, [r0, #0]
1abdc ldmia r2!, {r3}
1abde ldr r0, [sp, #104] @ 0x68
1abe0 ldrb r6, [r0, #17]
1abe2 movs r0, #0
1abe4 lsls r0, r4, #1
1abe6 movs r0, #0
1abe8 lsls r0, r0, #29
1abea ldr r7, [r7, #4]
1abec strh r0, [r0, #0]
1abee ldrb r0, [r6, #4]
1abf0 ldrb r4, [r6, #24]
1abf2 str r6, [r0, #0]
1abf4 strh r0, [r0, #0]
1abf6 movs r4, #48 @ 0x30
1abf8 lsls r4, r6, #28
1abfa subs r7, r1, r3
1abfc lsrs r2, r4, #16
1abfe bhi.n 801ac02 
1ac00 cmp r0, r4
1ac02 movs r0, #98 @ 0x62
1ac04 ldrb r0, [r0, #25]
1ac06 movs r0, #53 @ 0x35
1ac08 ldr r0, [r4, #16]
1ac0a strb r2, [r4, #2]
1ac0c ldrsh r2, [r0, r1]
1ac0e movs r0, #0
1ac10 lsls r0, r4, #1
1ac12 ldr r0, [r0, #0]
1ac14 ldrh r0, [r0, #24]
1ac16 subs r6, r1, #6
1ac18 strb r2, [r4, #11]
1ac1a subs r0, r0, r0
1ac1c lsls r2, r4, #24
1ac1e bhi.n 801ac22 
1ac20 ldr r2, [pc, #640] ; =0x05090102 
1ac22 movs r0, #2
1ac24 ldr r1, [pc, #256] ; =0x50505374 
1ac26 movs r0, #124 @ 0x7c
1ac28 lsls r0, r4, #24
1ac2a subs r6, r2, r2
1ac2c ldrb r2, [r4, #25]
1ac2e stmia r0!, {}
1ac30 lsls r2, r1, #28
1ac32 subs r6, r3, #7
1ac34 ldrb r6, [r4, #19]
1ac36 movs r0, #17
1ac38 ldr r1, [r4, r0]
1ac3a str r0, [r0, #12]
1ac3c ldmia r2!, {}
1ac3e strb r1, [r0, #0]
1ac40 ldrb r3, [r1, #20]
1ac42 movs r0, #39 @ 0x27
1ac44 ldrsb r0, [r4, r0]
1ac46 @ <UNDEFINED> instruction: 0xe82000c1
1ac4a str r0, [r0, #0]
1ac4c ldr r3, [pc, #4] ; =0x37205620 
1ac4e strb r3, [r0, #2]
1ac50 ldrb r3, [r1, #20]
1ac52 movs r0, #53 @ 0x35
1ac54 ldrsb r0, [r4, r0]
1ac56 adds r7, #32
1ac58 lsls r7, r0, #5
1ac5a @ <UNDEFINED> instruction: 0xfc104043
1ac5e ands r0, r0
1ac60 lsls r1, r0, #1
1ac62 movs r0, r0
1ac64 movs r0, r0
1ac66 movs r0, r1
1ac68 movs r4, r1
1ac6a movs r0, r2
1ac6c movs r0, r0
1ac6e movs r0, r0
1ac70 movs r0, r0
1ac72 lsls r5, r6, #16
1ac74 movs r0, r2
1ac76 movs r1, r0
	...
1ac80 lsls r4, r0, #6
1ac82 lsls r0, r0, #4
1ac84 movs r0, r0
1ac86 stmia r1!, {r2, r6}
1ac88 subs r7, #4
1ac8a movs r0, r0
1ac8c lsrs r2, r5, #16
1ac8e movs r4, #1
1ac90 movs r3, #128 @ 0x80
1ac92 strh r0, [r0, #0]
1ac94 movs r0, r0
1ac96 strh r0, [r0, #0]
1ac98 strb r1, [r0, #17]
1ac9a movs r0, r0
1ac9c movs r4, r1
1ac9e movs r0, r4
1aca0 lsls r1, r1, #4
1aca2 @ <UNDEFINED> instruction: 0xfc100205
1aca6 ldr r2, [pc, #856] ; =0x001E7069 
1aca8 movs r0, r0
1acaa lsls r1, r1, #4
1acac @ <UNDEFINED> instruction: 0xfc100205
1acb0 ldr r2, [pc, #872] ; =0x21020128 
1acb2 subs r6, #159 @ 0x9f
1acb4 lsls r0, r1, #4
1acb6 @ <UNDEFINED> instruction: 0xfc100104
1acba ldr r2, [pc, #888] ; =0x03002430 
1acbc lsrs r1, r0, #32
1acbe asrs r1, r0, #32
1acc0 lsls r4, r7, #19
1acc2 b.n 801b2c8 
1acc4 lsls r2, r1, #5
1acc6 lsls r1, r1, #4
1acc8 @ <UNDEFINED> instruction: 0xfc100205
1accc ldr r2, [pc, #880] ; =0x26302E31 
1acce lsls r2, r1, #5
1acd0 lsls r2, r1, #4
1acd2 @ <UNDEFINED> instruction: 0xfc100306
1acd6 add lr, lr
1acd8 movs r1, r0
1acda lsrs r0, r0, #32
1acdc asrs r1, r0, #32
1acde lsls r4, r7, #19
1ace0 bcc.n 801ace6 
1ace2 cmp r0, #67 @ 0x43
1ace4 lsls r1, r1, #4
1ace6 @ <UNDEFINED> instruction: 0xfc100205
1acea mvns r5, r2
1acec movs r4, r1
1acee lsls r2, r1, #4
1acf0 @ <UNDEFINED> instruction: 0xfc100306
1acf4 adcs r2, r1
1acf6 lsls r4, r4, #16
1acf8 lsrs r4, r0, #20
1acfa asrs r1, r0, #32
1acfc lsrs r4, r7, #7
1acfe ands r6, r0
1ad00 adds r4, #65 @ 0x41
1ad02 add r0, r0
1ad04 adds r3, #119 @ 0x77
1ad06 lsrs r1, r2, #20
1ad08 asrs r1, r0, #32
1ad0a lsrs r4, r7, #7
1ad0c vst2.16 {d4-d7}, [r6], r4
1ad10 movs r0, r4
1ad12 movs r0, r0
1ad14 asrs r0, r5, #24
1ad16 asrs r1, r0, #32
1ad18 asrs r4, r7, #11
1ad1a lsls r7, r1, #8
1ad1c lsrs r7, r0, #25
1ad1e ldr r1, [r3, #20]
1ad20 ldr r3, [r4, #4]
1ad22 strb r1, [r5, #1]
1ad24 ldr r3, [r2, #84] @ 0x54
1ad26 strb r1, [r4, #9]
1ad28 strh r4, [r6, r5]
1ad2a str r0, [r2, r1]
1ad2c lsls r5, r2, #4
1ad2e @ <UNDEFINED> instruction: 0xfc100e11
1ad32 add r1, r3
1ad34 ldr r5, [r1, r4]
1ad36 str r1, [r5, #52] @ 0x34
1ad38 ldr r0, [r5, #20]
1ad3a strh r0, [r6, r5]
1ad3c str r5, [r5, #20]
1ad3e strb r2, [r6, #17]
1ad40 cmp r4, r9
1ad42 lsls r0, r1, #4
1ad44 @ <UNDEFINED> instruction: 0xfc100104
1ad48 @ <UNDEFINED> instruction: 0x47f6
1ad4a lsrs r0, r0, #1
1ad4c asrs r1, r0, #32
1ad4e lsls r4, r7, #19
1ad50 adds r1, #1
1ad52 lsls r1, r0, #5
1ad54 lsls r0, r1, #4
1ad56 @ <UNDEFINED> instruction: 0xfc100104
1ad5a tst r3, r2
1ad5c lsrs r5, r0, #4
1ad5e asrs r1, r0, #32
1ad60 lsls r4, r7, #23
1ad62 vrshl.u8 q0, <illegal reg q4.5>, q1
1ad66 lsrs r0, r5, #32
1ad68 asrs r1, r0, #32
1ad6a lsls r4, r7, #19
1ad6c asrs r1, r0, #16
1ad6e lsls r2, r0, #13
1ad70 lsls r0, r1, #4
1ad72 @ <UNDEFINED> instruction: 0xfc100104
1ad76 rors r7, r6
1ad78 lsrs r0, r1, #4
1ad7a asrs r1, r0, #32
1ad7c lsls r4, r7, #23
1ad7e add.w r0, r2, #12648448 @ 0xc10000
1ad82 lsrs r2, r0, #32
1ad84 asrs r1, r0, #32
1ad86 lsls r4, r7, #19
1ad88 bl fn_07F1CC1A
1ad8c lsls r1, r1, #4
1ad8e @ <UNDEFINED> instruction: 0xfc100205
1ad92 @ <UNDEFINED> instruction: 0x47fa
1ad94 lsls r0, r4, #12
1ad96 lsls r1, r1, #4
1ad98 @ <UNDEFINED> instruction: 0xfc100205
1ad9c blx pc
1ad9e lsls r0, r4, #12
1ada0 lsls r0, r1, #4
1ada2 @ <UNDEFINED> instruction: 0xfc100104
1ada6 ldr r0, [pc, #12] ; =0x0508FC10 
1ada8 lsrs r5, r0, #2
1adaa asrs r1, r0, #32
1adac lsls r4, r7, #19
1adae lsls r1, r0, #4
1adb0 ldr r3, [sp, #288] @ 0x120
1adb2 lsls r4, r1, #4
1adb4 @ <UNDEFINED> instruction: 0xfc100508
1adb8 ldr r1, [pc, #816] ; =0x00022902 
1adba str r0, [r1, #8]
1adbc movs r0, r0
1adbe lsrs r0, r0, #32
1adc0 asrs r1, r0, #32
1adc2 lsls r4, r7, #19
1adc4 asrs r1, r0, #8
1adc6 lsls r0, r1, #13
1adc8 lsls r0, r1, #4
1adca @ <UNDEFINED> instruction: 0xfc100104
1adce asrs r3, r6
1add0 lsrs r0, r0, #8
1add2 asrs r1, r0, #32
1add4 lsls r4, r7, #27
1add6 strh r3, [r0, #0]
1add8 movs r0, #66 @ 0x42
1adda lsls r0, r0, #4
1addc lsls r0, r1, #4
1adde @ <UNDEFINED> instruction: 0xfc100104
1ade2 cmp r4, r0
1ade4 lsrs r0, r0, #20
1ade6 asrs r1, r0, #32
1ade8 lsrs r4, r7, #7
1adea lsls r6, r0, #16
1adec ldrsb r0, [r1, r1]
1adee cmp r6, #49 @ 0x31
1adf0 adds r0, #48 @ 0x30
1adf2 lsrs r1, r6, #32
1adf4 asrs r1, r0, #32
1adf6 lsls r4, r7, #19
1adf8 adds r2, #1
1adfa lsrs r1, r0, #9
1adfc lsls r0, r1, #4
1adfe @ <UNDEFINED> instruction: 0xfc100104
1ae02 blxns fp
1ae04 lsrs r1, r0, #32
1ae06 asrs r1, r0, #32
1ae08 lsls r4, r7, #19
1ae0a ldr r7, [sp, #4]
1ae0c asrs r2, r0, #13
1ae0e lsls r0, r1, #4
1ae10 @ <UNDEFINED> instruction: 0xfc100104
1ae14 cmp r4, r4
1ae16 lsrs r7, r7, #3
1ae18 asrs r1, r0, #32
1ae1a lsls r4, r7, #19
1ae1c strb r1, [r0, #8]
1ae1e lsls r1, r0, #5
1ae20 lsls r3, r2, #4
1ae22 @ <UNDEFINED> instruction: 0xfc100c0f
1ae26 bx fp
1ae28 lsls r5, r0, #12
1ae2a asrs r0, r0, #8
1ae2c lsls r0, r0, #4
1ae2e movs r1, r0
1ae30 asrs r1, r0, #4
1ae32 movs r3, r0
1ae34 lsls r1, r3, #4
1ae36 @ <UNDEFINED> instruction: 0xfc101215
1ae3a bx lr
1ae3c lsls r1, r0, #28
1ae3e movs r0, r0
1ae40 movs r0, r0
1ae42 ldmia r2, {r1, r2, r3, r4, r6, r7}
1ae44 udf #250 @ 0xfa
1ae46 ldmia r2, {r1, r2, r3, r4, r6, r7}
1ae48 add r7, sp, #888 @ 0x378
1ae4a ldmia r2, {r1, r2, r3, r4, r6, r7}
1ae4c vaddw.u8 q8, q5, d9
1ae50 @ <UNDEFINED> instruction: 0xfc100205
1ae54 bx fp
1ae56 ldr r0, [pc, #640] ; =0x00000000 
1ae58 lsls r7, r7, #6
1ae5a @ <UNDEFINED> instruction: 0xfc10b8bb
1ae5e ldr r0, [pc, #640] ; =0x00000000 
1ae60 asrs r3, r0, #8
1ae62 lsls r0, r0, #4
1ae64 movs r0, r0
1ae66 movs r1, r0
1ae68 movs r1, r0
1ae6a adds r6, #1
1ae6c strh r0, [r0, r0]
1ae6e movs r1, r1
1ae70 lsrs r0, r0, #8
1ae72 lsls r0, r0, #4
1ae74 lsls r0, r0, #4
1ae76 movs r1, r1
1ae78 adds r5, #1
1ae7a adds r3, r0, r4
1ae7c movs r2, r2
1ae7e movs r1, r1
1ae80 adds r5, #4
1ae82 adds r5, #13
1ae84 adds r6, r0, r4
1ae86 movs r1, r0
1ae88 movs r1, r1
1ae8a adds r5, #1
1ae8c adds r3, r0, r4
1ae8e lsls r0, r0, #4
1ae90 movs r1, r1
1ae92 adds r5, #9
1ae94 adds r5, #8
1ae96 adds r6, r0, r4
1ae98 movs r2, r2
1ae9a lsls r1, r1, #4
1ae9c lsrs r0, r0, #4
1ae9e movs r2, r0
1aea0 lsls r1, r1, #4
1aea2 lsrs r3, r0, #4
1aea4 lsls r2, r0, #4
1aea6 lsls r1, r1, #20
1aea8 lsrs r4, r5, #6
1aeaa lsls r2, r0, #8
1aeac lsls r1, r1, #8
1aeae lsrs r1, r7, #4
1aeb0 lsls r2, r0, #12
1aeb2 lsls r1, r1, #24
1aeb4 lsrs r4, r0, #5
1aeb6 lsls r2, r0, #16
1aeb8 lsls r0, r5, #4
1aeba lsls r1, r1, #8
1aebc lsrs r5, r0, #4
1aebe lsls r0, r0, #8
1aec0 asrs r3, r0, #4
1aec2 movs r1, r0
1aec4 lsls r3, r0, #4
1aec6 movs r0, r0
1aec8 movs r1, r0
1aeca adds r6, #3
1aecc mov r0, r0
1aece movs r1, r1
1aed0 lsrs r0, r0, #8
1aed2 lsls r0, r0, #4
1aed4 lsls r0, r0, #12
1aed6 movs r1, r1
1aed8 adds r5, #1
1aeda adds r3, r0, r4
1aedc lsls r1, r2, #4
1aede movs r1, r1
1aee0 lsrs r2, r0, #8
1aee2 movs r0, r0
1aee4 movs r0, r0
1aee6 movs r1, r1
1aee8 adds r5, #4
1aeea adds r5, #12
1aeec adds r3, r0, r4
1aeee movs r1, r0
1aef0 lsls r5, r6, #20
1aef2 movs r1, r3
1aef4 lsrs r3, r0, #32
1aef6 lsrs r1, r0, #4
1aef8 lsls r0, r0, #24
1aefa lsrs r5, r6, #4
1aefc str r1, [r1, #80] @ 0x50
1aefe lsrs r6, r5, #5
1af00 ldr r0, [r0, #32]
1af02 lsls r1, r1, #4
1af04 lsrs r0, r0, #4
1af06 movs r1, r0
1af08 lsrs r5, r4, #8
1af0a str r3, [r2, r1]
1af0c movs r0, #80 @ 0x50
1af0e ldr r3, [r6, #68] @ 0x44
1af10 strb r1, [r4, #25]
1af12 lsls r5, r4, #1
1af14 movs r0, r0
1af16 movs r1, r0
1af18 lsls r7, r6, #7
1af1a @ <UNDEFINED> instruction: 0xfc10f0f3
1af1e cmp r4, r0
1af20 movs r1, r0
1af22 cmp r0, #0
1af24 movs r2, r0
1af26 lsls r0, r3, #8
1af28 lsls r0, r0, #12
1af2a lsls r0, r5, #4
1af2c lsls r2, r1, #12
1af2e movs r0, r0
1af30 asrs r2, r5, #16
1af32 strb r1, [r0, #13]
1af34 movs r0, #116 @ 0x74
1af36 cmp r4, r9
1af38 ldr r5, [pc, #128] ; =0x03001518 
1af3a strb r7, [r5, #21]
1af3c str r3, [r6, #84] @ 0x54
1af3e movs r0, #32
1af40 movs r0, #32
1af42 movs r0, #32
1af44 movs r0, #32
1af46 movs r4, r0
1af48 cmp r0, #3
1af4a lsls r1, r0, #8
1af4c movs r5, r0
1af4e cmp r2, #1
1af50 ldmia r0!, {r1}
1af52 lsls r0, r0, #24
1af54 lsls r0, r0, #12
1af56 lsls r0, r5, #4
1af58 lsls r2, r0, #28
1af5a lsls r0, r0, #16
1af5c lsrs r2, r5, #32
1af5e movs r6, r0
1af60 movs r6, r0
1af62 lsls r4, r4, #1
1af64 lsls r4, r5, #4
1af66 movs r0, r1
1af68 cmp r0, #3
1af6a lsls r1, r0, #8
1af6c movs r1, r1
1af6e cmp r2, #2
1af70 lsls r1, r0, #4
1af72 movs r2, r1
1af74 cmp r0, #3
1af76 lsrs r1, r0, #32
1af78 movs r3, r1
1af7a cmp r2, #3
1af7c movs r6, r0
1af7e movs r0, r0
1af80 movs r0, r0
1af82 lsrs r0, r0, #16
1af84 movs r0, r0
1af86 lsls r0, r5, #8
1af88 adds r1, r0, r0
1af8a movs r5, r1
1af8c cmp r0, #3
1af8e movs r0, #1
1af90 movs r6, r1
1af92 cmp r2, #5
1af94 lsrs r0, r0, #28
1af96 lsls r0, r0, #8
1af98 lsls r1, r5, #8
1af9a movs r0, r0
1af9c movs r0, r2
1af9e cmp r0, #0
1afa0 lsls r2, r0, #16
1afa2 asrs r0, r3, #4
1afa4 lsls r0, r0, #12
1afa6 lsls r0, r5, #4
1afa8 asrs r6, r2, #8
1afaa lsls r0, r0, #28
1afac lsls r2, r5, #4
1afae asrs r0, r0, #12
1afb0 lsls r0, r0, #8
1afb2 lsls r1, r5, #8
1afb4 movs r0, r0
1afb6 movs r4, r2
1afb8 cmp r0, #0
1afba lsrs r2, r0, #28
1afbc asrs r0, r3, #20
1afbe lsls r0, r0, #12
1afc0 lsls r0, r5, #4
1afc2 asrs r2, r2, #24
1afc4 adds r0, r0, r4
1afc6 lsls r2, r5, #4
1afc8 asrs r0, r7, #28
1afca movs r0, r0
1afcc lsls r0, r5, #8
1afce adds r2, r1, r0
1afd0 movs r0, r3
1afd2 cmp r0, #3
1afd4 lsls r1, r0, #8
1afd6 movs r1, r3
1afd8 cmp r2, #35 @ 0x23
1afda movs r3, r0
1afdc movs r0, r0
1afde movs r2, r3
1afe0 cmp r0, #3
1afe2 lsls r1, r0, #8
1afe4 movs r3, r3
1afe6 cmp r2, #41 @ 0x29
1afe8 mov r0, r1
1afea str r4, [r5, #20]
1afec strb r7, [r4, #17]
1afee ldr r2, [r6, #20]
1aff0 adds r0, r6, #1
1aff2 lsls r0, r0, #12
1aff4 lsls r0, r5, #4
1aff6 adds r2, r0, #4
1aff8 movs r4, #0
1affa lsls r2, r5, #24
1affc ldr r1, [r7, #20]
1affe ldr r3, [r4, #4]
1b000 strb r1, [r5, #1]
1b002 movs r6, r3
1b004 cmp r0, #3
1b006 lsls r1, r0, #8
1b008 movs r7, r3
1b00a cmp r2, #37 @ 0x25
1b00c str r4, [r0, #48] @ 0x30
1b00e ldr r7, [r5, #84] @ 0x54
1b010 lsls r2, r4, #7
1b012 @ <UNDEFINED> instruction: 0xfc10dbde
1b016 cmp ip, lr
1b018 movs r0, #51 @ 0x33
1b01a lsls r0, r0, #12
1b01c lsls r0, r5, #4
1b01e movs r1, #2
1b020 movs r6, #0
1b022 lsls r2, r5, #12
1b024 cmp r6, #49 @ 0x31
1b026 movs r2, #48 @ 0x30
1b028 lsls r0, r0, #12
1b02a lsls r0, r5, #4
1b02c movs r3, #2
1b02e cmp r0, #0
1b030 lsls r2, r5, #12
1b032 cmp r6, #49 @ 0x31
1b034 movs r4, #48 @ 0x30
1b036 lsls r0, r0, #12
1b038 lsls r0, r5, #4
1b03a movs r5, #2
1b03c cmp r2, #0
1b03e lsls r2, r5, #12
1b040 cmp r6, #49 @ 0x31
1b042 movs r6, #48 @ 0x30
1b044 lsls r0, r0, #12
1b046 lsls r0, r5, #4
1b048 movs r7, #2
1b04a movs r5, #0
1b04c lsls r2, r5, #16
1b04e ldr r3, [r4, #116] @ 0x74
1b050 adds r3, #109 @ 0x6d
1b052 movs r0, r5
1b054 cmp r0, #0
1b056 strb r0, [r2, r4]
1b058 lsls r4, r4, #23
1b05a add r7, sp, #840 @ 0x348
1b05c add r1, sp, #636 @ 0x27c
1b05e b.n 801ab80 
1b060 ldrb r2, [r1, #21]
1b062 mvns r6, r7
1b064 strh r3, [r2, r5]
1b066 cmp r1, #73 @ 0x49
1b068 lsls r0, r0, #12
1b06a lsls r0, r5, #4
1b06c cmp r2, #16
1b06e ldrh r0, [r0, #16]
1b070 asrs r5, r0, #16
	...
1b086 movs r3, r5
1b088 cmp r1, #2
1b08a movs r2, r0
1b08c cmp r4, #0
1b08e lsls r0, r0, #12
1b090 lsls r0, r5, #4
1b092 cmp r5, #12
1b094 ldr r3, [sp, #0]
1b096 asrs r5, r0, #16
	...
1b0ac movs r6, r5
1b0ae cmp r0, #3
1b0b0 lsrs r1, r0, #8
1b0b2 movs r7, r5
1b0b4 lsls r4, r5, #22
1b0b6 movs r4, r2
	...
1b0c8 movs r0, r0
1b0ca adds r0, #0
1b0cc lsls r0, r0, #12
1b0ce lsls r0, r5, #4
1b0d0 adds r1, #24
1b0d2 pop {pc}
1b0d4 asrs r5, r0, #16
	...
1b0ea movs r2, r6
1b0ec cmp r1, #2
1b0ee movs r2, r0
1b0f0 movs r0, r0
1b0f2 ldr r3, [pc, #0] ; =0x47FC1001 
1b0f4 asrs r1, r0, #32
1b0f6 blxns pc
1b0f8 ldrh r4, [r0, #50] @ 0x32
1b0fa asrs r2, r1, #1
1b0fc str r6, [sp, #88] @ 0x58
1b0fe bxns r4
1b100 movs r3, #198 @ 0xc6
1b102 rev16 r1, r4
1b104 ldr r3, [pc, #868] ; =0x090D0000 
1b106 subs r5, r1, #1
1b108 strh r3, [r0, r5]
1b10a ldr r1, [pc, #332] ; =0x10010B20 
1b10c cbz r0, 801b154 
1b10e strb r3, [r3, #10]
1b110 bkpt 0x0034
1b112 bmi.n 801b0ee 
1b114 @ <UNDEFINED> instruction: 0xf4a84143
1b118 bics r0, r1
1b11a strh r3, [r2, r5]
1b11c asrs r1, r1, #1
1b11e ldr r6, [r7, #28]
1b120 ldr r2, [sp, #808] @ 0x328
1b122 adds r6, r2, r5
1b124 add r3, sp, #984 @ 0x3d8
1b126 ldr r5, [pc, #8] ; =0x5E28A603 
1b128 ldr r2, [r5, #88] @ 0x58
1b12a strh r3, [r0, r5]
1b12c ldr r1, [pc, #332] ; =0x4AF07B7E 
1b12e adds r0, r2, r0
1b130 add r6, pc, #12 @ (adr r6, 801b140 ) ; =0x0801B140 rom_0801B140
1b132 ldrsh r0, [r5, r0]
1b134 ldcl 12, cr1, [r8], {145} @ 0x91
1b138 add r3, pc, #288 @ (adr r3, 801b25c ) ; =0x0801B25C rom_0801B25C
1b13a bics r4, r5
1b13c strh r3, [r2, r5]
1b13e adds r1, r1, #1
1b140 asrs r1, r0, #32
1b142 adds r4, r7, r3
1b144 bls.n 801b172 
1b146 asrs r3, r0, #17
1b148 lsls r2, r0, #4
1b14a asrs r2, r0, #32
1b14c strh r1, [r1, r0]
1b14e adds r7, #80 @ 0x50
1b150 adds r7, #53 @ 0x35
1b152 cmp r5, #99 @ 0x63
1b154 adds r0, #49 @ 0x31
1b156 adds r0, #48 @ 0x30
1b158 adds r0, #48 @ 0x30
1b15a adds r4, #50 @ 0x32
1b15c lsls r3, r1, #4
1b15e @ <UNDEFINED> instruction: 0xfc100407
1b162 mvns r1, r7
1b164 lsls r3, r0, #8
1b166 lsls r1, r0, #8
1b168 lsls r4, r1, #4
1b16a @ <UNDEFINED> instruction: 0xfc100508
1b16e add pc, sl
1b170 lsls r0, r0, #16
1b172 lsls r0, r0, #16
1b174 lsrs r0, r0, #32
1b176 asrs r1, r0, #32
1b178 lsls r4, r7, #19
1b17a bhi.n 801b180 
1b17c lsls r3, r0, #1
1b17e lsls r1, r2, #4
1b180 @ <UNDEFINED> instruction: 0xfc100a0d
1b184 add ip, fp
1b186 lsls r0, r0, #4
1b188 movs r0, r0
1b18a movs r0, r0
1b18c movs r0, r0
1b18e movs r7, r0
1b190 lsls r0, r1, #4
1b192 @ <UNDEFINED> instruction: 0xfc100104
1b196 mov r9, pc
1b198 lsrs r0, r2, #1
1b19a asrs r1, r0, #32
1b19c lsls r4, r7, #19
1b19e push {r0}
1b1a0 lsls r3, r1, #21
1b1a2 lsls r1, r1, #4
1b1a4 @ <UNDEFINED> instruction: 0xfc100205
1b1a8 adcs r5, r3
1b1aa movs r4, #2
1b1ac lsls r0, r1, #4
1b1ae @ <UNDEFINED> instruction: 0xfc100104
1b1b2 add sl, r8
1b1b4 lsrs r4, r2, #32
1b1b6 asrs r1, r0, #32
1b1b8 lsls r4, r7, #19
1b1ba @ <UNDEFINED> instruction: 0xfb010041
1b1be lsls r7, r1, #4
1b1c0 @ <UNDEFINED> instruction: 0xfc10080b
1b1c4 asrs r0, r7
1b1c6 @ <UNDEFINED> instruction: 0xfbfff88f
1b1ca strh r3, [r1, #44] @ 0x2c
1b1cc strh r1, [r3, #26]
1b1ce lsls r2, r1, #4
1b1d0 @ <UNDEFINED> instruction: 0xfc100306
1b1d4 ldr r2, [pc, #488] ; =0x0801B738 "BoxStorage"
1b1d6 movs r1, r0
1b1d8 subs r3, r0, #4
1b1da asrs r1, r0, #32
1b1dc subs r4, r7, r7
1b1de ldr r0, [r3, #48] @ 0x30
1b1e0 lsrs r3, r1, #17
1b1e2 lsls r0, r0, #20
1b1e4 asrs r0, r0, #8
1b1e6 lsrs r2, r0, #32
1b1e8 lsrs r0, r0, #32
1b1ea asrs r0, r0, #32
1b1ec movs r0, r0
1b1ee cmp r4, #0
1b1f0 mla r8, r1, r0, r4
1b1f4 mla r8, r8, r0, r4
1b1f8 lsrs r0, r1, #8
1b1fa asrs r1, r0, #32
1b1fc lsls r4, r7, #27
1b1fe asrs r3, r0, #24
1b200 ldrh r2, [r0, #58] @ 0x3a
1b202 ldmia r2, {r0, r1, r2}
1b204 lsls r3, r1, #4
1b206 @ <UNDEFINED> instruction: 0xfc100407
1b20a tst r2, r3
1b20c lsrs r2, r1, #12
1b20e lsls r7, r5, #31
1b210 lsls r0, r1, #4
1b212 @ <UNDEFINED> instruction: 0xfc100104
1b216 rors r0, r7
1b218 lsrs r0, r0, #28
1b21a asrs r1, r0, #32
1b21c lsrs r4, r7, #15
1b21e add r3, pc, #32 @ (adr r3, 801b240 ) ; =0x0801B240 rom_0801B240
	...
1b228 lsrs r0, r0, #4
1b22a asrs r1, r0, #32
1b22c lsls r4, r7, #23
1b22e ldrb r2, [r0, r4]
1b230 lsls r1, r0, #9
1b232 lsrs r4, r4, #28
1b234 asrs r1, r0, #32
1b236 lsrs r4, r7, #15
1b238 ldr r5, [pc, #32] ; =0x5F0407FC 
1b23a movs r0, #65 @ 0x41
1b23c movs r0, r0
1b23e asrs r4, r0, #24
1b240 movs r0, r0
1b242 lsrs r4, r0, #4
1b244 asrs r1, r0, #32
1b246 lsls r4, r7, #23
1b248 ldrh r2, [r0, r4]
1b24a movs r0, #65 @ 0x41
1b24c lsrs r0, r0, #12
1b24e asrs r1, r0, #32
1b250 lsls r4, r7, #31
1b252 ldrsb r4, [r0, r4]
1b254 movs r0, #65 @ 0x41
1b256 movs r0, r0
1b258 lsrs r0, r4, #12
1b25a asrs r1, r0, #32
1b25c lsls r4, r7, #31
1b25e ldrsh r4, [r0, r4]
1b260 strh r1, [r0, #2]
1b262 movs r3, r0
1b264 lsrs r6, r0, #4
1b266 asrs r1, r0, #32
1b268 lsls r4, r7, #23
1b26a ldr r3, [sp, #8]
1b26c adds r0, #66 @ 0x42
1b26e lsrs r7, r7, #32
1b270 asrs r1, r0, #32
1b272 lsls r4, r7, #19
1b274 add r2, sp, #4
1b276 movs r0, #66 @ 0x42
1b278 lsls r2, r0, #6
1b27a @ <UNDEFINED> instruction: 0xfc107b7e
1b27e ldr r2, [pc, #960] ; =0x3D584548 
1b280 b.n 801ab54 
1b282 lsls r1, r5, #1
1b284 lsls r2, r5, #1
1b286 adds r0, #107 @ 0x6b
1b288 vrhadd.u8 d0, d7, d8
1b28c strb.w pc, [sl], #27
1b290 smulbt r6, ip, sp
1b294 bfcsel 8, 801bed6 <_binary_v289_app1_bin_end+0x60a>, c, vc
1b298 @ <UNDEFINED> instruction: 0xea20e621
1b29c b.n 801b6e4 
1b29e udf #35 @ 0x23
1b2a0 bge.n 801b2ec 
1b2a2 bvs.n 801b2f0 
1b2a4 bcs.n 801b2f4 
1b2a6 ldmia r6!, {r0, r1, r2, r5}
1b2a8 ldmia r2!, {r3, r5}
1b2aa stmia r6!, {r0, r3, r5}
1b2ac stmia r2!, {r1, r3, r5}
1b2ae pop {r0, r1, r3, r5, pc}
1b2b0 cbnz r4, 801b2be 
1b2b2 push {r0, r2, r3, r5, lr}
1b2b4 cbz r6, 801b2c2 
1b2b6 add r5, sp, #188 @ 0xbc
1b2b8 strh r2, [r6, #0]
1b2ba strh r3, [r6, #0]
1b2bc stmia r0!, {r2, r4, r5}
1b2be stmia r1!, {r0, r2, r4, r5}
1b2c0 stmia r2!, {r1, r2, r4, r5}
1b2c2 stmia r3!, {r0, r1, r2, r4, r5}
1b2c4 stmia r4!, {r3, r4, r5}
1b2c6 stmia r5!, {r0, r3, r4, r5}
1b2c8 stmia r6!, {r1, r3, r4, r5}
1b2ca stmia r7!, {r0, r1, r3, r4, r5}
1b2cc lsls r4, r7, #24
1b2ce lsls r5, r7, #28
1b2d0 mov r6, r7
1b2d2 strh r7, [r7, #40] @ 0x28
1b2d4 strh r0, [r0, #50] @ 0x32
1b2d6 strh r1, [r0, #58] @ 0x3a
1b2d8 stmia r6!, {r1, r6}
1b2da stmia r7!, {r0, r1, r6}
1b2dc bvs.n 801b368 
1b2de bvc.n 801b36c 
1b2e0 b.n 801af70 
1b2e2 stcl 14, cr5, [lr], {79} @ 0x4f
1b2e6 ldrsh r7, [r5, r3]
1b2e8 beq.n 801b396 
1b2ea b.n 801b39a 
1b2ec ldr r4, [pc, #348] ; =0x7E7EFE40 
1b2ee asrs r1, r3, #1
1b2f0 lsls r5, r5, #29
1b2f2 lsls r3, r6, #1
1b2f4 ldr r4, [pc, #348] ; =0xFE401220 
1b2f6 ldr r0, [r3, #68] @ 0x44
1b2f8 str r1, [r3, r1]
1b2fa lsrs r7, r7, #7
1b2fc asrs r1, r0, #32
1b2fe lsls r4, r7, #23
1b300 str r2, [r0, #48] @ 0x30
1b302 orr.w r5, r1, #1241532928 @ 0x4a004a00
1b306 lsls r1, r0, #16
1b308 movs r1, #252 @ 0xfc
1b30a lsls r1, r0, #1
1b30c movs r0, r0
1b30e movs r0, r0
1b310 movs r0, r1
1b312 movs r4, r1
1b314 movs r0, r2
1b316 movs r0, r0
1b318 movs r0, r0
1b31a movs r0, r0
1b31c lsls r5, r6, #16
1b31e movs r0, r2
1b320 movs r1, r0
	...

; ===== fn_0801B32A  (called 0 x)
1b32a lsls r7, r5, #14
1b32c lsrs r4, r0, #16
1b32e movs r5, r1
1b330 lsls r1, r0, #8
1b332 movs r0, r0
1b334 push {r3, r5, r6, r7, lr}
1b336 lsrs r1, r0, #32
1b338 @ <UNDEFINED> instruction: 0xb68c
1b33a lsrs r1, r0, #32
1b33c cpsid 
1b33e lsrs r1, r0, #32
1b340 @ <UNDEFINED> instruction: 0xb65c
1b342 lsrs r1, r0, #32
1b344 @ <UNDEFINED> instruction: 0xb678
1b346 lsrs r1, r0, #32
1b348 push {r4, r6, r7, lr}
1b34a lsrs r1, r0, #32
1b34c @ <UNDEFINED> instruction: 0xb620
1b34e lsrs r1, r0, #32
1b350 @ <UNDEFINED> instruction: 0xb648
1b352 lsrs r1, r0, #32
1b354 @ <UNDEFINED> instruction: 0xb688
1b356 lsrs r1, r0, #32
1b358 @ <UNDEFINED> instruction: 0xb630
1b35a lsrs r1, r0, #32
1b35c push {r4, r5, r6, r7, lr}
1b35e lsrs r1, r0, #32
1b360 @ <UNDEFINED> instruction: 0xb668
1b362 lsrs r1, r0, #32
1b364 @ <UNDEFINED> instruction: 0xb628
1b366 lsrs r1, r0, #32
1b368 @ <UNDEFINED> instruction: 0xb60c
1b36a lsrs r1, r0, #32
1b36c @ <UNDEFINED> instruction: 0xb638
1b36e lsrs r1, r0, #32
1b370 cpsie a
1b372 lsrs r1, r0, #32
1b374 cpsie a
1b376 lsrs r1, r0, #32
1b378 cpsie a
1b37a lsrs r1, r0, #32
1b37c cpsie a
1b37e lsrs r1, r0, #32
1b380 cpsie a
1b382 lsrs r1, r0, #32
1b384 cpsie a
1b386 lsrs r1, r0, #32
1b388 cpsie a
1b38a lsrs r1, r0, #32
1b38c cpsie a
1b38e lsrs r1, r0, #32
1b390 cpsie a
1b392 lsrs r1, r0, #32
1b394 cpsie a
1b396 lsrs r1, r0, #32
1b398 cpsie a
1b39a lsrs r1, r0, #32
1b39c cpsie a
1b39e lsrs r1, r0, #32
1b3a0 cpsie a
1b3a2 lsrs r1, r0, #32
1b3a4 cpsie a
1b3a6 lsrs r1, r0, #32
1b3a8 cpsie a
1b3aa lsrs r1, r0, #32
1b3ac @ <UNDEFINED> instruction: 0xb7d8
1b3ae lsrs r1, r0, #32
1b3b0 @ <UNDEFINED> instruction: 0xb760
1b3b2 lsrs r1, r0, #32
1b3b4 @ <UNDEFINED> instruction: 0xb7a4
1b3b6 lsrs r1, r0, #32
1b3b8 @ <UNDEFINED> instruction: 0xb758
1b3ba lsrs r1, r0, #32
1b3bc @ <UNDEFINED> instruction: 0xb744
1b3be lsrs r1, r0, #32
1b3c0 @ <UNDEFINED> instruction: 0xb738
1b3c2 lsrs r1, r0, #32
1b3c4 @ <UNDEFINED> instruction: 0xb70c
1b3c6 lsrs r1, r0, #32
1b3c8 @ <UNDEFINED> instruction: 0xb714
1b3ca lsrs r1, r0, #32
1b3cc @ <UNDEFINED> instruction: 0xb728
1b3ce lsrs r1, r0, #32
1b3d0 @ <UNDEFINED> instruction: 0xb7ac
1b3d2 lsrs r1, r0, #32
1b3d4 @ <UNDEFINED> instruction: 0xb7b8
1b3d6 lsrs r1, r0, #32
1b3d8 @ <UNDEFINED> instruction: 0xb758
1b3da lsrs r1, r0, #32
1b3dc @ <UNDEFINED> instruction: 0xb6fc
1b3de lsrs r1, r0, #32
1b3e0 @ <UNDEFINED> instruction: 0xb6b8
1b3e2 lsrs r1, r0, #32
1b3e4 @ <UNDEFINED> instruction: 0xb6c4
1b3e6 lsrs r1, r0, #32
1b3e8 @ <UNDEFINED> instruction: 0xb6f0
1b3ea lsrs r1, r0, #32
1b3ec @ <UNDEFINED> instruction: 0xb6a4
1b3ee lsrs r1, r0, #32
1b3f0 @ <UNDEFINED> instruction: 0xb6d0
1b3f2 lsrs r1, r0, #32
1b3f4 @ <UNDEFINED> instruction: 0xb694
1b3f6 lsrs r1, r0, #32
1b3f8 @ <UNDEFINED> instruction: 0xb780
1b3fa lsrs r1, r0, #32
1b3fc @ <UNDEFINED> instruction: 0xb6e0
1b3fe lsrs r1, r0, #32
1b400 @ <UNDEFINED> instruction: 0xb7a0
1b402 lsrs r1, r0, #32
1b404 @ <UNDEFINED> instruction: 0xb7a4
1b406 lsrs r1, r0, #32
1b408 @ <UNDEFINED> instruction: 0xb7d0
1b40a lsrs r1, r0, #32
1b40c @ <UNDEFINED> instruction: 0xb7c4
1b40e lsrs r1, r0, #32
1b410 @ <UNDEFINED> instruction: 0xb720
1b412 lsrs r1, r0, #32
1b414 @ <UNDEFINED> instruction: 0xb794
1b416 lsrs r1, r0, #32
1b418 @ <UNDEFINED> instruction: 0xb768
1b41a lsrs r1, r0, #32
1b41c @ <UNDEFINED> instruction: 0xb74c
1b41e lsrs r1, r0, #32
1b420 @ <UNDEFINED> instruction: 0xb788
1b422 lsrs r1, r0, #32
1b424 @ <UNDEFINED> instruction: 0xb71c
1b426 lsrs r1, r0, #32
1b428 @ <UNDEFINED> instruction: 0xb774
1b42a lsrs r1, r0, #32
1b42c @ <UNDEFINED> instruction: 0xb708
1b42e lsrs r1, r0, #32
1b430 ldrb r6, [r7, #25]
1b432 asrs r1, r0, #16
1b434 lsls r1, r0, #8
1b436 lsls r0, r4, #8
1b438 ldmia r5, {r0, r1, r2, r4, r5, r6}
1b43a ldrb r6, [r7, #25]
1b43c asrs r1, r0, #16
1b43e lsls r0, r0, #8
1b440 lsls r0, r4, #16
1b442 @ <UNDEFINED> instruction: 0xfe407e7e
1b446 asrs r1, r0, #16
1b448 lsls r1, r0, #8
1b44a asrs r0, r4, #4
1b44c @ <UNDEFINED> instruction: 0xfe407e7e
1b450 asrs r1, r0, #16
1b452 lsls r0, r0, #8
1b454 asrs r0, r4, #8
1b456 @ <UNDEFINED> instruction: 0xfe407e7e
1b45a asrs r1, r0, #16
1b45c lsls r1, r0, #8
1b45e str r0, [r4, #64] @ 0x40
1b460 @ <UNDEFINED> instruction: 0xfe407e7e
1b464 asrs r1, r0, #16
1b466 lsls r0, r0, #8
1b468 str r0, [r4, #80] @ 0x50
1b46a @ <UNDEFINED> instruction: 0xfe400000
1b46e lsrs r5, r1, #4
1b470 lsls r5, r0, #4
1b472 ands r0, r0
1b474 eors r0, r0
1b476 eors r0, r0
1b478 eors r0, r0
1b47a eors r0, r0
1b47c adcs r1, r0
1b47e adcs r1, r0
1b480 eors r1, r0
1b482 eors r0, r0
1b484 eors r0, r0
1b486 eors r0, r0
1b488 eors r0, r0
1b48a eors r0, r0
1b48c eors r0, r0
1b48e eors r0, r0
1b490 eors r0, r0
1b492 lsls r0, r0, #21
1b494 lsls r2, r0, #8
1b496 lsls r2, r0, #8
1b498 lsls r2, r0, #8
1b49a lsls r2, r0, #8
1b49c lsls r2, r0, #8
1b49e lsls r2, r0, #8
1b4a0 lsls r2, r0, #8
1b4a2 movs r0, #2
1b4a4 movs r0, #32
1b4a6 movs r0, #32
1b4a8 movs r0, #32
1b4aa movs r0, #32
1b4ac lsls r0, r4, #8
1b4ae lsls r2, r0, #8
1b4b0 lsls r2, r0, #8
1b4b2 lsls r2, r0, #8
1b4b4 str r0, [sp, #576] @ 0x240
1b4b6 str r0, [sp, #576] @ 0x240
1b4b8 str r0, [sp, #576] @ 0x240
1b4ba asrs r0, r2, #32
1b4bc asrs r0, r2, #32
1b4be asrs r0, r2, #32
1b4c0 asrs r0, r2, #32
1b4c2 asrs r0, r2, #32
1b4c4 asrs r0, r2, #32
1b4c6 asrs r0, r2, #32
1b4c8 asrs r0, r2, #32
1b4ca asrs r0, r2, #32
1b4cc asrs r0, r2, #32
1b4ce lsls r2, r0, #8
1b4d0 lsls r2, r0, #8
1b4d2 lsls r2, r0, #8
1b4d4 ldrh r0, [r1, #4]
1b4d6 ldrh r0, [r1, #4]
1b4d8 ldrh r0, [r1, #4]
1b4da lsrs r0, r1, #32
1b4dc lsrs r0, r1, #32
1b4de lsrs r0, r1, #32
1b4e0 lsrs r0, r1, #32
1b4e2 lsrs r0, r1, #32
1b4e4 lsrs r0, r1, #32
1b4e6 lsrs r0, r1, #32
1b4e8 lsrs r0, r1, #32
1b4ea lsrs r0, r1, #32
1b4ec lsrs r0, r1, #32
1b4ee lsls r2, r0, #8
1b4f0 lsls r2, r0, #8
1b4f2 lsls r0, r0, #1
1b4f4 push {r0, r1, r4, r5, r6}
1b4f6 lsrs r1, r0, #32
1b4f8 adds r3, #117 @ 0x75
1b4fa asrs r2, r6
1b4fc strb r0, [r6, #1]
1b4fe ldr r6, [r0, #68] @ 0x44
1b500 str r1, [r4, #116] @ 0x74
1b502 movs r5, #58 @ 0x3a
1b504 lsrs r0, r7, #9
1b506 strb r5, [r1, #20]
1b508 adds r2, #51 @ 0x33
1b50a strb r1, [r0, #1]
1b50c ldr r4, [pc, #448] ; =0x7250784C 
1b50e ldr r5, [r4, #100] @ 0x64
1b510 movs r5, #58 @ 0x3a
1b512 lsrs r4, r4, #9
1b514 strb r5, [r1, #20]
1b516 adds r2, #51 @ 0x33
1b518 strb r1, [r0, #1]
1b51a muls r0, r6
1b51c ldr r0, [r5, #52] @ 0x34
1b51e strb r3, [r2, #21]
1b520 subs r2, #109 @ 0x6d
1b522 str r5, [r4, #64] @ 0x40
1b524 lsrs r2, r1, #20
1b526 adds r3, #117 @ 0x75
1b528 asrs r2, r6
1b52a strb r0, [r6, #1]
1b52c ldr r6, [r0, #68] @ 0x44
1b52e str r1, [r4, #116] @ 0x74
1b530 subs r2, #50 @ 0x32
1b532 ldrb r5, [r4, #0]
1b534 lsrs r2, r1, #20
1b536 adds r3, #117 @ 0x75
1b538 asrs r2, r6
1b53a strb r0, [r6, #1]
1b53c str r4, [r1, #84] @ 0x54
1b53e adds r2, #110 @ 0x6e
1b540 movs r5, #58 @ 0x3a
1b542 lsrs r4, r4, #9
1b544 strb r5, [r1, #20]
1b546 adds r2, #51 @ 0x33
1b548 strb r1, [r0, #1]
1b54a muls r0, r6
1b54c ldr r0, [r5, #52] @ 0x34
1b54e strb r3, [r2, #21]
1b550 adds r2, #109 @ 0x6d
1b552 movs r5, #58 @ 0x3a
1b554 lsrs r4, r4, #9
1b556 movs r5, r1
1b558 adcs r7, r2
1b55a ldr r6, [pc, #328] ; =0x6F4D784C 
1b55c ldr r6, [pc, #292] ; =0x00505041 
1b55e lsls r7, r0, #1
1b560 cmp r4, r8
1b562 strb r2, [r0, r5]
1b564 lsls r7, r0, #1
1b566 movs r0, r0
1b568 ldr r6, [pc, #292] ; =0x00000000 
1b56a ldr r7, [pc, #280] ; =0x00505041 
1b56c movs r0, r0
1b56e movs r0, r0
1b570 strh r5, [r0, r1]
1b572 ldr r7, [pc, #328] ; =0x20657375 
1b574 lsls r2, r2, #1
1b576 movs r0, r0
1b578 strh r1, [r0, r5]
1b57a cmp r3, sl
1b57c strb r2, [r2, r1]
1b57e movs r0, r0
1b580 str r2, [r2, #84] @ 0x54
1b582 str r3, [r6, #84] @ 0x54
1b584 movs r0, #116 @ 0x74
1b586 ldr r1, [pc, #320] ; =0x3020706F 
1b588 lsls r6, r1, #1
1b58a movs r0, r0
1b58c ldr r0, [r2, #116] @ 0x74
1b58e str r7, [r6, #84] @ 0x54
1b590 movs r0, #114 @ 0x72
1b592 ldr r7, [r5, #100] @ 0x64
1b594 movs r0, r0
1b596 movs r0, r0
1b598 ldr r5, [r2, #100] @ 0x64
1b59a ldr r3, [r5, #100] @ 0x64
1b59c strb r7, [r5, #29]
1b59e lsls r6, r5, #1
1b5a0 ldr r3, [r2, #116] @ 0x74
1b5a2 strb r6, [r4, #17]
1b5a4 str r7, [r6, #20]
1b5a6 str r2, [r6, #84] @ 0x54
1b5a8 strb r0, [r4, #8]
1b5aa strb r5, [r4, #13]
1b5ac strb r5, [r4, #17]
1b5ae movs r0, r0
1b5b0 str r7, [r2, #20]
1b5b2 str r4, [r6, #52] @ 0x34
1b5b4 str r0, [r5, #68] @ 0x44
1b5b6 str r7, [r5, #116] @ 0x74
1b5b8 strb r0, [r4, #8]
1b5ba strb r5, [r4, #13]
1b5bc strb r5, [r4, #17]
1b5be movs r0, r0
1b5c0 ldr r4, [r1, #116] @ 0x74
1b5c2 movs r0, #119 @ 0x77
1b5c4 ldr r0, [r6, #116] @ 0x74
1b5c6 str r7, [r6, #84] @ 0x54
1b5c8 movs r0, #114 @ 0x72
1b5ca str r2, [r6, #84] @ 0x54
1b5cc str r3, [r6, #84] @ 0x54
1b5ce lsls r4, r6, #1
1b5d0 ldrsb r1, [r2, r5]
1b5d2 strb r1, [r0, r5]
1b5d4 ldr r0, [pc, #336] ; =0x6F506452 
1b5d6 adds r5, #61 @ 0x3d
1b5d8 adds r4, #44 @ 0x2c
1b5da movs r2, #44 @ 0x2c
1b5dc adds r2, #49 @ 0x31
1b5de adds r4, #51 @ 0x33
1b5e0 adds r6, #53 @ 0x35
1b5e2 subs r0, #55 @ 0x37
1b5e4 movs r2, #57 @ 0x39
1b5e6 movs r0, r0
1b5e8 strb r1, [r0, r1]
1b5ea adds r0, #69 @ 0x45
1b5ec movs r0, r0
1b5ee movs r0, r0
1b5f0 ldr r1, [pc, #324] ; =0x53786F42 
1b5f2 strh r3, [r0, r5]
1b5f4 str r7, [r0, r1]
1b5f6 adds r1, #61 @ 0x3d
1b5f8 adds r1, #44 @ 0x2c
1b5fa movs r2, #44 @ 0x2c
1b5fc ldr r7, [pc, #308] ; =0x00000065 
1b5fe ldr r1, [pc, #264] ; =0x00000030 
1b600 cmp r4, r9
1b602 cmp r4, #34 @ 0x22
1b604 movs r2, #34 @ 0x22
1b606 movs r2, #44 @ 0x2c
1b608 cmp r4, #34 @ 0x22
1b60a movs r1, r6
1b60c bx sl
1b60e strh r0, [r2, r5]
1b610 mov r3, r8
1b612 subs r5, #71 @ 0x47
1b614 ldr r2, [r4, #96] @ 0x60
1b616 str r5, [r5, #84] @ 0x54
1b618 strb r1, [r4, #13]
1b61a str r2, [r6, #52] @ 0x34
1b61c cmp r4, #34 @ 0x22
1b61e movs r1, r6
1b620 ldrsb r1, [r2, r5]
1b622 mov r1, r9
1b624 subs r5, #73 @ 0x49
1b626 movs r1, r6
1b628 bx sl
1b62a strh r0, [r2, r5]
1b62c adds r1, #61 @ 0x3d
1b62e movs r0, r0
1b630 ldr r1, [pc, #324] ; =0x6C694F20 
1b632 muls r1, r0
1b634 subs r5, #84 @ 0x54
1b636 movs r1, r6
1b638 add r1, sl
1b63a strb r1, [r0, r1]
1b63c mov r1, r8
1b63e add r7, sl
1b640 cmp r0, r9
1b642 subs r5, #88 @ 0x58
1b644 movs r1, r6
1b646 movs r0, r0
1b648 ldrsb r1, [r2, r5]
1b64a ldr r7, [pc, #336] ; =0x00000000 
1b64c ldr r4, [pc, #268] ; =0x00000000 
1b64e cmp r1, r9
1b650 subs r5, #78 @ 0x4e
1b652 cmp r4, #49 @ 0x31
1b654 adds r5, #53 @ 0x35
1b656 adds r3, #53 @ 0x35
1b658 movs r0, r0
1b65a movs r0, r0
1b65c ldr r1, [pc, #268] ; =0x616C6C69 
1b65e ldr r1, [pc, #308] ; =0x61697641 
1b660 movs r0, r0
1b662 movs r0, r0
1b664 ldr r3, [pc, #316] ; =0x706F7453 
1b666 movs r0, r0
1b668 ldr r1, [pc, #324] ; =0x72477465 
1b66a str r7, [r1, r1]
1b66c ldr r6, [pc, #276] ; =0x00000000 
1b66e movs r0, r0
1b670 bx r8
1b672 ldr r6, [pc, #332] ; =0x00000074 
1b674 movs r0, r0
1b676 movs r0, r0
1b678 ldrsb r1, [r2, r5]
1b67a strh r3, [r2, r5]
1b67c add r1, r9
1b67e strb r5, [r7, r0]
1b680 ldr r7, [pc, #264] ; =0x6C6F6E61 
1b682 ldrsh r0, [r3, r5]
1b684 str r1, [r0, r1]
1b686 lsls r0, r2, #1
1b688 strh r3, [r0, r5]
1b68a lsls r1, r2, #1
1b68c bx sl
1b68e strh r5, [r1, r1]
1b690 movs r0, r0
1b692 movs r0, r0
1b694 ldrb r4, [r1, #1]
1b696 strb r3, [r2, #29]
1b698 strb r1, [r5, #17]
1b69a ldr r3, [r4, #4]
1b69c strb r3, [r2, #17]
1b69e strb r1, [r4, #17]
1b6a0 movs r0, #101 @ 0x65
1b6a2 movs r0, r0
1b6a4 ldrb r4, [r1, #1]
1b6a6 ldr r5, [r1, #116] @ 0x74
1b6a8 ldr r4, [r4, #20]
1b6aa ldrb r6, [r4, #5]
1b6ac ldr r4, [pc, #464] ; =0x00000000 
1b6ae strb r3, [r4, #9]
1b6b0 ldr r6, [r1, #116] @ 0x74
1b6b2 str r4, [r4, #84] @ 0x54
1b6b4 adds r0, #32
1b6b6 movs r0, r0
1b6b8 ldrb r4, [r1, #1]
1b6ba str r0, [r2, #20]
1b6bc strb r5, [r6, #13]
1b6be movs r0, #101 @ 0x65
1b6c0 movs r0, r6
1b6c2 movs r0, r0
1b6c4 ldrb r4, [r1, #1]
1b6c6 strb r3, [r2, #17]
1b6c8 strb r7, [r5, #1]
1b6ca adds r0, #32
1b6cc movs r0, r0
1b6ce movs r0, r0
1b6d0 ldrb r4, [r1, #1]
1b6d2 strb r0, [r2, #9]
1b6d4 strb r5, [r4, #13]
1b6d6 strb r5, [r4, #17]
1b6d8 strb r7, [r0, #9]
1b6da strb r7, [r5, #13]
1b6dc movs r0, #115 @ 0x73
1b6de movs r0, r6
1b6e0 ldrb r4, [r1, #1]
1b6e2 strb r0, [r2, #9]
1b6e4 strb r5, [r4, #13]
1b6e6 strb r5, [r4, #17]
1b6e8 str r6, [r1, #84] @ 0x54
1b6ea movs r0, #116 @ 0x74
1b6ec movs r0, r6
1b6ee movs r0, r0
1b6f0 ldrb r4, [r1, #1]
1b6f2 strb r0, [r2, #9]
1b6f4 ldr r1, [r5, #100] @ 0x64
1b6f6 movs r0, #116 @ 0x74
1b6f8 movs r0, r6
1b6fa movs r0, r0
1b6fc ldrb r4, [r1, #1]
1b6fe strb r3, [r2, #17]
1b700 strb r1, [r4, #9]
1b702 movs r0, #116 @ 0x74
1b704 movs r0, r6
1b706 movs r0, r0
1b708 movs r0, r6
1b70a movs r0, r0
1b70c ldr r5, [r1, #116] @ 0x74
1b70e str r4, [r4, #84] @ 0x54
1b710 adds r1, #32
1b712 movs r0, r0
1b714 ldr r5, [r1, #116] @ 0x74
1b716 str r4, [r4, #84] @ 0x54
1b718 adds r2, #32
1b71a movs r0, r0
1b71c str r4, [r1, r1]
1b71e lsls r7, r0, #1
1b720 ldr r1, [r0, #84] @ 0x54
1b722 ldr r5, [r5, #116] @ 0x74
1b724 ldr r6, [r5, #20]
1b726 lsls r1, r4, #1
1b728 str r2, [r2, #68] @ 0x44
1b72a ldr r0, [r2, #116] @ 0x74
1b72c strb r2, [r6, #17]
1b72e str r4, [r1, #52] @ 0x34
1b730 ldr r6, [pc, #456] ; =0x00000000 
1b732 str r7, [r5, #68] @ 0x44
1b734 lsls r5, r4, #1
1b736 movs r0, r0
1b738 ldr r2, [r0, #116] @ 0x74
1b73a strh r0, [r7, r5]
1b73c ldr r4, [r6, #116] @ 0x74
1b73e str r2, [r6, #20]
1b740 str r7, [r4, #84] @ 0x54
1b742 movs r0, r0
1b744 ldr r2, [r0, #116] @ 0x74
1b746 strb r0, [r7, r1]
1b748 ldr r1, [r5, #84] @ 0x54
1b74a lsls r5, r4, #1
1b74c str r7, [r0, #20]
1b74e ldr r3, [r6, #116] @ 0x74
1b750 ldr r4, [r5, #20]
1b752 str r6, [r5, #84] @ 0x54
1b754 movs r0, r0
1b756 movs r0, r0
1b758 ldr r6, [r1, #116] @ 0x74
1b75a str r6, [r5, #84] @ 0x54
1b75c movs r0, r0
1b75e movs r0, r0
1b760 str r0, [r2, #20]
1b762 strb r5, [r6, #13]
1b764 lsls r5, r4, #1
1b766 movs r0, r0
1b768 ldr r4, [r0, #20]
1b76a strb r3, [r6, #17]
1b76c ldr r1, [r5, #68] @ 0x44
1b76e str r4, [r5, #20]
1b770 str r4, [r6, #84] @ 0x54
1b772 movs r0, r0
1b774 strb r4, [r1, #21]
1b776 str r2, [r4, #84] @ 0x54
1b778 ldr r7, [pc, #128] ; =0x0800C9FC rom_0800C9FC
1b77a ldr r1, [r5, #68] @ 0x44
1b77c movs r0, r0
1b77e movs r0, r0
1b780 strb r6, [r5, #21]
1b782 ldr r4, [r5, #68] @ 0x44
1b784 movs r0, r0
1b786 movs r0, r0
1b788 str r5, [r1, #84] @ 0x54
1b78a ldr r4, [r6, #4]
1b78c ldr r1, [r4, #100] @ 0x64
1b78e ldr r7, [r5, #68] @ 0x44
1b790 movs r0, r0
1b792 movs r0, r0
1b794 strb r1, [r0, #25]
1b796 str r1, [r5, #20]
1b798 ldr r4, [r6, #20]
1b79a ldr r7, [r5, #100] @ 0x64
1b79c movs r0, r0
1b79e movs r0, r0
1b7a0 strb r2, [r2, #21]
1b7a2 lsls r6, r5, #1
1b7a4 strb r3, [r2, #17]
1b7a6 strb r7, [r5, #1]
1b7a8 movs r0, r0
1b7aa movs r0, r0
1b7ac strb r0, [r2, #9]
1b7ae strb r5, [r4, #13]
1b7b0 strb r5, [r4, #17]
1b7b2 strb r7, [r0, #9]
1b7b4 strb r7, [r5, #13]
1b7b6 lsls r3, r6, #1
1b7b8 strb r0, [r2, #9]
1b7ba strb r5, [r4, #13]
1b7bc strb r5, [r4, #17]
1b7be str r6, [r1, #84] @ 0x54
1b7c0 lsls r4, r6, #1
1b7c2 movs r0, r0
1b7c4 ldr r3, [r2, #4]
1b7c6 str r1, [r5, #100] @ 0x64
1b7c8 movs r0, #116 @ 0x74
1b7ca strb r0, [r2, #9]
1b7cc ldr r1, [r5, #100] @ 0x64
1b7ce lsls r4, r6, #1
1b7d0 strb r0, [r2, #9]
1b7d2 ldr r1, [r5, #100] @ 0x64
1b7d4 lsls r4, r6, #1
1b7d6 movs r0, r0
1b7d8 strb r3, [r2, #17]
1b7da strb r1, [r4, #9]
1b7dc lsls r4, r6, #1
1b7de movs r0, r0
1b7e0 @ <UNDEFINED> instruction: 0xb800
1b7e2 lsrs r1, r0, #32
1b7e4 movs r0, r0
1b7e6 movs r0, #0
1b7e8 lsls r4, r1, #3
1b7ea movs r0, r0
1b7ec ldmia r1!, {r2, r3, r5, r6, r7}
1b7ee lsrs r0, r0, #32
1b7f0 @ <UNDEFINED> instruction: 0xb8cc
1b7f2 lsrs r1, r0, #32
1b7f4 lsls r4, r1, #3
1b7f6 movs r0, #0
1b7f8 subs r0, #132 @ 0x84
1b7fa movs r0, r0
1b7fc ldmia r1!, {r2, r3, r4, r5, r6, r7}
1b7fe lsrs r0, r0, #32
1b800 lsrs r0, r0, #24
1b802 lsls r7, r4, #28
1b804 movs r0, r0
1b806 movs r0, r0
1b808 movs r0, r0
1b80a movs r5, r0
	...
1b86c movs r0, r0
1b86e ldmia r6!, {}
	...
1b888 movs r4, r0
	...
1b89a movs r0, r0
1b89c lsls r0, r0, #4
1b89e movs r0, r0
1b8a0 movs r0, r0
1b8a2 vhadd.u8 d0, d0, d0
	...
1b8ae movs r5, r3
1b8b0 movs r0, r0
1b8b2 movs r0, r0
1b8b4 lsls r6, r0, #24
1b8b6 movs r0, r0
1b8b8 movs r0, r0
1b8ba movs r0, r0
1b8bc asrs r0, r0, #32
1b8be movs r0, r0
1b8c0 lsls r1, r0, #4
1b8c2 movs r0, r0
1b8c4 movs r1, r0
1b8c6 movs r0, r0
1b8c8 movs r0, r0
	...